{
    "duration": 1.8461250066757202,
    "lossless": 1.0,
    "codec": "pcm_s16le",
    "bitrate": 256000.0,
    "samplerate": 16000.0,
    "channels": 1.0,
    "audio_md5": "213cb5bd46e196a46c72e507b819422b",
    "loudness": -19.566797256469727,
    "dynamic_range": 0.0,
    "temporal_centroid": 0.5145813226699829,
    "log_attack_time": 0.06128830462694168,
    "filesize": 59120,
    "single_event": true,
    "tonality": "A major",
    "tonality_confidence": 0.619159996509552,
    "loop": false,
    "tempo": 112,
    "tempo_confidence": 0.0,
    "note_midi": 32,
    "note_name": "G#1",
    "note_frequency": 52.88161849975586,
    "note_confidence": 0.592138409614563,
    "hardness": 33.07063676539346,
    "depth": 69.84354070504169,
    "brightness": 34.164910360943914,
    "roughness": 42.611239118078025,
    "warmth": 63.1420567222486,
    "sharpness": 35.32863890882518,
    "boominess": 49.254712584438906,
    "reverb": false,
    "genre": "Genre A",
    "mood": "Mood A"
}