{
    "duration": 1.8461250066757202,
    "lossless": 1.0,
    "codec": "pcm_s16le",
    "bitrate": 256000.0,
    "samplerate": 16000.0,
    "channels": 1.0,
    "audio_md5": "da9d124d64fd0a3dab321a1635af1116",
    "loudness": -30.662368774414062,
    "dynamic_range": 0.0,
    "temporal_centroid": 0.4871217906475067,
    "log_attack_time": -1.9760526418685913,
    "filesize": 59120,
    "single_event": true,
    "tonality": "C# minor",
    "tonality_confidence": 0.5904375910758972,
    "loop": false,
    "tempo": 185,
    "tempo_confidence": 0.0,
    "note_midi": 33,
    "note_name": "A1",
    "note_frequency": 54.02473068237305,
    "note_confidence": 0.4691246747970581,
    "hardness": 44.54397091141047,
    "depth": 61.43153749598491,
    "brightness": 44.39112410150601,
    "roughness": 49.14888418269897,
    "warmth": 64.59745192562298,
    "sharpness": 26.58953215400546,
    "boominess": 43.9318846553938,
    "reverb": false,
    "genre": "Genre A",
    "mood": "Mood A"
}