{
    "duration": 1.8461250066757202,
    "lossless": 1.0,
    "codec": "pcm_s16le",
    "bitrate": 256000.0,
    "samplerate": 16000.0,
    "channels": 1.0,
    "audio_md5": "588d46af60dd2dbfad60655d3958a91f",
    "loudness": -21.534618377685547,
    "dynamic_range": 0.0,
    "temporal_centroid": 0.516380786895752,
    "log_attack_time": -0.2866942882537842,
    "filesize": 59120,
    "single_event": true,
    "tonality": "G minor",
    "tonality_confidence": 0.6435489654541016,
    "loop": false,
    "tempo": 112,
    "tempo_confidence": 0.0,
    "note_midi": 38,
    "note_name": "D2",
    "note_frequency": 74.18572998046875,
    "note_confidence": 0.6012215614318848,
    "hardness": 31.987406168128643,
    "depth": 67.61176904955067,
    "brightness": 35.12866098865142,
    "roughness": 44.797839715756446,
    "warmth": 66.5137748186003,
    "sharpness": 21.48752282418784,
    "boominess": 51.5675102369233,
    "reverb": false,
    "genre": "Genre A",
    "mood": "Mood A"
}