{
    "duration": 1.8461250066757202,
    "lossless": 1.0,
    "codec": "pcm_s16le",
    "bitrate": 256000.0,
    "samplerate": 16000.0,
    "channels": 1.0,
    "audio_md5": "b32400362cb0ad003b2e830333e91957",
    "loudness": -17.74102210998535,
    "dynamic_range": 0.0,
    "temporal_centroid": 0.4967150092124939,
    "log_attack_time": 0.18424707651138306,
    "filesize": 59120,
    "single_event": true,
    "tonality": "F major",
    "tonality_confidence": 0.3688236474990845,
    "loop": true,
    "tempo": 98,
    "tempo_confidence": 0.9825184941291809,
    "note_midi": 33,
    "note_name": "A1",
    "note_frequency": 54.5538330078125,
    "note_confidence": 0.7459057569503784,
    "hardness": 31.35356319253549,
    "depth": 69.75419622135475,
    "brightness": 32.68273691554229,
    "roughness": 41.67488105014489,
    "warmth": 62.310389018153,
    "sharpness": 32.70479689092863,
    "boominess": 51.89060763845619,
    "reverb": false,
    "genre": "Genre A",
    "mood": "Mood A"
}