{
    "duration": 1.8461250066757202,
    "lossless": 1.0,
    "codec": "pcm_s16le",
    "bitrate": 256000.0,
    "samplerate": 16000.0,
    "channels": 1.0,
    "audio_md5": "b9b3cb7d0b0f58df99a5e9244c5064b3",
    "loudness": -29.67170524597168,
    "dynamic_range": 0.0,
    "temporal_centroid": 0.49732086062431335,
    "log_attack_time": 0.19507089257240295,
    "filesize": 59120,
    "single_event": true,
    "tonality": "D# major",
    "tonality_confidence": 0.44391635060310364,
    "loop": false,
    "tempo": 125,
    "tempo_confidence": 0.0,
    "note_midi": 34,
    "note_name": "A#1",
    "note_frequency": 57.22520446777344,
    "note_confidence": 0.45172184705734253,
    "hardness": 38.507037582808806,
    "depth": 62.71340684450123,
    "brightness": 43.00393945691561,
    "roughness": 48.89789982770024,
    "warmth": 63.73930702337009,
    "sharpness": 26.821413156817513,
    "boominess": 43.5586694026307,
    "reverb": false,
    "genre": "Genre A",
    "mood": "Mood A"
}