{
    "duration": 1.8461250066757202,
    "lossless": 1.0,
    "codec": "pcm_s16le",
    "bitrate": 256000.0,
    "samplerate": 16000.0,
    "channels": 1.0,
    "audio_md5": "23a8c536539c647303eeee0507f2daa7",
    "loudness": -19.501676559448242,
    "dynamic_range": 0.0,
    "temporal_centroid": 0.5227190256118774,
    "log_attack_time": -1.2522693872451782,
    "filesize": 59120,
    "single_event": true,
    "tonality": "C# major",
    "tonality_confidence": 0.5693516135215759,
    "loop": false,
    "tempo": 123,
    "tempo_confidence": 0.0,
    "note_midi": 32,
    "note_name": "G#1",
    "note_frequency": 52.72761154174805,
    "note_confidence": 0.6809520125389099,
    "hardness": 33.3673087915998,
    "depth": 68.77113384476807,
    "brightness": 33.32267543385849,
    "roughness": 42.54667779961954,
    "warmth": 62.97707457230111,
    "sharpness": 36.12037910553337,
    "boominess": 48.44875392792804,
    "reverb": false,
    "genre": "Genre A",
    "mood": "Mood A"
}