{
    "duration": 1.8461250066757202,
    "lossless": 1.0,
    "codec": "pcm_s16le",
    "bitrate": 256000.0,
    "samplerate": 16000.0,
    "channels": 1.0,
    "audio_md5": "1ee2bbace8c657cc4c3e9be98354ae65",
    "loudness": -17.440874099731445,
    "dynamic_range": 0.0,
    "temporal_centroid": 0.516014814376831,
    "log_attack_time": 0.182264506816864,
    "filesize": 59120,
    "single_event": true,
    "tonality": "A major",
    "tonality_confidence": 0.6272637844085693,
    "loop": false,
    "tempo": 128,
    "tempo_confidence": 0.0,
    "note_midi": 32,
    "note_name": "G#1",
    "note_frequency": 52.35646057128906,
    "note_confidence": 0.8198631405830383,
    "hardness": 30.054248099630158,
    "depth": 70.43953684207291,
    "brightness": 31.88646781899242,
    "roughness": 40.95822321980654,
    "warmth": 61.90595314607789,
    "sharpness": 39.417751021313855,
    "boominess": 48.69725165248765,
    "reverb": false,
    "genre": "Genre A",
    "mood": "Mood A"
}