{
    "duration": 1.8461250066757202,
    "lossless": 1.0,
    "codec": "pcm_s16le",
    "bitrate": 256000.0,
    "samplerate": 16000.0,
    "channels": 1.0,
    "audio_md5": "d4d9272710c5700cb6e6085ab5d3fa73",
    "loudness": -16.994035720825195,
    "dynamic_range": 0.0,
    "temporal_centroid": 0.5122471451759338,
    "log_attack_time": -0.2754269540309906,
    "filesize": 59120,
    "single_event": true,
    "tonality": "E major",
    "tonality_confidence": 0.44690605998039246,
    "loop": false,
    "tempo": 136,
    "tempo_confidence": 0.0,
    "note_midi": 33,
    "note_name": "A1",
    "note_frequency": 55.40108871459961,
    "note_confidence": 0.9089108109474182,
    "hardness": 28.290959685365024,
    "depth": 70.47865917974022,
    "brightness": 30.493372941289962,
    "roughness": 39.27046237178841,
    "warmth": 60.19538320796684,
    "sharpness": 38.14147616660675,
    "boominess": 50.25852331292226,
    "reverb": false,
    "genre": "Genre A",
    "mood": "Mood A"
}