{
    "duration": 1.8461250066757202,
    "lossless": 1.0,
    "codec": "pcm_s16le",
    "bitrate": 256000.0,
    "samplerate": 16000.0,
    "channels": 1.0,
    "audio_md5": "192974cd2e24fd0aa86d13915ee9735c",
    "loudness": -28.95110511779785,
    "dynamic_range": 0.0,
    "temporal_centroid": 0.4826616942882538,
    "log_attack_time": -1.7258840799331665,
    "filesize": 59120,
    "single_event": true,
    "tonality": "A# minor",
    "tonality_confidence": 0.4972851574420929,
    "loop": false,
    "tempo": 185,
    "tempo_confidence": 0.0,
    "note_midi": 33,
    "note_name": "A1",
    "note_frequency": 55.08142852783203,
    "note_confidence": 0.4600629210472107,
    "hardness": 40.788470221536656,
    "depth": 62.54915032978051,
    "brightness": 43.574901456046774,
    "roughness": 50.022357877173846,
    "warmth": 64.70466124937431,
    "sharpness": 26.632117291420297,
    "boominess": 42.89429083199478,
    "reverb": false,
    "genre": "Genre A",
    "mood": "Mood A"
}