{
    "duration": 1.8461250066757202,
    "lossless": 1.0,
    "codec": "pcm_s16le",
    "bitrate": 256000.0,
    "samplerate": 16000.0,
    "channels": 1.0,
    "audio_md5": "0427f67ece2edbc40f6b92d5870cd3a3",
    "loudness": -17.7393741607666,
    "dynamic_range": 0.0,
    "temporal_centroid": 0.5040540099143982,
    "log_attack_time": -1.2505125999450684,
    "filesize": 59120,
    "single_event": true,
    "tonality": "D major",
    "tonality_confidence": 0.5539649128913879,
    "loop": false,
    "tempo": 144,
    "tempo_confidence": 0.0,
    "note_midi": 30,
    "note_name": "F#1",
    "note_frequency": 47.31550216674805,
    "note_confidence": 0.7711723446846008,
    "hardness": 31.86685115907767,
    "depth": 69.64083874835745,
    "brightness": 31.97896734598751,
    "roughness": 41.32491267588031,
    "warmth": 60.912344936429896,
    "sharpness": 37.31435451736313,
    "boominess": 49.44445457467741,
    "reverb": false,
    "genre": "Genre A",
    "mood": "Mood A"
}