{
    "duration": 1.8461250066757202,
    "lossless": 1.0,
    "codec": "pcm_s16le",
    "bitrate": 256000.0,
    "samplerate": 16000.0,
    "channels": 1.0,
    "audio_md5": "4d46078683c31ffdc761170137524ed7",
    "loudness": -27.694385528564453,
    "dynamic_range": 0.0,
    "temporal_centroid": 0.48089149594306946,
    "log_attack_time": -1.7641968727111816,
    "filesize": 59120,
    "single_event": true,
    "tonality": "D# minor",
    "tonality_confidence": 0.6591981053352356,
    "loop": false,
    "tempo": 92,
    "tempo_confidence": 0.0,
    "note_midi": 34,
    "note_name": "A#1",
    "note_frequency": 57.94926071166992,
    "note_confidence": 0.48218584060668945,
    "hardness": 43.12432929820915,
    "depth": 61.61658682000028,
    "brightness": 42.43024283711004,
    "roughness": 48.894705732395295,
    "warmth": 64.9341292094827,
    "sharpness": 27.891701629172182,
    "boominess": 43.14410374372725,
    "reverb": false,
    "genre": "Genre A",
    "mood": "Mood A"
}