{
    "duration": 1.8461250066757202,
    "lossless": 1.0,
    "codec": "pcm_s16le",
    "bitrate": 256000.0,
    "samplerate": 16000.0,
    "channels": 1.0,
    "audio_md5": "9bc744993bbe8f8ea699f64fe5811130",
    "loudness": -17.587663650512695,
    "dynamic_range": 0.0,
    "temporal_centroid": 0.520080029964447,
    "log_attack_time": 0.1820702999830246,
    "filesize": 59120,
    "single_event": true,
    "tonality": "E major",
    "tonality_confidence": 0.6747979521751404,
    "loop": false,
    "tempo": 119,
    "tempo_confidence": 0.0,
    "note_midi": 32,
    "note_name": "G#1",
    "note_frequency": 52.28237533569336,
    "note_confidence": 0.8097659349441528,
    "hardness": 27.97971330552025,
    "depth": 70.06228408751745,
    "brightness": 31.53402524781237,
    "roughness": 41.476967356679125,
    "warmth": 60.98770122116393,
    "sharpness": 38.31434665548455,
    "boominess": 49.48213158131479,
    "reverb": false,
    "genre": "Genre A",
    "mood": "Mood A"
}