{
    "duration": 1.8461250066757202,
    "lossless": 1.0,
    "codec": "pcm_s16le",
    "bitrate": 256000.0,
    "samplerate": 16000.0,
    "channels": 1.0,
    "audio_md5": "d80d503f52002df935c5497e5eb6b91d",
    "loudness": -17.205799102783203,
    "dynamic_range": 0.0,
    "temporal_centroid": 0.5062872171401978,
    "log_attack_time": 0.16580738127231598,
    "filesize": 59120,
    "single_event": true,
    "tonality": "G# minor",
    "tonality_confidence": 0.6705682277679443,
    "loop": false,
    "tempo": 98,
    "tempo_confidence": 0.0,
    "note_midi": 33,
    "note_name": "A1",
    "note_frequency": 54.60213088989258,
    "note_confidence": 0.8387594819068909,
    "hardness": 31.199485937939272,
    "depth": 68.84606321352031,
    "brightness": 31.091629956656163,
    "roughness": 38.79065916611642,
    "warmth": 60.12865160990612,
    "sharpness": 37.916413839671016,
    "boominess": 50.083260298014764,
    "reverb": false,
    "genre": "Genre A",
    "mood": "Mood A"
}