{
    "duration": 1.8461250066757202,
    "lossless": 1.0,
    "codec": "pcm_s16le",
    "bitrate": 256000.0,
    "samplerate": 16000.0,
    "channels": 1.0,
    "audio_md5": "9474ae710f9fb26489dcc4a676f6602d",
    "loudness": -30.83591079711914,
    "dynamic_range": 0.0,
    "temporal_centroid": 0.48333224654197693,
    "log_attack_time": -1.7937923669815063,
    "filesize": 59120,
    "single_event": true,
    "tonality": "D major",
    "tonality_confidence": 0.49104657769203186,
    "loop": false,
    "tempo": 111,
    "tempo_confidence": 0.0,
    "note_midi": 34,
    "note_name": "A#1",
    "note_frequency": 58.372650146484375,
    "note_confidence": 0.5000415444374084,
    "hardness": 41.1410914509371,
    "depth": 61.15561159520654,
    "brightness": 43.986350425632914,
    "roughness": 48.2712079231076,
    "warmth": 64.40950790691423,
    "sharpness": 26.70506645572961,
    "boominess": 44.76903364840928,
    "reverb": false,
    "genre": "Genre A",
    "mood": "Mood A"
}