{
    "duration": 1.8461250066757202,
    "lossless": 1.0,
    "codec": "pcm_s16le",
    "bitrate": 256000.0,
    "samplerate": 16000.0,
    "channels": 1.0,
    "audio_md5": "5b2dc6fffa543b79f29b23bbada59aa7",
    "loudness": -17.57439613342285,
    "dynamic_range": 0.0,
    "temporal_centroid": 0.4962702691555023,
    "log_attack_time": -1.3126065731048584,
    "filesize": 59120,
    "single_event": true,
    "tonality": "C major",
    "tonality_confidence": 0.33798646926879883,
    "loop": false,
    "tempo": 152,
    "tempo_confidence": 0.0,
    "note_midi": 30,
    "note_name": "F#1",
    "note_frequency": 45.98173522949219,
    "note_confidence": 0.6104538440704346,
    "hardness": 30.561527947626928,
    "depth": 72.3591480804503,
    "brightness": 32.24282716003138,
    "roughness": 43.357705808202354,
    "warmth": 60.23682639296865,
    "sharpness": 38.01812570662974,
    "boominess": 48.38552495782404,
    "reverb": false,
    "genre": "Genre A",
    "mood": "Mood A"
}