{
    "duration": 1.8461250066757202,
    "lossless": 1.0,
    "codec": "pcm_s16le",
    "bitrate": 256000.0,
    "samplerate": 16000.0,
    "channels": 1.0,
    "audio_md5": "10a08304ec8af13910eb7debd09f835a",
    "loudness": -29.581628799438477,
    "dynamic_range": 0.0,
    "temporal_centroid": 0.48410072922706604,
    "log_attack_time": -1.7853002548217773,
    "filesize": 59120,
    "single_event": true,
    "tonality": "E major",
    "tonality_confidence": 0.4728296101093292,
    "loop": false,
    "tempo": 112,
    "tempo_confidence": 0.0,
    "note_midi": 33,
    "note_name": "A1",
    "note_frequency": 55.124820709228516,
    "note_confidence": 0.4757347106933594,
    "hardness": 43.23154644574592,
    "depth": 62.04797987692587,
    "brightness": 43.627247105441214,
    "roughness": 48.761055268998255,
    "warmth": 64.34820985243647,
    "sharpness": 26.322089269798404,
    "boominess": 43.70901523218926,
    "reverb": false,
    "genre": "Genre A",
    "mood": "Mood A"
}