{
    "duration": 1.8461250066757202,
    "lossless": 1.0,
    "codec": "pcm_s16le",
    "bitrate": 256000.0,
    "samplerate": 16000.0,
    "channels": 1.0,
    "audio_md5": "fa0e884bcfa00540b129fdbfd09bfd49",
    "loudness": -33.6721076965332,
    "dynamic_range": 0.0,
    "temporal_centroid": 0.4737437665462494,
    "log_attack_time": -2.0316548347473145,
    "filesize": 59120,
    "single_event": true,
    "tonality": "F# minor",
    "tonality_confidence": 0.7565194964408875,
    "loop": false,
    "tempo": 146,
    "tempo_confidence": 0.0,
    "note_midi": 36,
    "note_name": "C2",
    "note_frequency": 65.6546630859375,
    "note_confidence": 0.5146799683570862,
    "hardness": 42.83243494557345,
    "depth": 64.20249607095505,
    "brightness": 44.509992706692856,
    "roughness": 47.97955531556688,
    "warmth": 63.872183713135954,
    "sharpness": 31.38180854391762,
    "boominess": 44.857520894432625,
    "reverb": false,
    "genre": "Genre A",
    "mood": "Mood A"
}