{
    "duration": 1.8461250066757202,
    "lossless": 1.0,
    "codec": "pcm_s16le",
    "bitrate": 256000.0,
    "samplerate": 16000.0,
    "channels": 1.0,
    "audio_md5": "ab4b2ebb2a0a8813d973ccbeb86d7b52",
    "loudness": -19.162944793701172,
    "dynamic_range": 0.0,
    "temporal_centroid": 0.5108592510223389,
    "log_attack_time": 0.1885809749364853,
    "filesize": 59120,
    "single_event": true,
    "tonality": "A major",
    "tonality_confidence": 0.8577407002449036,
    "loop": false,
    "tempo": 122,
    "tempo_confidence": 0.0,
    "note_midi": 31,
    "note_name": "G1",
    "note_frequency": 49.88536834716797,
    "note_confidence": 0.5750347375869751,
    "hardness": 33.423522611960735,
    "depth": 70.3135751030332,
    "brightness": 33.459378524459396,
    "roughness": 41.30967677796405,
    "warmth": 62.40532352884309,
    "sharpness": 35.17084394858639,
    "boominess": 49.35193375806361,
    "reverb": false,
    "genre": "Genre A",
    "mood": "Mood A"
}