{
    "duration": 1.8461250066757202,
    "lossless": 1.0,
    "codec": "pcm_s16le",
    "bitrate": 256000.0,
    "samplerate": 16000.0,
    "channels": 1.0,
    "audio_md5": "f07ffccc12f56463b5ffad23c406c156",
    "loudness": -17.868555068969727,
    "dynamic_range": 0.0,
    "temporal_centroid": 0.5045158863067627,
    "log_attack_time": -1.232818841934204,
    "filesize": 59120,
    "single_event": true,
    "tonality": "D major",
    "tonality_confidence": 0.7358972430229187,
    "loop": false,
    "tempo": 112,
    "tempo_confidence": 0.0,
    "note_midi": 30,
    "note_name": "F#1",
    "note_frequency": 47.1746940612793,
    "note_confidence": 0.7492512464523315,
    "hardness": 32.312151448238836,
    "depth": 69.52124191262615,
    "brightness": 32.18885776611033,
    "roughness": 41.87056385122608,
    "warmth": 61.29340749122733,
    "sharpness": 37.53076409286795,
    "boominess": 49.30166615977169,
    "reverb": false,
    "genre": "Genre A",
    "mood": "Mood A"
}