{
    "duration": 1.8461250066757202,
    "lossless": 1.0,
    "codec": "pcm_s16le",
    "bitrate": 256000.0,
    "samplerate": 16000.0,
    "channels": 1.0,
    "audio_md5": "24adbd261fa6062c86b908e220f0d6db",
    "loudness": -23.160749435424805,
    "dynamic_range": 0.0,
    "temporal_centroid": 0.555999755859375,
    "log_attack_time": 0.13843518495559692,
    "filesize": 59120,
    "single_event": true,
    "tonality": "C# minor",
    "tonality_confidence": 0.7637145519256592,
    "loop": false,
    "tempo": 172,
    "tempo_confidence": 0.0,
    "note_midi": 29,
    "note_name": "F1",
    "note_frequency": 43.024391174316406,
    "note_confidence": 0.23451447486877441,
    "hardness": 33.057887417216335,
    "depth": 71.80144876610855,
    "brightness": 33.0722440490789,
    "roughness": 39.38139741230515,
    "warmth": 62.75037439296865,
    "sharpness": 41.6222007213333,
    "boominess": 44.981072401169044,
    "reverb": false,
    "genre": "Genre A",
    "mood": "Mood A"
}