{
    "duration": 1.8461250066757202,
    "lossless": 1.0,
    "codec": "pcm_s16le",
    "bitrate": 256000.0,
    "samplerate": 16000.0,
    "channels": 1.0,
    "audio_md5": "dab22d595696887d2b1af5946fe868a5",
    "loudness": -23.438316345214844,
    "dynamic_range": 0.0,
    "temporal_centroid": 0.5043856501579285,
    "log_attack_time": -0.047852493822574615,
    "filesize": 59120,
    "single_event": true,
    "tonality": "D minor",
    "tonality_confidence": 0.5989137887954712,
    "loop": false,
    "tempo": 161,
    "tempo_confidence": 0.0,
    "note_midi": 44,
    "note_name": "G#2",
    "note_frequency": 101.0997543334961,
    "note_confidence": 0.6906050443649292,
    "hardness": 24.255475763885485,
    "depth": 55.636809315458024,
    "brightness": 26.3483651419657,
    "roughness": 45.887492252411654,
    "warmth": 66.3202448302844,
    "sharpness": 19.029732114034214,
    "boominess": 45.83403606140425,
    "reverb": false,
    "genre": "Genre A",
    "mood": "Mood A"
}