{
    "duration": 1.8461250066757202,
    "lossless": 1.0,
    "codec": "pcm_s16le",
    "bitrate": 256000.0,
    "samplerate": 16000.0,
    "channels": 1.0,
    "audio_md5": "8c13ce2a8538f6018f268b3e22e12c9f",
    "loudness": -25.537397384643555,
    "dynamic_range": 0.0,
    "temporal_centroid": 0.521982729434967,
    "log_attack_time": 0.19527193903923035,
    "filesize": 59120,
    "single_event": true,
    "tonality": "C minor",
    "tonality_confidence": 0.5467157363891602,
    "loop": false,
    "tempo": 110,
    "tempo_confidence": 0.0,
    "note_midi": 38,
    "note_name": "D2",
    "note_frequency": 72.4029541015625,
    "note_confidence": 0.4825015068054199,
    "hardness": 39.80392914230397,
    "depth": 60.58749672099889,
    "brightness": 41.28021274064666,
    "roughness": 50.7459340318928,
    "warmth": 63.249216045376656,
    "sharpness": 26.19924575930554,
    "boominess": 41.62303551285218,
    "reverb": false,
    "genre": "Genre A",
    "mood": "Mood A"
}