{
    "duration": 1.8461250066757202,
    "lossless": 1.0,
    "codec": "pcm_s16le",
    "bitrate": 256000.0,
    "samplerate": 16000.0,
    "channels": 1.0,
    "audio_md5": "527adb8c5422f063225b9a0c9add118d",
    "loudness": -16.5130615234375,
    "dynamic_range": 0.0,
    "temporal_centroid": 0.5145541429519653,
    "log_attack_time": -0.08760563284158707,
    "filesize": 59120,
    "single_event": true,
    "tonality": "C minor",
    "tonality_confidence": 0.6646844148635864,
    "loop": false,
    "tempo": 129,
    "tempo_confidence": 0.0,
    "note_midi": 31,
    "note_name": "G1",
    "note_frequency": 50.17730712890625,
    "note_confidence": 0.8678200840950012,
    "hardness": 28.192059036177653,
    "depth": 74.27749579313634,
    "brightness": 31.644382686821615,
    "roughness": 40.62098735505741,
    "warmth": 61.48114883907937,
    "sharpness": 40.33249060413476,
    "boominess": 48.415191082460765,
    "reverb": false,
    "genre": "Genre A",
    "mood": "Mood A"
}