{
    "duration": 1.8461250066757202,
    "lossless": 1.0,
    "codec": "pcm_s16le",
    "bitrate": 256000.0,
    "samplerate": 16000.0,
    "channels": 1.0,
    "audio_md5": "3049f1a56f16e7c52d5a2cedbb2410e1",
    "loudness": -27.423465728759766,
    "dynamic_range": 0.0,
    "temporal_centroid": 0.49498310685157776,
    "log_attack_time": -1.7391825914382935,
    "filesize": 59120,
    "single_event": true,
    "tonality": "G# minor",
    "tonality_confidence": 0.5682393312454224,
    "loop": false,
    "tempo": 109,
    "tempo_confidence": 0.0,
    "note_midi": 36,
    "note_name": "C2",
    "note_frequency": 64.4164047241211,
    "note_confidence": 0.4461529850959778,
    "hardness": 43.57315507953956,
    "depth": 61.92940965972244,
    "brightness": 42.63254073270491,
    "roughness": 49.12895433262636,
    "warmth": 64.65533141150905,
    "sharpness": 23.985105097519508,
    "boominess": 43.56541382089909,
    "reverb": false,
    "genre": "Genre A",
    "mood": "Mood A"
}