{
    "duration": 1.8461250066757202,
    "lossless": 1.0,
    "codec": "pcm_s16le",
    "bitrate": 256000.0,
    "samplerate": 16000.0,
    "channels": 1.0,
    "audio_md5": "99b7eb20ed2cd6eb4a9cf5bc1293270b",
    "loudness": -19.600933074951172,
    "dynamic_range": 0.0,
    "temporal_centroid": 0.5108321905136108,
    "log_attack_time": -0.10141411423683167,
    "filesize": 59120,
    "single_event": true,
    "tonality": "C# major",
    "tonality_confidence": 0.6900303959846497,
    "loop": false,
    "tempo": 146,
    "tempo_confidence": 0.0,
    "note_midi": 30,
    "note_name": "F#1",
    "note_frequency": 45.94850158691406,
    "note_confidence": 0.6663860082626343,
    "hardness": 31.635497434228014,
    "depth": 71.83942952990371,
    "brightness": 32.01587960565517,
    "roughness": 42.3205170382841,
    "warmth": 62.672314591744936,
    "sharpness": 38.79133048283907,
    "boominess": 48.458246960762644,
    "reverb": false,
    "genre": "Genre A",
    "mood": "Mood A"
}