{
    "duration": 1.8461250066757202,
    "lossless": 1.0,
    "codec": "pcm_s16le",
    "bitrate": 256000.0,
    "samplerate": 16000.0,
    "channels": 1.0,
    "audio_md5": "23b7012c905d353bea57355845446c42",
    "loudness": -31.839414596557617,
    "dynamic_range": 0.0,
    "temporal_centroid": 0.4800686538219452,
    "log_attack_time": -1.9326313734054565,
    "filesize": 59120,
    "single_event": true,
    "tonality": "A major",
    "tonality_confidence": 0.6086404323577881,
    "loop": false,
    "tempo": 111,
    "tempo_confidence": 0.0,
    "note_midi": 34,
    "note_name": "A#1",
    "note_frequency": 56.61908721923828,
    "note_confidence": 0.5375543236732483,
    "hardness": 39.4486420980117,
    "depth": 62.946868218517,
    "brightness": 43.966270209583556,
    "roughness": 46.73257235982309,
    "warmth": 64.443830590204,
    "sharpness": 26.219308208192572,
    "boominess": 45.20402469380393,
    "reverb": false,
    "genre": "Genre A",
    "mood": "Mood A"
}