{
    "duration": 1.8461250066757202,
    "lossless": 1.0,
    "codec": "pcm_s16le",
    "bitrate": 256000.0,
    "samplerate": 16000.0,
    "channels": 1.0,
    "audio_md5": "e062ab03cfae258d84fcc28886fa1936",
    "loudness": -17.01407241821289,
    "dynamic_range": 0.0,
    "temporal_centroid": 0.49766361713409424,
    "log_attack_time": -0.27215269207954407,
    "filesize": 59120,
    "single_event": true,
    "tonality": "A major",
    "tonality_confidence": 0.49438002705574036,
    "loop": false,
    "tempo": 91,
    "tempo_confidence": 0.0,
    "note_midi": 32,
    "note_name": "G#1",
    "note_frequency": 53.023094177246094,
    "note_confidence": 0.8254570960998535,
    "hardness": 28.72529279233507,
    "depth": 71.26396619261067,
    "brightness": 30.95380317760084,
    "roughness": 39.78161525167733,
    "warmth": 59.37533852518266,
    "sharpness": 35.1802409502106,
    "boominess": 51.49296723033042,
    "reverb": false,
    "genre": "Genre A",
    "mood": "Mood A"
}