{
    "duration": 1.8461250066757202,
    "lossless": 1.0,
    "codec": "pcm_s16le",
    "bitrate": 256000.0,
    "samplerate": 16000.0,
    "channels": 1.0,
    "audio_md5": "f622e499670c3284228705da837dd9f4",
    "loudness": -27.61659812927246,
    "dynamic_range": 0.0,
    "temporal_centroid": 0.5480383634567261,
    "log_attack_time": 0.06662595272064209,
    "filesize": 59120,
    "single_event": true,
    "tonality": "F# major",
    "tonality_confidence": 0.45926982164382935,
    "loop": false,
    "tempo": 144,
    "tempo_confidence": 0.0,
    "note_midi": 36,
    "note_name": "C2",
    "note_frequency": 65.23086547851562,
    "note_confidence": 0.47863543033599854,
    "hardness": 39.58921460556877,
    "depth": 66.05517054150707,
    "brightness": 40.314353483547634,
    "roughness": 44.35763626617311,
    "warmth": 62.386291357109734,
    "sharpness": 27.040493891903317,
    "boominess": 49.55296893518472,
    "reverb": false,
    "genre": "Genre A",
    "mood": "Mood A"
}