{
    "duration": 1.8461250066757202,
    "lossless": 1.0,
    "codec": "pcm_s16le",
    "bitrate": 256000.0,
    "samplerate": 16000.0,
    "channels": 1.0,
    "audio_md5": "bd672fc944a28ca38c9077c19022ebaa",
    "loudness": -27.537790298461914,
    "dynamic_range": 0.0,
    "temporal_centroid": 0.4858212471008301,
    "log_attack_time": 0.19294148683547974,
    "filesize": 59120,
    "single_event": true,
    "tonality": "C# minor",
    "tonality_confidence": 0.4982989430427551,
    "loop": false,
    "tempo": 126,
    "tempo_confidence": 0.0,
    "note_midi": 36,
    "note_name": "C2",
    "note_frequency": 66.43994140625,
    "note_confidence": 0.4826809763908386,
    "hardness": 41.132872010085066,
    "depth": 62.37105672561865,
    "brightness": 43.23697151139726,
    "roughness": 49.758975514482,
    "warmth": 63.633038410248105,
    "sharpness": 25.227722929171037,
    "boominess": 43.29624460244453,
    "reverb": false,
    "genre": "Genre A",
    "mood": "Mood A"
}