{
    "duration": 1.8461250066757202,
    "lossless": 1.0,
    "codec": "pcm_s16le",
    "bitrate": 256000.0,
    "samplerate": 16000.0,
    "channels": 1.0,
    "audio_md5": "0ff5177be165afb622671cacc2cb067d",
    "loudness": -30.879741668701172,
    "dynamic_range": 0.0,
    "temporal_centroid": 0.49703556299209595,
    "log_attack_time": -1.9586968421936035,
    "filesize": 59120,
    "single_event": true,
    "tonality": "A major",
    "tonality_confidence": 0.8367515802383423,
    "loop": false,
    "tempo": 126,
    "tempo_confidence": 0.0,
    "note_midi": 32,
    "note_name": "G#1",
    "note_frequency": 53.05793762207031,
    "note_confidence": 0.46746116876602173,
    "hardness": 44.98060918833096,
    "depth": 62.275581933052855,
    "brightness": 44.17533222153973,
    "roughness": 50.153604036076196,
    "warmth": 63.84809301946963,
    "sharpness": 29.46244419241868,
    "boominess": 42.69029378097606,
    "reverb": false,
    "genre": "Genre A",
    "mood": "Mood A"
}