{
    "duration": 1.8461250066757202,
    "lossless": 1.0,
    "codec": "pcm_s16le",
    "bitrate": 256000.0,
    "samplerate": 16000.0,
    "channels": 1.0,
    "audio_md5": "d55e1ecb829333cadcb3a65b9b58c21d",
    "loudness": -29.17023468017578,
    "dynamic_range": 0.0,
    "temporal_centroid": 0.49755552411079407,
    "log_attack_time": 0.020917218178510666,
    "filesize": 59120,
    "single_event": true,
    "tonality": "C major",
    "tonality_confidence": 0.5577570796012878,
    "loop": false,
    "tempo": 123,
    "tempo_confidence": 0.0,
    "note_midi": 34,
    "note_name": "A#1",
    "note_frequency": 56.623260498046875,
    "note_confidence": 0.5089178085327148,
    "hardness": 40.215685390917045,
    "depth": 62.90566718081072,
    "brightness": 44.01448354260458,
    "roughness": 50.528781664169834,
    "warmth": 63.92797612285491,
    "sharpness": 28.368258070478042,
    "boominess": 44.30946928813475,
    "reverb": false,
    "genre": "Genre A",
    "mood": "Mood A"
}