{
    "duration": 1.8461250066757202,
    "lossless": 1.0,
    "codec": "pcm_s16le",
    "bitrate": 256000.0,
    "samplerate": 16000.0,
    "channels": 1.0,
    "audio_md5": "db719a0ff66092e3860d18266ace392f",
    "loudness": -28.91781234741211,
    "dynamic_range": 0.0,
    "temporal_centroid": 0.49993669986724854,
    "log_attack_time": -1.6022570133209229,
    "filesize": 59120,
    "single_event": true,
    "tonality": "C# minor",
    "tonality_confidence": 0.7209893465042114,
    "loop": false,
    "tempo": 111,
    "tempo_confidence": 0.0,
    "note_midi": 33,
    "note_name": "A1",
    "note_frequency": 56.177772521972656,
    "note_confidence": 0.4344594478607178,
    "hardness": 42.78154614690922,
    "depth": 62.61460000917272,
    "brightness": 43.19399252322221,
    "roughness": 50.12485849021694,
    "warmth": 64.47252702404347,
    "sharpness": 27.173429819946556,
    "boominess": 42.918437035497654,
    "reverb": false,
    "genre": "Genre A",
    "mood": "Mood A"
}