{
    "duration": 1.8461250066757202,
    "lossless": 1.0,
    "codec": "pcm_s16le",
    "bitrate": 256000.0,
    "samplerate": 16000.0,
    "channels": 1.0,
    "audio_md5": "2fa1eb8a3ba2552bd1bf5605b5b74592",
    "loudness": -16.623117446899414,
    "dynamic_range": 0.0,
    "temporal_centroid": 0.5174964666366577,
    "log_attack_time": -0.0950184091925621,
    "filesize": 59120,
    "single_event": true,
    "tonality": "F# minor",
    "tonality_confidence": 0.467375248670578,
    "loop": false,
    "tempo": 120,
    "tempo_confidence": 0.0,
    "note_midi": 30,
    "note_name": "F#1",
    "note_frequency": 47.22804260253906,
    "note_confidence": 0.7773076295852661,
    "hardness": 32.579589409115925,
    "depth": 70.85644400828963,
    "brightness": 30.73470334648107,
    "roughness": 39.78005884437207,
    "warmth": 60.271614996961574,
    "sharpness": 41.07315950890557,
    "boominess": 47.99056341038423,
    "reverb": false,
    "genre": "Genre A",
    "mood": "Mood A"
}