{
    "duration": 1.8461250066757202,
    "lossless": 1.0,
    "codec": "pcm_s16le",
    "bitrate": 256000.0,
    "samplerate": 16000.0,
    "channels": 1.0,
    "audio_md5": "5a5f99837a70ade95bf0a04622ec7f6d",
    "loudness": -32.13385009765625,
    "dynamic_range": 0.0,
    "temporal_centroid": 0.4836582541465759,
    "log_attack_time": -1.9586968421936035,
    "filesize": 59120,
    "single_event": true,
    "tonality": "B major",
    "tonality_confidence": 0.8047555088996887,
    "loop": false,
    "tempo": 126,
    "tempo_confidence": 0.0,
    "note_midi": 33,
    "note_name": "A1",
    "note_frequency": 55.746646881103516,
    "note_confidence": 0.47422611713409424,
    "hardness": 42.04223467203086,
    "depth": 63.57834665499321,
    "brightness": 44.48860705441058,
    "roughness": 48.83820258818276,
    "warmth": 64.69513012894282,
    "sharpness": 25.70797371759224,
    "boominess": 45.49451111951084,
    "reverb": false,
    "genre": "Genre A",
    "mood": "Mood A"
}