{
    "duration": 1.8461250066757202,
    "lossless": 1.0,
    "codec": "pcm_s16le",
    "bitrate": 256000.0,
    "samplerate": 16000.0,
    "channels": 1.0,
    "audio_md5": "d9ca762421d27f13f2a7c56f749bb378",
    "loudness": -30.07684326171875,
    "dynamic_range": 0.0,
    "temporal_centroid": 0.47944507002830505,
    "log_attack_time": -1.7817111015319824,
    "filesize": 59120,
    "single_event": true,
    "tonality": "E major",
    "tonality_confidence": 0.5296369194984436,
    "loop": false,
    "tempo": 112,
    "tempo_confidence": 0.0,
    "note_midi": 33,
    "note_name": "A1",
    "note_frequency": 55.76813888549805,
    "note_confidence": 0.4715176820755005,
    "hardness": 42.375983988576024,
    "depth": 61.10299648460436,
    "brightness": 44.19379762469755,
    "roughness": 48.539847754759954,
    "warmth": 63.850618476539765,
    "sharpness": 25.533096084266013,
    "boominess": 44.246507638422166,
    "reverb": false,
    "genre": "Genre A",
    "mood": "Mood A"
}