{
    "duration": 1.8461250066757202,
    "lossless": 1.0,
    "codec": "pcm_s16le",
    "bitrate": 256000.0,
    "samplerate": 16000.0,
    "channels": 1.0,
    "audio_md5": "0e3be47d55398cdcdeb394229522f6e6",
    "loudness": -30.759912490844727,
    "dynamic_range": 0.0,
    "temporal_centroid": 0.3475833237171173,
    "log_attack_time": -0.028541112318634987,
    "filesize": 59120,
    "single_event": true,
    "tonality": "A# major",
    "tonality_confidence": 0.6438775062561035,
    "loop": false,
    "tempo": 129,
    "tempo_confidence": 0.0,
    "note_midi": 35,
    "note_name": "B1",
    "note_frequency": 62.467979431152344,
    "note_confidence": 0.3583555817604065,
    "hardness": 40.1318917292072,
    "depth": 60.08803253861993,
    "brightness": 41.73956299798408,
    "roughness": 26.990179697380547,
    "warmth": 52.20652349203068,
    "sharpness": 38.26208641198819,
    "boominess": 48.11788168679652,
    "reverb": false,
    "genre": "Genre A",
    "mood": "Mood A"
}