{
    "duration": 1.8461250066757202,
    "lossless": 1.0,
    "codec": "pcm_s16le",
    "bitrate": 256000.0,
    "samplerate": 16000.0,
    "channels": 1.0,
    "audio_md5": "18be32efcf3e2bff10a494d85f7f4917",
    "loudness": -21.004518508911133,
    "dynamic_range": 0.0,
    "temporal_centroid": 0.40735068917274475,
    "log_attack_time": -0.01912614144384861,
    "filesize": 59120,
    "single_event": true,
    "tonality": "C minor",
    "tonality_confidence": 0.704547107219696,
    "loop": false,
    "tempo": 123,
    "tempo_confidence": 0.0,
    "note_midi": 40,
    "note_name": "E2",
    "note_frequency": 83.26036071777344,
    "note_confidence": 0.20066183805465698,
    "hardness": 30.71597333704294,
    "depth": 64.35059256359578,
    "brightness": 32.56062844349513,
    "roughness": 24.280327306623306,
    "warmth": 51.803867041283105,
    "sharpness": 21.83581591918444,
    "boominess": 61.28223687408023,
    "reverb": false,
    "genre": "Genre A",
    "mood": "Mood A"
}