{
    "duration": 1.8461250066757202,
    "lossless": 1.0,
    "codec": "pcm_s16le",
    "bitrate": 256000.0,
    "samplerate": 16000.0,
    "channels": 1.0,
    "audio_md5": "6833be93a1bfec8cdc6276f0f0f0eb71",
    "loudness": -36.56557083129883,
    "dynamic_range": 0.0,
    "temporal_centroid": 0.4109766185283661,
    "log_attack_time": -0.3239184319972992,
    "filesize": 59120,
    "single_event": true,
    "tonality": "B minor",
    "tonality_confidence": 0.6165423393249512,
    "loop": true,
    "tempo": 130,
    "tempo_confidence": 0.9999017119407654,
    "note_midi": 39,
    "note_name": "D#2",
    "note_frequency": 75.65243530273438,
    "note_confidence": 0.22909998893737793,
    "hardness": 41.51541999058105,
    "depth": 66.76921277493184,
    "brightness": 37.868224098088874,
    "roughness": 29.600047604732907,
    "warmth": 57.77017431304303,
    "sharpness": 26.413490709418824,
    "boominess": 48.19253344991909,
    "reverb": false,
    "genre": "Genre A",
    "mood": "Mood A"
}