{
    "duration": 1.8461250066757202,
    "lossless": 1.0,
    "codec": "pcm_s16le",
    "bitrate": 256000.0,
    "samplerate": 16000.0,
    "channels": 1.0,
    "audio_md5": "9585225e4435e9243f1f71a938a229e2",
    "loudness": -19.2777042388916,
    "dynamic_range": 0.0,
    "temporal_centroid": 0.41053304076194763,
    "log_attack_time": -0.018426883965730667,
    "filesize": 59120,
    "single_event": true,
    "tonality": "C# major",
    "tonality_confidence": 0.4887576997280121,
    "loop": false,
    "tempo": 129,
    "tempo_confidence": 0.0,
    "note_midi": 47,
    "note_name": "B2",
    "note_frequency": 124.91755676269531,
    "note_confidence": 0.1516208052635193,
    "hardness": 27.771396127061507,
    "depth": 64.69438358123038,
    "brightness": 31.468874645596408,
    "roughness": 25.510793681085936,
    "warmth": 55.215018982031985,
    "sharpness": 14.66414713184783,
    "boominess": 63.67020769447939,
    "reverb": false,
    "genre": "Genre A",
    "mood": "Mood A"
}