{
    "duration": 1.8461250066757202,
    "lossless": 1.0,
    "codec": "pcm_s16le",
    "bitrate": 256000.0,
    "samplerate": 16000.0,
    "channels": 1.0,
    "audio_md5": "1a257e71c392afddd8497e9953c6b603",
    "loudness": -30.353116989135742,
    "dynamic_range": 0.0,
    "temporal_centroid": 0.44213560223579407,
    "log_attack_time": -1.653212547302246,
    "filesize": 59120,
    "single_event": true,
    "tonality": "G# major",
    "tonality_confidence": 0.7685482501983643,
    "loop": false,
    "tempo": 129,
    "tempo_confidence": 0.0,
    "note_midi": 57,
    "note_name": "A3",
    "note_frequency": 222.70974731445312,
    "note_confidence": 0.6349148750305176,
    "hardness": 30.00623851354466,
    "depth": 52.627894130383126,
    "brightness": 30.84990143353391,
    "roughness": 35.13843432574766,
    "warmth": 60.01609493173545,
    "sharpness": 18.887559715420082,
    "boominess": 46.31621409367612,
    "reverb": false,
    "genre": "Genre A",
    "mood": "Mood A"
}