{
    "duration": 1.8461250066757202,
    "lossless": 1.0,
    "codec": "pcm_s16le",
    "bitrate": 256000.0,
    "samplerate": 16000.0,
    "channels": 1.0,
    "audio_md5": "42d10968f1475b4fdc0a81bdc82d1da2",
    "loudness": -29.205881118774414,
    "dynamic_range": 0.0,
    "temporal_centroid": 0.5435384511947632,
    "log_attack_time": -0.027501221746206284,
    "filesize": 59120,
    "single_event": true,
    "tonality": "A minor",
    "tonality_confidence": 0.5182511210441589,
    "loop": false,
    "tempo": 129,
    "tempo_confidence": 0.0,
    "note_midi": 41,
    "note_name": "F2",
    "note_frequency": 85.71731567382812,
    "note_confidence": 0.413213849067688,
    "hardness": 41.77350188695257,
    "depth": 63.34354703743099,
    "brightness": 37.46484229736449,
    "roughness": 31.598395029920503,
    "warmth": 56.39797589333855,
    "sharpness": 30.42910836436459,
    "boominess": 53.89225913763103,
    "reverb": false,
    "genre": "Genre A",
    "mood": "Mood A"
}