{
    "duration": 1.8461250066757202,
    "lossless": 1.0,
    "codec": "pcm_s16le",
    "bitrate": 256000.0,
    "samplerate": 16000.0,
    "channels": 1.0,
    "audio_md5": "cfc493a643ee304b376948da8ce5b89c",
    "loudness": -25.466455459594727,
    "dynamic_range": 0.0,
    "temporal_centroid": 0.5572291612625122,
    "log_attack_time": -0.6297081112861633,
    "filesize": 59120,
    "single_event": true,
    "tonality": "F major",
    "tonality_confidence": 0.7489744424819946,
    "loop": true,
    "tempo": 130,
    "tempo_confidence": 0.9999017119407654,
    "note_midi": 31,
    "note_name": "G1",
    "note_frequency": 48.77458572387695,
    "note_confidence": 0.44866955280303955,
    "hardness": 32.731897586340295,
    "depth": 69.43188130711373,
    "brightness": 30.914603584709194,
    "roughness": 31.550839594457315,
    "warmth": 59.41944267002069,
    "sharpness": 29.302132962286194,
    "boominess": 54.021326543915514,
    "reverb": false,
    "genre": "Genre A",
    "mood": "Mood A"
}