{
    "duration": 1.8461250066757202,
    "lossless": 1.0,
    "codec": "pcm_s16le",
    "bitrate": 256000.0,
    "samplerate": 16000.0,
    "channels": 1.0,
    "audio_md5": "c2b2a8d9f785a1ef035ed1e61c4ffd79",
    "loudness": -31.460988998413086,
    "dynamic_range": 0.0,
    "temporal_centroid": 0.3550460636615753,
    "log_attack_time": -0.027868550270795822,
    "filesize": 59120,
    "single_event": true,
    "tonality": "F major",
    "tonality_confidence": 0.48985397815704346,
    "loop": false,
    "tempo": 129,
    "tempo_confidence": 0.0,
    "note_midi": 40,
    "note_name": "E2",
    "note_frequency": 83.26123046875,
    "note_confidence": 0.3822318911552429,
    "hardness": 40.91652863300065,
    "depth": 61.02033040791714,
    "brightness": 41.322892515839904,
    "roughness": 29.96272749161777,
    "warmth": 51.767847932653744,
    "sharpness": 38.4667441132876,
    "boominess": 47.3547990716832,
    "reverb": false,
    "genre": "Genre A",
    "mood": "Mood A"
}