{
    "duration": 1.8461250066757202,
    "lossless": 1.0,
    "codec": "pcm_s16le",
    "bitrate": 256000.0,
    "samplerate": 16000.0,
    "channels": 1.0,
    "audio_md5": "617c4bb57cd6b7979868103d8a0a7c3d",
    "loudness": -19.43925666809082,
    "dynamic_range": 0.0,
    "temporal_centroid": 0.3704250156879425,
    "log_attack_time": -0.018745532259345055,
    "filesize": 59120,
    "single_event": true,
    "tonality": "G# major",
    "tonality_confidence": 0.5157040357589722,
    "loop": false,
    "tempo": 120,
    "tempo_confidence": 0.0,
    "note_midi": 40,
    "note_name": "E2",
    "note_frequency": 83.25570678710938,
    "note_confidence": 0.18173640966415405,
    "hardness": 29.29783749587638,
    "depth": 61.216185475863114,
    "brightness": 30.21075976666831,
    "roughness": 21.858554855616724,
    "warmth": 55.67397237445344,
    "sharpness": 16.3688596342269,
    "boominess": 64.17037244819062,
    "reverb": false,
    "genre": "Genre A",
    "mood": "Mood A"
}