{
    "duration": 1.8461250066757202,
    "lossless": 1.0,
    "codec": "pcm_s16le",
    "bitrate": 256000.0,
    "samplerate": 16000.0,
    "channels": 1.0,
    "audio_md5": "9ed6ae670a1a663ef26ae8203f3da07c",
    "loudness": -31.404720306396484,
    "dynamic_range": 0.0,
    "temporal_centroid": 0.44570374488830566,
    "log_attack_time": -0.04178186506032944,
    "filesize": 59120,
    "single_event": true,
    "tonality": "G major",
    "tonality_confidence": 0.4481688439846039,
    "loop": false,
    "tempo": 131,
    "tempo_confidence": 0.0,
    "note_midi": 38,
    "note_name": "D2",
    "note_frequency": 71.44926452636719,
    "note_confidence": 0.3785626292228699,
    "hardness": 47.57022709218009,
    "depth": 59.021832411786704,
    "brightness": 45.13182016970283,
    "roughness": 33.58302703326877,
    "warmth": 50.77710126677214,
    "sharpness": 32.09590845927864,
    "boominess": 50.709691583328855,
    "reverb": false,
    "genre": "Genre A",
    "mood": "Mood A"
}