{
    "duration": 1.8461250066757202,
    "lossless": 1.0,
    "codec": "pcm_s16le",
    "bitrate": 256000.0,
    "samplerate": 16000.0,
    "channels": 1.0,
    "audio_md5": "fee139bb037010fa9a47fc47c97e098e",
    "loudness": -30.33350944519043,
    "dynamic_range": 0.0,
    "temporal_centroid": 0.42570140957832336,
    "log_attack_time": -0.032205913215875626,
    "filesize": 59120,
    "single_event": true,
    "tonality": "A# major",
    "tonality_confidence": 0.3801543712615967,
    "loop": false,
    "tempo": 129,
    "tempo_confidence": 0.0,
    "note_midi": 38,
    "note_name": "D2",
    "note_frequency": 71.46893310546875,
    "note_confidence": 0.3736613988876343,
    "hardness": 40.59159289187028,
    "depth": 60.13873075495558,
    "brightness": 42.40042254530808,
    "roughness": 31.909613545226044,
    "warmth": 52.25170061606072,
    "sharpness": 30.95992201619401,
    "boominess": 52.41935763936384,
    "reverb": false,
    "genre": "Genre A",
    "mood": "Mood A"
}