{
    "duration": 1.8461250066757202,
    "lossless": 1.0,
    "codec": "pcm_s16le",
    "bitrate": 256000.0,
    "samplerate": 16000.0,
    "channels": 1.0,
    "audio_md5": "c9f1c9c44e3b4df8ca368ba907ee3c05",
    "loudness": -19.474233627319336,
    "dynamic_range": 0.0,
    "temporal_centroid": 0.5570187568664551,
    "log_attack_time": -0.11090799421072006,
    "filesize": 59120,
    "single_event": true,
    "tonality": "F minor",
    "tonality_confidence": 0.598420262336731,
    "loop": false,
    "tempo": 148,
    "tempo_confidence": 0.0,
    "note_midi": 31,
    "note_name": "G1",
    "note_frequency": 49.851070404052734,
    "note_confidence": 0.8088580369949341,
    "hardness": 24.20343294550831,
    "depth": 74.49256340473283,
    "brightness": 27.36297839533437,
    "roughness": 37.097653673531426,
    "warmth": 60.571902576663724,
    "sharpness": 34.96204223847116,
    "boominess": 53.1743543523326,
    "reverb": false,
    "genre": "Genre A",
    "mood": "Mood A"
}