{
    "duration": 1.8461250066757202,
    "lossless": 1.0,
    "codec": "pcm_s16le",
    "bitrate": 256000.0,
    "samplerate": 16000.0,
    "channels": 1.0,
    "audio_md5": "759c4a656de988acf69d6553c296f8a6",
    "loudness": -19.682329177856445,
    "dynamic_range": 0.0,
    "temporal_centroid": 0.5084231495857239,
    "log_attack_time": -0.10741329938173294,
    "filesize": 59120,
    "single_event": true,
    "tonality": "E major",
    "tonality_confidence": 0.47625333070755005,
    "loop": false,
    "tempo": 185,
    "tempo_confidence": 0.0,
    "note_midi": 32,
    "note_name": "G#1",
    "note_frequency": 52.48461151123047,
    "note_confidence": 0.9152522087097168,
    "hardness": 25.453541655545678,
    "depth": 75.14825316895272,
    "brightness": 25.599056494146915,
    "roughness": 32.83114520293798,
    "warmth": 60.223474881379275,
    "sharpness": 32.96238610832613,
    "boominess": 54.068639495489734,
    "reverb": false,
    "genre": "Genre A",
    "mood": "Mood A"
}