{
    "duration": 1.8461250066757202,
    "lossless": 1.0,
    "codec": "pcm_s16le",
    "bitrate": 256000.0,
    "samplerate": 16000.0,
    "channels": 1.0,
    "audio_md5": "1ec261524d331bf49089ec5e8f2385e7",
    "loudness": -30.637481689453125,
    "dynamic_range": 0.0,
    "temporal_centroid": 0.38302353024482727,
    "log_attack_time": -0.029573000967502594,
    "filesize": 59120,
    "single_event": true,
    "tonality": "A# minor",
    "tonality_confidence": 0.8882104158401489,
    "loop": false,
    "tempo": 129,
    "tempo_confidence": 0.0,
    "note_midi": 40,
    "note_name": "E2",
    "note_frequency": 83.2352294921875,
    "note_confidence": 0.34406548738479614,
    "hardness": 41.879886733256214,
    "depth": 60.756519647979076,
    "brightness": 41.48850118511682,
    "roughness": 33.288131098140575,
    "warmth": 47.38502784652503,
    "sharpness": 38.278495211506694,
    "boominess": 49.07583452920745,
    "reverb": false,
    "genre": "Genre A",
    "mood": "Mood A"
}