{
    "duration": 1.8461250066757202,
    "lossless": 1.0,
    "codec": "pcm_s16le",
    "bitrate": 256000.0,
    "samplerate": 16000.0,
    "channels": 1.0,
    "audio_md5": "07ad72b0faeab79d448d825517af8768",
    "loudness": -33.08602523803711,
    "dynamic_range": 0.0,
    "temporal_centroid": 0.5583549737930298,
    "log_attack_time": -0.8146203756332397,
    "filesize": 59120,
    "single_event": true,
    "tonality": "A# minor",
    "tonality_confidence": 0.42684608697891235,
    "loop": false,
    "tempo": 94,
    "tempo_confidence": 0.0,
    "note_midi": 33,
    "note_name": "A1",
    "note_frequency": 55.086421966552734,
    "note_confidence": 0.7422653436660767,
    "hardness": 33.43094104702422,
    "depth": 61.14834736626244,
    "brightness": 38.50275812018276,
    "roughness": 37.37694659202815,
    "warmth": 60.31236441678534,
    "sharpness": 27.51111219956459,
    "boominess": 50.28297223194164,
    "reverb": false,
    "genre": "Genre A",
    "mood": "Mood A"
}