{
    "duration": 1.8461250066757202,
    "lossless": 1.0,
    "codec": "pcm_s16le",
    "bitrate": 256000.0,
    "samplerate": 16000.0,
    "channels": 1.0,
    "audio_md5": "c5bf4c85cdc49a33ce94c546fbc32204",
    "loudness": -32.56816482543945,
    "dynamic_range": 0.0,
    "temporal_centroid": 0.4613608419895172,
    "log_attack_time": -2.1760916709899902,
    "filesize": 59120,
    "single_event": true,
    "tonality": "B minor",
    "tonality_confidence": 0.32651811838150024,
    "loop": false,
    "tempo": 129,
    "tempo_confidence": 0.0,
    "note_midi": 44,
    "note_name": "G#2",
    "note_frequency": 105.62126159667969,
    "note_confidence": 0.5269138216972351,
    "hardness": 41.60042316256751,
    "depth": 51.961482481370545,
    "brightness": 40.43855431086923,
    "roughness": 37.13717018008644,
    "warmth": 59.02247789366962,
    "sharpness": 26.60669075756833,
    "boominess": 42.67345167351964,
    "reverb": false,
    "genre": "Genre A",
    "mood": "Mood A"
}