{
    "duration": 1.8461250066757202,
    "lossless": 1.0,
    "codec": "pcm_s16le",
    "bitrate": 256000.0,
    "samplerate": 16000.0,
    "channels": 1.0,
    "audio_md5": "6179708ccc1479fbb5ca65bc85d8c405",
    "loudness": -21.92213249206543,
    "dynamic_range": 0.0,
    "temporal_centroid": 0.509848415851593,
    "log_attack_time": -1.4081531763076782,
    "filesize": 59120,
    "single_event": true,
    "tonality": "A major",
    "tonality_confidence": 0.6344610452651978,
    "loop": false,
    "tempo": 148,
    "tempo_confidence": 0.0,
    "note_midi": 38,
    "note_name": "D2",
    "note_frequency": 72.63495635986328,
    "note_confidence": 0.6684640645980835,
    "hardness": 27.13600276551037,
    "depth": 73.3733845019612,
    "brightness": 30.34608452147781,
    "roughness": 31.297587034454082,
    "warmth": 58.95472607292991,
    "sharpness": 22.02915388062358,
    "boominess": 57.84720201421838,
    "reverb": false,
    "genre": "Genre A",
    "mood": "Mood A"
}