{
    "duration": 1.8461250066757202,
    "lossless": 1.0,
    "codec": "pcm_s16le",
    "bitrate": 256000.0,
    "samplerate": 16000.0,
    "channels": 1.0,
    "audio_md5": "ded1b3ae4dc63e2d0a73220f2602a1a1",
    "loudness": -38.03648376464844,
    "dynamic_range": 0.0,
    "temporal_centroid": 0.40125277638435364,
    "log_attack_time": -0.3371565341949463,
    "filesize": 59120,
    "single_event": true,
    "tonality": "B minor",
    "tonality_confidence": 0.6270829439163208,
    "loop": false,
    "tempo": 129,
    "tempo_confidence": 0.0,
    "note_midi": 30,
    "note_name": "F#1",
    "note_frequency": 46.85740661621094,
    "note_confidence": 0.38887202739715576,
    "hardness": 39.74036159624934,
    "depth": 61.45571710567888,
    "brightness": 42.62288585489294,
    "roughness": 36.677887306909085,
    "warmth": 55.40365311675123,
    "sharpness": 20.956540560586582,
    "boominess": 48.60173531573156,
    "reverb": false,
    "genre": "Genre A",
    "mood": "Mood A"
}