{
    "duration": 1.8461250066757202,
    "lossless": 1.0,
    "codec": "pcm_s16le",
    "bitrate": 256000.0,
    "samplerate": 16000.0,
    "channels": 1.0,
    "audio_md5": "5bcf5e534451df84a8b75ca179a55349",
    "loudness": -28.590749740600586,
    "dynamic_range": 0.0,
    "temporal_centroid": 0.41230568289756775,
    "log_attack_time": -1.9668326377868652,
    "filesize": 59120,
    "single_event": true,
    "tonality": "G major",
    "tonality_confidence": 0.5084898471832275,
    "loop": true,
    "tempo": 130,
    "tempo_confidence": 0.9999017119407654,
    "note_midi": 40,
    "note_name": "E2",
    "note_frequency": 83.59431457519531,
    "note_confidence": 0.4296243190765381,
    "hardness": 36.10225223250967,
    "depth": 62.686910436716175,
    "brightness": 34.750346316538796,
    "roughness": 30.393113363630828,
    "warmth": 56.098540190381186,
    "sharpness": 28.27088165910247,
    "boominess": 56.09971177854545,
    "reverb": false,
    "genre": "Genre A",
    "mood": "Mood A"
}