{
    "duration": 1.8461250066757202,
    "lossless": 1.0,
    "codec": "pcm_s16le",
    "bitrate": 256000.0,
    "samplerate": 16000.0,
    "channels": 1.0,
    "audio_md5": "786d523cf211feae5b58ad48ce5948f2",
    "loudness": -34.04998016357422,
    "dynamic_range": 0.0,
    "temporal_centroid": 0.525885820388794,
    "log_attack_time": -0.04235686734318733,
    "filesize": 59120,
    "single_event": true,
    "tonality": "A minor",
    "tonality_confidence": 0.5340326428413391,
    "loop": false,
    "tempo": 131,
    "tempo_confidence": 0.0,
    "note_midi": 34,
    "note_name": "A#1",
    "note_frequency": 57.34377670288086,
    "note_confidence": 0.7380265593528748,
    "hardness": 34.57189545153244,
    "depth": 68.33220692176333,
    "brightness": 39.830242562893325,
    "roughness": 40.0317162392278,
    "warmth": 62.07697523844567,
    "sharpness": 26.25284569800069,
    "boominess": 49.5870940170643,
    "reverb": false,
    "genre": "Genre A",
    "mood": "Mood A"
}