{
    "duration": 1.8461250066757202,
    "lossless": 1.0,
    "codec": "pcm_s16le",
    "bitrate": 256000.0,
    "samplerate": 16000.0,
    "channels": 1.0,
    "audio_md5": "325fd942e8774a077c64c497bc4023ca",
    "loudness": -27.858234405517578,
    "dynamic_range": 0.0,
    "temporal_centroid": 0.5343219637870789,
    "log_attack_time": 0.06938780844211578,
    "filesize": 59120,
    "single_event": true,
    "tonality": "B major",
    "tonality_confidence": 0.6095392107963562,
    "loop": false,
    "tempo": 129,
    "tempo_confidence": 0.0,
    "note_midi": 35,
    "note_name": "B1",
    "note_frequency": 62.43376922607422,
    "note_confidence": 0.4564291834831238,
    "hardness": 36.85099542131147,
    "depth": 64.89407189612058,
    "brightness": 36.588199285214614,
    "roughness": 29.672222890019242,
    "warmth": 57.60518823061027,
    "sharpness": 33.238316730660316,
    "boominess": 49.35845862462766,
    "reverb": false,
    "genre": "Genre A",
    "mood": "Mood A"
}