{
    "duration": 1.8461250066757202,
    "lossless": 1.0,
    "codec": "pcm_s16le",
    "bitrate": 256000.0,
    "samplerate": 16000.0,
    "channels": 1.0,
    "audio_md5": "c2b5c74897f8c61c2b4ad533f4f367b9",
    "loudness": -35.385986328125,
    "dynamic_range": 0.0,
    "temporal_centroid": 0.5475086569786072,
    "log_attack_time": -0.8171984553337097,
    "filesize": 59120,
    "single_event": true,
    "tonality": "F major",
    "tonality_confidence": 0.49932071566581726,
    "loop": false,
    "tempo": 117,
    "tempo_confidence": 0.0,
    "note_midi": 33,
    "note_name": "A1",
    "note_frequency": 56.26875305175781,
    "note_confidence": 0.8506330251693726,
    "hardness": 35.309015288280435,
    "depth": 66.33696887778589,
    "brightness": 39.655104635494,
    "roughness": 35.19038404619857,
    "warmth": 57.03723440595386,
    "sharpness": 29.181118219975463,
    "boominess": 49.65210974728121,
    "reverb": false,
    "genre": "Genre A",
    "mood": "Mood A"
}