{
    "duration": 1.8461250066757202,
    "lossless": 1.0,
    "codec": "pcm_s16le",
    "bitrate": 256000.0,
    "samplerate": 16000.0,
    "channels": 1.0,
    "audio_md5": "b17e5e4172d4c8c6944b178d6d9acb68",
    "loudness": -22.031455993652344,
    "dynamic_range": 0.0,
    "temporal_centroid": 0.3599568009376526,
    "log_attack_time": -0.020383497700095177,
    "filesize": 59120,
    "single_event": true,
    "tonality": "A# minor",
    "tonality_confidence": 0.6800532937049866,
    "loop": false,
    "tempo": 129,
    "tempo_confidence": 0.0,
    "note_midi": 40,
    "note_name": "E2",
    "note_frequency": 83.22581481933594,
    "note_confidence": 0.1941889524459839,
    "hardness": 33.19971867950096,
    "depth": 66.11141410089732,
    "brightness": 29.435242443236646,
    "roughness": 26.68492321268193,
    "warmth": 57.09721602237881,
    "sharpness": 34.40457298969432,
    "boominess": 58.093477921668516,
    "reverb": false,
    "genre": "Genre A",
    "mood": "Mood A"
}