{
    "duration": 1.8461250066757202,
    "lossless": 1.0,
    "codec": "pcm_s16le",
    "bitrate": 256000.0,
    "samplerate": 16000.0,
    "channels": 1.0,
    "audio_md5": "9de3874216b89234ba01b48bc5889c9d",
    "loudness": -32.50462341308594,
    "dynamic_range": 0.0,
    "temporal_centroid": 0.37707653641700745,
    "log_attack_time": -0.03479082137346268,
    "filesize": 59120,
    "single_event": true,
    "tonality": "C# major",
    "tonality_confidence": 0.7030343413352966,
    "loop": false,
    "tempo": 129,
    "tempo_confidence": 0.0,
    "note_midi": 42,
    "note_name": "F#2",
    "note_frequency": 90.72514343261719,
    "note_confidence": 0.38163846731185913,
    "hardness": 47.94252325685426,
    "depth": 62.740900595224396,
    "brightness": 40.96189269459481,
    "roughness": 33.029680798951354,
    "warmth": 52.72028907717061,
    "sharpness": 42.12282760917658,
    "boominess": 40.959684673438105,
    "reverb": false,
    "genre": "Genre A",
    "mood": "Mood A"
}