{
    "duration": 1.8461250066757202,
    "lossless": 1.0,
    "codec": "pcm_s16le",
    "bitrate": 256000.0,
    "samplerate": 16000.0,
    "channels": 1.0,
    "audio_md5": "6e08820ae3868828acac37a96510cbb4",
    "loudness": -31.88838005065918,
    "dynamic_range": 0.0,
    "temporal_centroid": 0.47861045598983765,
    "log_attack_time": -2.1168081760406494,
    "filesize": 59120,
    "single_event": true,
    "tonality": "C# major",
    "tonality_confidence": 0.6282379031181335,
    "loop": false,
    "tempo": 129,
    "tempo_confidence": 0.0,
    "note_midi": 39,
    "note_name": "D#2",
    "note_frequency": 77.54098510742188,
    "note_confidence": 0.589980959892273,
    "hardness": 43.14034912118359,
    "depth": 55.218583101478224,
    "brightness": 40.83601050895312,
    "roughness": 37.47738722852042,
    "warmth": 58.533707759917306,
    "sharpness": 30.797388607180984,
    "boominess": 41.75738999535868,
    "reverb": false,
    "genre": "Genre A",
    "mood": "Mood A"
}