{
    "duration": 1.8461250066757202,
    "lossless": 1.0,
    "codec": "pcm_s16le",
    "bitrate": 256000.0,
    "samplerate": 16000.0,
    "channels": 1.0,
    "audio_md5": "3806e771ade7f40f97ff968b468196e7",
    "loudness": -34.32585906982422,
    "dynamic_range": 0.0,
    "temporal_centroid": 0.5078068375587463,
    "log_attack_time": -0.039791401475667953,
    "filesize": 59120,
    "single_event": true,
    "tonality": "F# minor",
    "tonality_confidence": 0.24459584057331085,
    "loop": false,
    "tempo": 129,
    "tempo_confidence": 0.0,
    "note_midi": 32,
    "note_name": "G#1",
    "note_frequency": 52.82372283935547,
    "note_confidence": 0.7392077445983887,
    "hardness": 36.67608333751713,
    "depth": 64.24524927936349,
    "brightness": 40.596624221235786,
    "roughness": 38.137256117303814,
    "warmth": 62.098300153012396,
    "sharpness": 24.916849402183956,
    "boominess": 49.30040390973274,
    "reverb": false,
    "genre": "Genre A",
    "mood": "Mood A"
}