{
    "duration": 1.8461250066757202,
    "lossless": 1.0,
    "codec": "pcm_s16le",
    "bitrate": 256000.0,
    "samplerate": 16000.0,
    "channels": 1.0,
    "audio_md5": "e761ad97457c26292bf9b39f471bcfb1",
    "loudness": -26.0150203704834,
    "dynamic_range": 0.0,
    "temporal_centroid": 0.5262942910194397,
    "log_attack_time": -0.09196505695581436,
    "filesize": 59120,
    "single_event": true,
    "tonality": "F minor",
    "tonality_confidence": 0.4128417670726776,
    "loop": false,
    "tempo": 215,
    "tempo_confidence": 0.0,
    "note_midi": 29,
    "note_name": "F1",
    "note_frequency": 43.64560317993164,
    "note_confidence": 0.6489385366439819,
    "hardness": 28.574147808733784,
    "depth": 74.22763988064948,
    "brightness": 26.920316088110432,
    "roughness": 39.41683794585978,
    "warmth": 61.75753528899405,
    "sharpness": 33.99674295241169,
    "boominess": 53.012791655184856,
    "reverb": false,
    "genre": "Genre A",
    "mood": "Mood A"
}