{
    "duration": 1.8461250066757202,
    "lossless": 1.0,
    "codec": "pcm_s16le",
    "bitrate": 256000.0,
    "samplerate": 16000.0,
    "channels": 1.0,
    "audio_md5": "0ac655a184a6685b48f9077f5c8df753",
    "loudness": -31.676942825317383,
    "dynamic_range": 0.0,
    "temporal_centroid": 0.37084436416625977,
    "log_attack_time": -0.028341347351670265,
    "filesize": 59120,
    "single_event": true,
    "tonality": "A# minor",
    "tonality_confidence": 0.582439124584198,
    "loop": false,
    "tempo": 129,
    "tempo_confidence": 0.0,
    "note_midi": 39,
    "note_name": "D#2",
    "note_frequency": 76.84654235839844,
    "note_confidence": 0.36297404766082764,
    "hardness": 44.027624948023345,
    "depth": 61.18854991406551,
    "brightness": 41.52682155236788,
    "roughness": 32.803979200948135,
    "warmth": 51.15997359172126,
    "sharpness": 40.362358776024216,
    "boominess": 47.061655286588255,
    "reverb": false,
    "genre": "Genre A",
    "mood": "Mood A"
}