{
    "duration": 1.8461250066757202,
    "lossless": 1.0,
    "codec": "pcm_s16le",
    "bitrate": 256000.0,
    "samplerate": 16000.0,
    "channels": 1.0,
    "audio_md5": "a916cf9494312887c596955e12e81f29",
    "loudness": -30.64059066772461,
    "dynamic_range": 0.0,
    "temporal_centroid": 0.4409184455871582,
    "log_attack_time": -0.15047891438007355,
    "filesize": 59120,
    "single_event": true,
    "tonality": "A major",
    "tonality_confidence": 0.48847663402557373,
    "loop": false,
    "tempo": 129,
    "tempo_confidence": 0.0,
    "note_midi": 42,
    "note_name": "F#2",
    "note_frequency": 94.3011474609375,
    "note_confidence": 0.5412640571594238,
    "hardness": 38.942011162926036,
    "depth": 57.97989035753986,
    "brightness": 40.284716741859384,
    "roughness": 35.00922646056864,
    "warmth": 58.91768002915685,
    "sharpness": 26.777856560316373,
    "boominess": 44.96543825753966,
    "reverb": false,
    "genre": "Genre A",
    "mood": "Mood A"
}