{
    "duration": 1.8461250066757202,
    "lossless": 1.0,
    "codec": "pcm_s16le",
    "bitrate": 256000.0,
    "samplerate": 16000.0,
    "channels": 1.0,
    "audio_md5": "016b709fb2aecbe5db0229ee95cb2098",
    "loudness": -33.52666473388672,
    "dynamic_range": 0.0,
    "temporal_centroid": 0.5110220909118652,
    "log_attack_time": -0.03952168673276901,
    "filesize": 59120,
    "single_event": true,
    "tonality": "C minor",
    "tonality_confidence": 0.5421382188796997,
    "loop": true,
    "tempo": 98,
    "tempo_confidence": 0.9817036986351013,
    "note_midi": 34,
    "note_name": "A#1",
    "note_frequency": 58.833717346191406,
    "note_confidence": 0.7483925223350525,
    "hardness": 35.205846028243,
    "depth": 63.96748835998469,
    "brightness": 39.370206542528265,
    "roughness": 38.92399136823049,
    "warmth": 61.57547303818531,
    "sharpness": 25.18297832101691,
    "boominess": 49.24726769198353,
    "reverb": false,
    "genre": "Genre A",
    "mood": "Mood A"
}