{
    "duration": 1.8461250066757202,
    "lossless": 1.0,
    "codec": "pcm_s16le",
    "bitrate": 256000.0,
    "samplerate": 16000.0,
    "channels": 1.0,
    "audio_md5": "06f81ccc4ca2c0f305dae312405d1fc1",
    "loudness": -28.408021926879883,
    "dynamic_range": 0.0,
    "temporal_centroid": 0.4991249442100525,
    "log_attack_time": -0.32429230213165283,
    "filesize": 59120,
    "single_event": true,
    "tonality": "A minor",
    "tonality_confidence": 0.31749096512794495,
    "loop": false,
    "tempo": 131,
    "tempo_confidence": 0.0,
    "note_midi": 31,
    "note_name": "G1",
    "note_frequency": 47.84156036376953,
    "note_confidence": 0.5542137026786804,
    "hardness": 34.21377503731267,
    "depth": 67.77083531206482,
    "brightness": 33.53910897363305,
    "roughness": 33.809150378698625,
    "warmth": 59.706101571339765,
    "sharpness": 27.493802740685148,
    "boominess": 52.50274608816581,
    "reverb": false,
    "genre": "Genre A",
    "mood": "Mood A"
}