{
    "duration": 1.8461250066757202,
    "lossless": 1.0,
    "codec": "pcm_s16le",
    "bitrate": 256000.0,
    "samplerate": 16000.0,
    "channels": 1.0,
    "audio_md5": "b6b198fd95841b90f1dc011eb0be0852",
    "loudness": -35.38529586791992,
    "dynamic_range": 0.0,
    "temporal_centroid": 0.4949207603931427,
    "log_attack_time": -0.04001813381910324,
    "filesize": 59120,
    "single_event": true,
    "tonality": "B minor",
    "tonality_confidence": 0.8543122410774231,
    "loop": false,
    "tempo": 126,
    "tempo_confidence": 0.0,
    "note_midi": 33,
    "note_name": "A1",
    "note_frequency": 54.11969757080078,
    "note_confidence": 0.6542818546295166,
    "hardness": 37.03172620633438,
    "depth": 67.44549549174552,
    "brightness": 41.03658350357607,
    "roughness": 41.5229599704769,
    "warmth": 63.73864520017769,
    "sharpness": 24.41033132258698,
    "boominess": 48.36136347042272,
    "reverb": false,
    "genre": "Genre A",
    "mood": "Mood A"
}