{
    "duration": 1.8461250066757202,
    "lossless": 1.0,
    "codec": "pcm_s16le",
    "bitrate": 256000.0,
    "samplerate": 16000.0,
    "channels": 1.0,
    "audio_md5": "70c0f3c149f60cd15dde790f193d2be6",
    "loudness": -32.00564956665039,
    "dynamic_range": 0.0,
    "temporal_centroid": 0.3608766794204712,
    "log_attack_time": -0.006868825759738684,
    "filesize": 59120,
    "single_event": true,
    "tonality": "A# minor",
    "tonality_confidence": 0.46610429883003235,
    "loop": false,
    "tempo": 129,
    "tempo_confidence": 0.0,
    "note_midi": 38,
    "note_name": "D2",
    "note_frequency": 71.54399871826172,
    "note_confidence": 0.39553534984588623,
    "hardness": 44.55345507251096,
    "depth": 61.50990664143545,
    "brightness": 41.22361896071111,
    "roughness": 32.67064019735612,
    "warmth": 51.54701333346395,
    "sharpness": 39.68137119998567,
    "boominess": 44.35810232527221,
    "reverb": false,
    "genre": "Genre A",
    "mood": "Mood A"
}