{
    "duration": 1.8461250066757202,
    "lossless": 1.0,
    "codec": "pcm_s16le",
    "bitrate": 256000.0,
    "samplerate": 16000.0,
    "channels": 1.0,
    "audio_md5": "d8c07394db7dfbaed28f7d47e0711fd9",
    "loudness": -26.62870216369629,
    "dynamic_range": 0.0,
    "temporal_centroid": 0.30933207273483276,
    "log_attack_time": -0.01442792173475027,
    "filesize": 59120,
    "single_event": true,
    "tonality": "C# major",
    "tonality_confidence": 0.4854537546634674,
    "loop": false,
    "tempo": 129,
    "tempo_confidence": 0.0,
    "note_midi": 83,
    "note_name": "B5",
    "note_frequency": 980.3286743164062,
    "note_confidence": 0.15871375799179077,
    "hardness": 44.76741346390571,
    "depth": 62.45987281678403,
    "brightness": 39.249025984969336,
    "roughness": 30.88319577599428,
    "warmth": 52.223390356310226,
    "sharpness": 25.6077266578094,
    "boominess": 56.2437072893105,
    "reverb": false,
    "genre": "Genre A",
    "mood": "Mood A"
}