{
    "duration": 1.8461250066757202,
    "lossless": 1.0,
    "codec": "pcm_s16le",
    "bitrate": 256000.0,
    "samplerate": 16000.0,
    "channels": 1.0,
    "audio_md5": "9d38fce8ba414a2cb7e61276c6bd754f",
    "loudness": -28.209383010864258,
    "dynamic_range": 0.0,
    "temporal_centroid": 0.401915967464447,
    "log_attack_time": -0.02907782606780529,
    "filesize": 59120,
    "single_event": true,
    "tonality": "C# minor",
    "tonality_confidence": 0.7196831107139587,
    "loop": false,
    "tempo": 129,
    "tempo_confidence": 0.0,
    "note_midi": 60,
    "note_name": "C4",
    "note_frequency": 256.8487243652344,
    "note_confidence": 0.5854023694992065,
    "hardness": 34.1713776947292,
    "depth": 51.97598199132457,
    "brightness": 32.71484617712691,
    "roughness": 33.12477291623219,
    "warmth": 53.139212995608965,
    "sharpness": 22.720112527794583,
    "boominess": 47.71657119026543,
    "reverb": false,
    "genre": "Genre A",
    "mood": "Mood A"
}