{
    "duration": 1.8461250066757202,
    "lossless": 1.0,
    "codec": "pcm_s16le",
    "bitrate": 256000.0,
    "samplerate": 16000.0,
    "channels": 1.0,
    "audio_md5": "3016604c2f4a01edb7ca673e38351226",
    "loudness": -21.1190185546875,
    "dynamic_range": 0.0,
    "temporal_centroid": 0.5520597696304321,
    "log_attack_time": -0.10713592171669006,
    "filesize": 59120,
    "single_event": true,
    "tonality": "C# minor",
    "tonality_confidence": 0.8423933982849121,
    "loop": false,
    "tempo": 191,
    "tempo_confidence": 0.0,
    "note_midi": 29,
    "note_name": "F1",
    "note_frequency": 43.024391174316406,
    "note_confidence": 0.7607836723327637,
    "hardness": 21.35099623938251,
    "depth": 76.13069692918377,
    "brightness": 20.282064596526865,
    "roughness": 32.72418233453551,
    "warmth": 59.35058355734426,
    "sharpness": 36.83302579778249,
    "boominess": 52.84646717518234,
    "reverb": false,
    "genre": "Genre A",
    "mood": "Mood A"
}