{
    "duration": 1.8461250066757202,
    "lossless": 1.0,
    "codec": "pcm_s16le",
    "bitrate": 256000.0,
    "samplerate": 16000.0,
    "channels": 1.0,
    "audio_md5": "cec93566c9ee6e991513e1b730e8c1d7",
    "loudness": -30.322633743286133,
    "dynamic_range": 0.0,
    "temporal_centroid": 0.444663941860199,
    "log_attack_time": -1.8450980186462402,
    "filesize": 59120,
    "single_event": true,
    "tonality": "A# minor",
    "tonality_confidence": 0.6832073926925659,
    "loop": false,
    "tempo": 129,
    "tempo_confidence": 0.0,
    "note_midi": 38,
    "note_name": "D2",
    "note_frequency": 73.35038757324219,
    "note_confidence": 0.5556666851043701,
    "hardness": 39.437826831800294,
    "depth": 57.531249208917586,
    "brightness": 39.42017414264784,
    "roughness": 37.975743887103526,
    "warmth": 58.62175475288146,
    "sharpness": 28.379745791816077,
    "boominess": 44.07381901427665,
    "reverb": false,
    "genre": "Genre A",
    "mood": "Mood A"
}