{
    "duration": 1.8461250066757202,
    "lossless": 1.0,
    "codec": "pcm_s16le",
    "bitrate": 256000.0,
    "samplerate": 16000.0,
    "channels": 1.0,
    "audio_md5": "144b45524444fd94044416ebe2d673cd",
    "loudness": -26.3410587310791,
    "dynamic_range": 0.0,
    "temporal_centroid": 0.5052136182785034,
    "log_attack_time": 0.06862334161996841,
    "filesize": 59120,
    "single_event": true,
    "tonality": "G minor",
    "tonality_confidence": 0.3877969980239868,
    "loop": false,
    "tempo": 129,
    "tempo_confidence": 0.0,
    "note_midi": 36,
    "note_name": "C2",
    "note_frequency": 66.158935546875,
    "note_confidence": 0.41139310598373413,
    "hardness": 35.16225235868134,
    "depth": 64.94175569152011,
    "brightness": 34.16637461505434,
    "roughness": 30.284981698708673,
    "warmth": 56.79080402590306,
    "sharpness": 30.20207600113774,
    "boominess": 51.849952414174666,
    "reverb": false,
    "genre": "Genre A",
    "mood": "Mood A"
}