{
    "duration": 1.8461250066757202,
    "lossless": 1.0,
    "codec": "pcm_s16le",
    "bitrate": 256000.0,
    "samplerate": 16000.0,
    "channels": 1.0,
    "audio_md5": "266dba764410490235f3d1052c1936d2",
    "loudness": -19.01551055908203,
    "dynamic_range": 0.0,
    "temporal_centroid": 0.35810646414756775,
    "log_attack_time": -0.017975034192204475,
    "filesize": 59120,
    "single_event": true,
    "tonality": "C# minor",
    "tonality_confidence": 0.4569419324398041,
    "loop": false,
    "tempo": 120,
    "tempo_confidence": 0.0,
    "note_midi": 40,
    "note_name": "E2",
    "note_frequency": 81.85537719726562,
    "note_confidence": 0.23991256952285767,
    "hardness": 29.014236551174605,
    "depth": 62.72363745136309,
    "brightness": 30.160064464298397,
    "roughness": 23.055463442301157,
    "warmth": 56.46185785013682,
    "sharpness": 12.180878669090017,
    "boominess": 65.10700768419471,
    "reverb": false,
    "genre": "Genre A",
    "mood": "Mood A"
}