{
    "duration": 1.8461250066757202,
    "lossless": 1.0,
    "codec": "pcm_s16le",
    "bitrate": 256000.0,
    "samplerate": 16000.0,
    "channels": 1.0,
    "audio_md5": "895945623d232610e0c65c48abb59008",
    "loudness": -31.056293487548828,
    "dynamic_range": 0.0,
    "temporal_centroid": 0.375214546918869,
    "log_attack_time": -0.028940949589014053,
    "filesize": 59120,
    "single_event": true,
    "tonality": "A# minor",
    "tonality_confidence": 0.7671056389808655,
    "loop": false,
    "tempo": 129,
    "tempo_confidence": 0.0,
    "note_midi": 38,
    "note_name": "D2",
    "note_frequency": 71.3738021850586,
    "note_confidence": 0.37710124254226685,
    "hardness": 43.62459995593625,
    "depth": 60.90341644467625,
    "brightness": 41.66930148174332,
    "roughness": 32.272908908679746,
    "warmth": 51.2358410366827,
    "sharpness": 40.170435938419914,
    "boominess": 46.54889217218567,
    "reverb": false,
    "genre": "Genre A",
    "mood": "Mood A"
}