{
    "duration": 1.8461250066757202,
    "lossless": 1.0,
    "codec": "pcm_s16le",
    "bitrate": 256000.0,
    "samplerate": 16000.0,
    "channels": 1.0,
    "audio_md5": "efccb380e51867039806318752c2b176",
    "loudness": -33.65757369995117,
    "dynamic_range": 0.0,
    "temporal_centroid": 0.5152267217636108,
    "log_attack_time": -0.03947851061820984,
    "filesize": 59120,
    "single_event": true,
    "tonality": "D# major",
    "tonality_confidence": 0.7187923789024353,
    "loop": false,
    "tempo": 129,
    "tempo_confidence": 0.0,
    "note_midi": 33,
    "note_name": "A1",
    "note_frequency": 55.45976638793945,
    "note_confidence": 0.7636590003967285,
    "hardness": 36.947206979479574,
    "depth": 62.976222542607935,
    "brightness": 39.50514601826166,
    "roughness": 38.592915880556085,
    "warmth": 61.38953463010294,
    "sharpness": 26.27203020983314,
    "boominess": 49.029985565134794,
    "reverb": false,
    "genre": "Genre A",
    "mood": "Mood A"
}