{
    "duration": 1.8461250066757202,
    "lossless": 1.0,
    "codec": "pcm_s16le",
    "bitrate": 256000.0,
    "samplerate": 16000.0,
    "channels": 1.0,
    "audio_md5": "b72728fecd29f36c7a8d7955a62eedb5",
    "loudness": -32.839080810546875,
    "dynamic_range": 0.0,
    "temporal_centroid": 0.4632764160633087,
    "log_attack_time": -0.15054857730865479,
    "filesize": 59120,
    "single_event": true,
    "tonality": "F minor",
    "tonality_confidence": 0.2725081443786621,
    "loop": false,
    "tempo": 129,
    "tempo_confidence": 0.0,
    "note_midi": 42,
    "note_name": "F#2",
    "note_frequency": 91.96588897705078,
    "note_confidence": 0.5554691553115845,
    "hardness": 40.56932328899386,
    "depth": 55.604927740084634,
    "brightness": 40.00621140646412,
    "roughness": 40.437942332108776,
    "warmth": 59.89020614127797,
    "sharpness": 30.285154830675815,
    "boominess": 43.52267733427381,
    "reverb": false,
    "genre": "Genre A",
    "mood": "Mood A"
}