{
    "duration": 1.8461250066757202,
    "lossless": 1.0,
    "codec": "pcm_s16le",
    "bitrate": 256000.0,
    "samplerate": 16000.0,
    "channels": 1.0,
    "audio_md5": "feb1d1a533d567eff166e2ff46a9dbbf",
    "loudness": -34.17744827270508,
    "dynamic_range": 0.0,
    "temporal_centroid": 0.5479844212532043,
    "log_attack_time": -0.810526967048645,
    "filesize": 59120,
    "single_event": true,
    "tonality": "F major",
    "tonality_confidence": 0.6867662072181702,
    "loop": false,
    "tempo": 131,
    "tempo_confidence": 0.0,
    "note_midi": 33,
    "note_name": "A1",
    "note_frequency": 55.659610748291016,
    "note_confidence": 0.8147901892662048,
    "hardness": 31.99405009396132,
    "depth": 67.49847520316577,
    "brightness": 39.42006210776874,
    "roughness": 37.47187430774403,
    "warmth": 60.5204884560185,
    "sharpness": 27.590008793376867,
    "boominess": 49.55454438781639,
    "reverb": false,
    "genre": "Genre A",
    "mood": "Mood A"
}