{
    "duration": 1.8461250066757202,
    "lossless": 1.0,
    "codec": "pcm_s16le",
    "bitrate": 256000.0,
    "samplerate": 16000.0,
    "channels": 1.0,
    "audio_md5": "4e3953ae7953d45e539fbc915ab8d622",
    "loudness": -36.562801361083984,
    "dynamic_range": 0.0,
    "temporal_centroid": 0.31060436367988586,
    "log_attack_time": -2.0391335487365723,
    "filesize": 59120,
    "single_event": true,
    "tonality": "B minor",
    "tonality_confidence": 0.46640917658805847,
    "loop": false,
    "tempo": 129,
    "tempo_confidence": 0.0,
    "note_midi": 40,
    "note_name": "E2",
    "note_frequency": 83.2575454711914,
    "note_confidence": 0.4199713468551636,
    "hardness": 44.938430920426526,
    "depth": 60.98759234960312,
    "brightness": 44.47214639418266,
    "roughness": 34.36450783655232,
    "warmth": 49.64879607899122,
    "sharpness": 33.610265538681944,
    "boominess": 46.877818190659625,
    "reverb": false,
    "genre": "Genre A",
    "mood": "Mood A"
}