{
    "duration": 1.8461250066757202,
    "lossless": 1.0,
    "codec": "pcm_s16le",
    "bitrate": 256000.0,
    "samplerate": 16000.0,
    "channels": 1.0,
    "audio_md5": "836dc3ef12cf659df30075f458884c64",
    "loudness": -21.728776931762695,
    "dynamic_range": 0.0,
    "temporal_centroid": 0.4471679627895355,
    "log_attack_time": -0.024094289168715477,
    "filesize": 59120,
    "single_event": true,
    "tonality": "C major",
    "tonality_confidence": 0.5586809515953064,
    "loop": false,
    "tempo": 120,
    "tempo_confidence": 0.0,
    "note_midi": 47,
    "note_name": "B2",
    "note_frequency": 124.87991333007812,
    "note_confidence": 0.12985843420028687,
    "hardness": 31.08052144680613,
    "depth": 63.76355846712166,
    "brightness": 33.67160769791485,
    "roughness": 25.952139480625846,
    "warmth": 55.10409935062568,
    "sharpness": 22.26074522166602,
    "boominess": 61.42060643448046,
    "reverb": false,
    "genre": "Genre A",
    "mood": "Mood A"
}