{
    "duration": 1.8461250066757202,
    "lossless": 1.0,
    "codec": "pcm_s16le",
    "bitrate": 256000.0,
    "samplerate": 16000.0,
    "channels": 1.0,
    "audio_md5": "46d7f9d707d8dfd1d64a0b5f44dd5a1b",
    "loudness": -31.423986434936523,
    "dynamic_range": 0.0,
    "temporal_centroid": 0.4405784010887146,
    "log_attack_time": -2.1895945072174072,
    "filesize": 59120,
    "single_event": true,
    "tonality": "D minor",
    "tonality_confidence": 0.5059680342674255,
    "loop": false,
    "tempo": 129,
    "tempo_confidence": 0.0,
    "note_midi": 39,
    "note_name": "D#2",
    "note_frequency": 77.3367691040039,
    "note_confidence": 0.565156877040863,
    "hardness": 42.55294277871505,
    "depth": 53.422194875374274,
    "brightness": 39.986850011427585,
    "roughness": 37.802995571084665,
    "warmth": 56.91265495290093,
    "sharpness": 31.211470507150494,
    "boominess": 41.24899943061148,
    "reverb": false,
    "genre": "Genre A",
    "mood": "Mood A"
}