{
    "duration": 1.8461250066757202,
    "lossless": 1.0,
    "codec": "pcm_s16le",
    "bitrate": 256000.0,
    "samplerate": 16000.0,
    "channels": 1.0,
    "audio_md5": "c2b719a06c1a8693ccb12417f8f3268a",
    "loudness": -26.41709327697754,
    "dynamic_range": 0.0,
    "temporal_centroid": 0.36737260222435,
    "log_attack_time": -0.015845321118831635,
    "filesize": 59120,
    "single_event": true,
    "tonality": "A# major",
    "tonality_confidence": 0.7679509520530701,
    "loop": false,
    "tempo": 123,
    "tempo_confidence": 0.0,
    "note_midi": 39,
    "note_name": "D#2",
    "note_frequency": 77.49506378173828,
    "note_confidence": 0.2384411096572876,
    "hardness": 36.77021297686832,
    "depth": 69.23511946023946,
    "brightness": 32.77312550452323,
    "roughness": 28.907915894097044,
    "warmth": 50.65316693753296,
    "sharpness": 25.25923928480408,
    "boominess": 57.048816683998574,
    "reverb": false,
    "genre": "Genre A",
    "mood": "Mood A"
}