{
    "duration": 1.8461250066757202,
    "lossless": 1.0,
    "codec": "pcm_s16le",
    "bitrate": 256000.0,
    "samplerate": 16000.0,
    "channels": 1.0,
    "audio_md5": "231f6823e7ac411a6a1628d1ba44393d",
    "loudness": -33.35413360595703,
    "dynamic_range": 0.0,
    "temporal_centroid": 0.48019301891326904,
    "log_attack_time": -1.8735867738723755,
    "filesize": 59120,
    "single_event": true,
    "tonality": "E major",
    "tonality_confidence": 0.4540875554084778,
    "loop": false,
    "tempo": 129,
    "tempo_confidence": 0.0,
    "note_midi": 40,
    "note_name": "E2",
    "note_frequency": 84.6706771850586,
    "note_confidence": 0.5505490899085999,
    "hardness": 44.11035977981743,
    "depth": 55.82283939300792,
    "brightness": 41.501634024706945,
    "roughness": 35.0949091444614,
    "warmth": 57.45309566058884,
    "sharpness": 29.40020856182899,
    "boominess": 42.031925047311624,
    "reverb": false,
    "genre": "Genre A",
    "mood": "Mood A"
}