{
    "duration": 1.8461250066757202,
    "lossless": 1.0,
    "codec": "pcm_s16le",
    "bitrate": 256000.0,
    "samplerate": 16000.0,
    "channels": 1.0,
    "audio_md5": "d7b10a1b22544b7b86ae6937ae2dccbf",
    "loudness": -33.99322509765625,
    "dynamic_range": 0.0,
    "temporal_centroid": 0.41725796461105347,
    "log_attack_time": -2.027437925338745,
    "filesize": 59120,
    "single_event": true,
    "tonality": "B minor",
    "tonality_confidence": 0.6637172698974609,
    "loop": false,
    "tempo": 129,
    "tempo_confidence": 0.0,
    "note_midi": 33,
    "note_name": "A1",
    "note_frequency": 55.30475997924805,
    "note_confidence": 0.39878547191619873,
    "hardness": 41.44799679624106,
    "depth": 54.79905535307124,
    "brightness": 41.248262811338094,
    "roughness": 38.13236922910631,
    "warmth": 56.83146488945887,
    "sharpness": 22.58992251182341,
    "boominess": 46.37634543429806,
    "reverb": false,
    "genre": "Genre A",
    "mood": "Mood A"
}