{
    "duration": 1.8461250066757202,
    "lossless": 1.0,
    "codec": "pcm_s16le",
    "bitrate": 256000.0,
    "samplerate": 16000.0,
    "channels": 1.0,
    "audio_md5": "130efaed633f75fb668e3fab49e7968f",
    "loudness": -19.889299392700195,
    "dynamic_range": 0.0,
    "temporal_centroid": 0.3835788369178772,
    "log_attack_time": -0.01952768862247467,
    "filesize": 59120,
    "single_event": true,
    "tonality": "G# major",
    "tonality_confidence": 0.5815662741661072,
    "loop": false,
    "tempo": 129,
    "tempo_confidence": 0.0,
    "note_midi": 40,
    "note_name": "E2",
    "note_frequency": 83.25545501708984,
    "note_confidence": 0.20642024278640747,
    "hardness": 25.4974509350548,
    "depth": 64.27616813775371,
    "brightness": 30.73752227226565,
    "roughness": 22.650405170558365,
    "warmth": 55.33639947990474,
    "sharpness": 20.360773347015343,
    "boominess": 63.26428272033659,
    "reverb": false,
    "genre": "Genre A",
    "mood": "Mood A"
}