{
    "duration": 1.8461250066757202,
    "lossless": 1.0,
    "codec": "pcm_s16le",
    "bitrate": 256000.0,
    "samplerate": 16000.0,
    "channels": 1.0,
    "audio_md5": "8282f963e0c34e36e4b2f746785c1803",
    "loudness": -18.4300594329834,
    "dynamic_range": 0.0,
    "temporal_centroid": 0.5303543210029602,
    "log_attack_time": -0.1060282289981842,
    "filesize": 59120,
    "single_event": true,
    "tonality": "C# major",
    "tonality_confidence": 0.4815591275691986,
    "loop": false,
    "tempo": 123,
    "tempo_confidence": 0.0,
    "note_midi": 29,
    "note_name": "F1",
    "note_frequency": 43.024391174316406,
    "note_confidence": 0.7303302884101868,
    "hardness": 24.142721852560385,
    "depth": 76.2172295479307,
    "brightness": 23.208701576340587,
    "roughness": 30.38558211522132,
    "warmth": 58.163807984270235,
    "sharpness": 38.56479666879775,
    "boominess": 51.50191377920032,
    "reverb": false,
    "genre": "Genre A",
    "mood": "Mood A"
}