{
    "duration": 1.8461250066757202,
    "lossless": 1.0,
    "codec": "pcm_s16le",
    "bitrate": 256000.0,
    "samplerate": 16000.0,
    "channels": 1.0,
    "audio_md5": "dd7fb5de3cd860275d6e8da21112f480",
    "loudness": -19.4501953125,
    "dynamic_range": 0.0,
    "temporal_centroid": 0.5210331082344055,
    "log_attack_time": -0.10881535708904266,
    "filesize": 59120,
    "single_event": true,
    "tonality": "C# minor",
    "tonality_confidence": 0.5735043883323669,
    "loop": false,
    "tempo": 125,
    "tempo_confidence": 0.0,
    "note_midi": 32,
    "note_name": "G#1",
    "note_frequency": 51.31527328491211,
    "note_confidence": 0.8911583423614502,
    "hardness": 26.63299157593299,
    "depth": 75.18480107681411,
    "brightness": 26.70302740653176,
    "roughness": 34.01382089460753,
    "warmth": 60.752873732197116,
    "sharpness": 34.65120805658311,
    "boominess": 53.44938589252837,
    "reverb": false,
    "genre": "Genre A",
    "mood": "Mood A"
}