{
    "duration": 1.8461250066757202,
    "lossless": 1.0,
    "codec": "pcm_s16le",
    "bitrate": 256000.0,
    "samplerate": 16000.0,
    "channels": 1.0,
    "audio_md5": "148f0e0534425c3eafb0b42d118b7d16",
    "loudness": -30.68035888671875,
    "dynamic_range": 0.0,
    "temporal_centroid": 0.3258482813835144,
    "log_attack_time": -0.028940949589014053,
    "filesize": 59120,
    "single_event": true,
    "tonality": "C# major",
    "tonality_confidence": 0.5578629374504089,
    "loop": false,
    "tempo": 129,
    "tempo_confidence": 0.0,
    "note_midi": 40,
    "note_name": "E2",
    "note_frequency": 83.24874114990234,
    "note_confidence": 0.3236246109008789,
    "hardness": 44.62294871757871,
    "depth": 57.037647516791374,
    "brightness": 43.173986061148725,
    "roughness": 32.1049203393175,
    "warmth": 50.0117520980319,
    "sharpness": 35.18998157058583,
    "boominess": 48.60128187086072,
    "reverb": false,
    "genre": "Genre A",
    "mood": "Mood A"
}