{
    "duration": 1.8461250066757202,
    "lossless": 1.0,
    "codec": "pcm_s16le",
    "bitrate": 256000.0,
    "samplerate": 16000.0,
    "channels": 1.0,
    "audio_md5": "ce23f3caa73500010d4fcf0adce54878",
    "loudness": -28.524578094482422,
    "dynamic_range": 0.0,
    "temporal_centroid": 0.41827213764190674,
    "log_attack_time": -0.03215286135673523,
    "filesize": 59120,
    "single_event": true,
    "tonality": "F# major",
    "tonality_confidence": 0.7320339679718018,
    "loop": false,
    "tempo": 129,
    "tempo_confidence": 0.0,
    "note_midi": 41,
    "note_name": "F2",
    "note_frequency": 86.3309097290039,
    "note_confidence": 0.39608854055404663,
    "hardness": 37.93334025242815,
    "depth": 60.863817737495225,
    "brightness": 40.51159314092175,
    "roughness": 32.00640860572262,
    "warmth": 49.332250238597965,
    "sharpness": 38.27430396287254,
    "boominess": 49.79128412277798,
    "reverb": false,
    "genre": "Genre A",
    "mood": "Mood A"
}