{
    "duration": 1.8461250066757202,
    "lossless": 1.0,
    "codec": "pcm_s16le",
    "bitrate": 256000.0,
    "samplerate": 16000.0,
    "channels": 1.0,
    "audio_md5": "36c58d411ff38f9b2f62e70cd0a122c4",
    "loudness": -31.34946632385254,
    "dynamic_range": 0.0,
    "temporal_centroid": 0.45404934883117676,
    "log_attack_time": -1.8795157670974731,
    "filesize": 59120,
    "single_event": true,
    "tonality": "C# major",
    "tonality_confidence": 0.6918632984161377,
    "loop": false,
    "tempo": 128,
    "tempo_confidence": 0.0,
    "note_midi": 38,
    "note_name": "D2",
    "note_frequency": 71.4039306640625,
    "note_confidence": 0.5341989994049072,
    "hardness": 41.76009400373678,
    "depth": 55.19398044665107,
    "brightness": 40.36152200295323,
    "roughness": 36.955574895770646,
    "warmth": 57.32159238654315,
    "sharpness": 28.61934267586008,
    "boominess": 44.10063784672106,
    "reverb": false,
    "genre": "Genre A",
    "mood": "Mood A"
}