{
    "duration": 1.8461250066757202,
    "lossless": 1.0,
    "codec": "pcm_s16le",
    "bitrate": 256000.0,
    "samplerate": 16000.0,
    "channels": 1.0,
    "audio_md5": "385200184b32e38d399c326c0e47721d",
    "loudness": -32.621055603027344,
    "dynamic_range": 0.0,
    "temporal_centroid": 0.47109121084213257,
    "log_attack_time": -0.14621077477931976,
    "filesize": 59120,
    "single_event": true,
    "tonality": "F# major",
    "tonality_confidence": 0.4723874032497406,
    "loop": false,
    "tempo": 128,
    "tempo_confidence": 0.0,
    "note_midi": 41,
    "note_name": "F2",
    "note_frequency": 89.25679016113281,
    "note_confidence": 0.5310226678848267,
    "hardness": 37.671607095006024,
    "depth": 56.96444392950115,
    "brightness": 40.382590043599095,
    "roughness": 36.018633177285665,
    "warmth": 59.19232520467581,
    "sharpness": 26.509665792211763,
    "boominess": 44.57761909007023,
    "reverb": false,
    "genre": "Genre A",
    "mood": "Mood A"
}