{
    "duration": 1.8461250066757202,
    "lossless": 1.0,
    "codec": "pcm_s16le",
    "bitrate": 256000.0,
    "samplerate": 16000.0,
    "channels": 1.0,
    "audio_md5": "a4c627690efc0eacb840c50eb4cc81c5",
    "loudness": -33.631587982177734,
    "dynamic_range": 0.0,
    "temporal_centroid": 0.5567255616188049,
    "log_attack_time": -0.8164235949516296,
    "filesize": 59120,
    "single_event": true,
    "tonality": "A# minor",
    "tonality_confidence": 0.7456192374229431,
    "loop": false,
    "tempo": 131,
    "tempo_confidence": 0.0,
    "note_midi": 35,
    "note_name": "B1",
    "note_frequency": 60.889408111572266,
    "note_confidence": 0.729210376739502,
    "hardness": 35.4061152225748,
    "depth": 65.66283634620572,
    "brightness": 40.48827442124545,
    "roughness": 37.98047574236612,
    "warmth": 59.65339461338713,
    "sharpness": 25.185198130188283,
    "boominess": 50.96576499192645,
    "reverb": false,
    "genre": "Genre A",
    "mood": "Mood A"
}