{
    "duration": 1.8461250066757202,
    "lossless": 1.0,
    "codec": "pcm_s16le",
    "bitrate": 256000.0,
    "samplerate": 16000.0,
    "channels": 1.0,
    "audio_md5": "91d09e2810d08dcad5c6af82f1bb8b84",
    "loudness": -21.446306228637695,
    "dynamic_range": 0.0,
    "temporal_centroid": 0.529880166053772,
    "log_attack_time": -0.09386786073446274,
    "filesize": 59120,
    "single_event": true,
    "tonality": "C# major",
    "tonality_confidence": 0.7621076703071594,
    "loop": false,
    "tempo": 178,
    "tempo_confidence": 0.0,
    "note_midi": 31,
    "note_name": "G1",
    "note_frequency": 49.83628845214844,
    "note_confidence": 0.7968491315841675,
    "hardness": 24.67829381362958,
    "depth": 74.06807865717752,
    "brightness": 26.79162781074132,
    "roughness": 35.431831528285834,
    "warmth": 60.159830497816884,
    "sharpness": 32.464167692379114,
    "boominess": 54.22371035165156,
    "reverb": false,
    "genre": "Genre A",
    "mood": "Mood A"
}