{
    "duration": 1.8461250066757202,
    "lossless": 1.0,
    "codec": "pcm_s16le",
    "bitrate": 256000.0,
    "samplerate": 16000.0,
    "channels": 1.0,
    "audio_md5": "7f7dab0c06ebbd98251a3eb5526828da",
    "loudness": -19.15020179748535,
    "dynamic_range": 0.0,
    "temporal_centroid": 0.5417904257774353,
    "log_attack_time": -0.10620426386594772,
    "filesize": 59120,
    "single_event": true,
    "tonality": "G# minor",
    "tonality_confidence": 0.649850606918335,
    "loop": false,
    "tempo": 96,
    "tempo_confidence": 0.0,
    "note_midi": 32,
    "note_name": "G#1",
    "note_frequency": 51.87614822387695,
    "note_confidence": 0.9555407166481018,
    "hardness": 26.6091751693571,
    "depth": 74.85647528705887,
    "brightness": 21.73387538814121,
    "roughness": 31.74731531624369,
    "warmth": 60.82843796414943,
    "sharpness": 35.76332144529292,
    "boominess": 53.21740534726449,
    "reverb": false,
    "genre": "Genre A",
    "mood": "Mood A"
}