{
    "duration": 1.8461250066757202,
    "lossless": 1.0,
    "codec": "pcm_s16le",
    "bitrate": 256000.0,
    "samplerate": 16000.0,
    "channels": 1.0,
    "audio_md5": "bbdfc76d38420ef1b46d7bc9c9763026",
    "loudness": -34.02477264404297,
    "dynamic_range": 0.0,
    "temporal_centroid": 0.5528513193130493,
    "log_attack_time": -0.03902580589056015,
    "filesize": 59120,
    "single_event": true,
    "tonality": "E major",
    "tonality_confidence": 0.49680519104003906,
    "loop": false,
    "tempo": 117,
    "tempo_confidence": 0.0,
    "note_midi": 32,
    "note_name": "G#1",
    "note_frequency": 51.01207733154297,
    "note_confidence": 0.5825992822647095,
    "hardness": 35.01577806579988,
    "depth": 65.24719708830295,
    "brightness": 41.6756017848805,
    "roughness": 43.41695016235559,
    "warmth": 63.04955570797984,
    "sharpness": 20.4807238115608,
    "boominess": 49.94387512037848,
    "reverb": false,
    "genre": "Genre A",
    "mood": "Mood A"
}