{
    "duration": 1.8461250066757202,
    "lossless": 1.0,
    "codec": "pcm_s16le",
    "bitrate": 256000.0,
    "samplerate": 16000.0,
    "channels": 1.0,
    "audio_md5": "357e1f1f36279f9bcf2e6c80265a7d3c",
    "loudness": -19.589527130126953,
    "dynamic_range": 0.0,
    "temporal_centroid": 0.4155767560005188,
    "log_attack_time": -0.02036285400390625,
    "filesize": 59120,
    "single_event": true,
    "tonality": "C# minor",
    "tonality_confidence": 0.7023941874504089,
    "loop": false,
    "tempo": 120,
    "tempo_confidence": 0.0,
    "note_midi": 43,
    "note_name": "G2",
    "note_frequency": 99.90047454833984,
    "note_confidence": 0.19231224060058594,
    "hardness": 30.15556979709345,
    "depth": 65.8736374478184,
    "brightness": 32.94497261411923,
    "roughness": 22.585203707822842,
    "warmth": 54.87758549631763,
    "sharpness": 11.629003669447279,
    "boominess": 63.068081658506614,
    "reverb": false,
    "genre": "Genre A",
    "mood": "Mood A"
}