{
    "duration": 1.8461250066757202,
    "lossless": 1.0,
    "codec": "pcm_s16le",
    "bitrate": 256000.0,
    "samplerate": 16000.0,
    "channels": 1.0,
    "audio_md5": "cd7d71a7d3f23db710ad571aebf927cd",
    "loudness": -27.78963851928711,
    "dynamic_range": 0.0,
    "temporal_centroid": 0.5163549780845642,
    "log_attack_time": -0.3241884112358093,
    "filesize": 59120,
    "single_event": true,
    "tonality": "A# minor",
    "tonality_confidence": 0.49537089467048645,
    "loop": true,
    "tempo": 130,
    "tempo_confidence": 0.9999017119407654,
    "note_midi": 32,
    "note_name": "G#1",
    "note_frequency": 53.20265197753906,
    "note_confidence": 0.5783519148826599,
    "hardness": 33.68612751845893,
    "depth": 66.55821704517194,
    "brightness": 35.392480517359886,
    "roughness": 31.913720273279747,
    "warmth": 59.42902347697899,
    "sharpness": 31.770114783049397,
    "boominess": 51.00840793824604,
    "reverb": false,
    "genre": "Genre A",
    "mood": "Mood A"
}