{
    "duration": 1.8461250066757202,
    "lossless": 1.0,
    "codec": "pcm_s16le",
    "bitrate": 256000.0,
    "samplerate": 16000.0,
    "channels": 1.0,
    "audio_md5": "2793a6cbeb28ab56496bcba5ee18460c",
    "loudness": -19.506431579589844,
    "dynamic_range": 0.0,
    "temporal_centroid": 0.5430188179016113,
    "log_attack_time": -0.10246016830205917,
    "filesize": 59120,
    "single_event": true,
    "tonality": "G# major",
    "tonality_confidence": 0.5253798365592957,
    "loop": false,
    "tempo": 91,
    "tempo_confidence": 0.0,
    "note_midi": 32,
    "note_name": "G#1",
    "note_frequency": 51.74568557739258,
    "note_confidence": 0.9482985734939575,
    "hardness": 27.245102138704752,
    "depth": 74.93924856605322,
    "brightness": 20.769820067781104,
    "roughness": 31.86057693777766,
    "warmth": 60.38980918082133,
    "sharpness": 37.05039447250464,
    "boominess": 52.74517328184853,
    "reverb": false,
    "genre": "Genre A",
    "mood": "Mood A"
}