{
    "duration": 1.8461250066757202,
    "lossless": 1.0,
    "codec": "pcm_s16le",
    "bitrate": 256000.0,
    "samplerate": 16000.0,
    "channels": 1.0,
    "audio_md5": "0bd2dea6913c27f606f9a1aab547c576",
    "loudness": -25.22728729248047,
    "dynamic_range": 0.0,
    "temporal_centroid": 0.522102415561676,
    "log_attack_time": -0.10264721512794495,
    "filesize": 59120,
    "single_event": true,
    "tonality": "D minor",
    "tonality_confidence": 0.49916359782218933,
    "loop": false,
    "tempo": 152,
    "tempo_confidence": 0.0,
    "note_midi": 29,
    "note_name": "F1",
    "note_frequency": 43.024391174316406,
    "note_confidence": 0.5455280542373657,
    "hardness": 28.897384811176835,
    "depth": 76.72386742503835,
    "brightness": 26.36264301122418,
    "roughness": 32.01304568585962,
    "warmth": 58.530350595049924,
    "sharpness": 37.73737103915607,
    "boominess": 50.67802813923389,
    "reverb": false,
    "genre": "Genre A",
    "mood": "Mood A"
}