{
    "duration": 1.8461250066757202,
    "lossless": 1.0,
    "codec": "pcm_s16le",
    "bitrate": 256000.0,
    "samplerate": 16000.0,
    "channels": 1.0,
    "audio_md5": "88445b1882cf3161f00d4856c8bb6b57",
    "loudness": -35.875892639160156,
    "dynamic_range": 0.0,
    "temporal_centroid": 0.3478931784629822,
    "log_attack_time": -2.0201566219329834,
    "filesize": 59120,
    "single_event": true,
    "tonality": "F# minor",
    "tonality_confidence": 0.46552926301956177,
    "loop": false,
    "tempo": 129,
    "tempo_confidence": 0.0,
    "note_midi": 41,
    "note_name": "F2",
    "note_frequency": 87.6584243774414,
    "note_confidence": 0.4618316888809204,
    "hardness": 44.834409608159376,
    "depth": 61.93389147291725,
    "brightness": 43.54298861187308,
    "roughness": 35.68064262556813,
    "warmth": 51.05120360975502,
    "sharpness": 37.7534511723467,
    "boominess": 42.98250012931871,
    "reverb": false,
    "genre": "Genre A",
    "mood": "Mood A"
}