{
    "duration": 1.8461250066757202,
    "lossless": 1.0,
    "codec": "pcm_s16le",
    "bitrate": 256000.0,
    "samplerate": 16000.0,
    "channels": 1.0,
    "audio_md5": "d0c69e5d7398094ca186c72f9294963f",
    "loudness": -23.397188186645508,
    "dynamic_range": 0.0,
    "temporal_centroid": 0.33354800939559937,
    "log_attack_time": -0.02033190056681633,
    "filesize": 59120,
    "single_event": true,
    "tonality": "C minor",
    "tonality_confidence": 0.454667866230011,
    "loop": false,
    "tempo": 129,
    "tempo_confidence": 0.0,
    "note_midi": 52,
    "note_name": "E3",
    "note_frequency": 165.41241455078125,
    "note_confidence": 0.12780678272247314,
    "hardness": 28.712287282498863,
    "depth": 64.08321676788007,
    "brightness": 28.561605849298658,
    "roughness": 26.73323654968503,
    "warmth": 55.94424404109445,
    "sharpness": 17.918298708663325,
    "boominess": 64.46452921433136,
    "reverb": false,
    "genre": "Genre A",
    "mood": "Mood A"
}