{
    "duration": 1.8461250066757202,
    "lossless": 1.0,
    "codec": "pcm_s16le",
    "bitrate": 256000.0,
    "samplerate": 16000.0,
    "channels": 1.0,
    "audio_md5": "2c1ba03cfbdfc4df2697ecb84e2be3e1",
    "loudness": -27.762296676635742,
    "dynamic_range": 0.0,
    "temporal_centroid": 0.5254001617431641,
    "log_attack_time": 0.06345503032207489,
    "filesize": 59120,
    "single_event": true,
    "tonality": "A major",
    "tonality_confidence": 0.4566566050052643,
    "loop": true,
    "tempo": 130,
    "tempo_confidence": 0.9999017119407654,
    "note_midi": 41,
    "note_name": "F2",
    "note_frequency": 86.21550750732422,
    "note_confidence": 0.445306658744812,
    "hardness": 35.543556709886985,
    "depth": 63.91110087934852,
    "brightness": 37.01061294275058,
    "roughness": 32.662640835651985,
    "warmth": 58.320426335188706,
    "sharpness": 28.01986916663385,
    "boominess": 53.20074398755857,
    "reverb": false,
    "genre": "Genre A",
    "mood": "Mood A"
}