{
    "duration": 1.8461250066757202,
    "lossless": 1.0,
    "codec": "pcm_s16le",
    "bitrate": 256000.0,
    "samplerate": 16000.0,
    "channels": 1.0,
    "audio_md5": "b4f11fd73a3e29d3aa406f26d5278ebd",
    "loudness": -32.45518493652344,
    "dynamic_range": 0.0,
    "temporal_centroid": 0.49853113293647766,
    "log_attack_time": -0.03914431482553482,
    "filesize": 59120,
    "single_event": true,
    "tonality": "F minor",
    "tonality_confidence": 0.6817870736122131,
    "loop": false,
    "tempo": 126,
    "tempo_confidence": 0.0,
    "note_midi": 31,
    "note_name": "G1",
    "note_frequency": 50.03821563720703,
    "note_confidence": 0.7361572980880737,
    "hardness": 32.82541517322035,
    "depth": 62.87517474599175,
    "brightness": 38.608673935408675,
    "roughness": 38.10060227076772,
    "warmth": 60.80542554494296,
    "sharpness": 19.022988231361193,
    "boominess": 49.4203363916037,
    "reverb": false,
    "genre": "Genre A",
    "mood": "Mood A"
}