{
    "duration": 1.8461250066757202,
    "lossless": 1.0,
    "codec": "pcm_s16le",
    "bitrate": 256000.0,
    "samplerate": 16000.0,
    "channels": 1.0,
    "audio_md5": "794d3578ffc7bce9b922a44cc0b52a25",
    "loudness": -20.366771697998047,
    "dynamic_range": 0.0,
    "temporal_centroid": 0.38042154908180237,
    "log_attack_time": -0.019270241260528564,
    "filesize": 59120,
    "single_event": true,
    "tonality": "A# major",
    "tonality_confidence": 0.5784791707992554,
    "loop": false,
    "tempo": 129,
    "tempo_confidence": 0.0,
    "note_midi": 43,
    "note_name": "G2",
    "note_frequency": 99.86128234863281,
    "note_confidence": 0.16780942678451538,
    "hardness": 31.27407914237203,
    "depth": 64.29393333109306,
    "brightness": 31.00443448631961,
    "roughness": 26.374427363855542,
    "warmth": 55.177288258732645,
    "sharpness": 22.929659078050776,
    "boominess": 62.12843463903253,
    "reverb": false,
    "genre": "Genre A",
    "mood": "Mood A"
}