{
    "duration": 1.8461250066757202,
    "lossless": 1.0,
    "codec": "pcm_s16le",
    "bitrate": 256000.0,
    "samplerate": 16000.0,
    "channels": 1.0,
    "audio_md5": "0c103fcabbc025387726bcec9dc089c5",
    "loudness": -33.54648208618164,
    "dynamic_range": 0.0,
    "temporal_centroid": 0.5080718398094177,
    "log_attack_time": -0.03961877524852753,
    "filesize": 59120,
    "single_event": true,
    "tonality": "D# major",
    "tonality_confidence": 0.5214278101921082,
    "loop": false,
    "tempo": 129,
    "tempo_confidence": 0.0,
    "note_midi": 35,
    "note_name": "B1",
    "note_frequency": 59.9931640625,
    "note_confidence": 0.7568135857582092,
    "hardness": 37.34550009439707,
    "depth": 65.05839517925,
    "brightness": 39.429232799827176,
    "roughness": 38.29562176377594,
    "warmth": 61.661058010249306,
    "sharpness": 23.57737618247641,
    "boominess": 49.55557907060445,
    "reverb": false,
    "genre": "Genre A",
    "mood": "Mood A"
}