{
    "duration": 1.8461250066757202,
    "lossless": 1.0,
    "codec": "pcm_s16le",
    "bitrate": 256000.0,
    "samplerate": 16000.0,
    "channels": 1.0,
    "audio_md5": "4db3ec6fe82d1a7528dfec8868fbf157",
    "loudness": -23.539749145507812,
    "dynamic_range": 0.0,
    "temporal_centroid": 0.3596174418926239,
    "log_attack_time": -0.018170088529586792,
    "filesize": 59120,
    "single_event": true,
    "tonality": "D# major",
    "tonality_confidence": 0.22824925184249878,
    "loop": false,
    "tempo": 129,
    "tempo_confidence": 0.0,
    "note_midi": 41,
    "note_name": "F2",
    "note_frequency": 85.08605194091797,
    "note_confidence": 0.2168768048286438,
    "hardness": 31.936501443043852,
    "depth": 65.82304445899699,
    "brightness": 32.69636413203918,
    "roughness": 28.56123724079541,
    "warmth": 49.367632059983265,
    "sharpness": 23.24448381152741,
    "boominess": 59.23026284725768,
    "reverb": false,
    "genre": "Genre A",
    "mood": "Mood A"
}