{
    "duration": 1.8461250066757202,
    "lossless": 1.0,
    "codec": "pcm_s16le",
    "bitrate": 256000.0,
    "samplerate": 16000.0,
    "channels": 1.0,
    "audio_md5": "a33b02bf38d190f0eb9a3f472e82314d",
    "loudness": -27.356523513793945,
    "dynamic_range": 0.0,
    "temporal_centroid": 0.5046969652175903,
    "log_attack_time": -0.32660502195358276,
    "filesize": 59120,
    "single_event": true,
    "tonality": "C# minor",
    "tonality_confidence": 0.41963082551956177,
    "loop": true,
    "tempo": 130,
    "tempo_confidence": 0.9999017119407654,
    "note_midi": 35,
    "note_name": "B1",
    "note_frequency": 61.97008514404297,
    "note_confidence": 0.45640498399734497,
    "hardness": 36.77083248472779,
    "depth": 65.18304813134124,
    "brightness": 35.36361777533702,
    "roughness": 32.49771414744693,
    "warmth": 57.9235208050426,
    "sharpness": 28.128218038728882,
    "boominess": 53.129824997053305,
    "reverb": false,
    "genre": "Genre A",
    "mood": "Mood A"
}