{
    "duration": 1.8461250066757202,
    "lossless": 1.0,
    "codec": "pcm_s16le",
    "bitrate": 256000.0,
    "samplerate": 16000.0,
    "channels": 1.0,
    "audio_md5": "f9d59d51eea33fc6e284ab33a76e3a66",
    "loudness": -34.89632797241211,
    "dynamic_range": 0.0,
    "temporal_centroid": 0.2803550362586975,
    "log_attack_time": -2.0727298259735107,
    "filesize": 59120,
    "single_event": true,
    "tonality": "C# minor",
    "tonality_confidence": 0.512403130531311,
    "loop": false,
    "tempo": 129,
    "tempo_confidence": 0.0,
    "note_midi": 36,
    "note_name": "C2",
    "note_frequency": 66.32540130615234,
    "note_confidence": 0.34488868713378906,
    "hardness": 44.894125620843994,
    "depth": 60.42327239167593,
    "brightness": 42.72566808201581,
    "roughness": 31.080759334665164,
    "warmth": 51.680131276842424,
    "sharpness": 36.044217496811136,
    "boominess": 45.5392267985507,
    "reverb": false,
    "genre": "Genre A",
    "mood": "Mood A"
}