{
    "duration": 1.8461250066757202,
    "lossless": 1.0,
    "codec": "pcm_s16le",
    "bitrate": 256000.0,
    "samplerate": 16000.0,
    "channels": 1.0,
    "audio_md5": "0944c114efa87f789f09722965e86f2d",
    "loudness": -25.245141983032227,
    "dynamic_range": 0.0,
    "temporal_centroid": 0.467085063457489,
    "log_attack_time": -0.6271130442619324,
    "filesize": 59120,
    "single_event": true,
    "tonality": "A major",
    "tonality_confidence": 0.50555020570755,
    "loop": false,
    "tempo": 126,
    "tempo_confidence": 0.0,
    "note_midi": 38,
    "note_name": "D2",
    "note_frequency": 74.40043640136719,
    "note_confidence": 0.36639195680618286,
    "hardness": 35.422702219059346,
    "depth": 62.59774705558032,
    "brightness": 31.614030395871513,
    "roughness": 28.166794771859603,
    "warmth": 55.681248239714904,
    "sharpness": 31.30255661682939,
    "boominess": 52.07558788384035,
    "reverb": false,
    "genre": "Genre A",
    "mood": "Mood A"
}