{
    "duration": 1.8461250066757202,
    "lossless": 1.0,
    "codec": "pcm_s16le",
    "bitrate": 256000.0,
    "samplerate": 16000.0,
    "channels": 1.0,
    "audio_md5": "1cfec042a27abd810fc28d0840afc8e0",
    "loudness": -30.92144775390625,
    "dynamic_range": 0.0,
    "temporal_centroid": 0.38456234335899353,
    "log_attack_time": -0.030174309387803078,
    "filesize": 59120,
    "single_event": true,
    "tonality": "C# minor",
    "tonality_confidence": 0.6695845723152161,
    "loop": false,
    "tempo": 129,
    "tempo_confidence": 0.0,
    "note_midi": 36,
    "note_name": "C2",
    "note_frequency": 66.56366729736328,
    "note_confidence": 0.3640279769897461,
    "hardness": 40.1007332394077,
    "depth": 59.64560624915617,
    "brightness": 42.32306516091893,
    "roughness": 30.8984078205142,
    "warmth": 48.10365397642799,
    "sharpness": 36.9144699493566,
    "boominess": 49.33273252774992,
    "reverb": false,
    "genre": "Genre A",
    "mood": "Mood A"
}