{
    "duration": 1.8461250066757202,
    "lossless": 1.0,
    "codec": "pcm_s16le",
    "bitrate": 256000.0,
    "samplerate": 16000.0,
    "channels": 1.0,
    "audio_md5": "6bb50c4576f41c02afd31a9eac28b49f",
    "loudness": -21.091144561767578,
    "dynamic_range": 0.0,
    "temporal_centroid": 0.370634526014328,
    "log_attack_time": -0.013553283177316189,
    "filesize": 59120,
    "single_event": true,
    "tonality": "C major",
    "tonality_confidence": 0.6197152733802795,
    "loop": false,
    "tempo": 129,
    "tempo_confidence": 0.0,
    "note_midi": 40,
    "note_name": "E2",
    "note_frequency": 83.27800750732422,
    "note_confidence": 0.25650840997695923,
    "hardness": 31.994186924244033,
    "depth": 65.20055432031339,
    "brightness": 31.547626795768437,
    "roughness": 27.915189188943113,
    "warmth": 51.85163631471734,
    "sharpness": 30.617389208477164,
    "boominess": 60.3674389232323,
    "reverb": false,
    "genre": "Genre A",
    "mood": "Mood A"
}