{
    "duration": 1.8461250066757202,
    "lossless": 1.0,
    "codec": "pcm_s16le",
    "bitrate": 256000.0,
    "samplerate": 16000.0,
    "channels": 1.0,
    "audio_md5": "530c9342040fb5d1d96926033a461b1c",
    "loudness": -20.532529830932617,
    "dynamic_range": 0.0,
    "temporal_centroid": 0.5307528376579285,
    "log_attack_time": -0.10497355461120605,
    "filesize": 59120,
    "single_event": true,
    "tonality": "D# major",
    "tonality_confidence": 0.4719688296318054,
    "loop": false,
    "tempo": 126,
    "tempo_confidence": 0.0,
    "note_midi": 33,
    "note_name": "A1",
    "note_frequency": 55.886287689208984,
    "note_confidence": 0.8802938461303711,
    "hardness": 22.7810779098848,
    "depth": 69.67351747097689,
    "brightness": 28.96075029089721,
    "roughness": 36.830116572526194,
    "warmth": 60.27785035850935,
    "sharpness": 25.48989718712921,
    "boominess": 56.69979768665098,
    "reverb": false,
    "genre": "Genre A",
    "mood": "Mood A"
}