{
    "duration": 1.8461250066757202,
    "lossless": 1.0,
    "codec": "pcm_s16le",
    "bitrate": 256000.0,
    "samplerate": 16000.0,
    "channels": 1.0,
    "audio_md5": "0b66142f84e4e5b03ef4aa752045cf78",
    "loudness": -20.299654006958008,
    "dynamic_range": 0.0,
    "temporal_centroid": 0.3706165552139282,
    "log_attack_time": -0.011121636256575584,
    "filesize": 59120,
    "single_event": true,
    "tonality": "D# major",
    "tonality_confidence": 0.44505271315574646,
    "loop": false,
    "tempo": 120,
    "tempo_confidence": 0.0,
    "note_midi": 47,
    "note_name": "B2",
    "note_frequency": 124.87857055664062,
    "note_confidence": 0.2183605432510376,
    "hardness": 28.259539293960913,
    "depth": 68.02438575689042,
    "brightness": 31.509207022733523,
    "roughness": 26.46886750810188,
    "warmth": 54.63986146514259,
    "sharpness": 30.999226388887354,
    "boominess": 61.12628583378416,
    "reverb": false,
    "genre": "Genre A",
    "mood": "Mood A"
}