{
    "duration": 1.8461250066757202,
    "lossless": 1.0,
    "codec": "pcm_s16le",
    "bitrate": 256000.0,
    "samplerate": 16000.0,
    "channels": 1.0,
    "audio_md5": "c5a7d73c73e7862a30957ce71845031d",
    "loudness": -33.48709487915039,
    "dynamic_range": 0.0,
    "temporal_centroid": 0.45550239086151123,
    "log_attack_time": -2.1003706455230713,
    "filesize": 59120,
    "single_event": true,
    "tonality": "F major",
    "tonality_confidence": 0.5751948952674866,
    "loop": false,
    "tempo": 129,
    "tempo_confidence": 0.0,
    "note_midi": 43,
    "note_name": "G2",
    "note_frequency": 95.62067413330078,
    "note_confidence": 0.5880095958709717,
    "hardness": 41.0686564746789,
    "depth": 56.22692862709468,
    "brightness": 40.990418212161856,
    "roughness": 41.19510123373918,
    "warmth": 58.47075954507357,
    "sharpness": 28.63387968163157,
    "boominess": 41.28107780029158,
    "reverb": false,
    "genre": "Genre A",
    "mood": "Mood A"
}