{
    "duration": 1.8461250066757202,
    "lossless": 1.0,
    "codec": "pcm_s16le",
    "bitrate": 256000.0,
    "samplerate": 16000.0,
    "channels": 1.0,
    "audio_md5": "55c8b7daa17bef6eb8feab22c3ae8edf",
    "loudness": -19.05950164794922,
    "dynamic_range": 0.0,
    "temporal_centroid": 0.5248960256576538,
    "log_attack_time": -0.10658174008131027,
    "filesize": 59120,
    "single_event": true,
    "tonality": "F major",
    "tonality_confidence": 0.3253614008426666,
    "loop": true,
    "tempo": 98,
    "tempo_confidence": 0.9973333477973938,
    "note_midi": 32,
    "note_name": "G#1",
    "note_frequency": 51.93559265136719,
    "note_confidence": 0.8919984102249146,
    "hardness": 27.126285396450854,
    "depth": 75.2206526484603,
    "brightness": 27.30954528396717,
    "roughness": 35.19092190522704,
    "warmth": 60.983152063221986,
    "sharpness": 34.29751276273546,
    "boominess": 53.634977338879075,
    "reverb": false,
    "genre": "Genre A",
    "mood": "Mood A"
}