{
    "duration": 1.8461250066757202,
    "lossless": 1.0,
    "codec": "pcm_s16le",
    "bitrate": 256000.0,
    "samplerate": 16000.0,
    "channels": 1.0,
    "audio_md5": "35143b9b734b01166ba156404640fe45",
    "loudness": -31.985576629638672,
    "dynamic_range": 0.0,
    "temporal_centroid": 0.4820265471935272,
    "log_attack_time": -2.0456480979919434,
    "filesize": 59120,
    "single_event": true,
    "tonality": "C# major",
    "tonality_confidence": 0.5174030065536499,
    "loop": true,
    "tempo": 131,
    "tempo_confidence": 0.9598979353904724,
    "note_midi": 42,
    "note_name": "F#2",
    "note_frequency": 91.4699478149414,
    "note_confidence": 0.5856884717941284,
    "hardness": 42.03379797083872,
    "depth": 55.74184886221251,
    "brightness": 40.65715493137683,
    "roughness": 37.1027838182597,
    "warmth": 57.49148551248694,
    "sharpness": 30.58221007900414,
    "boominess": 42.25649505412583,
    "reverb": false,
    "genre": "Genre A",
    "mood": "Mood A"
}