{
    "duration": 1.8461250066757202,
    "lossless": 1.0,
    "codec": "pcm_s16le",
    "bitrate": 256000.0,
    "samplerate": 16000.0,
    "channels": 1.0,
    "audio_md5": "a15825dc735b1a15b7c3d8fef781c9b2",
    "loudness": -29.09973907470703,
    "dynamic_range": 0.0,
    "temporal_centroid": 0.4115455746650696,
    "log_attack_time": -0.0307235736399889,
    "filesize": 59120,
    "single_event": true,
    "tonality": "D# minor",
    "tonality_confidence": 0.671923041343689,
    "loop": false,
    "tempo": 129,
    "tempo_confidence": 0.0,
    "note_midi": 40,
    "note_name": "E2",
    "note_frequency": 83.24465942382812,
    "note_confidence": 0.3927761912345886,
    "hardness": 39.73577120314968,
    "depth": 60.29400551309898,
    "brightness": 41.125763709071066,
    "roughness": 30.943418101618335,
    "warmth": 51.95056182962022,
    "sharpness": 36.64003097493387,
    "boominess": 50.35680273760421,
    "reverb": false,
    "genre": "Genre A",
    "mood": "Mood A"
}