{
    "duration": 1.8461250066757202,
    "lossless": 1.0,
    "codec": "pcm_s16le",
    "bitrate": 256000.0,
    "samplerate": 16000.0,
    "channels": 1.0,
    "audio_md5": "6a4471ce292ca2c84e85e6764278df60",
    "loudness": -21.902387619018555,
    "dynamic_range": 0.0,
    "temporal_centroid": 0.5537166595458984,
    "log_attack_time": -0.09463860839605331,
    "filesize": 59120,
    "single_event": true,
    "tonality": "F# minor",
    "tonality_confidence": 0.8199700117111206,
    "loop": false,
    "tempo": 172,
    "tempo_confidence": 0.0,
    "note_midi": 29,
    "note_name": "F1",
    "note_frequency": 43.69997787475586,
    "note_confidence": 0.44016462564468384,
    "hardness": 27.585071156587475,
    "depth": 73.36466666763826,
    "brightness": 27.910233336206026,
    "roughness": 38.08062776336388,
    "warmth": 59.775165070351676,
    "sharpness": 37.113546550817794,
    "boominess": 51.48175880498802,
    "reverb": false,
    "genre": "Genre A",
    "mood": "Mood A"
}