{
    "duration": 1.8461250066757202,
    "lossless": 1.0,
    "codec": "pcm_s16le",
    "bitrate": 256000.0,
    "samplerate": 16000.0,
    "channels": 1.0,
    "audio_md5": "a5afb1d28c19db01fdfe53fe5adb85df",
    "loudness": -32.11061096191406,
    "dynamic_range": 0.0,
    "temporal_centroid": 0.4720073938369751,
    "log_attack_time": -2.1180989742279053,
    "filesize": 59120,
    "single_event": true,
    "tonality": "A major",
    "tonality_confidence": 0.3964558243751526,
    "loop": false,
    "tempo": 129,
    "tempo_confidence": 0.0,
    "note_midi": 44,
    "note_name": "G#2",
    "note_frequency": 104.17724609375,
    "note_confidence": 0.5872114896774292,
    "hardness": 40.43409375258422,
    "depth": 55.58910871287409,
    "brightness": 40.80490201376145,
    "roughness": 37.98277944738534,
    "warmth": 58.238659395781475,
    "sharpness": 30.395903418773504,
    "boominess": 41.645382093032495,
    "reverb": false,
    "genre": "Genre A",
    "mood": "Mood A"
}