{
    "duration": 1.8461250066757202,
    "lossless": 1.0,
    "codec": "pcm_s16le",
    "bitrate": 256000.0,
    "samplerate": 16000.0,
    "channels": 1.0,
    "audio_md5": "c12b4b18d87619b3db6806fd20bb349d",
    "loudness": -31.492841720581055,
    "dynamic_range": 0.0,
    "temporal_centroid": 0.46165117621421814,
    "log_attack_time": -0.6124649047851562,
    "filesize": 59120,
    "single_event": true,
    "tonality": "F# minor",
    "tonality_confidence": 0.8567409515380859,
    "loop": false,
    "tempo": 133,
    "tempo_confidence": 0.0,
    "note_midi": 34,
    "note_name": "A#1",
    "note_frequency": 57.35907745361328,
    "note_confidence": 0.40262991189956665,
    "hardness": 37.31067065151001,
    "depth": 68.36592352126164,
    "brightness": 34.4275208456903,
    "roughness": 33.806440469147965,
    "warmth": 58.29255673649846,
    "sharpness": 32.18925776362385,
    "boominess": 48.19905760167044,
    "reverb": false,
    "genre": "Genre A",
    "mood": "Mood A"
}