{
    "duration": 1.8461250066757202,
    "lossless": 1.0,
    "codec": "pcm_s16le",
    "bitrate": 256000.0,
    "samplerate": 16000.0,
    "channels": 1.0,
    "audio_md5": "0899413a41323ea304e014af66fc253c",
    "loudness": -41.76629638671875,
    "dynamic_range": 0.0,
    "temporal_centroid": 0.5659146904945374,
    "log_attack_time": -0.4360240697860718,
    "filesize": 59120,
    "single_event": true,
    "tonality": "A# minor",
    "tonality_confidence": 0.7153675556182861,
    "loop": false,
    "tempo": 98,
    "tempo_confidence": 0.0,
    "note_midi": 29,
    "note_name": "F1",
    "note_frequency": 43.024391174316406,
    "note_confidence": 0.7363476753234863,
    "hardness": 38.82871736824508,
    "depth": 74.20099894951325,
    "brightness": 39.384893100463685,
    "roughness": 35.14555304340775,
    "warmth": 59.74892143025431,
    "sharpness": 30.261048955406505,
    "boominess": 52.25743997446985,
    "reverb": false,
    "genre": "Genre A",
    "mood": "Mood A"
}