{
    "duration": 1.8461250066757202,
    "lossless": 1.0,
    "codec": "pcm_s16le",
    "bitrate": 256000.0,
    "samplerate": 16000.0,
    "channels": 1.0,
    "audio_md5": "95c12a3303af86f0f7bd16ead46e7e9f",
    "loudness": -19.03063201904297,
    "dynamic_range": 0.0,
    "temporal_centroid": 0.39725810289382935,
    "log_attack_time": -0.02101355977356434,
    "filesize": 59120,
    "single_event": true,
    "tonality": "C major",
    "tonality_confidence": 0.3652692437171936,
    "loop": false,
    "tempo": 129,
    "tempo_confidence": 0.0,
    "note_midi": 41,
    "note_name": "F2",
    "note_frequency": 85.1447982788086,
    "note_confidence": 0.20606404542922974,
    "hardness": 25.657341353716376,
    "depth": 65.62454532313915,
    "brightness": 31.069661211743213,
    "roughness": 0,
    "warmth": 55.399510110046585,
    "sharpness": 19.29131155194564,
    "boominess": 63.62403742492501,
    "reverb": false,
    "genre": "Genre A",
    "mood": "Mood A"
}