{
    "duration": 1.8461250066757202,
    "lossless": 1.0,
    "codec": "pcm_s16le",
    "bitrate": 256000.0,
    "samplerate": 16000.0,
    "channels": 1.0,
    "audio_md5": "e58916b616f3ab3e6242f6d8e6e1cd13",
    "loudness": -21.060232162475586,
    "dynamic_range": 0.0,
    "temporal_centroid": 0.4883890151977539,
    "log_attack_time": -0.1029466986656189,
    "filesize": 59120,
    "single_event": true,
    "tonality": "C# minor",
    "tonality_confidence": 0.7448943853378296,
    "loop": false,
    "tempo": 207,
    "tempo_confidence": 0.0,
    "note_midi": 33,
    "note_name": "A1",
    "note_frequency": 54.71867752075195,
    "note_confidence": 0.8097102642059326,
    "hardness": 27.966543250485017,
    "depth": 70.26951054036361,
    "brightness": 30.6616682502205,
    "roughness": 37.60430158378083,
    "warmth": 60.40248757130644,
    "sharpness": 29.220029456745262,
    "boominess": 54.49411483246975,
    "reverb": false,
    "genre": "Genre A",
    "mood": "Mood A"
}