{
    "duration": 1.8461250066757202,
    "lossless": 1.0,
    "codec": "pcm_s16le",
    "bitrate": 256000.0,
    "samplerate": 16000.0,
    "channels": 1.0,
    "audio_md5": "840ee121176c6f8f87906ba2bbc4baaa",
    "loudness": -27.32465934753418,
    "dynamic_range": 0.0,
    "temporal_centroid": 0.5246379971504211,
    "log_attack_time": -0.3271275758743286,
    "filesize": 59120,
    "single_event": true,
    "tonality": "F minor",
    "tonality_confidence": 0.2971019148826599,
    "loop": true,
    "tempo": 130,
    "tempo_confidence": 0.9999017119407654,
    "note_midi": 35,
    "note_name": "B1",
    "note_frequency": 60.91282272338867,
    "note_confidence": 0.48501914739608765,
    "hardness": 33.27905987346887,
    "depth": 65.90643062862239,
    "brightness": 35.016351327825674,
    "roughness": 31.90239142601489,
    "warmth": 58.897807671920496,
    "sharpness": 28.62310182536739,
    "boominess": 53.47870879571407,
    "reverb": false,
    "genre": "Genre A",
    "mood": "Mood A"
}