{
    "duration": 1.8461250066757202,
    "lossless": 1.0,
    "codec": "pcm_s16le",
    "bitrate": 256000.0,
    "samplerate": 16000.0,
    "channels": 1.0,
    "audio_md5": "5fde334a15d9efc64b26ff5bbd1a7351",
    "loudness": -27.472461700439453,
    "dynamic_range": 0.0,
    "temporal_centroid": 0.5241763591766357,
    "log_attack_time": 0.06727588176727295,
    "filesize": 59120,
    "single_event": true,
    "tonality": "A minor",
    "tonality_confidence": 0.46218636631965637,
    "loop": false,
    "tempo": 128,
    "tempo_confidence": 0.0,
    "note_midi": 37,
    "note_name": "C#2",
    "note_frequency": 68.63755798339844,
    "note_confidence": 0.5421490669250488,
    "hardness": 34.74195434269336,
    "depth": 65.46274615360151,
    "brightness": 34.59515289661299,
    "roughness": 32.21315148064433,
    "warmth": 58.736163198984606,
    "sharpness": 30.204427162508615,
    "boominess": 51.935769274879775,
    "reverb": false,
    "genre": "Genre A",
    "mood": "Mood A"
}