{
    "duration": 1.8461250066757202,
    "lossless": 1.0,
    "codec": "pcm_s16le",
    "bitrate": 256000.0,
    "samplerate": 16000.0,
    "channels": 1.0,
    "audio_md5": "af8687a88da97837543a4ce04ac7724e",
    "loudness": -21.17308235168457,
    "dynamic_range": 0.0,
    "temporal_centroid": 0.526123046875,
    "log_attack_time": -0.10610367357730865,
    "filesize": 59120,
    "single_event": true,
    "tonality": "G# minor",
    "tonality_confidence": 0.8013224005699158,
    "loop": false,
    "tempo": 131,
    "tempo_confidence": 0.0,
    "note_midi": 32,
    "note_name": "G#1",
    "note_frequency": 52.72068405151367,
    "note_confidence": 0.863394021987915,
    "hardness": 34.077336173731,
    "depth": 75.24896570694813,
    "brightness": 27.56104685898204,
    "roughness": 38.68574369993492,
    "warmth": 61.712514795788906,
    "sharpness": 32.3804477137867,
    "boominess": 54.26818536909808,
    "reverb": false,
    "genre": "Genre A",
    "mood": "Mood A"
}