{
    "duration": 1.8461250066757202,
    "lossless": 1.0,
    "codec": "pcm_s16le",
    "bitrate": 256000.0,
    "samplerate": 16000.0,
    "channels": 1.0,
    "audio_md5": "f329c6f5e09be6d74b5ad33c2c00645e",
    "loudness": -31.19577980041504,
    "dynamic_range": 0.0,
    "temporal_centroid": 0.37356945872306824,
    "log_attack_time": -0.028194203972816467,
    "filesize": 59120,
    "single_event": true,
    "tonality": "A# minor",
    "tonality_confidence": 0.7929521203041077,
    "loop": false,
    "tempo": 129,
    "tempo_confidence": 0.0,
    "note_midi": 38,
    "note_name": "D2",
    "note_frequency": 71.36136627197266,
    "note_confidence": 0.3707054853439331,
    "hardness": 43.13003586247956,
    "depth": 61.39105326487868,
    "brightness": 41.24543861930704,
    "roughness": 31.708354056566833,
    "warmth": 49.676071446549926,
    "sharpness": 40.35010395023289,
    "boominess": 46.54323024315951,
    "reverb": false,
    "genre": "Genre A",
    "mood": "Mood A"
}