{
    "duration": 1.8461250066757202,
    "lossless": 1.0,
    "codec": "pcm_s16le",
    "bitrate": 256000.0,
    "samplerate": 16000.0,
    "channels": 1.0,
    "audio_md5": "c03b424b24e46820b947d1e1e6d6e40b",
    "loudness": -31.876516342163086,
    "dynamic_range": 0.0,
    "temporal_centroid": 0.47661662101745605,
    "log_attack_time": -2.123300313949585,
    "filesize": 59120,
    "single_event": true,
    "tonality": "C# major",
    "tonality_confidence": 0.537754476070404,
    "loop": false,
    "tempo": 129,
    "tempo_confidence": 0.0,
    "note_midi": 42,
    "note_name": "F#2",
    "note_frequency": 92.96635437011719,
    "note_confidence": 0.6142570376396179,
    "hardness": 41.26758351380674,
    "depth": 55.4707607973135,
    "brightness": 40.77931781137292,
    "roughness": 37.40411498527045,
    "warmth": 58.25955739885812,
    "sharpness": 30.804342914195363,
    "boominess": 41.618162756771525,
    "reverb": false,
    "genre": "Genre A",
    "mood": "Mood A"
}