{
    "duration": 1.8461250066757202,
    "lossless": 1.0,
    "codec": "pcm_s16le",
    "bitrate": 256000.0,
    "samplerate": 16000.0,
    "channels": 1.0,
    "audio_md5": "a5a3cc1d2943821742c3e92f2b3ad36c",
    "loudness": -27.24551773071289,
    "dynamic_range": 0.0,
    "temporal_centroid": 0.47990623116493225,
    "log_attack_time": -0.32614564895629883,
    "filesize": 59120,
    "single_event": true,
    "tonality": "G major",
    "tonality_confidence": 0.24668921530246735,
    "loop": true,
    "tempo": 130,
    "tempo_confidence": 0.9999017119407654,
    "note_midi": 34,
    "note_name": "A#1",
    "note_frequency": 58.69622039794922,
    "note_confidence": 0.5020995736122131,
    "hardness": 33.3535707412056,
    "depth": 66.34516999486215,
    "brightness": 35.58316388429872,
    "roughness": 31.688056885812923,
    "warmth": 59.06342804849517,
    "sharpness": 31.22986892060958,
    "boominess": 51.72259963354496,
    "reverb": false,
    "genre": "Genre A",
    "mood": "Mood A"
}