{
    "duration": 1.8461250066757202,
    "lossless": 1.0,
    "codec": "pcm_s16le",
    "bitrate": 256000.0,
    "samplerate": 16000.0,
    "channels": 1.0,
    "audio_md5": "d7e3c871c0cf2271e9841672c8056752",
    "loudness": -36.63937759399414,
    "dynamic_range": 0.0,
    "temporal_centroid": 0.4164062738418579,
    "log_attack_time": -0.03140057623386383,
    "filesize": 59120,
    "single_event": true,
    "tonality": "E minor",
    "tonality_confidence": 0.5917367339134216,
    "loop": false,
    "tempo": 131,
    "tempo_confidence": 0.0,
    "note_midi": 38,
    "note_name": "D2",
    "note_frequency": 74.34429168701172,
    "note_confidence": 0.37938231229782104,
    "hardness": 53.74646877166208,
    "depth": 60.25813962709266,
    "brightness": 49.68918721007751,
    "roughness": 35.737122397283386,
    "warmth": 48.61285141780344,
    "sharpness": 41.171341852864515,
    "boominess": 46.17986073022453,
    "reverb": false,
    "genre": "Genre A",
    "mood": "Mood A"
}