{
    "duration": 1.8461250066757202,
    "lossless": 1.0,
    "codec": "pcm_s16le",
    "bitrate": 256000.0,
    "samplerate": 16000.0,
    "channels": 1.0,
    "audio_md5": "24915342d21d1c0a542428a7d8021ee6",
    "loudness": -30.08486557006836,
    "dynamic_range": 0.0,
    "temporal_centroid": 0.4292036294937134,
    "log_attack_time": -2.1926522254943848,
    "filesize": 59120,
    "single_event": true,
    "tonality": "F# minor",
    "tonality_confidence": 0.6061704158782959,
    "loop": true,
    "tempo": 130,
    "tempo_confidence": 0.9999017119407654,
    "note_midi": 35,
    "note_name": "B1",
    "note_frequency": 61.2304573059082,
    "note_confidence": 0.5355484485626221,
    "hardness": 41.88259649062985,
    "depth": 62.645448480711515,
    "brightness": 41.146290295217746,
    "roughness": 35.16996839900524,
    "warmth": 57.879383394079,
    "sharpness": 16.10604953888192,
    "boominess": 48.76049451329975,
    "reverb": false,
    "genre": "Genre A",
    "mood": "Mood A"
}