{
    "duration": 1.8461250066757202,
    "lossless": 1.0,
    "codec": "pcm_s16le",
    "bitrate": 256000.0,
    "samplerate": 16000.0,
    "channels": 1.0,
    "audio_md5": "56ea48fa4ffc1e0d7352b088d93744df",
    "loudness": -22.36079216003418,
    "dynamic_range": 0.0,
    "temporal_centroid": 0.4800969958305359,
    "log_attack_time": -1.097033143043518,
    "filesize": 59120,
    "single_event": true,
    "tonality": "F# minor",
    "tonality_confidence": 0.3498365879058838,
    "loop": false,
    "tempo": 128,
    "tempo_confidence": 0.0,
    "note_midi": 53,
    "note_name": "F3",
    "note_frequency": 179.5396270751953,
    "note_confidence": 0.0,
    "hardness": 43.98570664917574,
    "depth": 65.43417593380892,
    "brightness": 35.5809834896427,
    "roughness": 33.14844747074889,
    "warmth": 63.2553183623544,
    "sharpness": 44.186888628484475,
    "boominess": 42.93011599767704,
    "reverb": false,
    "genre": "Genre A",
    "mood": "Mood A"
}