{
    "duration": 1.8461250066757202,
    "lossless": 1.0,
    "codec": "pcm_s16le",
    "bitrate": 256000.0,
    "samplerate": 16000.0,
    "channels": 1.0,
    "audio_md5": "504786b38fe66c3b78f5cc8a249af010",
    "loudness": -26.54044532775879,
    "dynamic_range": 0.0,
    "temporal_centroid": 0.49308669567108154,
    "log_attack_time": 0.14341843128204346,
    "filesize": 59120,
    "single_event": true,
    "tonality": "B major",
    "tonality_confidence": 0.7163463830947876,
    "loop": true,
    "tempo": 131,
    "tempo_confidence": 0.964056670665741,
    "note_midi": 44,
    "note_name": "G#2",
    "note_frequency": 101.46745300292969,
    "note_confidence": 0.5403177738189697,
    "hardness": 41.091792885978776,
    "depth": 61.35213262724825,
    "brightness": 41.372219902676136,
    "roughness": 36.76669653599397,
    "warmth": 58.09022490961072,
    "sharpness": 28.821918172520434,
    "boominess": 45.868145069669815,
    "reverb": false,
    "genre": "Genre A",
    "mood": "Mood A"
}