{
    "duration": 1.8461250066757202,
    "lossless": 1.0,
    "codec": "pcm_s16le",
    "bitrate": 256000.0,
    "samplerate": 16000.0,
    "channels": 1.0,
    "audio_md5": "2e133cca38aae5380986ca69d6458663",
    "loudness": -22.456777572631836,
    "dynamic_range": 0.0,
    "temporal_centroid": 0.46661293506622314,
    "log_attack_time": -1.1325552463531494,
    "filesize": 59120,
    "single_event": true,
    "tonality": "C major",
    "tonality_confidence": 0.4983440935611725,
    "loop": true,
    "tempo": 130,
    "tempo_confidence": 0.9999017119407654,
    "note_midi": 29,
    "note_name": "F1",
    "note_frequency": 43.024391174316406,
    "note_confidence": 0.09991395473480225,
    "hardness": 34.37118328346017,
    "depth": 73.72818572682004,
    "brightness": 29.463067802779964,
    "roughness": 33.27236439769152,
    "warmth": 61.263006856720494,
    "sharpness": 39.41017177111559,
    "boominess": 48.63632593073622,
    "reverb": false,
    "genre": "Genre A",
    "mood": "Mood A"
}