{
    "duration": 1.8461250066757202,
    "lossless": 1.0,
    "codec": "pcm_s16le",
    "bitrate": 256000.0,
    "samplerate": 16000.0,
    "channels": 1.0,
    "audio_md5": "c2041eb71ddf34362f0a4fe6ab091cc5",
    "loudness": -22.131980895996094,
    "dynamic_range": 0.0,
    "temporal_centroid": 0.48274484276771545,
    "log_attack_time": -1.1647193431854248,
    "filesize": 59120,
    "single_event": true,
    "tonality": "B minor",
    "tonality_confidence": 0.6481116414070129,
    "loop": false,
    "tempo": 129,
    "tempo_confidence": 0.0,
    "note_midi": 41,
    "note_name": "F2",
    "note_frequency": 87.13561248779297,
    "note_confidence": 0.0,
    "hardness": 43.42273892538026,
    "depth": 67.47325919385355,
    "brightness": 35.59944282722064,
    "roughness": 32.97830378144623,
    "warmth": 61.86037943880537,
    "sharpness": 44.64764870083731,
    "boominess": 42.33324391801637,
    "reverb": false,
    "genre": "Genre A",
    "mood": "Mood A"
}