{
    "duration": 1.8461250066757202,
    "lossless": 1.0,
    "codec": "pcm_s16le",
    "bitrate": 256000.0,
    "samplerate": 16000.0,
    "channels": 1.0,
    "audio_md5": "633bcfd05a9dc7345357070fd761bb46",
    "loudness": -22.201200485229492,
    "dynamic_range": 0.0,
    "temporal_centroid": 0.47930091619491577,
    "log_attack_time": -1.310387134552002,
    "filesize": 59120,
    "single_event": true,
    "tonality": "F# minor",
    "tonality_confidence": 0.7849012613296509,
    "loop": true,
    "tempo": 130,
    "tempo_confidence": 0.9999017119407654,
    "note_midi": 32,
    "note_name": "G#1",
    "note_frequency": 52.77397155761719,
    "note_confidence": 0.5043865442276001,
    "hardness": 32.73743384104279,
    "depth": 69.52676741465774,
    "brightness": 31.145918896260508,
    "roughness": 34.839296689176294,
    "warmth": 59.69570852878504,
    "sharpness": 28.620545651863658,
    "boominess": 53.79679167443626,
    "reverb": false,
    "genre": "Genre A",
    "mood": "Mood A"
}