{
    "duration": 1.8461250066757202,
    "lossless": 1.0,
    "codec": "pcm_s16le",
    "bitrate": 256000.0,
    "samplerate": 16000.0,
    "channels": 1.0,
    "audio_md5": "52e55dfed16daafeaa9653468ec06f95",
    "loudness": -22.10508918762207,
    "dynamic_range": 0.0,
    "temporal_centroid": 0.42967748641967773,
    "log_attack_time": -0.2900995910167694,
    "filesize": 59120,
    "single_event": true,
    "tonality": "C# minor",
    "tonality_confidence": 0.6719254851341248,
    "loop": false,
    "tempo": 129,
    "tempo_confidence": 0.0,
    "note_midi": 37,
    "note_name": "C#2",
    "note_frequency": 67.78929138183594,
    "note_confidence": 0.5683923959732056,
    "hardness": 34.535826624239874,
    "depth": 66.58076461767025,
    "brightness": 32.044934445818534,
    "roughness": 32.85889065942314,
    "warmth": 59.32084884712035,
    "sharpness": 20.395249520073264,
    "boominess": 57.37069009222107,
    "reverb": false,
    "genre": "Genre A",
    "mood": "Mood A"
}