{
    "duration": 1.8461250066757202,
    "lossless": 1.0,
    "codec": "pcm_s16le",
    "bitrate": 256000.0,
    "samplerate": 16000.0,
    "channels": 1.0,
    "audio_md5": "c037f7d6f944dd566e1153801a341de8",
    "loudness": -21.168413162231445,
    "dynamic_range": 0.0,
    "temporal_centroid": 0.4633575975894928,
    "log_attack_time": 0.18101352453231812,
    "filesize": 59120,
    "single_event": true,
    "tonality": "B minor",
    "tonality_confidence": 0.4332837462425232,
    "loop": true,
    "tempo": 130,
    "tempo_confidence": 0.9999017119407654,
    "note_midi": 33,
    "note_name": "A1",
    "note_frequency": 55.837711334228516,
    "note_confidence": 0.666601836681366,
    "hardness": 33.38892514147085,
    "depth": 68.6392245597906,
    "brightness": 31.33066630231829,
    "roughness": 32.29157233720687,
    "warmth": 60.362716540618926,
    "sharpness": 29.596275055093248,
    "boominess": 54.03410101358527,
    "reverb": false,
    "genre": "Genre A",
    "mood": "Mood A"
}