{
    "duration": 1.8461250066757202,
    "lossless": 1.0,
    "codec": "pcm_s16le",
    "bitrate": 256000.0,
    "samplerate": 16000.0,
    "channels": 1.0,
    "audio_md5": "c8adfb9ac36340f2b36d50a877c07115",
    "loudness": -30.133390426635742,
    "dynamic_range": 0.0,
    "temporal_centroid": 0.45398980379104614,
    "log_attack_time": 0.14529719948768616,
    "filesize": 59120,
    "single_event": true,
    "tonality": "B minor",
    "tonality_confidence": 0.6626424193382263,
    "loop": true,
    "tempo": 130,
    "tempo_confidence": 0.9999017119407654,
    "note_midi": 38,
    "note_name": "D2",
    "note_frequency": 72.11972045898438,
    "note_confidence": 0.5488840341567993,
    "hardness": 43.75246872372489,
    "depth": 59.06365083003432,
    "brightness": 40.82855720114594,
    "roughness": 37.66193049277625,
    "warmth": 58.367533883448594,
    "sharpness": 16.103827772337283,
    "boominess": 47.33566068833849,
    "reverb": false,
    "genre": "Genre A",
    "mood": "Mood A"
}