{
    "duration": 1.8461250066757202,
    "lossless": 1.0,
    "codec": "pcm_s16le",
    "bitrate": 256000.0,
    "samplerate": 16000.0,
    "channels": 1.0,
    "audio_md5": "7bceed2f8dc4937d9f3b6423c6cdd8ce",
    "loudness": -20.24226951599121,
    "dynamic_range": 0.0,
    "temporal_centroid": 0.4785929322242737,
    "log_attack_time": 0.17582200467586517,
    "filesize": 59120,
    "single_event": true,
    "tonality": "D minor",
    "tonality_confidence": 0.2936970293521881,
    "loop": true,
    "tempo": 130,
    "tempo_confidence": 0.9999017119407654,
    "note_midi": 33,
    "note_name": "A1",
    "note_frequency": 53.66343688964844,
    "note_confidence": 0.6468600034713745,
    "hardness": 33.536614369940224,
    "depth": 68.49683682604476,
    "brightness": 30.85972429316125,
    "roughness": 32.05054790670826,
    "warmth": 59.46876508939659,
    "sharpness": 31.306807202296017,
    "boominess": 53.5963595293852,
    "reverb": false,
    "genre": "Genre A",
    "mood": "Mood A"
}