{
    "duration": 1.8461250066757202,
    "lossless": 1.0,
    "codec": "pcm_s16le",
    "bitrate": 256000.0,
    "samplerate": 16000.0,
    "channels": 1.0,
    "audio_md5": "d4c7da9f4057e9c9aaeaa7d4220e2924",
    "loudness": -21.705745697021484,
    "dynamic_range": 0.0,
    "temporal_centroid": 0.4865468442440033,
    "log_attack_time": 0.17859198153018951,
    "filesize": 59120,
    "single_event": true,
    "tonality": "B minor",
    "tonality_confidence": 0.7149911522865295,
    "loop": true,
    "tempo": 130,
    "tempo_confidence": 0.9999017119407654,
    "note_midi": 33,
    "note_name": "A1",
    "note_frequency": 53.73616027832031,
    "note_confidence": 0.6088614463806152,
    "hardness": 33.709330121535416,
    "depth": 68.58424027565525,
    "brightness": 32.08312970249082,
    "roughness": 34.28237739821401,
    "warmth": 59.819881662675826,
    "sharpness": 31.77889572272444,
    "boominess": 52.819440677041484,
    "reverb": false,
    "genre": "Genre A",
    "mood": "Mood A"
}