{
    "duration": 1.8461250066757202,
    "lossless": 1.0,
    "codec": "pcm_s16le",
    "bitrate": 256000.0,
    "samplerate": 16000.0,
    "channels": 1.0,
    "audio_md5": "4112ab863f32f6e4828a5e1047ef47e0",
    "loudness": -24.822561264038086,
    "dynamic_range": 0.0,
    "temporal_centroid": 0.5167155265808105,
    "log_attack_time": 0.17759212851524353,
    "filesize": 59120,
    "single_event": true,
    "tonality": "B minor",
    "tonality_confidence": 0.5264907479286194,
    "loop": true,
    "tempo": 130,
    "tempo_confidence": 0.9999017119407654,
    "note_midi": 30,
    "note_name": "F#1",
    "note_frequency": 46.8626708984375,
    "note_confidence": 0.3760717511177063,
    "hardness": 35.111967201109096,
    "depth": 69.67242513587094,
    "brightness": 32.40522854305934,
    "roughness": 32.362886829259665,
    "warmth": 60.534748178077805,
    "sharpness": 36.91922504573127,
    "boominess": 49.35967156070886,
    "reverb": false,
    "genre": "Genre A",
    "mood": "Mood A"
}