{
    "duration": 1.8461250066757202,
    "lossless": 1.0,
    "codec": "pcm_s16le",
    "bitrate": 256000.0,
    "samplerate": 16000.0,
    "channels": 1.0,
    "audio_md5": "ed674fb3c162bdca215a53dd3efdfa79",
    "loudness": -29.90755844116211,
    "dynamic_range": 0.0,
    "temporal_centroid": 0.443024218082428,
    "log_attack_time": -1.9193440675735474,
    "filesize": 59120,
    "single_event": true,
    "tonality": "C major",
    "tonality_confidence": 0.2311124950647354,
    "loop": true,
    "tempo": 130,
    "tempo_confidence": 0.9999017119407654,
    "note_midi": 36,
    "note_name": "C2",
    "note_frequency": 67.07707214355469,
    "note_confidence": 0.5294381380081177,
    "hardness": 42.044078043615855,
    "depth": 61.626532948593855,
    "brightness": 41.86320776136817,
    "roughness": 38.69609270879996,
    "warmth": 58.26723023810317,
    "sharpness": 18.360994511893672,
    "boominess": 48.03440909853342,
    "reverb": false,
    "genre": "Genre A",
    "mood": "Mood A"
}