{
    "duration": 1.8461250066757202,
    "lossless": 1.0,
    "codec": "pcm_s16le",
    "bitrate": 256000.0,
    "samplerate": 16000.0,
    "channels": 1.0,
    "audio_md5": "f79a62512d909190371e66f259b39576",
    "loudness": -25.85941505432129,
    "dynamic_range": 0.0,
    "temporal_centroid": 0.45419880747795105,
    "log_attack_time": -0.332769513130188,
    "filesize": 59120,
    "single_event": true,
    "tonality": "F# minor",
    "tonality_confidence": 0.7793332934379578,
    "loop": false,
    "tempo": 129,
    "tempo_confidence": 0.0,
    "note_midi": 41,
    "note_name": "F2",
    "note_frequency": 85.93202209472656,
    "note_confidence": 0.47040045261383057,
    "hardness": 38.65610276765686,
    "depth": 55.546489471513375,
    "brightness": 41.1265121289245,
    "roughness": 36.72765070010473,
    "warmth": 57.83201932670498,
    "sharpness": 25.43211230141383,
    "boominess": 47.13346764785878,
    "reverb": false,
    "genre": "Genre A",
    "mood": "Mood A"
}