{
    "duration": 1.8461250066757202,
    "lossless": 1.0,
    "codec": "pcm_s16le",
    "bitrate": 256000.0,
    "samplerate": 16000.0,
    "channels": 1.0,
    "audio_md5": "0e1993f17329c421a157f247e92f7e6c",
    "loudness": -20.726150512695312,
    "dynamic_range": 0.0,
    "temporal_centroid": 0.4501146078109741,
    "log_attack_time": -0.21594740450382233,
    "filesize": 59120,
    "single_event": true,
    "tonality": "E major",
    "tonality_confidence": 0.5742590427398682,
    "loop": true,
    "tempo": 130,
    "tempo_confidence": 0.9999017119407654,
    "note_midi": 33,
    "note_name": "A1",
    "note_frequency": 55.39653015136719,
    "note_confidence": 0.6401485204696655,
    "hardness": 33.57028409806462,
    "depth": 68.76713896521093,
    "brightness": 31.638246206831184,
    "roughness": 30.572846466297527,
    "warmth": 58.91109197387191,
    "sharpness": 28.197081663733556,
    "boominess": 54.86631247060717,
    "reverb": false,
    "genre": "Genre A",
    "mood": "Mood A"
}