{
    "duration": 1.8461250066757202,
    "lossless": 1.0,
    "codec": "pcm_s16le",
    "bitrate": 256000.0,
    "samplerate": 16000.0,
    "channels": 1.0,
    "audio_md5": "0a3e0983a033035c7849c0894c8839b3",
    "loudness": -29.921356201171875,
    "dynamic_range": 0.0,
    "temporal_centroid": 0.42419514060020447,
    "log_attack_time": -2.1972806453704834,
    "filesize": 59120,
    "single_event": true,
    "tonality": "C# minor",
    "tonality_confidence": 0.7459190487861633,
    "loop": true,
    "tempo": 130,
    "tempo_confidence": 0.9999017119407654,
    "note_midi": 35,
    "note_name": "B1",
    "note_frequency": 60.01750946044922,
    "note_confidence": 0.5377026796340942,
    "hardness": 43.27766188733034,
    "depth": 63.20351466696698,
    "brightness": 40.852302941586274,
    "roughness": 34.04645163940612,
    "warmth": 59.02964218693447,
    "sharpness": 15.072279027998604,
    "boominess": 49.087267668890036,
    "reverb": false,
    "genre": "Genre A",
    "mood": "Mood A"
}