{
    "duration": 1.8461250066757202,
    "lossless": 1.0,
    "codec": "pcm_s16le",
    "bitrate": 256000.0,
    "samplerate": 16000.0,
    "channels": 1.0,
    "audio_md5": "1241a580e45cc65a08e49a0360863c50",
    "loudness": -31.290109634399414,
    "dynamic_range": 0.0,
    "temporal_centroid": 0.44460925459861755,
    "log_attack_time": -2.033778429031372,
    "filesize": 59120,
    "single_event": true,
    "tonality": "B minor",
    "tonality_confidence": 0.5370550751686096,
    "loop": true,
    "tempo": 130,
    "tempo_confidence": 0.9999017119407654,
    "note_midi": 37,
    "note_name": "C#2",
    "note_frequency": 71.2100830078125,
    "note_confidence": 0.5349503755569458,
    "hardness": 41.909325100860826,
    "depth": 59.936042298230475,
    "brightness": 40.88398441961719,
    "roughness": 35.41868944874087,
    "warmth": 58.474845586127095,
    "sharpness": 13.579635881497179,
    "boominess": 47.84507976014022,
    "reverb": false,
    "genre": "Genre A",
    "mood": "Mood A"
}