{
    "duration": 1.8461250066757202,
    "lossless": 1.0,
    "codec": "pcm_s16le",
    "bitrate": 256000.0,
    "samplerate": 16000.0,
    "channels": 1.0,
    "audio_md5": "e2d142bca14c2c5a2e414e74bbf1a1ec",
    "loudness": -36.007835388183594,
    "dynamic_range": 0.0,
    "temporal_centroid": 0.4374770522117615,
    "log_attack_time": -1.5692567825317383,
    "filesize": 59120,
    "single_event": true,
    "tonality": "B major",
    "tonality_confidence": 0.5445064902305603,
    "loop": false,
    "tempo": 129,
    "tempo_confidence": 0.0,
    "note_midi": 38,
    "note_name": "D2",
    "note_frequency": 73.09458923339844,
    "note_confidence": 0.47105443477630615,
    "hardness": 47.36022959152916,
    "depth": 60.11995862115557,
    "brightness": 43.96375260126871,
    "roughness": 38.22013388508107,
    "warmth": 56.929628225844034,
    "sharpness": 31.343263648927525,
    "boominess": 46.28225199658878,
    "reverb": false,
    "genre": "Genre A",
    "mood": "Mood A"
}