{
    "duration": 1.8461250066757202,
    "lossless": 1.0,
    "codec": "pcm_s16le",
    "bitrate": 256000.0,
    "samplerate": 16000.0,
    "channels": 1.0,
    "audio_md5": "a58681e65894cc09e920353726991257",
    "loudness": -32.58171844482422,
    "dynamic_range": 0.0,
    "temporal_centroid": 0.4638312757015228,
    "log_attack_time": 0.1456635296344757,
    "filesize": 59120,
    "single_event": true,
    "tonality": "D major",
    "tonality_confidence": 0.8326348066329956,
    "loop": false,
    "tempo": 129,
    "tempo_confidence": 0.0,
    "note_midi": 36,
    "note_name": "C2",
    "note_frequency": 64.75093078613281,
    "note_confidence": 0.5033150911331177,
    "hardness": 42.154379501970595,
    "depth": 59.56183684444441,
    "brightness": 41.17890649779132,
    "roughness": 41.278923980317494,
    "warmth": 59.30109570647345,
    "sharpness": 16.82338902111334,
    "boominess": 44.98840815802892,
    "reverb": false,
    "genre": "Genre A",
    "mood": "Mood A"
}