{
    "duration": 1.8461250066757202,
    "lossless": 1.0,
    "codec": "pcm_s16le",
    "bitrate": 256000.0,
    "samplerate": 16000.0,
    "channels": 1.0,
    "audio_md5": "99a16eac62236a4d8d42a3479507e9e7",
    "loudness": -25.259408950805664,
    "dynamic_range": 0.0,
    "temporal_centroid": 0.4545850157737732,
    "log_attack_time": -0.3327694833278656,
    "filesize": 59120,
    "single_event": true,
    "tonality": "F# minor",
    "tonality_confidence": 0.681048572063446,
    "loop": true,
    "tempo": 131,
    "tempo_confidence": 0.9645518064498901,
    "note_midi": 41,
    "note_name": "F2",
    "note_frequency": 85.34258270263672,
    "note_confidence": 0.5018360614776611,
    "hardness": 38.970495070597096,
    "depth": 60.25856110083703,
    "brightness": 40.912054070739515,
    "roughness": 37.115558347796615,
    "warmth": 57.54902628356032,
    "sharpness": 27.43323971406631,
    "boominess": 46.51866109990323,
    "reverb": false,
    "genre": "Genre A",
    "mood": "Mood A"
}