{
    "duration": 1.8461250066757202,
    "lossless": 1.0,
    "codec": "pcm_s16le",
    "bitrate": 256000.0,
    "samplerate": 16000.0,
    "channels": 1.0,
    "audio_md5": "2cbf30fd7f96c78824dc5389b1a9500a",
    "loudness": -24.85910987854004,
    "dynamic_range": 0.0,
    "temporal_centroid": 0.4605359137058258,
    "log_attack_time": -0.32412609457969666,
    "filesize": 59120,
    "single_event": true,
    "tonality": "B minor",
    "tonality_confidence": 0.462246298789978,
    "loop": true,
    "tempo": 131,
    "tempo_confidence": 0.963957667350769,
    "note_midi": 43,
    "note_name": "G2",
    "note_frequency": 99.91852569580078,
    "note_confidence": 0.505754828453064,
    "hardness": 39.83182837614909,
    "depth": 59.517824547408,
    "brightness": 40.994973851577825,
    "roughness": 35.83170089506869,
    "warmth": 57.561185622683205,
    "sharpness": 28.90190838552391,
    "boominess": 45.515249700599384,
    "reverb": false,
    "genre": "Genre A",
    "mood": "Mood A"
}