{
    "duration": 1.8461250066757202,
    "lossless": 1.0,
    "codec": "pcm_s16le",
    "bitrate": 256000.0,
    "samplerate": 16000.0,
    "channels": 1.0,
    "audio_md5": "98396fbff6272c6afcdd74038c9acb30",
    "loudness": -25.384111404418945,
    "dynamic_range": 0.0,
    "temporal_centroid": 0.4964076280593872,
    "log_attack_time": 0.14317065477371216,
    "filesize": 59120,
    "single_event": true,
    "tonality": "F# minor",
    "tonality_confidence": 0.6260529160499573,
    "loop": false,
    "tempo": 129,
    "tempo_confidence": 0.0,
    "note_midi": 42,
    "note_name": "F#2",
    "note_frequency": 95.00147247314453,
    "note_confidence": 0.5247145891189575,
    "hardness": 42.08254405074878,
    "depth": 59.49360210478439,
    "brightness": 41.12152374367096,
    "roughness": 37.46960097531529,
    "warmth": 57.88533784393342,
    "sharpness": 29.739952023049376,
    "boominess": 44.93124471617654,
    "reverb": false,
    "genre": "Genre A",
    "mood": "Mood A"
}