{
    "duration": 1.8461250066757202,
    "lossless": 1.0,
    "codec": "pcm_s16le",
    "bitrate": 256000.0,
    "samplerate": 16000.0,
    "channels": 1.0,
    "audio_md5": "0ae71db73bc29eb20de2b596aabe5191",
    "loudness": -30.179668426513672,
    "dynamic_range": 0.0,
    "temporal_centroid": 0.4166943430900574,
    "log_attack_time": -2.186556816101074,
    "filesize": 59120,
    "single_event": true,
    "tonality": "F# minor",
    "tonality_confidence": 0.4346276819705963,
    "loop": true,
    "tempo": 130,
    "tempo_confidence": 0.9999017119407654,
    "note_midi": 35,
    "note_name": "B1",
    "note_frequency": 60.47126007080078,
    "note_confidence": 0.5604181289672852,
    "hardness": 40.993137487632055,
    "depth": 64.10608326316923,
    "brightness": 41.46216280075899,
    "roughness": 35.996169447352834,
    "warmth": 59.371350857371056,
    "sharpness": 17.257348450128784,
    "boominess": 48.907982935328974,
    "reverb": false,
    "genre": "Genre A",
    "mood": "Mood A"
}