{
    "duration": 1.8461250066757202,
    "lossless": 1.0,
    "codec": "pcm_s16le",
    "bitrate": 256000.0,
    "samplerate": 16000.0,
    "channels": 1.0,
    "audio_md5": "660aeddb5d08d0430088dd967ff9a768",
    "loudness": -22.144453048706055,
    "dynamic_range": 0.0,
    "temporal_centroid": 0.45830440521240234,
    "log_attack_time": 0.18114981055259705,
    "filesize": 59120,
    "single_event": true,
    "tonality": "B major",
    "tonality_confidence": 0.640974760055542,
    "loop": true,
    "tempo": 130,
    "tempo_confidence": 0.9999017119407654,
    "note_midi": 33,
    "note_name": "A1",
    "note_frequency": 55.31432342529297,
    "note_confidence": 0.6007177233695984,
    "hardness": 33.869972430618844,
    "depth": 69.0755988945807,
    "brightness": 31.96439201524272,
    "roughness": 30.80047789205648,
    "warmth": 59.40834174689837,
    "sharpness": 32.48005580062769,
    "boominess": 52.53301284845388,
    "reverb": false,
    "genre": "Genre A",
    "mood": "Mood A"
}