{
    "duration": 1.8461250066757202,
    "lossless": 1.0,
    "codec": "pcm_s16le",
    "bitrate": 256000.0,
    "samplerate": 16000.0,
    "channels": 1.0,
    "audio_md5": "629322f8594d3c421a56dbc73271e1c1",
    "loudness": -30.703475952148438,
    "dynamic_range": 0.0,
    "temporal_centroid": 0.48322778940200806,
    "log_attack_time": -0.03172888979315758,
    "filesize": 59120,
    "single_event": true,
    "tonality": "F# minor",
    "tonality_confidence": 0.4620305597782135,
    "loop": true,
    "tempo": 130,
    "tempo_confidence": 0.9999017119407654,
    "note_midi": 34,
    "note_name": "A#1",
    "note_frequency": 57.1141242980957,
    "note_confidence": 0.42184704542160034,
    "hardness": 42.26360331079748,
    "depth": 63.24917875953145,
    "brightness": 42.12582720330385,
    "roughness": 33.376642263639184,
    "warmth": 57.1521222370611,
    "sharpness": 20.639944086986354,
    "boominess": 49.959626821887696,
    "reverb": false,
    "genre": "Genre A",
    "mood": "Mood A"
}