{
    "duration": 1.8461250066757202,
    "lossless": 1.0,
    "codec": "pcm_s16le",
    "bitrate": 256000.0,
    "samplerate": 16000.0,
    "channels": 1.0,
    "audio_md5": "481e3768e0ef662d13b9d2f8ed70ef87",
    "loudness": -23.21563148498535,
    "dynamic_range": 0.0,
    "temporal_centroid": 0.4750758111476898,
    "log_attack_time": 0.1801753044128418,
    "filesize": 59120,
    "single_event": true,
    "tonality": "C# minor",
    "tonality_confidence": 0.6798773407936096,
    "loop": true,
    "tempo": 131,
    "tempo_confidence": 0.9910884499549866,
    "note_midi": 32,
    "note_name": "G#1",
    "note_frequency": 53.39920425415039,
    "note_confidence": 0.516005277633667,
    "hardness": 35.187669696671406,
    "depth": 68.01810619489054,
    "brightness": 33.21551176631963,
    "roughness": 28.237855881328375,
    "warmth": 60.470794582027075,
    "sharpness": 32.303365204916474,
    "boominess": 51.881970534697295,
    "reverb": false,
    "genre": "Genre A",
    "mood": "Mood A"
}