{
    "duration": 1.8461250066757202,
    "lossless": 1.0,
    "codec": "pcm_s16le",
    "bitrate": 256000.0,
    "samplerate": 16000.0,
    "channels": 1.0,
    "audio_md5": "e3206fb5172e0b7df4f95f0bdfae1bb5",
    "loudness": -25.259050369262695,
    "dynamic_range": 0.0,
    "temporal_centroid": 0.45539039373397827,
    "log_attack_time": -0.3328118622303009,
    "filesize": 59120,
    "single_event": true,
    "tonality": "B minor",
    "tonality_confidence": 0.6773996949195862,
    "loop": false,
    "tempo": 129,
    "tempo_confidence": 0.0,
    "note_midi": 41,
    "note_name": "F2",
    "note_frequency": 89.80423736572266,
    "note_confidence": 0.5126374959945679,
    "hardness": 39.02753646887132,
    "depth": 60.487552434110185,
    "brightness": 40.93063530796368,
    "roughness": 36.68702459027949,
    "warmth": 58.07201131118555,
    "sharpness": 27.38690474417639,
    "boominess": 46.56157930120015,
    "reverb": false,
    "genre": "Genre A",
    "mood": "Mood A"
}