{
    "duration": 1.8461250066757202,
    "lossless": 1.0,
    "codec": "pcm_s16le",
    "bitrate": 256000.0,
    "samplerate": 16000.0,
    "channels": 1.0,
    "audio_md5": "51c54576694c7d5af9ec2c07d82683f5",
    "loudness": -30.76125717163086,
    "dynamic_range": 0.0,
    "temporal_centroid": 0.4258621335029602,
    "log_attack_time": -2.2003936767578125,
    "filesize": 59120,
    "single_event": true,
    "tonality": "A major",
    "tonality_confidence": 0.6079339385032654,
    "loop": false,
    "tempo": 129,
    "tempo_confidence": 0.0,
    "note_midi": 35,
    "note_name": "B1",
    "note_frequency": 60.06849670410156,
    "note_confidence": 0.5373813509941101,
    "hardness": 42.53208675968659,
    "depth": 63.76480950820395,
    "brightness": 40.74334770050765,
    "roughness": 35.386725767480435,
    "warmth": 58.846017528818265,
    "sharpness": 16.01981871070665,
    "boominess": 49.01450404727355,
    "reverb": false,
    "genre": "Genre A",
    "mood": "Mood A"
}