{
    "duration": 1.8461250066757202,
    "lossless": 1.0,
    "codec": "pcm_s16le",
    "bitrate": 256000.0,
    "samplerate": 16000.0,
    "channels": 1.0,
    "audio_md5": "2b79b55468cbe95da3f746ae833c730d",
    "loudness": -25.32420539855957,
    "dynamic_range": 0.0,
    "temporal_centroid": 0.47807466983795166,
    "log_attack_time": 0.143156498670578,
    "filesize": 59120,
    "single_event": true,
    "tonality": "B major",
    "tonality_confidence": 0.41399264335632324,
    "loop": false,
    "tempo": 129,
    "tempo_confidence": 0.0,
    "note_midi": 43,
    "note_name": "G2",
    "note_frequency": 100.48571014404297,
    "note_confidence": 0.49926042556762695,
    "hardness": 38.49486142996123,
    "depth": 60.8430324074622,
    "brightness": 41.15969844139744,
    "roughness": 36.3226829860989,
    "warmth": 57.650117598531146,
    "sharpness": 27.873607228559237,
    "boominess": 46.059686338516826,
    "reverb": false,
    "genre": "Genre A",
    "mood": "Mood A"
}