{
    "duration": 1.8461250066757202,
    "lossless": 1.0,
    "codec": "pcm_s16le",
    "bitrate": 256000.0,
    "samplerate": 16000.0,
    "channels": 1.0,
    "audio_md5": "df809f4f010bc5e54668fcb434249eaa",
    "loudness": -26.112133026123047,
    "dynamic_range": 0.0,
    "temporal_centroid": 0.4993537366390228,
    "log_attack_time": 0.14662015438079834,
    "filesize": 59120,
    "single_event": true,
    "tonality": "D major",
    "tonality_confidence": 0.48860228061676025,
    "loop": true,
    "tempo": 131,
    "tempo_confidence": 0.9910884499549866,
    "note_midi": 50,
    "note_name": "D3",
    "note_frequency": 150.77552795410156,
    "note_confidence": 0.6702592372894287,
    "hardness": 31.283110314415183,
    "depth": 58.920315313672155,
    "brightness": 29.709071634848726,
    "roughness": 39.3978994304128,
    "warmth": 60.92001401787695,
    "sharpness": 8.253021356104231,
    "boominess": 47.89142680542024,
    "reverb": false,
    "genre": "Genre A",
    "mood": "Mood A"
}