{
    "duration": 1.8461250066757202,
    "lossless": 1.0,
    "codec": "pcm_s16le",
    "bitrate": 256000.0,
    "samplerate": 16000.0,
    "channels": 1.0,
    "audio_md5": "1cd1250b9aab6d98c5b3b300bc15c412",
    "loudness": -30.38041877746582,
    "dynamic_range": 0.0,
    "temporal_centroid": 0.43096765875816345,
    "log_attack_time": -2.188072681427002,
    "filesize": 59120,
    "single_event": true,
    "tonality": "C# minor",
    "tonality_confidence": 0.5592124462127686,
    "loop": true,
    "tempo": 130,
    "tempo_confidence": 0.9999017119407654,
    "note_midi": 36,
    "note_name": "C2",
    "note_frequency": 63.91386413574219,
    "note_confidence": 0.5683004856109619,
    "hardness": 41.372387117068286,
    "depth": 62.81414316638859,
    "brightness": 41.23131600537192,
    "roughness": 36.56100166114361,
    "warmth": 59.25032190085838,
    "sharpness": 17.20766649793198,
    "boominess": 48.98357960250925,
    "reverb": false,
    "genre": "Genre A",
    "mood": "Mood A"
}