{
    "duration": 1.8461250066757202,
    "lossless": 1.0,
    "codec": "pcm_s16le",
    "bitrate": 256000.0,
    "samplerate": 16000.0,
    "channels": 1.0,
    "audio_md5": "1416c35e6fcc4ac3b60ef3313d25afc1",
    "loudness": -24.63417625427246,
    "dynamic_range": 0.0,
    "temporal_centroid": 0.3687482476234436,
    "log_attack_time": -0.8068501353263855,
    "filesize": 59120,
    "single_event": true,
    "tonality": "B minor",
    "tonality_confidence": 0.7300933003425598,
    "loop": false,
    "tempo": 155,
    "tempo_confidence": 0.0,
    "note_midi": 35,
    "note_name": "B1",
    "note_frequency": 63.2274284362793,
    "note_confidence": 0.32756704092025757,
    "hardness": 38.06197219162955,
    "depth": 68.45706925794654,
    "brightness": 37.476819126067824,
    "roughness": 33.430509109340775,
    "warmth": 57.65481234486079,
    "sharpness": 41.026532173387714,
    "boominess": 47.63334921676584,
    "reverb": false,
    "genre": "Genre A",
    "mood": "Mood A"
}