{
    "duration": 1.8461250066757202,
    "lossless": 1.0,
    "codec": "pcm_s16le",
    "bitrate": 256000.0,
    "samplerate": 16000.0,
    "channels": 1.0,
    "audio_md5": "c7caf2bafdb8fb364915d6a18492354c",
    "loudness": -24.78192138671875,
    "dynamic_range": 0.0,
    "temporal_centroid": 0.4506198465824127,
    "log_attack_time": -0.33296021819114685,
    "filesize": 59120,
    "single_event": true,
    "tonality": "B major",
    "tonality_confidence": 0.7361724376678467,
    "loop": false,
    "tempo": 129,
    "tempo_confidence": 0.0,
    "note_midi": 41,
    "note_name": "F2",
    "note_frequency": 89.66616821289062,
    "note_confidence": 0.5055937170982361,
    "hardness": 40.07944569954178,
    "depth": 59.61356669482277,
    "brightness": 40.80072753470431,
    "roughness": 35.23492054188195,
    "warmth": 57.65953153879835,
    "sharpness": 28.039839714324945,
    "boominess": 46.08043341904904,
    "reverb": false,
    "genre": "Genre A",
    "mood": "Mood A"
}