{
    "duration": 1.8461250066757202,
    "lossless": 1.0,
    "codec": "pcm_s16le",
    "bitrate": 256000.0,
    "samplerate": 16000.0,
    "channels": 1.0,
    "audio_md5": "0b28b496c12672349b26385d2b6473c2",
    "loudness": -21.440532684326172,
    "dynamic_range": 0.0,
    "temporal_centroid": 0.46668145060539246,
    "log_attack_time": 0.17981748282909393,
    "filesize": 59120,
    "single_event": true,
    "tonality": "B minor",
    "tonality_confidence": 0.5257103443145752,
    "loop": true,
    "tempo": 130,
    "tempo_confidence": 0.9999017119407654,
    "note_midi": 33,
    "note_name": "A1",
    "note_frequency": 55.95060348510742,
    "note_confidence": 0.5687546730041504,
    "hardness": 32.60807610336826,
    "depth": 67.95990714300108,
    "brightness": 31.89480344366814,
    "roughness": 30.700450088324548,
    "warmth": 59.16096714101425,
    "sharpness": 30.715214618377352,
    "boominess": 53.386462246813096,
    "reverb": false,
    "genre": "Genre A",
    "mood": "Mood A"
}