{
    "duration": 1.8461250066757202,
    "lossless": 1.0,
    "codec": "pcm_s16le",
    "bitrate": 256000.0,
    "samplerate": 16000.0,
    "channels": 1.0,
    "audio_md5": "95a38ec98fc262362a3e50026ab9c033",
    "loudness": -22.664447784423828,
    "dynamic_range": 0.0,
    "temporal_centroid": 0.4861563742160797,
    "log_attack_time": -1.0917704105377197,
    "filesize": 59120,
    "single_event": true,
    "tonality": "B major",
    "tonality_confidence": 0.6664286851882935,
    "loop": false,
    "tempo": 123,
    "tempo_confidence": 0.0,
    "note_midi": 53,
    "note_name": "F3",
    "note_frequency": 178.40594482421875,
    "note_confidence": 0.0,
    "hardness": 40.96038291280766,
    "depth": 65.83997932319504,
    "brightness": 35.7595154155176,
    "roughness": 34.249248308687356,
    "warmth": 62.47596813777795,
    "sharpness": 43.34466590245502,
    "boominess": 43.55043188317005,
    "reverb": false,
    "genre": "Genre A",
    "mood": "Mood A"
}