{
    "duration": 1.8461250066757202,
    "lossless": 1.0,
    "codec": "pcm_s16le",
    "bitrate": 256000.0,
    "samplerate": 16000.0,
    "channels": 1.0,
    "audio_md5": "34bd29e8780e35b2119a3bba3397687b",
    "loudness": -25.39691734313965,
    "dynamic_range": 0.0,
    "temporal_centroid": 0.4524374306201935,
    "log_attack_time": -0.33287546038627625,
    "filesize": 59120,
    "single_event": true,
    "tonality": "F# minor",
    "tonality_confidence": 0.7113757133483887,
    "loop": false,
    "tempo": 129,
    "tempo_confidence": 0.0,
    "note_midi": 41,
    "note_name": "F2",
    "note_frequency": 85.41957092285156,
    "note_confidence": 0.4691687822341919,
    "hardness": 38.74602369719844,
    "depth": 60.75111881906673,
    "brightness": 40.9619534832139,
    "roughness": 36.93934150998673,
    "warmth": 57.93437474178866,
    "sharpness": 27.209945931896932,
    "boominess": 46.63795146766418,
    "reverb": false,
    "genre": "Genre A",
    "mood": "Mood A"
}