{
    "duration": 1.8461250066757202,
    "lossless": 1.0,
    "codec": "pcm_s16le",
    "bitrate": 256000.0,
    "samplerate": 16000.0,
    "channels": 1.0,
    "audio_md5": "8405487c0b188d27ec1307a402e928b3",
    "loudness": -24.959054946899414,
    "dynamic_range": 0.0,
    "temporal_centroid": 0.46017560362815857,
    "log_attack_time": -0.3324517607688904,
    "filesize": 59120,
    "single_event": true,
    "tonality": "C# major",
    "tonality_confidence": 0.4312616288661957,
    "loop": true,
    "tempo": 131,
    "tempo_confidence": 0.9635615944862366,
    "note_midi": 41,
    "note_name": "F2",
    "note_frequency": 87.65872192382812,
    "note_confidence": 0.5259318351745605,
    "hardness": 38.62105854227252,
    "depth": 59.552928914983994,
    "brightness": 40.86437167516429,
    "roughness": 33.96711731856139,
    "warmth": 57.974863264058285,
    "sharpness": 27.359651865988408,
    "boominess": 46.046291133678,
    "reverb": false,
    "genre": "Genre A",
    "mood": "Mood A"
}