{
    "duration": 1.8461250066757202,
    "lossless": 1.0,
    "codec": "pcm_s16le",
    "bitrate": 256000.0,
    "samplerate": 16000.0,
    "channels": 1.0,
    "audio_md5": "3ae544c1a1b3c5d436bba45c7bfc08f4",
    "loudness": -22.519739151000977,
    "dynamic_range": 0.0,
    "temporal_centroid": 0.4828934669494629,
    "log_attack_time": 0.1795700341463089,
    "filesize": 59120,
    "single_event": true,
    "tonality": "G major",
    "tonality_confidence": 0.24179403483867645,
    "loop": true,
    "tempo": 130,
    "tempo_confidence": 0.9999017119407654,
    "note_midi": 31,
    "note_name": "G1",
    "note_frequency": 49.458778381347656,
    "note_confidence": 0.3890443444252014,
    "hardness": 31.99675497849404,
    "depth": 68.56402370994383,
    "brightness": 31.37622291426913,
    "roughness": 34.07491309508232,
    "warmth": 59.62622850113843,
    "sharpness": 27.497304946998906,
    "boominess": 55.16592717785911,
    "reverb": false,
    "genre": "Genre A",
    "mood": "Mood A"
}