{
    "duration": 1.8461250066757202,
    "lossless": 1.0,
    "codec": "pcm_s16le",
    "bitrate": 256000.0,
    "samplerate": 16000.0,
    "channels": 1.0,
    "audio_md5": "f36eb3af36dac6e3a0951e0770f91ad3",
    "loudness": -21.907575607299805,
    "dynamic_range": 0.0,
    "temporal_centroid": 0.4762732684612274,
    "log_attack_time": 0.029825331643223763,
    "filesize": 59120,
    "single_event": true,
    "tonality": "B minor",
    "tonality_confidence": 0.46171724796295166,
    "loop": false,
    "tempo": 129,
    "tempo_confidence": 0.0,
    "note_midi": 53,
    "note_name": "F3",
    "note_frequency": 176.4167938232422,
    "note_confidence": 0.0,
    "hardness": 42.29502316290841,
    "depth": 64.93484727107624,
    "brightness": 35.169988379829135,
    "roughness": 35.35745936029063,
    "warmth": 62.072408410150366,
    "sharpness": 43.607790436130244,
    "boominess": 43.46112487864116,
    "reverb": false,
    "genre": "Genre A",
    "mood": "Mood A"
}