{
    "duration": 1.8461250066757202,
    "lossless": 1.0,
    "codec": "pcm_s16le",
    "bitrate": 256000.0,
    "samplerate": 16000.0,
    "channels": 1.0,
    "audio_md5": "9476d9a71df988c6134ba44071f73a13",
    "loudness": -22.05367660522461,
    "dynamic_range": 0.0,
    "temporal_centroid": 0.47674572467803955,
    "log_attack_time": -1.09629487991333,
    "filesize": 59120,
    "single_event": true,
    "tonality": "F# minor",
    "tonality_confidence": 0.5620625615119934,
    "loop": false,
    "tempo": 123,
    "tempo_confidence": 0.0,
    "note_midi": 54,
    "note_name": "F#3",
    "note_frequency": 181.8178253173828,
    "note_confidence": 0.0,
    "hardness": 42.719169307131494,
    "depth": 64.95462711415068,
    "brightness": 35.44256642471776,
    "roughness": 33.70567949388177,
    "warmth": 63.090529364466704,
    "sharpness": 43.58111209073148,
    "boominess": 43.434041721156646,
    "reverb": false,
    "genre": "Genre A",
    "mood": "Mood A"
}