{
    "duration": 1.8461250066757202,
    "lossless": 1.0,
    "codec": "pcm_s16le",
    "bitrate": 256000.0,
    "samplerate": 16000.0,
    "channels": 1.0,
    "audio_md5": "fb8c8d3c7b047be7a43a224dd5ba2164",
    "loudness": -31.41189956665039,
    "dynamic_range": 0.0,
    "temporal_centroid": 0.4632797837257385,
    "log_attack_time": -0.02978389710187912,
    "filesize": 59120,
    "single_event": true,
    "tonality": "B minor",
    "tonality_confidence": 0.7808775901794434,
    "loop": true,
    "tempo": 130,
    "tempo_confidence": 0.9999017119407654,
    "note_midi": 35,
    "note_name": "B1",
    "note_frequency": 60.79035568237305,
    "note_confidence": 0.4692239761352539,
    "hardness": 41.24733050871717,
    "depth": 61.996280058930196,
    "brightness": 40.98518849552663,
    "roughness": 42.71358337433473,
    "warmth": 59.70303445529777,
    "sharpness": 14.586342613180882,
    "boominess": 48.02212181303041,
    "reverb": false,
    "genre": "Genre A",
    "mood": "Mood A"
}