{
    "duration": 1.8461250066757202,
    "lossless": 1.0,
    "codec": "pcm_s16le",
    "bitrate": 256000.0,
    "samplerate": 16000.0,
    "channels": 1.0,
    "audio_md5": "2adc95d3ba98b50ed9d5fcab9ab6a771",
    "loudness": -24.928516387939453,
    "dynamic_range": 0.0,
    "temporal_centroid": 0.4732951521873474,
    "log_attack_time": 0.1439843475818634,
    "filesize": 59120,
    "single_event": true,
    "tonality": "B minor",
    "tonality_confidence": 0.5785401463508606,
    "loop": false,
    "tempo": 129,
    "tempo_confidence": 0.0,
    "note_midi": 41,
    "note_name": "F2",
    "note_frequency": 89.5370101928711,
    "note_confidence": 0.49917280673980713,
    "hardness": 39.47347432594346,
    "depth": 61.197426738368144,
    "brightness": 40.897137377234806,
    "roughness": 36.80037916979243,
    "warmth": 58.80241790129935,
    "sharpness": 27.63215474848896,
    "boominess": 45.868355308580576,
    "reverb": false,
    "genre": "Genre A",
    "mood": "Mood A"
}