{
    "duration": 1.8461250066757202,
    "lossless": 1.0,
    "codec": "pcm_s16le",
    "bitrate": 256000.0,
    "samplerate": 16000.0,
    "channels": 1.0,
    "audio_md5": "90e384af94c5db7cae83a4cc0a61d2e7",
    "loudness": -23.0640869140625,
    "dynamic_range": 0.0,
    "temporal_centroid": 0.46053311228752136,
    "log_attack_time": -1.0803645849227905,
    "filesize": 59120,
    "single_event": true,
    "tonality": "B major",
    "tonality_confidence": 0.6421749591827393,
    "loop": false,
    "tempo": 123,
    "tempo_confidence": 0.0,
    "note_midi": 51,
    "note_name": "D#3",
    "note_frequency": 153.5584259033203,
    "note_confidence": 0.0,
    "hardness": 42.465409588202874,
    "depth": 65.6903192213422,
    "brightness": 35.10495131732278,
    "roughness": 31.629331250898748,
    "warmth": 62.17566304704734,
    "sharpness": 43.0510705969967,
    "boominess": 43.96991477495128,
    "reverb": false,
    "genre": "Genre A",
    "mood": "Mood A"
}