{
    "duration": 1.8461250066757202,
    "lossless": 1.0,
    "codec": "pcm_s16le",
    "bitrate": 256000.0,
    "samplerate": 16000.0,
    "channels": 1.0,
    "audio_md5": "42f9aef82e612560ac531584f7473532",
    "loudness": -27.567365646362305,
    "dynamic_range": 0.0,
    "temporal_centroid": 0.48635607957839966,
    "log_attack_time": 0.14333350956439972,
    "filesize": 59120,
    "single_event": true,
    "tonality": "C# minor",
    "tonality_confidence": 0.5835489630699158,
    "loop": true,
    "tempo": 130,
    "tempo_confidence": 0.9999017119407654,
    "note_midi": 41,
    "note_name": "F2",
    "note_frequency": 85.30632019042969,
    "note_confidence": 0.5157554149627686,
    "hardness": 37.931240028313084,
    "depth": 59.40709692511818,
    "brightness": 41.22599592624486,
    "roughness": 33.38794497925813,
    "warmth": 59.12694127945717,
    "sharpness": 24.031052712913954,
    "boominess": 47.61562890274996,
    "reverb": false,
    "genre": "Genre A",
    "mood": "Mood A"
}