{
    "duration": 1.8461250066757202,
    "lossless": 1.0,
    "codec": "pcm_s16le",
    "bitrate": 256000.0,
    "samplerate": 16000.0,
    "channels": 1.0,
    "audio_md5": "ca88ed2c8a7a4c7d1d58bfb82c1bc82c",
    "loudness": -22.361801147460938,
    "dynamic_range": 0.0,
    "temporal_centroid": 0.48256656527519226,
    "log_attack_time": 0.03507106751203537,
    "filesize": 59120,
    "single_event": true,
    "tonality": "B major",
    "tonality_confidence": 0.6609814763069153,
    "loop": true,
    "tempo": 130,
    "tempo_confidence": 0.9999017119407654,
    "note_midi": 49,
    "note_name": "C#3",
    "note_frequency": 138.2490692138672,
    "note_confidence": 0.03575587272644043,
    "hardness": 40.928434778349654,
    "depth": 66.4794763527908,
    "brightness": 35.64836782124969,
    "roughness": 36.9490908347239,
    "warmth": 62.3654791400064,
    "sharpness": 43.33960960790614,
    "boominess": 43.771162590107814,
    "reverb": false,
    "genre": "Genre A",
    "mood": "Mood A"
}