{
    "duration": 1.8461250066757202,
    "lossless": 1.0,
    "codec": "pcm_s16le",
    "bitrate": 256000.0,
    "samplerate": 16000.0,
    "channels": 1.0,
    "audio_md5": "00c337f96550532d5d683bb72c2c9025",
    "loudness": -25.957460403442383,
    "dynamic_range": 0.0,
    "temporal_centroid": 0.4569018483161926,
    "log_attack_time": -0.3323459029197693,
    "filesize": 59120,
    "single_event": true,
    "tonality": "G minor",
    "tonality_confidence": 0.45017778873443604,
    "loop": false,
    "tempo": 129,
    "tempo_confidence": 0.0,
    "note_midi": 42,
    "note_name": "F#2",
    "note_frequency": 92.48990631103516,
    "note_confidence": 0.5168788433074951,
    "hardness": 39.38299833289375,
    "depth": 60.70668721792225,
    "brightness": 41.111530175021315,
    "roughness": 35.70459826173213,
    "warmth": 58.232131095968356,
    "sharpness": 26.866780785407904,
    "boominess": 46.56631678667833,
    "reverb": false,
    "genre": "Genre A",
    "mood": "Mood A"
}