{
    "duration": 1.8461250066757202,
    "lossless": 1.0,
    "codec": "pcm_s16le",
    "bitrate": 256000.0,
    "samplerate": 16000.0,
    "channels": 1.0,
    "audio_md5": "2d3c54aed2af0298a6a6f3725de70cf2",
    "loudness": -23.095975875854492,
    "dynamic_range": 0.0,
    "temporal_centroid": 0.45793601870536804,
    "log_attack_time": -1.2008627653121948,
    "filesize": 59120,
    "single_event": true,
    "tonality": "B major",
    "tonality_confidence": 0.5756810307502747,
    "loop": false,
    "tempo": 126,
    "tempo_confidence": 0.0,
    "note_midi": 52,
    "note_name": "E3",
    "note_frequency": 168.5904083251953,
    "note_confidence": 0.0,
    "hardness": 40.6456759929857,
    "depth": 66.41585678217002,
    "brightness": 34.71671803185157,
    "roughness": 34.8906615897817,
    "warmth": 62.01065858474894,
    "sharpness": 42.94965983369989,
    "boominess": 44.70259994688286,
    "reverb": false,
    "genre": "Genre A",
    "mood": "Mood A"
}