{
    "duration": 1.8461250066757202,
    "lossless": 1.0,
    "codec": "pcm_s16le",
    "bitrate": 256000.0,
    "samplerate": 16000.0,
    "channels": 1.0,
    "audio_md5": "58565ecf4e6613b48bfa81c808c904a4",
    "loudness": -31.44202995300293,
    "dynamic_range": 0.0,
    "temporal_centroid": 0.44363513588905334,
    "log_attack_time": -1.8598213195800781,
    "filesize": 59120,
    "single_event": true,
    "tonality": "F# minor",
    "tonality_confidence": 0.6903598308563232,
    "loop": true,
    "tempo": 130,
    "tempo_confidence": 0.9999017119407654,
    "note_midi": 36,
    "note_name": "C2",
    "note_frequency": 65.1991195678711,
    "note_confidence": 0.5516957640647888,
    "hardness": 40.284552857264956,
    "depth": 63.2939128844239,
    "brightness": 41.960615115242945,
    "roughness": 39.08899353468307,
    "warmth": 59.13753197689198,
    "sharpness": 20.182158610132518,
    "boominess": 47.8027994140154,
    "reverb": false,
    "genre": "Genre A",
    "mood": "Mood A"
}