{
    "duration": 1.8461250066757202,
    "lossless": 1.0,
    "codec": "pcm_s16le",
    "bitrate": 256000.0,
    "samplerate": 16000.0,
    "channels": 1.0,
    "audio_md5": "480c53c0404fd1b714bfa3072aa08a9e",
    "loudness": -21.55518913269043,
    "dynamic_range": 0.0,
    "temporal_centroid": 0.4644092917442322,
    "log_attack_time": -0.22916467487812042,
    "filesize": 59120,
    "single_event": true,
    "tonality": "E major",
    "tonality_confidence": 0.6534371376037598,
    "loop": true,
    "tempo": 130,
    "tempo_confidence": 0.9999017119407654,
    "note_midi": 34,
    "note_name": "A#1",
    "note_frequency": 57.73190689086914,
    "note_confidence": 0.5523561239242554,
    "hardness": 31.509818141347992,
    "depth": 68.22780036830812,
    "brightness": 32.02896917944183,
    "roughness": 30.773839873920164,
    "warmth": 59.87429561569721,
    "sharpness": 27.791483879042026,
    "boominess": 54.84783908717593,
    "reverb": false,
    "genre": "Genre A",
    "mood": "Mood A"
}