{
    "duration": 1.8461250066757202,
    "lossless": 1.0,
    "codec": "pcm_s16le",
    "bitrate": 256000.0,
    "samplerate": 16000.0,
    "channels": 1.0,
    "audio_md5": "a623913fc1fa4b75fcc21cd095dd96c2",
    "loudness": -31.643672943115234,
    "dynamic_range": 0.0,
    "temporal_centroid": 0.398308128118515,
    "log_attack_time": -1.9854737520217896,
    "filesize": 59120,
    "single_event": true,
    "tonality": "G minor",
    "tonality_confidence": 0.41104382276535034,
    "loop": true,
    "tempo": 131,
    "tempo_confidence": 0.9713839888572693,
    "note_midi": 31,
    "note_name": "G1",
    "note_frequency": 48.52077102661133,
    "note_confidence": 0.4458293914794922,
    "hardness": 38.933028748535406,
    "depth": 63.43945988948034,
    "brightness": 38.95614557938083,
    "roughness": 34.93589504721382,
    "warmth": 58.28654639057791,
    "sharpness": 8.587567889523303,
    "boominess": 49.62594580531882,
    "reverb": false,
    "genre": "Genre A",
    "mood": "Mood A"
}