{
    "duration": 1.8461250066757202,
    "lossless": 1.0,
    "codec": "pcm_s16le",
    "bitrate": 256000.0,
    "samplerate": 16000.0,
    "channels": 1.0,
    "audio_md5": "21d032c12738f8576762cc43f550dfaf",
    "loudness": -22.598573684692383,
    "dynamic_range": 0.0,
    "temporal_centroid": 0.47642576694488525,
    "log_attack_time": -1.1027345657348633,
    "filesize": 59120,
    "single_event": true,
    "tonality": "B minor",
    "tonality_confidence": 0.5980039834976196,
    "loop": false,
    "tempo": 128,
    "tempo_confidence": 0.0,
    "note_midi": 53,
    "note_name": "F3",
    "note_frequency": 176.24681091308594,
    "note_confidence": 0.0,
    "hardness": 44.321145383352615,
    "depth": 65.55947516275464,
    "brightness": 36.028905697233455,
    "roughness": 33.46847041532631,
    "warmth": 62.98660787153747,
    "sharpness": 43.27246623982967,
    "boominess": 43.53160281682021,
    "reverb": false,
    "genre": "Genre A",
    "mood": "Mood A"
}