{
    "duration": 1.8461250066757202,
    "lossless": 1.0,
    "codec": "pcm_s16le",
    "bitrate": 256000.0,
    "samplerate": 16000.0,
    "channels": 1.0,
    "audio_md5": "2036165565b4f76253ed21d2a1d586ab",
    "loudness": -37.53898239135742,
    "dynamic_range": 0.0,
    "temporal_centroid": 0.07374585419893265,
    "log_attack_time": 0.2662391662597656,
    "filesize": 59120,
    "single_event": true,
    "tonality": "A minor",
    "tonality_confidence": -1.0,
    "loop": false,
    "tempo": 98,
    "tempo_confidence": 0.0,
    "note_midi": 107,
    "note_name": "B7",
    "note_frequency": 4009.193115234375,
    "note_confidence": 0.9996625185012817,
    "hardness": 67.71172594076756,
    "depth": 0.5797178717129015,
    "brightness": 85.2443228488629,
    "roughness": 0,
    "warmth": 32.7891110003641,
    "sharpness": 87.02205963672932,
    "boominess": 2.491137092821539,
    "reverb": false,
    "genre": "Genre A",
    "mood": "Mood A"
}