{
    "duration": 1.8461250066757202,
    "lossless": 1.0,
    "codec": "pcm_s16le",
    "bitrate": 256000.0,
    "samplerate": 16000.0,
    "channels": 1.0,
    "audio_md5": "90b8764591001abbfebb696d1f794034",
    "loudness": -28.269237518310547,
    "dynamic_range": 0.0,
    "temporal_centroid": 0.5328981876373291,
    "log_attack_time": 0.14324146509170532,
    "filesize": 59120,
    "single_event": true,
    "tonality": "F# major",
    "tonality_confidence": 0.6153035759925842,
    "loop": true,
    "tempo": 130,
    "tempo_confidence": 0.9999017119407654,
    "note_midi": 39,
    "note_name": "D#2",
    "note_frequency": 76.29042053222656,
    "note_confidence": 0.49247246980667114,
    "hardness": 38.700485215685035,
    "depth": 58.98958999770853,
    "brightness": 41.10826577999241,
    "roughness": 44.3068058362531,
    "warmth": 59.832761066119055,
    "sharpness": 28.99990527306245,
    "boominess": 43.07459693775262,
    "reverb": false,
    "genre": "Genre A",
    "mood": "Mood A"
}