{
    "duration": 1.8461250066757202,
    "lossless": 1.0,
    "codec": "pcm_s16le",
    "bitrate": 256000.0,
    "samplerate": 16000.0,
    "channels": 1.0,
    "audio_md5": "1eccefdf164999baf1e6d856a8b91bac",
    "loudness": -22.023616790771484,
    "dynamic_range": 0.0,
    "temporal_centroid": 0.4766125977039337,
    "log_attack_time": -1.0949448347091675,
    "filesize": 59120,
    "single_event": true,
    "tonality": "B minor",
    "tonality_confidence": 0.4708244502544403,
    "loop": false,
    "tempo": 123,
    "tempo_confidence": 0.0,
    "note_midi": 53,
    "note_name": "F3",
    "note_frequency": 176.00448608398438,
    "note_confidence": 0.0,
    "hardness": 42.9652296270651,
    "depth": 65.5168334872245,
    "brightness": 35.41725581297514,
    "roughness": 33.415985858300374,
    "warmth": 62.67258477306953,
    "sharpness": 43.73455662574611,
    "boominess": 43.30111124448524,
    "reverb": false,
    "genre": "Genre A",
    "mood": "Mood A"
}