{
    "duration": 1.8461250066757202,
    "lossless": 1.0,
    "codec": "pcm_s16le",
    "bitrate": 256000.0,
    "samplerate": 16000.0,
    "channels": 1.0,
    "audio_md5": "51c6858539c4f7eb4a0b538eeca0da83",
    "loudness": -30.200632095336914,
    "dynamic_range": 0.0,
    "temporal_centroid": 0.4389956593513489,
    "log_attack_time": -2.2114691734313965,
    "filesize": 59120,
    "single_event": true,
    "tonality": "B minor",
    "tonality_confidence": 0.5972719788551331,
    "loop": true,
    "tempo": 130,
    "tempo_confidence": 0.9999017119407654,
    "note_midi": 35,
    "note_name": "B1",
    "note_frequency": 61.4858512878418,
    "note_confidence": 0.5382101535797119,
    "hardness": 40.44345468224557,
    "depth": 62.20398469347614,
    "brightness": 41.03940105810233,
    "roughness": 36.527937833136534,
    "warmth": 59.11137843027289,
    "sharpness": 15.52401065913297,
    "boominess": 48.68334388385115,
    "reverb": false,
    "genre": "Genre A",
    "mood": "Mood A"
}