{
    "duration": 1.8461250066757202,
    "lossless": 1.0,
    "codec": "pcm_s16le",
    "bitrate": 256000.0,
    "samplerate": 16000.0,
    "channels": 1.0,
    "audio_md5": "634e0eb813eb7b2f51464d3b0f623e68",
    "loudness": -22.21845245361328,
    "dynamic_range": 0.0,
    "temporal_centroid": 0.4749697744846344,
    "log_attack_time": -1.0652267932891846,
    "filesize": 59120,
    "single_event": true,
    "tonality": "B minor",
    "tonality_confidence": 0.5489290356636047,
    "loop": false,
    "tempo": 128,
    "tempo_confidence": 0.0,
    "note_midi": 48,
    "note_name": "C3",
    "note_frequency": 132.4598846435547,
    "note_confidence": 0.0,
    "hardness": 41.53329876329164,
    "depth": 68.15961333933701,
    "brightness": 35.29856470760689,
    "roughness": 34.8626282799576,
    "warmth": 62.220616757233245,
    "sharpness": 44.641615333420226,
    "boominess": 42.6461428595055,
    "reverb": false,
    "genre": "Genre A",
    "mood": "Mood A"
}