{
    "duration": 1.8461250066757202,
    "lossless": 1.0,
    "codec": "pcm_s16le",
    "bitrate": 256000.0,
    "samplerate": 16000.0,
    "channels": 1.0,
    "audio_md5": "61d1b46c46186e850c789f3452e6f6e7",
    "loudness": -33.340335845947266,
    "dynamic_range": 0.0,
    "temporal_centroid": 0.46295028924942017,
    "log_attack_time": -0.3279440402984619,
    "filesize": 59120,
    "single_event": true,
    "tonality": "G major",
    "tonality_confidence": 0.6220048666000366,
    "loop": true,
    "tempo": 130,
    "tempo_confidence": 0.9999017119407654,
    "note_midi": 34,
    "note_name": "A#1",
    "note_frequency": 58.19731521606445,
    "note_confidence": 0.5507329702377319,
    "hardness": 37.42947611919905,
    "depth": 62.789616088892174,
    "brightness": 42.684547242312256,
    "roughness": 39.220241735954595,
    "warmth": 59.15382825807261,
    "sharpness": 23.03402700800131,
    "boominess": 47.60516697347033,
    "reverb": false,
    "genre": "Genre A",
    "mood": "Mood A"
}