{
    "duration": 1.8461250066757202,
    "lossless": 1.0,
    "codec": "pcm_s16le",
    "bitrate": 256000.0,
    "samplerate": 16000.0,
    "channels": 1.0,
    "audio_md5": "8da2c6ba5dfc194162fc6c65d86f4c89",
    "loudness": -27.320642471313477,
    "dynamic_range": 0.0,
    "temporal_centroid": 0.5251860022544861,
    "log_attack_time": 0.1608787328004837,
    "filesize": 59120,
    "single_event": true,
    "tonality": "C minor",
    "tonality_confidence": 0.5266754031181335,
    "loop": false,
    "tempo": 117,
    "tempo_confidence": 0.0,
    "note_midi": 33,
    "note_name": "A1",
    "note_frequency": 54.8323974609375,
    "note_confidence": 0.08852440118789673,
    "hardness": 38.51232250920506,
    "depth": 69.14718772658048,
    "brightness": 34.69666239889794,
    "roughness": 31.0874899471888,
    "warmth": 59.61113824002312,
    "sharpness": 35.8899807226287,
    "boominess": 48.453789728062574,
    "reverb": false,
    "genre": "Genre A",
    "mood": "Mood A"
}