{
    "duration": 1.8461250066757202,
    "lossless": 1.0,
    "codec": "pcm_s16le",
    "bitrate": 256000.0,
    "samplerate": 16000.0,
    "channels": 1.0,
    "audio_md5": "396641c79b43b84c87f0601154965b00",
    "loudness": -19.61014175415039,
    "dynamic_range": 0.0,
    "temporal_centroid": 0.4791954457759857,
    "log_attack_time": 0.17765754461288452,
    "filesize": 59120,
    "single_event": true,
    "tonality": "D major",
    "tonality_confidence": 0.6081971526145935,
    "loop": true,
    "tempo": 131,
    "tempo_confidence": 0.9994059205055237,
    "note_midi": 33,
    "note_name": "A1",
    "note_frequency": 54.64173889160156,
    "note_confidence": 0.5620224475860596,
    "hardness": 30.48503095584438,
    "depth": 69.31349497052614,
    "brightness": 31.749278638019916,
    "roughness": 31.673990840124606,
    "warmth": 59.120631446901804,
    "sharpness": 30.032213040681874,
    "boominess": 53.39374547788387,
    "reverb": false,
    "genre": "Genre A",
    "mood": "Mood A"
}