{
    "duration": 1.8461250066757202,
    "lossless": 1.0,
    "codec": "pcm_s16le",
    "bitrate": 256000.0,
    "samplerate": 16000.0,
    "channels": 1.0,
    "audio_md5": "3e4cc59ce7b66ead02e2aee385f01821",
    "loudness": -30.44728660583496,
    "dynamic_range": 0.0,
    "temporal_centroid": 0.4295024871826172,
    "log_attack_time": -2.125924587249756,
    "filesize": 59120,
    "single_event": true,
    "tonality": "D major",
    "tonality_confidence": 0.46443989872932434,
    "loop": true,
    "tempo": 130,
    "tempo_confidence": 0.9999017119407654,
    "note_midi": 35,
    "note_name": "B1",
    "note_frequency": 61.526405334472656,
    "note_confidence": 0.5592759847640991,
    "hardness": 42.83374255072388,
    "depth": 63.10516647415766,
    "brightness": 41.46265861340309,
    "roughness": 37.29994502995525,
    "warmth": 58.32501434861703,
    "sharpness": 17.676214049728166,
    "boominess": 48.11759860435803,
    "reverb": false,
    "genre": "Genre A",
    "mood": "Mood A"
}