{
    "duration": 1.8461250066757202,
    "lossless": 1.0,
    "codec": "pcm_s16le",
    "bitrate": 256000.0,
    "samplerate": 16000.0,
    "channels": 1.0,
    "audio_md5": "8406467b9842761b1ec9a2e1e239895c",
    "loudness": -25.797338485717773,
    "dynamic_range": 0.0,
    "temporal_centroid": 0.41619768738746643,
    "log_attack_time": -1.6945608854293823,
    "filesize": 59120,
    "single_event": true,
    "tonality": "D major",
    "tonality_confidence": 0.5356327295303345,
    "loop": false,
    "tempo": 123,
    "tempo_confidence": 0.0,
    "note_midi": 59,
    "note_name": "B3",
    "note_frequency": 245.1043243408203,
    "note_confidence": 0.7229478359222412,
    "hardness": 34.831451364730015,
    "depth": 62.391097435371925,
    "brightness": 28.81647303638861,
    "roughness": 39.2622323553548,
    "warmth": 61.85999512527129,
    "sharpness": 16.741165273713047,
    "boominess": 47.2155623037078,
    "reverb": false,
    "genre": "Genre A",
    "mood": "Mood A"
}