{
    "duration": 1.8461250066757202,
    "lossless": 1.0,
    "codec": "pcm_s16le",
    "bitrate": 256000.0,
    "samplerate": 16000.0,
    "channels": 1.0,
    "audio_md5": "085130b2385b7e25101b09762f524b85",
    "loudness": -22.05902862548828,
    "dynamic_range": 0.0,
    "temporal_centroid": 0.4799972474575043,
    "log_attack_time": -1.1470942497253418,
    "filesize": 59120,
    "single_event": true,
    "tonality": "B minor",
    "tonality_confidence": 0.6393662095069885,
    "loop": false,
    "tempo": 128,
    "tempo_confidence": 0.0,
    "note_midi": 54,
    "note_name": "F#3",
    "note_frequency": 180.2910614013672,
    "note_confidence": 0.0,
    "hardness": 45.31577385816206,
    "depth": 65.82506095293857,
    "brightness": 35.51237363752983,
    "roughness": 32.874425558416846,
    "warmth": 62.6754454671611,
    "sharpness": 43.84163424873122,
    "boominess": 43.106310799844856,
    "reverb": false,
    "genre": "Genre A",
    "mood": "Mood A"
}