{
    "duration": 1.8461250066757202,
    "lossless": 1.0,
    "codec": "pcm_s16le",
    "bitrate": 256000.0,
    "samplerate": 16000.0,
    "channels": 1.0,
    "audio_md5": "a4396f4546e9ca05a83ec2e421b744eb",
    "loudness": -25.334056854248047,
    "dynamic_range": 0.0,
    "temporal_centroid": 0.4555865526199341,
    "log_attack_time": -0.33300262689590454,
    "filesize": 59120,
    "single_event": true,
    "tonality": "F# minor",
    "tonality_confidence": 0.5924215912818909,
    "loop": false,
    "tempo": 129,
    "tempo_confidence": 0.0,
    "note_midi": 41,
    "note_name": "F2",
    "note_frequency": 86.29643249511719,
    "note_confidence": 0.4862111806869507,
    "hardness": 38.986936069577524,
    "depth": 60.50133260526421,
    "brightness": 40.9726057198322,
    "roughness": 37.20615732295697,
    "warmth": 57.83364362012412,
    "sharpness": 27.41410688126302,
    "boominess": 46.55001526730309,
    "reverb": false,
    "genre": "Genre A",
    "mood": "Mood A"
}