{
    "duration": 1.8461250066757202,
    "lossless": 1.0,
    "codec": "pcm_s16le",
    "bitrate": 256000.0,
    "samplerate": 16000.0,
    "channels": 1.0,
    "audio_md5": "0cb661822762adf7b59953b9bc750604",
    "loudness": -22.659589767456055,
    "dynamic_range": 0.0,
    "temporal_centroid": 0.47498613595962524,
    "log_attack_time": -1.2021156549453735,
    "filesize": 59120,
    "single_event": true,
    "tonality": "B minor",
    "tonality_confidence": 0.7770400047302246,
    "loop": false,
    "tempo": 129,
    "tempo_confidence": 0.0,
    "note_midi": 53,
    "note_name": "F3",
    "note_frequency": 175.5236053466797,
    "note_confidence": 0.0,
    "hardness": 42.64470841419532,
    "depth": 65.19611030909049,
    "brightness": 35.563910384472905,
    "roughness": 30.758004583932188,
    "warmth": 62.510061003591545,
    "sharpness": 43.47309349418279,
    "boominess": 43.321786740661494,
    "reverb": false,
    "genre": "Genre A",
    "mood": "Mood A"
}