{
    "duration": 1.8461250066757202,
    "lossless": 1.0,
    "codec": "pcm_s16le",
    "bitrate": 256000.0,
    "samplerate": 16000.0,
    "channels": 1.0,
    "audio_md5": "4d84b03d3ae659163bb8a67b9ccd4510",
    "loudness": -19.108991622924805,
    "dynamic_range": 0.0,
    "temporal_centroid": 0.5167137384414673,
    "log_attack_time": 0.18029889464378357,
    "filesize": 59120,
    "single_event": true,
    "tonality": "F# major",
    "tonality_confidence": 0.6953181028366089,
    "loop": false,
    "tempo": 129,
    "tempo_confidence": 0.0,
    "note_midi": 32,
    "note_name": "G#1",
    "note_frequency": 52.014930725097656,
    "note_confidence": 0.38058197498321533,
    "hardness": 30.07716575117081,
    "depth": 69.52994959262764,
    "brightness": 29.90214551008708,
    "roughness": 31.7681713550816,
    "warmth": 59.785830909337776,
    "sharpness": 30.488699010525448,
    "boominess": 53.4273587860162,
    "reverb": false,
    "genre": "Genre A",
    "mood": "Mood A"
}