{
    "duration": 1.8461250066757202,
    "lossless": 1.0,
    "codec": "pcm_s16le",
    "bitrate": 256000.0,
    "samplerate": 16000.0,
    "channels": 1.0,
    "audio_md5": "a65691ef0879697ad74108020fb88045",
    "loudness": -22.843660354614258,
    "dynamic_range": 0.0,
    "temporal_centroid": 0.46549758315086365,
    "log_attack_time": 0.18010376393795013,
    "filesize": 59120,
    "single_event": true,
    "tonality": "A major",
    "tonality_confidence": 0.4548313617706299,
    "loop": true,
    "tempo": 130,
    "tempo_confidence": 0.9999017119407654,
    "note_midi": 33,
    "note_name": "A1",
    "note_frequency": 54.179779052734375,
    "note_confidence": 0.4954814314842224,
    "hardness": 34.530678864269746,
    "depth": 68.43565819971319,
    "brightness": 32.851254444431234,
    "roughness": 34.87275211276034,
    "warmth": 59.30413722885927,
    "sharpness": 32.743303782912086,
    "boominess": 51.66282881733052,
    "reverb": false,
    "genre": "Genre A",
    "mood": "Mood A"
}