{
    "duration": 1.8461250066757202,
    "lossless": 1.0,
    "codec": "pcm_s16le",
    "bitrate": 256000.0,
    "samplerate": 16000.0,
    "channels": 1.0,
    "audio_md5": "7ac5cae8209fb098658845f08e809af0",
    "loudness": -29.946508407592773,
    "dynamic_range": 0.0,
    "temporal_centroid": 0.4012681543827057,
    "log_attack_time": -1.9009288549423218,
    "filesize": 59120,
    "single_event": true,
    "tonality": "B major",
    "tonality_confidence": 0.7086763978004456,
    "loop": true,
    "tempo": 130,
    "tempo_confidence": 0.9999017119407654,
    "note_midi": 35,
    "note_name": "B1",
    "note_frequency": 62.61963653564453,
    "note_confidence": 0.4772377610206604,
    "hardness": 39.680771656633524,
    "depth": 64.06091087255474,
    "brightness": 40.62246181195009,
    "roughness": 35.44759630473903,
    "warmth": 57.796151514259606,
    "sharpness": 9.464782317138887,
    "boominess": 49.61557250174164,
    "reverb": false,
    "genre": "Genre A",
    "mood": "Mood A"
}