{
    "duration": 1.8461250066757202,
    "lossless": 1.0,
    "codec": "pcm_s16le",
    "bitrate": 256000.0,
    "samplerate": 16000.0,
    "channels": 1.0,
    "audio_md5": "26c6198182d6938741f42fba019dcf8c",
    "loudness": -18.154804229736328,
    "dynamic_range": 0.0,
    "temporal_centroid": 0.49219781160354614,
    "log_attack_time": -1.2955501079559326,
    "filesize": 59120,
    "single_event": true,
    "tonality": "F major",
    "tonality_confidence": 0.7788993716239929,
    "loop": false,
    "tempo": 89,
    "tempo_confidence": 0.0,
    "note_midi": 34,
    "note_name": "A#1",
    "note_frequency": 56.903865814208984,
    "note_confidence": 0.3821491003036499,
    "hardness": 31.918387958491792,
    "depth": 69.08960658617433,
    "brightness": 31.638526486943935,
    "roughness": 25.03750741528124,
    "warmth": 56.202467400483,
    "sharpness": 32.39211091897849,
    "boominess": 55.491264741867155,
    "reverb": false,
    "genre": "Genre A",
    "mood": "Mood A"
}