{
    "duration": 1.8461250066757202,
    "lossless": 1.0,
    "codec": "pcm_s16le",
    "bitrate": 256000.0,
    "samplerate": 16000.0,
    "channels": 1.0,
    "audio_md5": "d579a030e476b137b1c81b6b0a885519",
    "loudness": -16.63238525390625,
    "dynamic_range": 0.0,
    "temporal_centroid": 0.5029054880142212,
    "log_attack_time": -1.233155608177185,
    "filesize": 59120,
    "single_event": true,
    "tonality": "F minor",
    "tonality_confidence": 0.4379692077636719,
    "loop": false,
    "tempo": 157,
    "tempo_confidence": 0.0,
    "note_midi": 35,
    "note_name": "B1",
    "note_frequency": 61.13755798339844,
    "note_confidence": 0.3997284173965454,
    "hardness": 32.803995827361376,
    "depth": 69.1486027033315,
    "brightness": 30.99442929408908,
    "roughness": 29.977562713154775,
    "warmth": 56.05251760293922,
    "sharpness": 29.86794251017703,
    "boominess": 56.64053042601501,
    "reverb": false,
    "genre": "Genre A",
    "mood": "Mood A"
}