{
    "duration": 1.8461250066757202,
    "lossless": 1.0,
    "codec": "pcm_s16le",
    "bitrate": 256000.0,
    "samplerate": 16000.0,
    "channels": 1.0,
    "audio_md5": "310d38daac556f9a8b8923f79066b86c",
    "loudness": -26.81420135498047,
    "dynamic_range": 0.0,
    "temporal_centroid": 0.4746955633163452,
    "log_attack_time": -0.3236693739891052,
    "filesize": 59120,
    "single_event": true,
    "tonality": "E major",
    "tonality_confidence": 0.3005167841911316,
    "loop": true,
    "tempo": 129,
    "tempo_confidence": 0.9570000171661377,
    "note_midi": 34,
    "note_name": "A#1",
    "note_frequency": 59.729583740234375,
    "note_confidence": 0.46472859382629395,
    "hardness": 41.779129289542496,
    "depth": 62.74881631637615,
    "brightness": 41.19888289702367,
    "roughness": 34.44252409941167,
    "warmth": 53.88547234232512,
    "sharpness": 30.78519793823193,
    "boominess": 47.52529000815723,
    "reverb": false,
    "genre": "Genre A",
    "mood": "Mood A"
}