{
    "duration": 1.8461250066757202,
    "lossless": 1.0,
    "codec": "pcm_s16le",
    "bitrate": 256000.0,
    "samplerate": 16000.0,
    "channels": 1.0,
    "audio_md5": "506263f30c89804fb3f48d63a0c4bb24",
    "loudness": -26.229021072387695,
    "dynamic_range": 0.0,
    "temporal_centroid": 0.4689663052558899,
    "log_attack_time": -0.32360711693763733,
    "filesize": 59120,
    "single_event": true,
    "tonality": "E major",
    "tonality_confidence": 0.5708800554275513,
    "loop": false,
    "tempo": 129,
    "tempo_confidence": 0.0,
    "note_midi": 35,
    "note_name": "B1",
    "note_frequency": 62.51287078857422,
    "note_confidence": 0.4914650321006775,
    "hardness": 42.51940944211569,
    "depth": 62.24086504642334,
    "brightness": 40.964636172163814,
    "roughness": 34.11320465150901,
    "warmth": 52.78936704097636,
    "sharpness": 31.04104035743383,
    "boominess": 47.59602622976986,
    "reverb": false,
    "genre": "Genre A",
    "mood": "Mood A"
}