{
    "duration": 1.8461250066757202,
    "lossless": 1.0,
    "codec": "pcm_s16le",
    "bitrate": 256000.0,
    "samplerate": 16000.0,
    "channels": 1.0,
    "audio_md5": "72ef967cce53e42749ccc46a6ca4014f",
    "loudness": -18.813739776611328,
    "dynamic_range": 0.0,
    "temporal_centroid": 0.5064705014228821,
    "log_attack_time": -1.2905222177505493,
    "filesize": 59120,
    "single_event": true,
    "tonality": "A# minor",
    "tonality_confidence": 0.4485015571117401,
    "loop": true,
    "tempo": 87,
    "tempo_confidence": 0.9828367233276367,
    "note_midi": 36,
    "note_name": "C2",
    "note_frequency": 66.53424072265625,
    "note_confidence": 0.23558014631271362,
    "hardness": 34.00836780762344,
    "depth": 69.2001546790864,
    "brightness": 31.106842882770277,
    "roughness": 27.867340055223256,
    "warmth": 55.66114180475416,
    "sharpness": 35.18419291579852,
    "boominess": 54.9102322172764,
    "reverb": false,
    "genre": "Genre A",
    "mood": "Mood A"
}