{
    "duration": 1.8461250066757202,
    "lossless": 1.0,
    "codec": "pcm_s16le",
    "bitrate": 256000.0,
    "samplerate": 16000.0,
    "channels": 1.0,
    "audio_md5": "a951961043f4034a4ba473058289bec6",
    "loudness": -27.701684951782227,
    "dynamic_range": 0.0,
    "temporal_centroid": 0.4555514454841614,
    "log_attack_time": -2.157299280166626,
    "filesize": 59120,
    "single_event": true,
    "tonality": "D major",
    "tonality_confidence": 0.5414404273033142,
    "loop": true,
    "tempo": 129,
    "tempo_confidence": 0.9642153978347778,
    "note_midi": 33,
    "note_name": "A1",
    "note_frequency": 54.13758850097656,
    "note_confidence": 0.43972671031951904,
    "hardness": 44.21696113989273,
    "depth": 62.810756366667,
    "brightness": 41.8022643123967,
    "roughness": 33.13321759285442,
    "warmth": 53.082961863409665,
    "sharpness": 30.94104160144166,
    "boominess": 48.22130587795548,
    "reverb": false,
    "genre": "Genre A",
    "mood": "Mood A"
}