{
    "duration": 1.8461250066757202,
    "lossless": 1.0,
    "codec": "pcm_s16le",
    "bitrate": 256000.0,
    "samplerate": 16000.0,
    "channels": 1.0,
    "audio_md5": "dc02efdb967d3b5f7a9d87850764e582",
    "loudness": -25.886831283569336,
    "dynamic_range": 0.0,
    "temporal_centroid": 0.47614195942878723,
    "log_attack_time": -2.1233010292053223,
    "filesize": 59120,
    "single_event": true,
    "tonality": "E major",
    "tonality_confidence": 0.6714398860931396,
    "loop": true,
    "tempo": 128,
    "tempo_confidence": 0.9812305569648743,
    "note_midi": 50,
    "note_name": "D3",
    "note_frequency": 146.73477172851562,
    "note_confidence": 0.6376309394836426,
    "hardness": 37.20728102708168,
    "depth": 60.77754641672676,
    "brightness": 32.34977877346596,
    "roughness": 37.04415185542664,
    "warmth": 56.8683137498119,
    "sharpness": 26.8862529232372,
    "boominess": 46.89845658054345,
    "reverb": false,
    "genre": "Genre A",
    "mood": "Mood A"
}