{
    "duration": 1.8461250066757202,
    "lossless": 1.0,
    "codec": "pcm_s16le",
    "bitrate": 256000.0,
    "samplerate": 16000.0,
    "channels": 1.0,
    "audio_md5": "086958fb5cf47f693aaca59d808dff55",
    "loudness": -26.239938735961914,
    "dynamic_range": 0.0,
    "temporal_centroid": 0.45738065242767334,
    "log_attack_time": -2.120692253112793,
    "filesize": 59120,
    "single_event": true,
    "tonality": "B major",
    "tonality_confidence": 0.6624431610107422,
    "loop": false,
    "tempo": 129,
    "tempo_confidence": 0.0,
    "note_midi": 33,
    "note_name": "A1",
    "note_frequency": 56.572486877441406,
    "note_confidence": 0.5063643455505371,
    "hardness": 44.02359423499172,
    "depth": 61.51448855680683,
    "brightness": 41.57811128535782,
    "roughness": 35.90704064200739,
    "warmth": 52.56911007042739,
    "sharpness": 29.558765878835672,
    "boominess": 47.577244216426564,
    "reverb": false,
    "genre": "Genre A",
    "mood": "Mood A"
}