{
    "duration": 1.8461250066757202,
    "lossless": 1.0,
    "codec": "pcm_s16le",
    "bitrate": 256000.0,
    "samplerate": 16000.0,
    "channels": 1.0,
    "audio_md5": "2ff336effd76c76b2c669150bd9a2131",
    "loudness": -17.58345603942871,
    "dynamic_range": 0.0,
    "temporal_centroid": 0.4945112466812134,
    "log_attack_time": -1.237047553062439,
    "filesize": 59120,
    "single_event": true,
    "tonality": "E major",
    "tonality_confidence": 0.5636889338493347,
    "loop": false,
    "tempo": 167,
    "tempo_confidence": 0.0,
    "note_midi": 33,
    "note_name": "A1",
    "note_frequency": 53.72167205810547,
    "note_confidence": 0.377663791179657,
    "hardness": 31.443332586845457,
    "depth": 69.69086840614261,
    "brightness": 31.186509956596225,
    "roughness": 24.367395018385984,
    "warmth": 54.20923506664351,
    "sharpness": 36.6403249940837,
    "boominess": 53.37961934079409,
    "reverb": false,
    "genre": "Genre A",
    "mood": "Mood A"
}