{
    "duration": 1.8461250066757202,
    "lossless": 1.0,
    "codec": "pcm_s16le",
    "bitrate": 256000.0,
    "samplerate": 16000.0,
    "channels": 1.0,
    "audio_md5": "bbd0571ab13edb0766c6bebc7a9705bf",
    "loudness": -26.64965057373047,
    "dynamic_range": 0.0,
    "temporal_centroid": 0.4502936601638794,
    "log_attack_time": -2.1193935871124268,
    "filesize": 59120,
    "single_event": true,
    "tonality": "F minor",
    "tonality_confidence": 0.434004545211792,
    "loop": false,
    "tempo": 129,
    "tempo_confidence": 0.0,
    "note_midi": 36,
    "note_name": "C2",
    "note_frequency": 65.06885528564453,
    "note_confidence": 0.5701549053192139,
    "hardness": 42.69871085525281,
    "depth": 61.96463928991337,
    "brightness": 41.32924879980741,
    "roughness": 38.179890362405224,
    "warmth": 53.60591453140354,
    "sharpness": 30.12434507966992,
    "boominess": 47.386246298046004,
    "reverb": false,
    "genre": "Genre A",
    "mood": "Mood A"
}