{
    "duration": 1.8461250066757202,
    "lossless": 1.0,
    "codec": "pcm_s16le",
    "bitrate": 256000.0,
    "samplerate": 16000.0,
    "channels": 1.0,
    "audio_md5": "1d772e80dd916d72f484821093c073ac",
    "loudness": -17.172964096069336,
    "dynamic_range": 0.0,
    "temporal_centroid": 0.5119258165359497,
    "log_attack_time": -0.11156956106424332,
    "filesize": 59120,
    "single_event": true,
    "tonality": "C# minor",
    "tonality_confidence": 0.5656102299690247,
    "loop": false,
    "tempo": 167,
    "tempo_confidence": 0.0,
    "note_midi": 34,
    "note_name": "A#1",
    "note_frequency": 58.364349365234375,
    "note_confidence": 0.37970906496047974,
    "hardness": 36.26208212136589,
    "depth": 68.95115796521192,
    "brightness": 30.524542676356436,
    "roughness": 26.058258863337166,
    "warmth": 55.73727958972828,
    "sharpness": 39.41083535379848,
    "boominess": 52.97992528542107,
    "reverb": false,
    "genre": "Genre A",
    "mood": "Mood A"
}