{
    "duration": 1.8461250066757202,
    "lossless": 1.0,
    "codec": "pcm_s16le",
    "bitrate": 256000.0,
    "samplerate": 16000.0,
    "channels": 1.0,
    "audio_md5": "76363499d25892034cf855a7f191fec2",
    "loudness": -18.442716598510742,
    "dynamic_range": 0.0,
    "temporal_centroid": 0.5108115673065186,
    "log_attack_time": -1.2907148599624634,
    "filesize": 59120,
    "single_event": true,
    "tonality": "G# major",
    "tonality_confidence": 0.6789326667785645,
    "loop": true,
    "tempo": 86,
    "tempo_confidence": 0.9647679328918457,
    "note_midi": 34,
    "note_name": "A#1",
    "note_frequency": 56.620269775390625,
    "note_confidence": 0.2950107455253601,
    "hardness": 30.344125997211364,
    "depth": 69.53220744036835,
    "brightness": 32.26814532436397,
    "roughness": 31.384659988449336,
    "warmth": 55.24011927374929,
    "sharpness": 29.650164946772467,
    "boominess": 56.36291052926114,
    "reverb": false,
    "genre": "Genre A",
    "mood": "Mood A"
}