{
    "duration": 1.8461250066757202,
    "lossless": 1.0,
    "codec": "pcm_s16le",
    "bitrate": 256000.0,
    "samplerate": 16000.0,
    "channels": 1.0,
    "audio_md5": "2804ffbdea2648563c344dc5fcd857a9",
    "loudness": -17.35015296936035,
    "dynamic_range": 0.0,
    "temporal_centroid": 0.49924957752227783,
    "log_attack_time": -1.3014240264892578,
    "filesize": 59120,
    "single_event": true,
    "tonality": "G# minor",
    "tonality_confidence": 0.50328528881073,
    "loop": false,
    "tempo": 172,
    "tempo_confidence": 0.0,
    "note_midi": 34,
    "note_name": "A#1",
    "note_frequency": 59.69226837158203,
    "note_confidence": 0.2907453775405884,
    "hardness": 31.546945943127085,
    "depth": 69.24849480355579,
    "brightness": 31.85811853182795,
    "roughness": 31.100665620649835,
    "warmth": 56.08343524187386,
    "sharpness": 30.18954150039019,
    "boominess": 56.29351810151509,
    "reverb": false,
    "genre": "Genre A",
    "mood": "Mood A"
}