{
    "duration": 1.8461250066757202,
    "lossless": 1.0,
    "codec": "pcm_s16le",
    "bitrate": 256000.0,
    "samplerate": 16000.0,
    "channels": 1.0,
    "audio_md5": "e2fbad27a3f540472ca38bb5e1ee43d0",
    "loudness": -17.709529876708984,
    "dynamic_range": 0.0,
    "temporal_centroid": 0.5016909837722778,
    "log_attack_time": -1.2408032417297363,
    "filesize": 59120,
    "single_event": true,
    "tonality": "F minor",
    "tonality_confidence": 0.6428306102752686,
    "loop": true,
    "tempo": 87,
    "tempo_confidence": 0.9903333187103271,
    "note_midi": 33,
    "note_name": "A1",
    "note_frequency": 55.28054428100586,
    "note_confidence": 0.38771510124206543,
    "hardness": 33.19739448895831,
    "depth": 69.47781270016762,
    "brightness": 31.759312133498305,
    "roughness": 28.017964322992704,
    "warmth": 56.67836880201067,
    "sharpness": 32.5527271420819,
    "boominess": 55.32828914423038,
    "reverb": false,
    "genre": "Genre A",
    "mood": "Mood A"
}