{
    "duration": 1.8461250066757202,
    "lossless": 1.0,
    "codec": "pcm_s16le",
    "bitrate": 256000.0,
    "samplerate": 16000.0,
    "channels": 1.0,
    "audio_md5": "274775e8a979d3c6eb633b805c55261b",
    "loudness": -18.80540657043457,
    "dynamic_range": 0.0,
    "temporal_centroid": 0.5055880546569824,
    "log_attack_time": -0.13987255096435547,
    "filesize": 59120,
    "single_event": true,
    "tonality": "E minor",
    "tonality_confidence": 0.5322834849357605,
    "loop": true,
    "tempo": 87,
    "tempo_confidence": 0.9863219857215881,
    "note_midi": 34,
    "note_name": "A#1",
    "note_frequency": 58.5138053894043,
    "note_confidence": 0.4300358295440674,
    "hardness": 31.04110103689227,
    "depth": 69.1542364405933,
    "brightness": 32.77877798910582,
    "roughness": 28.630253096490975,
    "warmth": 57.186062966154104,
    "sharpness": 29.82261573313904,
    "boominess": 56.38999430014363,
    "reverb": false,
    "genre": "Genre A",
    "mood": "Mood A"
}