{
    "duration": 1.8461250066757202,
    "lossless": 1.0,
    "codec": "pcm_s16le",
    "bitrate": 256000.0,
    "samplerate": 16000.0,
    "channels": 1.0,
    "audio_md5": "633dd4617a1a1a8fbd5b29f7534a0e89",
    "loudness": -26.57300567626953,
    "dynamic_range": 0.0,
    "temporal_centroid": 0.4615615904331207,
    "log_attack_time": -1.9677449464797974,
    "filesize": 59120,
    "single_event": true,
    "tonality": "G# major",
    "tonality_confidence": 0.7262610197067261,
    "loop": false,
    "tempo": 86,
    "tempo_confidence": 0.0,
    "note_midi": 35,
    "note_name": "B1",
    "note_frequency": 62.43770217895508,
    "note_confidence": 0.39830130338668823,
    "hardness": 41.125752859020366,
    "depth": 61.165303444893055,
    "brightness": 42.62205382839425,
    "roughness": 34.31521472780981,
    "warmth": 52.55338112598019,
    "sharpness": 24.887789812970116,
    "boominess": 48.02791345944043,
    "reverb": false,
    "genre": "Genre A",
    "mood": "Mood A"
}