{
    "duration": 1.8461250066757202,
    "lossless": 1.0,
    "codec": "pcm_s16le",
    "bitrate": 256000.0,
    "samplerate": 16000.0,
    "channels": 1.0,
    "audio_md5": "d5a3a0cc2fdf37f30ef4609549017059",
    "loudness": -26.306554794311523,
    "dynamic_range": 0.0,
    "temporal_centroid": 0.47630441188812256,
    "log_attack_time": -0.32445859909057617,
    "filesize": 59120,
    "single_event": true,
    "tonality": "C# minor",
    "tonality_confidence": 0.6515122652053833,
    "loop": false,
    "tempo": 129,
    "tempo_confidence": 0.0,
    "note_midi": 34,
    "note_name": "A#1",
    "note_frequency": 57.39136505126953,
    "note_confidence": 0.46534866094589233,
    "hardness": 42.3626567864581,
    "depth": 62.490141607460096,
    "brightness": 41.23845522756805,
    "roughness": 34.054630520215845,
    "warmth": 53.17131344083058,
    "sharpness": 31.513411499038124,
    "boominess": 47.193571319023384,
    "reverb": false,
    "genre": "Genre A",
    "mood": "Mood A"
}