{
    "duration": 1.8461250066757202,
    "lossless": 1.0,
    "codec": "pcm_s16le",
    "bitrate": 256000.0,
    "samplerate": 16000.0,
    "channels": 1.0,
    "audio_md5": "3dae869851989f42f575cc09969e302e",
    "loudness": -25.993959426879883,
    "dynamic_range": 0.0,
    "temporal_centroid": 0.5541694760322571,
    "log_attack_time": -0.14652806520462036,
    "filesize": 59120,
    "single_event": true,
    "tonality": "B minor",
    "tonality_confidence": 0.4671798646450043,
    "loop": false,
    "tempo": 157,
    "tempo_confidence": 0.0,
    "note_midi": 36,
    "note_name": "C2",
    "note_frequency": 66.76646423339844,
    "note_confidence": 0.36844319105148315,
    "hardness": 32.789133597813944,
    "depth": 66.81256699845909,
    "brightness": 35.09761486759028,
    "roughness": 30.643609935449568,
    "warmth": 56.745967243753164,
    "sharpness": 27.211321210758545,
    "boominess": 56.91481130668344,
    "reverb": false,
    "genre": "Genre A",
    "mood": "Mood A"
}