{
    "duration": 1.8461250066757202,
    "lossless": 1.0,
    "codec": "pcm_s16le",
    "bitrate": 256000.0,
    "samplerate": 16000.0,
    "channels": 1.0,
    "audio_md5": "3bdb510ee23d424514c16c560b515299",
    "loudness": -25.649057388305664,
    "dynamic_range": 0.0,
    "temporal_centroid": 0.4575815498828888,
    "log_attack_time": -2.1233010292053223,
    "filesize": 59120,
    "single_event": true,
    "tonality": "F# minor",
    "tonality_confidence": 0.540276288986206,
    "loop": false,
    "tempo": 129,
    "tempo_confidence": 0.0,
    "note_midi": 33,
    "note_name": "A1",
    "note_frequency": 56.50812530517578,
    "note_confidence": 0.4611580967903137,
    "hardness": 40.98458854451356,
    "depth": 60.8871354722129,
    "brightness": 40.752697652586924,
    "roughness": 33.59956275701141,
    "warmth": 53.54235612895589,
    "sharpness": 27.792127556160818,
    "boominess": 47.87056022112908,
    "reverb": false,
    "genre": "Genre A",
    "mood": "Mood A"
}