{
    "duration": 1.8461250066757202,
    "lossless": 1.0,
    "codec": "pcm_s16le",
    "bitrate": 256000.0,
    "samplerate": 16000.0,
    "channels": 1.0,
    "audio_md5": "9a66dbe80394121b4b87e21a55dacb60",
    "loudness": -17.312131881713867,
    "dynamic_range": 0.0,
    "temporal_centroid": 0.4919993281364441,
    "log_attack_time": -1.4502015113830566,
    "filesize": 59120,
    "single_event": true,
    "tonality": "E minor",
    "tonality_confidence": 0.6668102741241455,
    "loop": true,
    "tempo": 86,
    "tempo_confidence": 0.9659380316734314,
    "note_midi": 33,
    "note_name": "A1",
    "note_frequency": 55.62792205810547,
    "note_confidence": 0.35616207122802734,
    "hardness": 33.05683297965349,
    "depth": 70.27256227629182,
    "brightness": 30.7074813759352,
    "roughness": 31.092648991073386,
    "warmth": 55.195287017519945,
    "sharpness": 32.73741371185732,
    "boominess": 54.596097875174166,
    "reverb": false,
    "genre": "Genre A",
    "mood": "Mood A"
}