{
    "duration": 1.8461250066757202,
    "lossless": 1.0,
    "codec": "pcm_s16le",
    "bitrate": 256000.0,
    "samplerate": 16000.0,
    "channels": 1.0,
    "audio_md5": "0d2f55e3dc6a2752fbf633a4b6464950",
    "loudness": -20.785682678222656,
    "dynamic_range": 0.0,
    "temporal_centroid": 0.4938986003398895,
    "log_attack_time": -1.3201560974121094,
    "filesize": 59120,
    "single_event": true,
    "tonality": "C minor",
    "tonality_confidence": 0.6154516935348511,
    "loop": false,
    "tempo": 167,
    "tempo_confidence": 0.0,
    "note_midi": 34,
    "note_name": "A#1",
    "note_frequency": 57.631370544433594,
    "note_confidence": 0.2184017300605774,
    "hardness": 34.494391834687065,
    "depth": 70.18481684840064,
    "brightness": 31.62998548368963,
    "roughness": 24.924285922208867,
    "warmth": 57.17537253482851,
    "sharpness": 34.97542126485836,
    "boominess": 54.0434362507436,
    "reverb": false,
    "genre": "Genre A",
    "mood": "Mood A"
}