{
    "duration": 1.8461250066757202,
    "lossless": 1.0,
    "codec": "pcm_s16le",
    "bitrate": 256000.0,
    "samplerate": 16000.0,
    "channels": 1.0,
    "audio_md5": "eb7f81717d657ee59574df098e091003",
    "loudness": -26.313329696655273,
    "dynamic_range": 0.0,
    "temporal_centroid": 0.46891725063323975,
    "log_attack_time": -0.3236693739891052,
    "filesize": 59120,
    "single_event": true,
    "tonality": "C# major",
    "tonality_confidence": 0.4941231310367584,
    "loop": false,
    "tempo": 129,
    "tempo_confidence": 0.0,
    "note_midi": 34,
    "note_name": "A#1",
    "note_frequency": 57.79481506347656,
    "note_confidence": 0.541720986366272,
    "hardness": 41.95589393342726,
    "depth": 61.79885670367966,
    "brightness": 40.985219494248554,
    "roughness": 34.667093504757446,
    "warmth": 53.680252568876696,
    "sharpness": 31.287650037406156,
    "boominess": 47.426007548000214,
    "reverb": false,
    "genre": "Genre A",
    "mood": "Mood A"
}