{
    "duration": 1.8461250066757202,
    "lossless": 1.0,
    "codec": "pcm_s16le",
    "bitrate": 256000.0,
    "samplerate": 16000.0,
    "channels": 1.0,
    "audio_md5": "8d50dbb01c5478ca09dcd534f73e22ac",
    "loudness": -17.721656799316406,
    "dynamic_range": 0.0,
    "temporal_centroid": 0.5010470747947693,
    "log_attack_time": -1.237558126449585,
    "filesize": 59120,
    "single_event": true,
    "tonality": "G minor",
    "tonality_confidence": 0.3845963180065155,
    "loop": false,
    "tempo": 157,
    "tempo_confidence": 0.0,
    "note_midi": 33,
    "note_name": "A1",
    "note_frequency": 54.12970733642578,
    "note_confidence": 0.45627087354660034,
    "hardness": 38.23184686586126,
    "depth": 69.19970920011183,
    "brightness": 31.804446580363372,
    "roughness": 29.507953546859518,
    "warmth": 56.603715906307386,
    "sharpness": 29.338427307033967,
    "boominess": 55.94918813337253,
    "reverb": false,
    "genre": "Genre A",
    "mood": "Mood A"
}