{
    "duration": 1.8461250066757202,
    "lossless": 1.0,
    "codec": "pcm_s16le",
    "bitrate": 256000.0,
    "samplerate": 16000.0,
    "channels": 1.0,
    "audio_md5": "17a7ce28d556863aa807e1d5a0957417",
    "loudness": -27.347028732299805,
    "dynamic_range": 0.0,
    "temporal_centroid": 0.4704305827617645,
    "log_attack_time": -2.1233010292053223,
    "filesize": 59120,
    "single_event": true,
    "tonality": "C# major",
    "tonality_confidence": 0.5787031650543213,
    "loop": false,
    "tempo": 129,
    "tempo_confidence": 0.0,
    "note_midi": 34,
    "note_name": "A#1",
    "note_frequency": 58.24615478515625,
    "note_confidence": 0.4794996380805969,
    "hardness": 44.55372868137823,
    "depth": 62.80283015544524,
    "brightness": 41.76063134486359,
    "roughness": 35.878285181380356,
    "warmth": 53.406251725810456,
    "sharpness": 31.109507271122744,
    "boominess": 47.480490596317935,
    "reverb": false,
    "genre": "Genre A",
    "mood": "Mood A"
}