{
    "duration": 1.8461250066757202,
    "lossless": 1.0,
    "codec": "pcm_s16le",
    "bitrate": 256000.0,
    "samplerate": 16000.0,
    "channels": 1.0,
    "audio_md5": "efaa3d879a893f272adc8002ea306f37",
    "loudness": -18.179304122924805,
    "dynamic_range": 0.0,
    "temporal_centroid": 0.4941159784793854,
    "log_attack_time": -1.231139063835144,
    "filesize": 59120,
    "single_event": true,
    "tonality": "A major",
    "tonality_confidence": 0.7402158379554749,
    "loop": true,
    "tempo": 87,
    "tempo_confidence": 0.9877029657363892,
    "note_midi": 34,
    "note_name": "A#1",
    "note_frequency": 57.47023010253906,
    "note_confidence": 0.40084391832351685,
    "hardness": 34.02519095890479,
    "depth": 68.96599634296302,
    "brightness": 31.73078152119124,
    "roughness": 26.04534482426674,
    "warmth": 55.05124264876934,
    "sharpness": 33.802282049990225,
    "boominess": 55.09055053118685,
    "reverb": false,
    "genre": "Genre A",
    "mood": "Mood A"
}