{
    "duration": 1.8461250066757202,
    "lossless": 1.0,
    "codec": "pcm_s16le",
    "bitrate": 256000.0,
    "samplerate": 16000.0,
    "channels": 1.0,
    "audio_md5": "b1a15442c5e0862e86e3398c48759f21",
    "loudness": -21.134130477905273,
    "dynamic_range": 0.0,
    "temporal_centroid": 0.4831215441226959,
    "log_attack_time": -1.2669506072998047,
    "filesize": 59120,
    "single_event": true,
    "tonality": "C minor",
    "tonality_confidence": 0.34155893325805664,
    "loop": true,
    "tempo": 87,
    "tempo_confidence": 0.9731042981147766,
    "note_midi": 33,
    "note_name": "A1",
    "note_frequency": 55.47030258178711,
    "note_confidence": 0.17099428176879883,
    "hardness": 34.06538585708891,
    "depth": 71.82666316654372,
    "brightness": 29.01650961351629,
    "roughness": 24.717082445073522,
    "warmth": 58.833279510545296,
    "sharpness": 28.19077033894897,
    "boominess": 56.54904257175578,
    "reverb": false,
    "genre": "Genre A",
    "mood": "Mood A"
}