{
    "duration": 1.8461250066757202,
    "lossless": 1.0,
    "codec": "pcm_s16le",
    "bitrate": 256000.0,
    "samplerate": 16000.0,
    "channels": 1.0,
    "audio_md5": "86882476e0cffcddbebd4dcfe02e15e9",
    "loudness": -27.873308181762695,
    "dynamic_range": 0.0,
    "temporal_centroid": 0.45216307044029236,
    "log_attack_time": -1.6708489656448364,
    "filesize": 59120,
    "single_event": true,
    "tonality": "B minor",
    "tonality_confidence": 0.8181285262107849,
    "loop": false,
    "tempo": 86,
    "tempo_confidence": 0.0,
    "note_midi": 38,
    "note_name": "D2",
    "note_frequency": 71.986328125,
    "note_confidence": 0.5676888227462769,
    "hardness": 41.58067582749668,
    "depth": 62.680033222171474,
    "brightness": 40.85719204443991,
    "roughness": 39.402629695621144,
    "warmth": 57.343110576823605,
    "sharpness": 10.942711751226913,
    "boominess": 50.60979087363903,
    "reverb": false,
    "genre": "Genre A",
    "mood": "Mood A"
}