{
    "duration": 1.8461250066757202,
    "lossless": 1.0,
    "codec": "pcm_s16le",
    "bitrate": 256000.0,
    "samplerate": 16000.0,
    "channels": 1.0,
    "audio_md5": "fbd36465ba04aaa0f6f5136da0770341",
    "loudness": -17.483104705810547,
    "dynamic_range": 0.0,
    "temporal_centroid": 0.49908530712127686,
    "log_attack_time": -1.240975022315979,
    "filesize": 59120,
    "single_event": true,
    "tonality": "F major",
    "tonality_confidence": 0.5577099323272705,
    "loop": false,
    "tempo": 157,
    "tempo_confidence": 0.0,
    "note_midi": 33,
    "note_name": "A1",
    "note_frequency": 55.539154052734375,
    "note_confidence": 0.49343961477279663,
    "hardness": 32.01983476080427,
    "depth": 69.47174339158722,
    "brightness": 31.463859746846083,
    "roughness": 28.32200840769204,
    "warmth": 56.116211902018804,
    "sharpness": 28.79540216993563,
    "boominess": 56.275151432760715,
    "reverb": false,
    "genre": "Genre A",
    "mood": "Mood A"
}