{
    "duration": 1.8461250066757202,
    "lossless": 1.0,
    "codec": "pcm_s16le",
    "bitrate": 256000.0,
    "samplerate": 16000.0,
    "channels": 1.0,
    "audio_md5": "79ad4b1ff2cfddfcff4a9700a9378419",
    "loudness": -35.42741775512695,
    "dynamic_range": 0.0,
    "temporal_centroid": 0.36611682176589966,
    "log_attack_time": -1.9542425870895386,
    "filesize": 59120,
    "single_event": true,
    "tonality": "A major",
    "tonality_confidence": 0.7168315649032593,
    "loop": false,
    "tempo": 172,
    "tempo_confidence": 0.0,
    "note_midi": 38,
    "note_name": "D2",
    "note_frequency": 71.87325286865234,
    "note_confidence": 0.4750877022743225,
    "hardness": 38.05933256607389,
    "depth": 64.81618640216776,
    "brightness": 27.071808717606746,
    "roughness": 33.35592486705563,
    "warmth": 59.35591206460256,
    "sharpness": 9.202477813901215,
    "boominess": 53.85861362735962,
    "reverb": false,
    "genre": "Genre A",
    "mood": "Mood A"
}