{
    "duration": 1.8461250066757202,
    "lossless": 1.0,
    "codec": "pcm_s16le",
    "bitrate": 256000.0,
    "samplerate": 16000.0,
    "channels": 1.0,
    "audio_md5": "81b22f79fcf7b33296d565d0f5e65f55",
    "loudness": -26.555940628051758,
    "dynamic_range": 0.0,
    "temporal_centroid": 0.19607849419116974,
    "log_attack_time": -1.1494495868682861,
    "filesize": 59120,
    "single_event": true,
    "tonality": "A major",
    "tonality_confidence": 0.5334491729736328,
    "loop": false,
    "tempo": 133,
    "tempo_confidence": 0.0,
    "note_midi": 47,
    "note_name": "B2",
    "note_frequency": 124.85729217529297,
    "note_confidence": 0.318314790725708,
    "hardness": 39.63738970421949,
    "depth": 66.86007866673933,
    "brightness": 38.28662686871917,
    "roughness": 32.950626611757784,
    "warmth": 55.71822436709772,
    "sharpness": 28.87992827066025,
    "boominess": 57.075101695031314,
    "reverb": false,
    "genre": "Genre A",
    "mood": "Mood A"
}