{
    "duration": 1.8461250066757202,
    "lossless": 1.0,
    "codec": "pcm_s16le",
    "bitrate": 256000.0,
    "samplerate": 16000.0,
    "channels": 1.0,
    "audio_md5": "eae24e7362c152c8895caaddb7aab56d",
    "loudness": -26.843399047851562,
    "dynamic_range": 0.0,
    "temporal_centroid": 0.3101399838924408,
    "log_attack_time": -1.581856608390808,
    "filesize": 59120,
    "single_event": true,
    "tonality": "C major",
    "tonality_confidence": 0.4986550509929657,
    "loop": true,
    "tempo": 131,
    "tempo_confidence": 0.9790083169937134,
    "note_midi": 36,
    "note_name": "C2",
    "note_frequency": 66.62947845458984,
    "note_confidence": 0.361064076423645,
    "hardness": 32.146896446266894,
    "depth": 67.38793496204605,
    "brightness": 34.730806242463146,
    "roughness": 29.85198792271049,
    "warmth": 57.99411479690394,
    "sharpness": 6.0922839818207315,
    "boominess": 60.16882385375315,
    "reverb": false,
    "genre": "Genre A",
    "mood": "Mood A"
}