{
    "duration": 1.8461250066757202,
    "lossless": 1.0,
    "codec": "pcm_s16le",
    "bitrate": 256000.0,
    "samplerate": 16000.0,
    "channels": 1.0,
    "audio_md5": "94af8805da94d73365fb6ba1aaccebcb",
    "loudness": -25.869117736816406,
    "dynamic_range": 0.0,
    "temporal_centroid": 0.38608986139297485,
    "log_attack_time": -0.03304458037018776,
    "filesize": 59120,
    "single_event": true,
    "tonality": "C# minor",
    "tonality_confidence": 0.5986983180046082,
    "loop": false,
    "tempo": 129,
    "tempo_confidence": 0.0,
    "note_midi": 43,
    "note_name": "G2",
    "note_frequency": 99.93313598632812,
    "note_confidence": 0.40352779626846313,
    "hardness": 36.97754227226201,
    "depth": 58.902088364279216,
    "brightness": 43.088367517502455,
    "roughness": 31.168109590397112,
    "warmth": 50.66642695536821,
    "sharpness": 28.9130191806521,
    "boominess": 48.61431404849894,
    "reverb": false,
    "genre": "Genre A",
    "mood": "Mood A"
}