{
    "duration": 1.8461250066757202,
    "lossless": 1.0,
    "codec": "pcm_s16le",
    "bitrate": 256000.0,
    "samplerate": 16000.0,
    "channels": 1.0,
    "audio_md5": "7ebd8a20170fbcfe3d91a662c0914b1f",
    "loudness": -26.338756561279297,
    "dynamic_range": 0.0,
    "temporal_centroid": 0.3789021968841553,
    "log_attack_time": -0.032333165407180786,
    "filesize": 59120,
    "single_event": true,
    "tonality": "C major",
    "tonality_confidence": 0.3465249538421631,
    "loop": false,
    "tempo": 129,
    "tempo_confidence": 0.0,
    "note_midi": 41,
    "note_name": "F2",
    "note_frequency": 86.349853515625,
    "note_confidence": 0.41093337535858154,
    "hardness": 37.63640924623573,
    "depth": 58.532920606312715,
    "brightness": 43.74225112022569,
    "roughness": 31.195160404886803,
    "warmth": 50.72398854945023,
    "sharpness": 31.4409981030823,
    "boominess": 48.22908915765481,
    "reverb": false,
    "genre": "Genre A",
    "mood": "Mood A"
}