{
    "duration": 1.8461250066757202,
    "lossless": 1.0,
    "codec": "pcm_s16le",
    "bitrate": 256000.0,
    "samplerate": 16000.0,
    "channels": 1.0,
    "audio_md5": "78e600c567cfb9dabf64456fd1732fab",
    "loudness": -27.70914649963379,
    "dynamic_range": 0.0,
    "temporal_centroid": 0.1767207682132721,
    "log_attack_time": -1.4063924551010132,
    "filesize": 59120,
    "single_event": true,
    "tonality": "G minor",
    "tonality_confidence": 0.5286584496498108,
    "loop": false,
    "tempo": 134,
    "tempo_confidence": 0.0,
    "note_midi": 40,
    "note_name": "E2",
    "note_frequency": 83.25908660888672,
    "note_confidence": 0.37493038177490234,
    "hardness": 36.20004534154383,
    "depth": 67.06619611822772,
    "brightness": 39.96112539215201,
    "roughness": 27.787414460957685,
    "warmth": 54.52021600113683,
    "sharpness": 25.672697079871522,
    "boominess": 57.39670667919985,
    "reverb": false,
    "genre": "Genre A",
    "mood": "Mood A"
}