{
    "duration": 1.8461250066757202,
    "lossless": 1.0,
    "codec": "pcm_s16le",
    "bitrate": 256000.0,
    "samplerate": 16000.0,
    "channels": 1.0,
    "audio_md5": "b2cada44f41764f916a9cbb234e15a3f",
    "loudness": -29.780485153198242,
    "dynamic_range": 0.0,
    "temporal_centroid": 0.27983078360557556,
    "log_attack_time": -1.6514434814453125,
    "filesize": 59120,
    "single_event": true,
    "tonality": "C major",
    "tonality_confidence": 0.49786144495010376,
    "loop": true,
    "tempo": 131,
    "tempo_confidence": 0.9767309427261353,
    "note_midi": 36,
    "note_name": "C2",
    "note_frequency": 64.29942321777344,
    "note_confidence": 0.42907434701919556,
    "hardness": 33.431756420895354,
    "depth": 66.2227202472067,
    "brightness": 36.195697653181576,
    "roughness": 30.25695258430729,
    "warmth": 58.49822809518601,
    "sharpness": 6.324561690574889,
    "boominess": 58.78049453613805,
    "reverb": false,
    "genre": "Genre A",
    "mood": "Mood A"
}