{
    "duration": 1.8461250066757202,
    "lossless": 1.0,
    "codec": "pcm_s16le",
    "bitrate": 256000.0,
    "samplerate": 16000.0,
    "channels": 1.0,
    "audio_md5": "a2df589a9d5cb306e1f7e639cad14988",
    "loudness": -25.751771926879883,
    "dynamic_range": 0.0,
    "temporal_centroid": 0.3998328745365143,
    "log_attack_time": -0.03171828016638756,
    "filesize": 59120,
    "single_event": true,
    "tonality": "C major",
    "tonality_confidence": 0.30422788858413696,
    "loop": false,
    "tempo": 129,
    "tempo_confidence": 0.0,
    "note_midi": 43,
    "note_name": "G2",
    "note_frequency": 99.84307098388672,
    "note_confidence": 0.4155181050300598,
    "hardness": 37.77756637761631,
    "depth": 58.26880904035339,
    "brightness": 44.021134444211775,
    "roughness": 28.621728097287352,
    "warmth": 49.298064508707355,
    "sharpness": 36.22232706315548,
    "boominess": 47.17691614999992,
    "reverb": false,
    "genre": "Genre A",
    "mood": "Mood A"
}