{
    "duration": 1.8461250066757202,
    "lossless": 1.0,
    "codec": "pcm_s16le",
    "bitrate": 256000.0,
    "samplerate": 16000.0,
    "channels": 1.0,
    "audio_md5": "db52bbb233f43a40763332c05fc0ecaa",
    "loudness": -18.750391006469727,
    "dynamic_range": 0.0,
    "temporal_centroid": 0.47836068272590637,
    "log_attack_time": 0.15394961833953857,
    "filesize": 59120,
    "single_event": true,
    "tonality": "D minor",
    "tonality_confidence": 0.38776007294654846,
    "loop": false,
    "tempo": 157,
    "tempo_confidence": 0.0,
    "note_midi": 62,
    "note_name": "D4",
    "note_frequency": 293.382568359375,
    "note_confidence": 0.3629602789878845,
    "hardness": 25.984465190660543,
    "depth": 66.56666081716317,
    "brightness": 17.76588949810052,
    "roughness": 0,
    "warmth": 57.853144664178465,
    "sharpness": 23.93690736609605,
    "boominess": 59.97307361762024,
    "reverb": false,
    "genre": "Genre A",
    "mood": "Mood A"
}