{
    "duration": 1.8461250066757202,
    "lossless": 1.0,
    "codec": "pcm_s16le",
    "bitrate": 256000.0,
    "samplerate": 16000.0,
    "channels": 1.0,
    "audio_md5": "bf1f7a0a2bbadf83fc6d1e2451bd4678",
    "loudness": -30.73975944519043,
    "dynamic_range": 0.0,
    "temporal_centroid": 0.4239421486854553,
    "log_attack_time": -0.3300025165081024,
    "filesize": 59120,
    "single_event": true,
    "tonality": "E major",
    "tonality_confidence": 0.7317589521408081,
    "loop": true,
    "tempo": 131,
    "tempo_confidence": 0.9697006940841675,
    "note_midi": 41,
    "note_name": "F2",
    "note_frequency": 86.35798645019531,
    "note_confidence": 0.47168463468551636,
    "hardness": 38.21358584857869,
    "depth": 57.09717071882318,
    "brightness": 42.30176006768928,
    "roughness": 35.12162312545316,
    "warmth": 53.48116999416379,
    "sharpness": 22.699644350011965,
    "boominess": 47.81327746924377,
    "reverb": false,
    "genre": "Genre A",
    "mood": "Mood A"
}