{
    "duration": 1.8461250066757202,
    "lossless": 1.0,
    "codec": "pcm_s16le",
    "bitrate": 256000.0,
    "samplerate": 16000.0,
    "channels": 1.0,
    "audio_md5": "d34c7e0f05b36764a493c6621d078b27",
    "loudness": -29.096237182617188,
    "dynamic_range": 0.0,
    "temporal_centroid": 0.3930582106113434,
    "log_attack_time": -0.03093506023287773,
    "filesize": 59120,
    "single_event": true,
    "tonality": "C minor",
    "tonality_confidence": 0.5224588513374329,
    "loop": false,
    "tempo": 129,
    "tempo_confidence": 0.0,
    "note_midi": 40,
    "note_name": "E2",
    "note_frequency": 83.2188720703125,
    "note_confidence": 0.36769431829452515,
    "hardness": 37.17411618697784,
    "depth": 61.036084991972466,
    "brightness": 44.096491780417665,
    "roughness": 32.815792829861664,
    "warmth": 50.647472871288805,
    "sharpness": 34.89840398784121,
    "boominess": 48.2678484977164,
    "reverb": false,
    "genre": "Genre A",
    "mood": "Mood A"
}