{
    "duration": 1.8461250066757202,
    "lossless": 1.0,
    "codec": "pcm_s16le",
    "bitrate": 256000.0,
    "samplerate": 16000.0,
    "channels": 1.0,
    "audio_md5": "27c3ca5b45e2157038556817119e0c5a",
    "loudness": -26.7189998626709,
    "dynamic_range": 0.0,
    "temporal_centroid": 0.22003470361232758,
    "log_attack_time": -0.8672293424606323,
    "filesize": 59120,
    "single_event": true,
    "tonality": "F# minor",
    "tonality_confidence": 0.7618312835693359,
    "loop": false,
    "tempo": 134,
    "tempo_confidence": 0.0,
    "note_midi": 58,
    "note_name": "A#3",
    "note_frequency": 239.481689453125,
    "note_confidence": 0.6219136118888855,
    "hardness": 30.832410166473935,
    "depth": 58.014833037373585,
    "brightness": 26.509874864982855,
    "roughness": 34.993597240118234,
    "warmth": 56.610373947036464,
    "sharpness": 14.418462121963003,
    "boominess": 49.97111027023807,
    "reverb": false,
    "genre": "Genre A",
    "mood": "Mood A"
}