{
    "duration": 1.8461250066757202,
    "lossless": 1.0,
    "codec": "pcm_s16le",
    "bitrate": 256000.0,
    "samplerate": 16000.0,
    "channels": 1.0,
    "audio_md5": "226a0dcb1dbfbda3940b9115b4b893a9",
    "loudness": -29.609567642211914,
    "dynamic_range": 0.0,
    "temporal_centroid": 0.27943557500839233,
    "log_attack_time": -1.6653456687927246,
    "filesize": 59120,
    "single_event": true,
    "tonality": "A major",
    "tonality_confidence": 0.6362658143043518,
    "loop": false,
    "tempo": 129,
    "tempo_confidence": 0.0,
    "note_midi": 37,
    "note_name": "C#2",
    "note_frequency": 67.96415710449219,
    "note_confidence": 0.4372868537902832,
    "hardness": 33.85403752691451,
    "depth": 66.859197427491,
    "brightness": 36.27951255316164,
    "roughness": 33.67746202805591,
    "warmth": 58.49402090446647,
    "sharpness": 7.047210442209,
    "boominess": 58.357004856052285,
    "reverb": false,
    "genre": "Genre A",
    "mood": "Mood A"
}