{
    "duration": 1.8461250066757202,
    "lossless": 1.0,
    "codec": "pcm_s16le",
    "bitrate": 256000.0,
    "samplerate": 16000.0,
    "channels": 1.0,
    "audio_md5": "1ad488c1d3b24323417dbc53d49c6e9d",
    "loudness": -27.98056983947754,
    "dynamic_range": 0.0,
    "temporal_centroid": 0.17784222960472107,
    "log_attack_time": -1.2117899656295776,
    "filesize": 59120,
    "single_event": true,
    "tonality": "D minor",
    "tonality_confidence": 0.6264634728431702,
    "loop": false,
    "tempo": 134,
    "tempo_confidence": 0.0,
    "note_midi": 41,
    "note_name": "F2",
    "note_frequency": 86.5450439453125,
    "note_confidence": 0.36874932050704956,
    "hardness": 39.586789979953025,
    "depth": 67.32463738374935,
    "brightness": 39.16755713134765,
    "roughness": 24.47031230524918,
    "warmth": 53.91308036765645,
    "sharpness": 23.67510411406902,
    "boominess": 58.11440293257972,
    "reverb": false,
    "genre": "Genre A",
    "mood": "Mood A"
}