{
    "duration": 1.8461250066757202,
    "lossless": 1.0,
    "codec": "pcm_s16le",
    "bitrate": 256000.0,
    "samplerate": 16000.0,
    "channels": 1.0,
    "audio_md5": "2526db8036062d871af443c50b296d89",
    "loudness": -29.964431762695312,
    "dynamic_range": 0.0,
    "temporal_centroid": 0.4199855327606201,
    "log_attack_time": -0.15693259239196777,
    "filesize": 59120,
    "single_event": true,
    "tonality": "C# minor",
    "tonality_confidence": 0.3272274434566498,
    "loop": false,
    "tempo": 172,
    "tempo_confidence": 0.0,
    "note_midi": 35,
    "note_name": "B1",
    "note_frequency": 63.08045196533203,
    "note_confidence": 0.43685460090637207,
    "hardness": 34.96648116914649,
    "depth": 63.24072831843788,
    "brightness": 27.635977946007852,
    "roughness": 31.40618430130397,
    "warmth": 58.05270104721578,
    "sharpness": 11.772418537158455,
    "boominess": 52.99786774422878,
    "reverb": false,
    "genre": "Genre A",
    "mood": "Mood A"
}