{
    "duration": 1.8461250066757202,
    "lossless": 1.0,
    "codec": "pcm_s16le",
    "bitrate": 256000.0,
    "samplerate": 16000.0,
    "channels": 1.0,
    "audio_md5": "c0d6cea68f8761acf6528082202f6678",
    "loudness": -25.727975845336914,
    "dynamic_range": 0.0,
    "temporal_centroid": 0.18144723773002625,
    "log_attack_time": -1.210668683052063,
    "filesize": 59120,
    "single_event": true,
    "tonality": "F major",
    "tonality_confidence": 0.6296350359916687,
    "loop": false,
    "tempo": 133,
    "tempo_confidence": 0.0,
    "note_midi": 43,
    "note_name": "G2",
    "note_frequency": 99.87227630615234,
    "note_confidence": 0.2669137716293335,
    "hardness": 36.645052550387305,
    "depth": 67.68235556732995,
    "brightness": 36.11761895669302,
    "roughness": 33.78346497858773,
    "warmth": 54.874968033062224,
    "sharpness": 18.269999640157675,
    "boominess": 60.497647408966145,
    "reverb": false,
    "genre": "Genre A",
    "mood": "Mood A"
}