{
    "duration": 1.8461250066757202,
    "lossless": 1.0,
    "codec": "pcm_s16le",
    "bitrate": 256000.0,
    "samplerate": 16000.0,
    "channels": 1.0,
    "audio_md5": "c1039aad5cfb3ea74e89ae06cc7ad26d",
    "loudness": -18.939149856567383,
    "dynamic_range": 0.0,
    "temporal_centroid": 0.5023699402809143,
    "log_attack_time": 0.15368008613586426,
    "filesize": 59120,
    "single_event": true,
    "tonality": "A# minor",
    "tonality_confidence": 0.6741592288017273,
    "loop": false,
    "tempo": 172,
    "tempo_confidence": 0.0,
    "note_midi": 43,
    "note_name": "G2",
    "note_frequency": 99.90235900878906,
    "note_confidence": 0.022292375564575195,
    "hardness": 26.258673396723793,
    "depth": 67.39378690381864,
    "brightness": 17.761703336590408,
    "roughness": 23.99577836187611,
    "warmth": 57.715664465858595,
    "sharpness": 27.430547130319304,
    "boominess": 58.6501371678372,
    "reverb": false,
    "genre": "Genre A",
    "mood": "Mood A"
}