{
    "duration": 1.8461250066757202,
    "lossless": 1.0,
    "codec": "pcm_s16le",
    "bitrate": 256000.0,
    "samplerate": 16000.0,
    "channels": 1.0,
    "audio_md5": "6f9474fc3fd1635da4c32a6a6ffc5cba",
    "loudness": -29.813356399536133,
    "dynamic_range": 0.0,
    "temporal_centroid": 0.41520199179649353,
    "log_attack_time": -0.15701737999916077,
    "filesize": 59120,
    "single_event": true,
    "tonality": "C# minor",
    "tonality_confidence": 0.6785954833030701,
    "loop": false,
    "tempo": 167,
    "tempo_confidence": 0.0,
    "note_midi": 41,
    "note_name": "F2",
    "note_frequency": 85.99251556396484,
    "note_confidence": 0.44428741931915283,
    "hardness": 35.362455440922986,
    "depth": 63.33776592693262,
    "brightness": 27.6968548283638,
    "roughness": 33.12885425661017,
    "warmth": 58.56140697587559,
    "sharpness": 11.333478106326368,
    "boominess": 52.68013926494194,
    "reverb": false,
    "genre": "Genre A",
    "mood": "Mood A"
}