{
    "duration": 1.8461250066757202,
    "lossless": 1.0,
    "codec": "pcm_s16le",
    "bitrate": 256000.0,
    "samplerate": 16000.0,
    "channels": 1.0,
    "audio_md5": "21b0eb8d5e4ce1a81dce5be34e925dac",
    "loudness": -29.48693084716797,
    "dynamic_range": 0.0,
    "temporal_centroid": 0.30776140093803406,
    "log_attack_time": -0.03350174054503441,
    "filesize": 59120,
    "single_event": true,
    "tonality": "D major",
    "tonality_confidence": 0.7184556722640991,
    "loop": false,
    "tempo": 129,
    "tempo_confidence": 0.0,
    "note_midi": 38,
    "note_name": "D2",
    "note_frequency": 74.21893310546875,
    "note_confidence": 0.4227175712585449,
    "hardness": 45.93498032983854,
    "depth": 54.33838854425939,
    "brightness": 46.55601412282797,
    "roughness": 33.5826645038789,
    "warmth": 49.79894071557364,
    "sharpness": 35.69526302364385,
    "boominess": 43.050332969428325,
    "reverb": false,
    "genre": "Genre A",
    "mood": "Mood A"
}