{
    "duration": 1.8461250066757202,
    "lossless": 1.0,
    "codec": "pcm_s16le",
    "bitrate": 256000.0,
    "samplerate": 16000.0,
    "channels": 1.0,
    "audio_md5": "5ce5156459ec1afb0067a141099da8d7",
    "loudness": -36.774139404296875,
    "dynamic_range": 0.0,
    "temporal_centroid": 0.11400385946035385,
    "log_attack_time": -1.8478642702102661,
    "filesize": 59120,
    "single_event": true,
    "tonality": "B minor",
    "tonality_confidence": 0.31713664531707764,
    "loop": false,
    "tempo": 129,
    "tempo_confidence": 0.0,
    "note_midi": 38,
    "note_name": "D2",
    "note_frequency": 71.34873962402344,
    "note_confidence": 0.3984212875366211,
    "hardness": 43.00531707178396,
    "depth": 68.53352432058766,
    "brightness": 43.322980981355585,
    "roughness": 33.49927406993977,
    "warmth": 54.219160455758185,
    "sharpness": 14.07118135310699,
    "boominess": 53.76881919041457,
    "reverb": false,
    "genre": "Genre A",
    "mood": "Mood A"
}