{
    "duration": 1.8461250066757202,
    "lossless": 1.0,
    "codec": "pcm_s16le",
    "bitrate": 256000.0,
    "samplerate": 16000.0,
    "channels": 1.0,
    "audio_md5": "922ab3f17d10e9b583f4141294f8f00c",
    "loudness": -28.13631248474121,
    "dynamic_range": 0.0,
    "temporal_centroid": 0.19003969430923462,
    "log_attack_time": -1.2859326601028442,
    "filesize": 59120,
    "single_event": true,
    "tonality": "G minor",
    "tonality_confidence": 0.46663782000541687,
    "loop": false,
    "tempo": 133,
    "tempo_confidence": 0.0,
    "note_midi": 42,
    "note_name": "F#2",
    "note_frequency": 95.19746398925781,
    "note_confidence": 0.28606629371643066,
    "hardness": 35.73051390891601,
    "depth": 66.46739672953704,
    "brightness": 39.026677486409696,
    "roughness": 26.371071718593008,
    "warmth": 55.36865157667922,
    "sharpness": 23.800120128106556,
    "boominess": 57.5702339408521,
    "reverb": false,
    "genre": "Genre A",
    "mood": "Mood A"
}