{
    "duration": 1.8461250066757202,
    "lossless": 1.0,
    "codec": "pcm_s16le",
    "bitrate": 256000.0,
    "samplerate": 16000.0,
    "channels": 1.0,
    "audio_md5": "21110b95ab029a5831324795f2bfa4ed",
    "loudness": -24.21052360534668,
    "dynamic_range": 0.0,
    "temporal_centroid": 0.21291913092136383,
    "log_attack_time": -1.5468342304229736,
    "filesize": 59120,
    "single_event": true,
    "tonality": "F major",
    "tonality_confidence": 0.6295427680015564,
    "loop": false,
    "tempo": 134,
    "tempo_confidence": 0.0,
    "note_midi": 53,
    "note_name": "F3",
    "note_frequency": 170.11514282226562,
    "note_confidence": 0.2731533646583557,
    "hardness": 31.220354823767707,
    "depth": 66.32447229230398,
    "brightness": 35.82324736204434,
    "roughness": 26.53919912286657,
    "warmth": 55.5676554262172,
    "sharpness": 12.610895864166036,
    "boominess": 61.43932156268515,
    "reverb": false,
    "genre": "Genre A",
    "mood": "Mood A"
}