{
    "duration": 1.8461250066757202,
    "lossless": 1.0,
    "codec": "pcm_s16le",
    "bitrate": 256000.0,
    "samplerate": 16000.0,
    "channels": 1.0,
    "audio_md5": "b74c332a5452789bded0f475c5f340e8",
    "loudness": -28.671266555786133,
    "dynamic_range": 0.0,
    "temporal_centroid": 0.17020146548748016,
    "log_attack_time": -1.1988344192504883,
    "filesize": 59120,
    "single_event": true,
    "tonality": "G minor",
    "tonality_confidence": 0.6657129526138306,
    "loop": false,
    "tempo": 133,
    "tempo_confidence": 0.0,
    "note_midi": 40,
    "note_name": "E2",
    "note_frequency": 83.26266479492188,
    "note_confidence": 0.34651482105255127,
    "hardness": 34.896554452162434,
    "depth": 67.59061774333806,
    "brightness": 38.132509441612385,
    "roughness": 25.014394058870934,
    "warmth": 55.31843084968816,
    "sharpness": 23.929925216507602,
    "boominess": 58.35579452656333,
    "reverb": false,
    "genre": "Genre A",
    "mood": "Mood A"
}