{
    "duration": 1.8461250066757202,
    "lossless": 1.0,
    "codec": "pcm_s16le",
    "bitrate": 256000.0,
    "samplerate": 16000.0,
    "channels": 1.0,
    "audio_md5": "2f029b05f015530af2b715fbd19bd0fa",
    "loudness": -31.001869201660156,
    "dynamic_range": 0.0,
    "temporal_centroid": 0.4304485619068146,
    "log_attack_time": -0.3273158371448517,
    "filesize": 59120,
    "single_event": true,
    "tonality": "E major",
    "tonality_confidence": 0.7918913960456848,
    "loop": true,
    "tempo": 131,
    "tempo_confidence": 0.9692056179046631,
    "note_midi": 38,
    "note_name": "D2",
    "note_frequency": 71.58275604248047,
    "note_confidence": 0.5063598155975342,
    "hardness": 38.058897644189145,
    "depth": 57.97570389854431,
    "brightness": 41.62304813452579,
    "roughness": 35.24809511987743,
    "warmth": 54.942713950424505,
    "sharpness": 19.483627548770144,
    "boominess": 48.90440329856992,
    "reverb": false,
    "genre": "Genre A",
    "mood": "Mood A"
}