{
    "duration": 1.8461250066757202,
    "lossless": 1.0,
    "codec": "pcm_s16le",
    "bitrate": 256000.0,
    "samplerate": 16000.0,
    "channels": 1.0,
    "audio_md5": "d707872b64b29be191f8a161130b25c2",
    "loudness": -29.38719367980957,
    "dynamic_range": 0.0,
    "temporal_centroid": 0.44003692269325256,
    "log_attack_time": -0.33200734853744507,
    "filesize": 59120,
    "single_event": true,
    "tonality": "A minor",
    "tonality_confidence": 0.5029380321502686,
    "loop": true,
    "tempo": 131,
    "tempo_confidence": 0.9595018625259399,
    "note_midi": 40,
    "note_name": "E2",
    "note_frequency": 83.3120346069336,
    "note_confidence": 0.5379739999771118,
    "hardness": 42.500365524383284,
    "depth": 60.68752222226985,
    "brightness": 40.687935155844826,
    "roughness": 33.57193441124574,
    "warmth": 53.91360009979494,
    "sharpness": 27.57332860638566,
    "boominess": 47.225389017472466,
    "reverb": false,
    "genre": "Genre A",
    "mood": "Mood A"
}