{
    "duration": 1.8461250066757202,
    "lossless": 1.0,
    "codec": "pcm_s16le",
    "bitrate": 256000.0,
    "samplerate": 16000.0,
    "channels": 1.0,
    "audio_md5": "5b1f6896c41243289823894c302272f4",
    "loudness": -30.110668182373047,
    "dynamic_range": 0.0,
    "temporal_centroid": 0.4720489978790283,
    "log_attack_time": 0.14257533848285675,
    "filesize": 59120,
    "single_event": true,
    "tonality": "C minor",
    "tonality_confidence": 0.3901825547218323,
    "loop": true,
    "tempo": 131,
    "tempo_confidence": 0.9834641218185425,
    "note_midi": 46,
    "note_name": "A#2",
    "note_frequency": 114.6673355102539,
    "note_confidence": 0.4829327464103699,
    "hardness": 42.575327946305606,
    "depth": 52.91822150984972,
    "brightness": 42.00823259217894,
    "roughness": 36.21804698462906,
    "warmth": 52.596325253079414,
    "sharpness": 28.46330194495136,
    "boominess": 45.44958888183638,
    "reverb": false,
    "genre": "Genre A",
    "mood": "Mood A"
}