{
    "duration": 1.8461250066757202,
    "lossless": 1.0,
    "codec": "pcm_s16le",
    "bitrate": 256000.0,
    "samplerate": 16000.0,
    "channels": 1.0,
    "audio_md5": "a2c70a19982f0c6a77529f01c603ba4c",
    "loudness": -26.43922996520996,
    "dynamic_range": 0.0,
    "temporal_centroid": 0.3740907311439514,
    "log_attack_time": -0.03196204453706741,
    "filesize": 59120,
    "single_event": true,
    "tonality": "A major",
    "tonality_confidence": 0.2605290114879608,
    "loop": false,
    "tempo": 129,
    "tempo_confidence": 0.0,
    "note_midi": 40,
    "note_name": "E2",
    "note_frequency": 83.26102447509766,
    "note_confidence": 0.3977038860321045,
    "hardness": 39.910030685140924,
    "depth": 59.01120997141512,
    "brightness": 43.50964349824976,
    "roughness": 31.1205349596443,
    "warmth": 51.00534758414443,
    "sharpness": 32.555655745736246,
    "boominess": 48.059865181846746,
    "reverb": false,
    "genre": "Genre A",
    "mood": "Mood A"
}