{
    "duration": 1.8461250066757202,
    "lossless": 1.0,
    "codec": "pcm_s16le",
    "bitrate": 256000.0,
    "samplerate": 16000.0,
    "channels": 1.0,
    "audio_md5": "ff09b532240e452896ec68d1795ae2a3",
    "loudness": -29.792478561401367,
    "dynamic_range": 0.0,
    "temporal_centroid": 0.4123108685016632,
    "log_attack_time": -0.15705977380275726,
    "filesize": 59120,
    "single_event": true,
    "tonality": "F# major",
    "tonality_confidence": 0.6501556634902954,
    "loop": false,
    "tempo": 167,
    "tempo_confidence": 0.0,
    "note_midi": 37,
    "note_name": "C#2",
    "note_frequency": 67.99616241455078,
    "note_confidence": 0.44326019287109375,
    "hardness": 34.40028672494719,
    "depth": 63.3651395006316,
    "brightness": 27.46556633121646,
    "roughness": 34.17621341592398,
    "warmth": 57.94797001644373,
    "sharpness": 9.703917562815885,
    "boominess": 53.09006595036939,
    "reverb": false,
    "genre": "Genre A",
    "mood": "Mood A"
}