{
    "duration": 1.8461250066757202,
    "lossless": 1.0,
    "codec": "pcm_s16le",
    "bitrate": 256000.0,
    "samplerate": 16000.0,
    "channels": 1.0,
    "audio_md5": "519ab8d0f676cd4558869ff14fb39368",
    "loudness": -28.86353874206543,
    "dynamic_range": 0.0,
    "temporal_centroid": 0.42271551489830017,
    "log_attack_time": -0.1568901538848877,
    "filesize": 59120,
    "single_event": true,
    "tonality": "C# major",
    "tonality_confidence": 0.45673277974128723,
    "loop": false,
    "tempo": 167,
    "tempo_confidence": 0.0,
    "note_midi": 39,
    "note_name": "D#2",
    "note_frequency": 79.6046142578125,
    "note_confidence": 0.464475154876709,
    "hardness": 32.00335317248408,
    "depth": 62.66471520992964,
    "brightness": 27.800308578787842,
    "roughness": 32.79708179085421,
    "warmth": 57.02234753734675,
    "sharpness": 1.367504397271226,
    "boominess": 53.55042410257955,
    "reverb": false,
    "genre": "Genre A",
    "mood": "Mood A"
}