{
    "duration": 1.8461250066757202,
    "lossless": 1.0,
    "codec": "pcm_s16le",
    "bitrate": 256000.0,
    "samplerate": 16000.0,
    "channels": 1.0,
    "audio_md5": "a6dcd2e46a5c9aa418cf8759fe87e8c0",
    "loudness": -18.91722297668457,
    "dynamic_range": 0.0,
    "temporal_centroid": 0.518035888671875,
    "log_attack_time": 0.15169845521450043,
    "filesize": 59120,
    "single_event": true,
    "tonality": "C major",
    "tonality_confidence": 0.5191245675086975,
    "loop": false,
    "tempo": 167,
    "tempo_confidence": 0.0,
    "note_midi": 39,
    "note_name": "D#2",
    "note_frequency": 77.30683135986328,
    "note_confidence": 0.2310413122177124,
    "hardness": 27.3837426612411,
    "depth": 67.50166994931749,
    "brightness": 17.386131782671676,
    "roughness": 28.581076390016932,
    "warmth": 57.59714037421014,
    "sharpness": 28.655132905268427,
    "boominess": 58.206634580498765,
    "reverb": false,
    "genre": "Genre A",
    "mood": "Mood A"
}