{
    "duration": 1.8461250066757202,
    "lossless": 1.0,
    "codec": "pcm_s16le",
    "bitrate": 256000.0,
    "samplerate": 16000.0,
    "channels": 1.0,
    "audio_md5": "b105aff95bfd18599bef8058c19dd207",
    "loudness": -30.17540168762207,
    "dynamic_range": 0.0,
    "temporal_centroid": 0.4589933156967163,
    "log_attack_time": 0.1430431455373764,
    "filesize": 59120,
    "single_event": true,
    "tonality": "E minor",
    "tonality_confidence": 0.43606626987457275,
    "loop": true,
    "tempo": 131,
    "tempo_confidence": 0.9788102507591248,
    "note_midi": 41,
    "note_name": "F2",
    "note_frequency": 86.14002990722656,
    "note_confidence": 0.5269895792007446,
    "hardness": 41.46268436620022,
    "depth": 57.04275592589622,
    "brightness": 41.66813583462961,
    "roughness": 35.5816704782436,
    "warmth": 54.013331537401314,
    "sharpness": 26.68777492472654,
    "boominess": 45.937119943188485,
    "reverb": false,
    "genre": "Genre A",
    "mood": "Mood A"
}