{
    "duration": 1.8461250066757202,
    "lossless": 1.0,
    "codec": "pcm_s16le",
    "bitrate": 256000.0,
    "samplerate": 16000.0,
    "channels": 1.0,
    "audio_md5": "89b72f46b14a5eab7086095e3ba84930",
    "loudness": -29.45978355407715,
    "dynamic_range": 0.0,
    "temporal_centroid": 0.4253091812133789,
    "log_attack_time": -0.15600070357322693,
    "filesize": 59120,
    "single_event": true,
    "tonality": "D minor",
    "tonality_confidence": 0.649931788444519,
    "loop": false,
    "tempo": 167,
    "tempo_confidence": 0.0,
    "note_midi": 41,
    "note_name": "F2",
    "note_frequency": 89.85172271728516,
    "note_confidence": 0.48004037141799927,
    "hardness": 37.71629290386038,
    "depth": 62.977809606518576,
    "brightness": 27.686796687413167,
    "roughness": 33.83601073636938,
    "warmth": 57.65985931483271,
    "sharpness": 14.43759560279717,
    "boominess": 52.39748525287766,
    "reverb": false,
    "genre": "Genre A",
    "mood": "Mood A"
}