{
    "duration": 1.8461250066757202,
    "lossless": 1.0,
    "codec": "pcm_s16le",
    "bitrate": 256000.0,
    "samplerate": 16000.0,
    "channels": 1.0,
    "audio_md5": "330e5ceb20c5ed6bb98274ed0f412946",
    "loudness": -21.1099910736084,
    "dynamic_range": 0.0,
    "temporal_centroid": 0.43562495708465576,
    "log_attack_time": 0.15825988352298737,
    "filesize": 59120,
    "single_event": true,
    "tonality": "C minor",
    "tonality_confidence": 0.43639639019966125,
    "loop": false,
    "tempo": 172,
    "tempo_confidence": 0.0,
    "note_midi": 43,
    "note_name": "G2",
    "note_frequency": 99.9026107788086,
    "note_confidence": 0.6522513628005981,
    "hardness": 26.44117601925018,
    "depth": 66.08556379216172,
    "brightness": 16.004819687445988,
    "roughness": 23.39480846023941,
    "warmth": 58.91873299118324,
    "sharpness": 20.148887247495658,
    "boominess": 60.84872498548283,
    "reverb": false,
    "genre": "Genre A",
    "mood": "Mood A"
}