{
    "duration": 1.8461250066757202,
    "lossless": 1.0,
    "codec": "pcm_s16le",
    "bitrate": 256000.0,
    "samplerate": 16000.0,
    "channels": 1.0,
    "audio_md5": "1cc86892441e294e9e298a050a5e1e23",
    "loudness": -28.110797882080078,
    "dynamic_range": 0.0,
    "temporal_centroid": 0.416777104139328,
    "log_attack_time": -0.15721537172794342,
    "filesize": 59120,
    "single_event": true,
    "tonality": "D minor",
    "tonality_confidence": 0.6810764670372009,
    "loop": false,
    "tempo": 172,
    "tempo_confidence": 0.0,
    "note_midi": 37,
    "note_name": "C#2",
    "note_frequency": 69.5378646850586,
    "note_confidence": 0.4194074869155884,
    "hardness": 36.74559200257549,
    "depth": 62.80113940884837,
    "brightness": 26.729135144095466,
    "roughness": 36.64676751503417,
    "warmth": 57.91281070807055,
    "sharpness": 11.868363843742216,
    "boominess": 52.197012545597964,
    "reverb": false,
    "genre": "Genre A",
    "mood": "Mood A"
}