{
    "duration": 1.8461250066757202,
    "lossless": 1.0,
    "codec": "pcm_s16le",
    "bitrate": 256000.0,
    "samplerate": 16000.0,
    "channels": 1.0,
    "audio_md5": "2f505addedae164381a5026c231166ef",
    "loudness": -21.09870719909668,
    "dynamic_range": 0.0,
    "temporal_centroid": 0.5359192490577698,
    "log_attack_time": 0.15468820929527283,
    "filesize": 59120,
    "single_event": true,
    "tonality": "G# minor",
    "tonality_confidence": 0.3727700412273407,
    "loop": false,
    "tempo": 157,
    "tempo_confidence": 0.0,
    "note_midi": 43,
    "note_name": "G2",
    "note_frequency": 99.9027328491211,
    "note_confidence": 0.32511812448501587,
    "hardness": 28.557409293068574,
    "depth": 65.81676256912093,
    "brightness": 16.738011762185714,
    "roughness": 24.82243126831052,
    "warmth": 57.72875275189785,
    "sharpness": 20.80077713733776,
    "boominess": 61.25174562211936,
    "reverb": false,
    "genre": "Genre A",
    "mood": "Mood A"
}