{
    "duration": 1.8461250066757202,
    "lossless": 1.0,
    "codec": "pcm_s16le",
    "bitrate": 256000.0,
    "samplerate": 16000.0,
    "channels": 1.0,
    "audio_md5": "261f572d9ebbe92c69f12d2e441eb26b",
    "loudness": -24.98937225341797,
    "dynamic_range": 0.0,
    "temporal_centroid": 0.37941649556159973,
    "log_attack_time": -0.032365016639232635,
    "filesize": 59120,
    "single_event": true,
    "tonality": "G major",
    "tonality_confidence": 0.5637452602386475,
    "loop": false,
    "tempo": 129,
    "tempo_confidence": 0.0,
    "note_midi": 40,
    "note_name": "E2",
    "note_frequency": 83.29381561279297,
    "note_confidence": 0.4170178771018982,
    "hardness": 37.456768455543695,
    "depth": 58.31181303698123,
    "brightness": 43.322956307123114,
    "roughness": 27.88547727796403,
    "warmth": 50.524432312096295,
    "sharpness": 35.77285269306406,
    "boominess": 46.59559323951037,
    "reverb": false,
    "genre": "Genre A",
    "mood": "Mood A"
}