{
    "duration": 1.8461250066757202,
    "lossless": 1.0,
    "codec": "pcm_s16le",
    "bitrate": 256000.0,
    "samplerate": 16000.0,
    "channels": 1.0,
    "audio_md5": "100565a5cd5c7122a6c612b3083d5ced",
    "loudness": -21.982851028442383,
    "dynamic_range": 0.0,
    "temporal_centroid": 0.5154052972793579,
    "log_attack_time": 0.1520039439201355,
    "filesize": 59120,
    "single_event": true,
    "tonality": "D major",
    "tonality_confidence": 0.8071630597114563,
    "loop": false,
    "tempo": 172,
    "tempo_confidence": 0.0,
    "note_midi": 60,
    "note_name": "C4",
    "note_frequency": 256.082275390625,
    "note_confidence": 0.001955568790435791,
    "hardness": 28.874319352502695,
    "depth": 67.3523874591235,
    "brightness": 21.138184685615457,
    "roughness": 28.421833016353585,
    "warmth": 57.87279996476994,
    "sharpness": 26.57779101450938,
    "boominess": 58.46600070598309,
    "reverb": false,
    "genre": "Genre A",
    "mood": "Mood A"
}