{
    "duration": 1.8461250066757202,
    "lossless": 1.0,
    "codec": "pcm_s16le",
    "bitrate": 256000.0,
    "samplerate": 16000.0,
    "channels": 1.0,
    "audio_md5": "51aa37025c099780f400c1ac06431d33",
    "loudness": -30.587003707885742,
    "dynamic_range": 0.0,
    "temporal_centroid": 0.3000754415988922,
    "log_attack_time": -1.6470521688461304,
    "filesize": 59120,
    "single_event": true,
    "tonality": "E major",
    "tonality_confidence": 0.7389980554580688,
    "loop": true,
    "tempo": 131,
    "tempo_confidence": 0.981582760810852,
    "note_midi": 37,
    "note_name": "C#2",
    "note_frequency": 70.58917999267578,
    "note_confidence": 0.3673982620239258,
    "hardness": 32.384227954864286,
    "depth": 65.96188711002542,
    "brightness": 36.56518688095286,
    "roughness": 30.761375919278404,
    "warmth": 57.02874848898487,
    "sharpness": 2.4130196417151595,
    "boominess": 59.9122422012271,
    "reverb": false,
    "genre": "Genre A",
    "mood": "Mood A"
}