{
    "duration": 1.8461250066757202,
    "lossless": 1.0,
    "codec": "pcm_s16le",
    "bitrate": 256000.0,
    "samplerate": 16000.0,
    "channels": 1.0,
    "audio_md5": "57d47a18f7c17c534719f3f6ae12b898",
    "loudness": -49.91816329956055,
    "dynamic_range": 0.0,
    "temporal_centroid": 0.2966318130493164,
    "log_attack_time": -1.6549887657165527,
    "filesize": 59120,
    "single_event": true,
    "tonality": "C# major",
    "tonality_confidence": 0.5638025999069214,
    "loop": false,
    "tempo": 172,
    "tempo_confidence": 0.0,
    "note_midi": 37,
    "note_name": "C#2",
    "note_frequency": 71.18118286132812,
    "note_confidence": 0.4337177872657776,
    "hardness": 38.360452027116,
    "depth": 66.84948898666964,
    "brightness": 33.841912859527014,
    "roughness": 33.52840923217236,
    "warmth": 57.38194445167294,
    "sharpness": 14.755181224833787,
    "boominess": 53.47740821878201,
    "reverb": false,
    "genre": "Genre A",
    "mood": "Mood A"
}