{
    "duration": 1.8461250066757202,
    "lossless": 1.0,
    "codec": "pcm_s16le",
    "bitrate": 256000.0,
    "samplerate": 16000.0,
    "channels": 1.0,
    "audio_md5": "df3dece0dc057af2058eb2bdfbd405c7",
    "loudness": -29.39602279663086,
    "dynamic_range": 0.0,
    "temporal_centroid": 0.31419116258621216,
    "log_attack_time": -1.6806507110595703,
    "filesize": 59120,
    "single_event": true,
    "tonality": "G major",
    "tonality_confidence": 0.498131662607193,
    "loop": true,
    "tempo": 130,
    "tempo_confidence": 0.9999017119407654,
    "note_midi": 38,
    "note_name": "D2",
    "note_frequency": 72.6124496459961,
    "note_confidence": 0.4068748950958252,
    "hardness": 33.65185829813886,
    "depth": 66.79426261759261,
    "brightness": 36.537082159258894,
    "roughness": 29.99788706462897,
    "warmth": 57.67772997256772,
    "sharpness": 8.581327927704482,
    "boominess": 58.64466164263173,
    "reverb": false,
    "genre": "Genre A",
    "mood": "Mood A"
}