{
    "duration": 1.8461250066757202,
    "lossless": 1.0,
    "codec": "pcm_s16le",
    "bitrate": 256000.0,
    "samplerate": 16000.0,
    "channels": 1.0,
    "audio_md5": "b379704fb7b4cb7ddabacfb49a612424",
    "loudness": -29.826860427856445,
    "dynamic_range": 0.0,
    "temporal_centroid": 0.459677517414093,
    "log_attack_time": -0.3300025165081024,
    "filesize": 59120,
    "single_event": true,
    "tonality": "A minor",
    "tonality_confidence": 0.621985137462616,
    "loop": true,
    "tempo": 131,
    "tempo_confidence": 0.978513240814209,
    "note_midi": 40,
    "note_name": "E2",
    "note_frequency": 83.80078887939453,
    "note_confidence": 0.558411717414856,
    "hardness": 41.08066970378201,
    "depth": 58.587327305969,
    "brightness": 41.17755196317336,
    "roughness": 35.25214129054903,
    "warmth": 54.92807105055152,
    "sharpness": 23.655014317591416,
    "boominess": 46.62333671196443,
    "reverb": false,
    "genre": "Genre A",
    "mood": "Mood A"
}