{
    "duration": 1.8461250066757202,
    "lossless": 1.0,
    "codec": "pcm_s16le",
    "bitrate": 256000.0,
    "samplerate": 16000.0,
    "channels": 1.0,
    "audio_md5": "63fdeb45322593fc954b107aaece137e",
    "loudness": -33.44817352294922,
    "dynamic_range": 0.0,
    "temporal_centroid": 0.228134423494339,
    "log_attack_time": -1.5218950510025024,
    "filesize": 59120,
    "single_event": true,
    "tonality": "F major",
    "tonality_confidence": 0.38256800174713135,
    "loop": false,
    "tempo": 129,
    "tempo_confidence": 0.0,
    "note_midi": 39,
    "note_name": "D#2",
    "note_frequency": 77.57530975341797,
    "note_confidence": 0.35561060905456543,
    "hardness": 44.051866764353065,
    "depth": 66.8520681407506,
    "brightness": 44.75768442932087,
    "roughness": 30.610938096418817,
    "warmth": 54.477254576918426,
    "sharpness": 26.771675127205928,
    "boominess": 51.809971084414386,
    "reverb": false,
    "genre": "Genre A",
    "mood": "Mood A"
}