{
    "duration": 1.8461250066757202,
    "lossless": 1.0,
    "codec": "pcm_s16le",
    "bitrate": 256000.0,
    "samplerate": 16000.0,
    "channels": 1.0,
    "audio_md5": "492b271737e7abdc59082489b9800fd0",
    "loudness": -37.15983963012695,
    "dynamic_range": 0.0,
    "temporal_centroid": 0.27812421321868896,
    "log_attack_time": -1.8978043794631958,
    "filesize": 59120,
    "single_event": true,
    "tonality": "G# major",
    "tonality_confidence": 0.5402010083198547,
    "loop": true,
    "tempo": 131,
    "tempo_confidence": 0.974651575088501,
    "note_midi": 39,
    "note_name": "D#2",
    "note_frequency": 76.2350082397461,
    "note_confidence": 0.3634469509124756,
    "hardness": 43.038395174251264,
    "depth": 63.817517393549714,
    "brightness": 42.14442049415313,
    "roughness": 34.38645730766362,
    "warmth": 55.52874058032373,
    "sharpness": 12.539609864876489,
    "boominess": 53.161154947220496,
    "reverb": false,
    "genre": "Genre A",
    "mood": "Mood A"
}