{
    "duration": 1.8461250066757202,
    "lossless": 1.0,
    "codec": "pcm_s16le",
    "bitrate": 256000.0,
    "samplerate": 16000.0,
    "channels": 1.0,
    "audio_md5": "3cbf1a6c01d354c2d87cd64b09167a92",
    "loudness": -31.962209701538086,
    "dynamic_range": 0.0,
    "temporal_centroid": 0.37678998708724976,
    "log_attack_time": -0.1588733047246933,
    "filesize": 59120,
    "single_event": true,
    "tonality": "G major",
    "tonality_confidence": 0.5674719214439392,
    "loop": false,
    "tempo": 172,
    "tempo_confidence": 0.0,
    "note_midi": 36,
    "note_name": "C2",
    "note_frequency": 66.90528106689453,
    "note_confidence": 0.43875348567962646,
    "hardness": 34.69579430662223,
    "depth": 62.90473991673397,
    "brightness": 26.413522764786713,
    "roughness": 32.71830269355627,
    "warmth": 58.638441739676466,
    "sharpness": 8.21443434297408,
    "boominess": 53.258526867046506,
    "reverb": false,
    "genre": "Genre A",
    "mood": "Mood A"
}