{
    "duration": 1.8461250066757202,
    "lossless": 1.0,
    "codec": "pcm_s16le",
    "bitrate": 256000.0,
    "samplerate": 16000.0,
    "channels": 1.0,
    "audio_md5": "48fcfb52f69b3b1b4d7a73bbb11a3b00",
    "loudness": -27.766223907470703,
    "dynamic_range": 0.0,
    "temporal_centroid": 0.15330833196640015,
    "log_attack_time": -1.369357705116272,
    "filesize": 59120,
    "single_event": true,
    "tonality": "G# major",
    "tonality_confidence": 0.7090087532997131,
    "loop": false,
    "tempo": 133,
    "tempo_confidence": 0.0,
    "note_midi": 40,
    "note_name": "E2",
    "note_frequency": 83.25829315185547,
    "note_confidence": 0.2922200560569763,
    "hardness": 33.6121542235969,
    "depth": 67.87630517824387,
    "brightness": 36.770733130225224,
    "roughness": 23.960340428608607,
    "warmth": 53.84273782037653,
    "sharpness": 26.191405535220667,
    "boominess": 56.23232583439596,
    "reverb": false,
    "genre": "Genre A",
    "mood": "Mood A"
}