{
    "duration": 1.8461250066757202,
    "lossless": 1.0,
    "codec": "pcm_s16le",
    "bitrate": 256000.0,
    "samplerate": 16000.0,
    "channels": 1.0,
    "audio_md5": "34d935fd3bf869f5240a33957aa6349b",
    "loudness": -27.848501205444336,
    "dynamic_range": 0.0,
    "temporal_centroid": 0.30308544635772705,
    "log_attack_time": -1.607012152671814,
    "filesize": 59120,
    "single_event": true,
    "tonality": "A major",
    "tonality_confidence": 0.7990670204162598,
    "loop": true,
    "tempo": 84,
    "tempo_confidence": 0.9657142758369446,
    "note_midi": 38,
    "note_name": "D2",
    "note_frequency": 71.43621063232422,
    "note_confidence": 0.38988739252090454,
    "hardness": 31.06493528517261,
    "depth": 66.0024835666071,
    "brightness": 35.18011112739738,
    "roughness": 26.73157705916354,
    "warmth": 57.502322090518504,
    "sharpness": 3.8188888151481812,
    "boominess": 61.03330586654481,
    "reverb": false,
    "genre": "Genre A",
    "mood": "Mood A"
}