{
    "duration": 1.8461250066757202,
    "lossless": 1.0,
    "codec": "pcm_s16le",
    "bitrate": 256000.0,
    "samplerate": 16000.0,
    "channels": 1.0,
    "audio_md5": "3fa04a49402f45bc4b0df3e15b4445e0",
    "loudness": -27.4905948638916,
    "dynamic_range": 0.0,
    "temporal_centroid": 0.1778692752122879,
    "log_attack_time": -1.314634084701538,
    "filesize": 59120,
    "single_event": true,
    "tonality": "C# major",
    "tonality_confidence": 0.31747549772262573,
    "loop": false,
    "tempo": 134,
    "tempo_confidence": 0.0,
    "note_midi": 40,
    "note_name": "E2",
    "note_frequency": 83.29692077636719,
    "note_confidence": 0.32842880487442017,
    "hardness": 38.30355736083207,
    "depth": 66.52630733875318,
    "brightness": 39.75197979508257,
    "roughness": 27.762998175762537,
    "warmth": 55.106290959288046,
    "sharpness": 23.99269523819651,
    "boominess": 57.842086433279775,
    "reverb": false,
    "genre": "Genre A",
    "mood": "Mood A"
}