{
    "duration": 1.8461250066757202,
    "lossless": 1.0,
    "codec": "pcm_s16le",
    "bitrate": 256000.0,
    "samplerate": 16000.0,
    "channels": 1.0,
    "audio_md5": "fce8fb2ec5fa9d05904fbf04cd8e27b0",
    "loudness": -41.489776611328125,
    "dynamic_range": 0.0,
    "temporal_centroid": 0.2457105815410614,
    "log_attack_time": -1.3410265445709229,
    "filesize": 59120,
    "single_event": true,
    "tonality": "C# major",
    "tonality_confidence": 0.6114591956138611,
    "loop": false,
    "tempo": 131,
    "tempo_confidence": 0.0,
    "note_midi": 38,
    "note_name": "D2",
    "note_frequency": 71.48872375488281,
    "note_confidence": 0.3483847379684448,
    "hardness": 52.757225181471824,
    "depth": 61.639278688525486,
    "brightness": 55.632644252957675,
    "roughness": 42.92794629023386,
    "warmth": 41.63838965156707,
    "sharpness": 38.30805128711016,
    "boominess": 47.61035124167807,
    "reverb": false,
    "genre": "Genre B",
    "mood": "Mood B"
}