{
    "duration": 1.8461250066757202,
    "lossless": 1.0,
    "codec": "pcm_s16le",
    "bitrate": 256000.0,
    "samplerate": 16000.0,
    "channels": 1.0,
    "audio_md5": "6e938d577f209758e91c823e869744a3",
    "loudness": -26.6250057220459,
    "dynamic_range": 0.0,
    "temporal_centroid": 0.3687649369239807,
    "log_attack_time": -0.032938312739133835,
    "filesize": 59120,
    "single_event": true,
    "tonality": "F minor",
    "tonality_confidence": 0.35812652111053467,
    "loop": false,
    "tempo": 133,
    "tempo_confidence": 0.0,
    "note_midi": 40,
    "note_name": "E2",
    "note_frequency": 83.24974822998047,
    "note_confidence": 0.36176514625549316,
    "hardness": 37.53005337786627,
    "depth": 59.10051546639038,
    "brightness": 43.55119576987184,
    "roughness": 31.652207663037913,
    "warmth": 51.1146188219051,
    "sharpness": 29.94465227525065,
    "boominess": 48.609135179448785,
    "reverb": false,
    "genre": "Genre A",
    "mood": "Mood A"
}