{
    "duration": 1.8461250066757202,
    "lossless": 1.0,
    "codec": "pcm_s16le",
    "bitrate": 256000.0,
    "samplerate": 16000.0,
    "channels": 1.0,
    "audio_md5": "66df66d44e5a9b0816f72d92fc9a4f5a",
    "loudness": -30.5836238861084,
    "dynamic_range": 0.0,
    "temporal_centroid": 0.4334094524383545,
    "log_attack_time": -0.3299393355846405,
    "filesize": 59120,
    "single_event": true,
    "tonality": "D major",
    "tonality_confidence": 0.547523021697998,
    "loop": true,
    "tempo": 131,
    "tempo_confidence": 0.9660370349884033,
    "note_midi": 38,
    "note_name": "D2",
    "note_frequency": 71.92552185058594,
    "note_confidence": 0.5449334383010864,
    "hardness": 38.718887444834806,
    "depth": 58.974648029091256,
    "brightness": 41.43391415381801,
    "roughness": 37.2181355863472,
    "warmth": 55.46471965682615,
    "sharpness": 20.64595151546707,
    "boominess": 47.33572973382984,
    "reverb": false,
    "genre": "Genre A",
    "mood": "Mood A"
}