{
    "duration": 1.8461250066757202,
    "lossless": 1.0,
    "codec": "pcm_s16le",
    "bitrate": 256000.0,
    "samplerate": 16000.0,
    "channels": 1.0,
    "audio_md5": "99c528b08405e4d95f28805c7ae98676",
    "loudness": -30.78527069091797,
    "dynamic_range": 0.0,
    "temporal_centroid": 0.4302254617214203,
    "log_attack_time": -0.33627983927726746,
    "filesize": 59120,
    "single_event": true,
    "tonality": "D minor",
    "tonality_confidence": 0.6522957682609558,
    "loop": true,
    "tempo": 130,
    "tempo_confidence": 0.9999017119407654,
    "note_midi": 38,
    "note_name": "D2",
    "note_frequency": 73.06510925292969,
    "note_confidence": 0.5673117637634277,
    "hardness": 42.455438043611764,
    "depth": 56.944151051737876,
    "brightness": 41.98874280350476,
    "roughness": 40.32870606474629,
    "warmth": 55.109972175607865,
    "sharpness": 24.70053756444831,
    "boominess": 41.692786287011856,
    "reverb": false,
    "genre": "Genre A",
    "mood": "Mood A"
}