{
    "duration": 1.8461250066757202,
    "lossless": 1.0,
    "codec": "pcm_s16le",
    "bitrate": 256000.0,
    "samplerate": 16000.0,
    "channels": 1.0,
    "audio_md5": "6d14fb3972b078f8706a6650474d658a",
    "loudness": -18.615407943725586,
    "dynamic_range": 0.0,
    "temporal_centroid": 0.511909544467926,
    "log_attack_time": 0.1508295238018036,
    "filesize": 59120,
    "single_event": true,
    "tonality": "E minor",
    "tonality_confidence": 0.4445929229259491,
    "loop": false,
    "tempo": 167,
    "tempo_confidence": 0.0,
    "note_midi": 43,
    "note_name": "G2",
    "note_frequency": 99.90235900878906,
    "note_confidence": 0.3307977318763733,
    "hardness": 26.56712194195029,
    "depth": 66.95995354905932,
    "brightness": 17.640889403027927,
    "roughness": 28.38667199072649,
    "warmth": 58.126793284247924,
    "sharpness": 18.728293715296342,
    "boominess": 61.37416053825727,
    "reverb": false,
    "genre": "Genre A",
    "mood": "Mood A"
}