{
    "duration": 1.8461250066757202,
    "lossless": 1.0,
    "codec": "pcm_s16le",
    "bitrate": 256000.0,
    "samplerate": 16000.0,
    "channels": 1.0,
    "audio_md5": "c7965d620857c77de5509adf9dbf251d",
    "loudness": -25.0151424407959,
    "dynamic_range": 0.0,
    "temporal_centroid": 0.21429339051246643,
    "log_attack_time": -1.4791942834854126,
    "filesize": 59120,
    "single_event": true,
    "tonality": "A# major",
    "tonality_confidence": 0.5209890007972717,
    "loop": false,
    "tempo": 129,
    "tempo_confidence": 0.0,
    "note_midi": 50,
    "note_name": "D3",
    "note_frequency": 142.65701293945312,
    "note_confidence": 0.23120379447937012,
    "hardness": 32.35627104417287,
    "depth": 66.77103338081989,
    "brightness": 37.42728073478448,
    "roughness": 28.2067376834998,
    "warmth": 55.74684764496098,
    "sharpness": 19.794819474827747,
    "boominess": 59.48580018576732,
    "reverb": false,
    "genre": "Genre A",
    "mood": "Mood A"
}