{
    "duration": 1.8461250066757202,
    "lossless": 1.0,
    "codec": "pcm_s16le",
    "bitrate": 256000.0,
    "samplerate": 16000.0,
    "channels": 1.0,
    "audio_md5": "c69676a68e46214f9a041b576bd94478",
    "loudness": -28.20338249206543,
    "dynamic_range": 0.0,
    "temporal_centroid": 0.19117087125778198,
    "log_attack_time": -1.3148373365402222,
    "filesize": 59120,
    "single_event": true,
    "tonality": "D minor",
    "tonality_confidence": 0.4631539285182953,
    "loop": false,
    "tempo": 133,
    "tempo_confidence": 0.0,
    "note_midi": 43,
    "note_name": "G2",
    "note_frequency": 99.88092803955078,
    "note_confidence": 0.37102675437927246,
    "hardness": 38.50776647555833,
    "depth": 66.51674244863693,
    "brightness": 39.29246728064575,
    "roughness": 28.288230718094674,
    "warmth": 54.870398742058484,
    "sharpness": 24.606922594614172,
    "boominess": 57.43574803919259,
    "reverb": false,
    "genre": "Genre A",
    "mood": "Mood A"
}