{
    "duration": 1.8461250066757202,
    "lossless": 1.0,
    "codec": "pcm_s16le",
    "bitrate": 256000.0,
    "samplerate": 16000.0,
    "channels": 1.0,
    "audio_md5": "09041f95438b0587af689e6cb13c5c21",
    "loudness": -29.282337188720703,
    "dynamic_range": 0.0,
    "temporal_centroid": 0.2798483967781067,
    "log_attack_time": -1.6630730628967285,
    "filesize": 59120,
    "single_event": true,
    "tonality": "A minor",
    "tonality_confidence": 0.5485517382621765,
    "loop": true,
    "tempo": 131,
    "tempo_confidence": 0.9769289493560791,
    "note_midi": 37,
    "note_name": "C#2",
    "note_frequency": 67.79114532470703,
    "note_confidence": 0.4248090982437134,
    "hardness": 33.52400656242587,
    "depth": 66.7489892656509,
    "brightness": 36.11226551635072,
    "roughness": 31.975021973079457,
    "warmth": 58.518998403703506,
    "sharpness": 8.02141008961216,
    "boominess": 58.27865764863519,
    "reverb": false,
    "genre": "Genre A",
    "mood": "Mood A"
}