{
    "duration": 1.8461250066757202,
    "lossless": 1.0,
    "codec": "pcm_s16le",
    "bitrate": 256000.0,
    "samplerate": 16000.0,
    "channels": 1.0,
    "audio_md5": "f922bc2fe894823c37f4353dbd76b9ab",
    "loudness": -32.55172348022461,
    "dynamic_range": 0.0,
    "temporal_centroid": 0.41480568051338196,
    "log_attack_time": -0.1529928594827652,
    "filesize": 59120,
    "single_event": true,
    "tonality": "A# minor",
    "tonality_confidence": 0.6488367915153503,
    "loop": false,
    "tempo": 167,
    "tempo_confidence": 0.0,
    "note_midi": 35,
    "note_name": "B1",
    "note_frequency": 61.30801010131836,
    "note_confidence": 0.4615910053253174,
    "hardness": 34.84219814846875,
    "depth": 64.04683904220232,
    "brightness": 25.935130751653553,
    "roughness": 35.132656663250806,
    "warmth": 58.77855761010913,
    "sharpness": 10.068408897349933,
    "boominess": 52.87209550015933,
    "reverb": false,
    "genre": "Genre A",
    "mood": "Mood A"
}