{
    "duration": 1.8461250066757202,
    "lossless": 1.0,
    "codec": "pcm_s16le",
    "bitrate": 256000.0,
    "samplerate": 16000.0,
    "channels": 1.0,
    "audio_md5": "f406012f5db82590182fa0c54578b086",
    "loudness": -27.21491241455078,
    "dynamic_range": 0.0,
    "temporal_centroid": 0.29321083426475525,
    "log_attack_time": -1.5616532564163208,
    "filesize": 59120,
    "single_event": true,
    "tonality": "G# major",
    "tonality_confidence": 0.45308440923690796,
    "loop": true,
    "tempo": 131,
    "tempo_confidence": 0.9764338731765747,
    "note_midi": 35,
    "note_name": "B1",
    "note_frequency": 62.47267532348633,
    "note_confidence": 0.39134860038757324,
    "hardness": 31.375150425727725,
    "depth": 67.00062287586154,
    "brightness": 34.838065705084105,
    "roughness": 29.79524793910875,
    "warmth": 58.325188151845566,
    "sharpness": 6.409570009340694,
    "boominess": 59.68048066684488,
    "reverb": false,
    "genre": "Genre A",
    "mood": "Mood A"
}