{
    "duration": 1.8461250066757202,
    "lossless": 1.0,
    "codec": "pcm_s16le",
    "bitrate": 256000.0,
    "samplerate": 16000.0,
    "channels": 1.0,
    "audio_md5": "5fe5bce036f938b67bbf7ab07b2781a5",
    "loudness": -33.52825927734375,
    "dynamic_range": 0.0,
    "temporal_centroid": 0.3993910849094391,
    "log_attack_time": -0.3318592607975006,
    "filesize": 59120,
    "single_event": true,
    "tonality": "D minor",
    "tonality_confidence": 0.6065541505813599,
    "loop": true,
    "tempo": 131,
    "tempo_confidence": 0.9751466512680054,
    "note_midi": 40,
    "note_name": "E2",
    "note_frequency": 83.2848892211914,
    "note_confidence": 0.40703433752059937,
    "hardness": 43.004171133390145,
    "depth": 58.03512177247049,
    "brightness": 43.25281966818009,
    "roughness": 37.217594166652646,
    "warmth": 53.5007841855665,
    "sharpness": 19.281318148623384,
    "boominess": 50.64124614699012,
    "reverb": false,
    "genre": "Genre A",
    "mood": "Mood A"
}