{
    "duration": 1.8461250066757202,
    "lossless": 1.0,
    "codec": "pcm_s16le",
    "bitrate": 256000.0,
    "samplerate": 16000.0,
    "channels": 1.0,
    "audio_md5": "5cecb4414de9a8c7ce244748c0aed990",
    "loudness": -31.955629348754883,
    "dynamic_range": 0.0,
    "temporal_centroid": 0.336498498916626,
    "log_attack_time": -1.5807299613952637,
    "filesize": 59120,
    "single_event": true,
    "tonality": "C major",
    "tonality_confidence": 0.5358299016952515,
    "loop": true,
    "tempo": 130,
    "tempo_confidence": 0.9999017119407654,
    "note_midi": 45,
    "note_name": "A2",
    "note_frequency": 110.94002532958984,
    "note_confidence": 0.2877799868583679,
    "hardness": 35.42834828568985,
    "depth": 64.64203402154078,
    "brightness": 37.623287389139485,
    "roughness": 31.90736410532214,
    "warmth": 57.63107485457623,
    "sharpness": 6.75817948788799,
    "boominess": 58.23938795785199,
    "reverb": false,
    "genre": "Genre A",
    "mood": "Mood A"
}