{
    "duration": 1.8461250066757202,
    "lossless": 1.0,
    "codec": "pcm_s16le",
    "bitrate": 256000.0,
    "samplerate": 16000.0,
    "channels": 1.0,
    "audio_md5": "16684fe611905da30cd46a4830baefb9",
    "loudness": -27.80997657775879,
    "dynamic_range": 0.0,
    "temporal_centroid": 0.19291415810585022,
    "log_attack_time": -1.319128155708313,
    "filesize": 59120,
    "single_event": true,
    "tonality": "G minor",
    "tonality_confidence": 0.695509135723114,
    "loop": false,
    "tempo": 133,
    "tempo_confidence": 0.0,
    "note_midi": 43,
    "note_name": "G2",
    "note_frequency": 99.9347152709961,
    "note_confidence": 0.29847806692123413,
    "hardness": 37.037832538422734,
    "depth": 67.52953718680317,
    "brightness": 38.89326323528138,
    "roughness": 25.39304806411022,
    "warmth": 53.615237509076465,
    "sharpness": 25.05258339942622,
    "boominess": 57.241784895459006,
    "reverb": false,
    "genre": "Genre A",
    "mood": "Mood A"
}