{
    "duration": 1.8461250066757202,
    "lossless": 1.0,
    "codec": "pcm_s16le",
    "bitrate": 256000.0,
    "samplerate": 16000.0,
    "channels": 1.0,
    "audio_md5": "482c9e0b8f740f44eb6ed0f691388c49",
    "loudness": -33.52455520629883,
    "dynamic_range": 0.0,
    "temporal_centroid": 0.31041616201400757,
    "log_attack_time": -0.030522802844643593,
    "filesize": 59120,
    "single_event": true,
    "tonality": "B minor",
    "tonality_confidence": 0.532453179359436,
    "loop": true,
    "tempo": 131,
    "tempo_confidence": 0.9559372663497925,
    "note_midi": 47,
    "note_name": "B2",
    "note_frequency": 122.95258331298828,
    "note_confidence": 0.5525772571563721,
    "hardness": 42.17164443446744,
    "depth": 57.07021081593783,
    "brightness": 44.78411329527066,
    "roughness": 41.710123766626246,
    "warmth": 52.810845872323675,
    "sharpness": 29.43470456444905,
    "boominess": 41.43382687989913,
    "reverb": false,
    "genre": "Genre A",
    "mood": "Mood A"
}