{
    "duration": 1.8461250066757202,
    "lossless": 1.0,
    "codec": "pcm_s16le",
    "bitrate": 256000.0,
    "samplerate": 16000.0,
    "channels": 1.0,
    "audio_md5": "f140ca260ac84e865aad50a42a969fb4",
    "loudness": -31.148422241210938,
    "dynamic_range": 0.0,
    "temporal_centroid": 0.29841938614845276,
    "log_attack_time": -1.6187231540679932,
    "filesize": 59120,
    "single_event": true,
    "tonality": "C major",
    "tonality_confidence": 0.6037156581878662,
    "loop": true,
    "tempo": 131,
    "tempo_confidence": 0.9868307113647461,
    "note_midi": 37,
    "note_name": "C#2",
    "note_frequency": 69.05695343017578,
    "note_confidence": 0.3607253432273865,
    "hardness": 34.59899820544416,
    "depth": 67.62709042785656,
    "brightness": 34.50837891941451,
    "roughness": 29.297431051093472,
    "warmth": 58.17958908368867,
    "sharpness": 7.843079703817814,
    "boominess": 59.33190534841404,
    "reverb": false,
    "genre": "Genre A",
    "mood": "Mood A"
}