{
    "duration": 1.8461250066757202,
    "lossless": 1.0,
    "codec": "pcm_s16le",
    "bitrate": 256000.0,
    "samplerate": 16000.0,
    "channels": 1.0,
    "audio_md5": "a1385ab7c944e5f6f4e5f0594142fc99",
    "loudness": -25.10945701599121,
    "dynamic_range": 0.0,
    "temporal_centroid": 0.37971577048301697,
    "log_attack_time": -0.030702460557222366,
    "filesize": 59120,
    "single_event": true,
    "tonality": "D minor",
    "tonality_confidence": 0.596930742263794,
    "loop": false,
    "tempo": 129,
    "tempo_confidence": 0.0,
    "note_midi": 40,
    "note_name": "E2",
    "note_frequency": 83.29737854003906,
    "note_confidence": 0.40801334381103516,
    "hardness": 37.09675519202915,
    "depth": 54.871269667585736,
    "brightness": 42.69758247279552,
    "roughness": 31.03643674985353,
    "warmth": 49.75982332273676,
    "sharpness": 30.928444387213453,
    "boominess": 47.173133190230914,
    "reverb": false,
    "genre": "Genre A",
    "mood": "Mood A"
}