{
    "duration": 1.8461250066757202,
    "lossless": 1.0,
    "codec": "pcm_s16le",
    "bitrate": 256000.0,
    "samplerate": 16000.0,
    "channels": 1.0,
    "audio_md5": "6cb56b3620da90ea85e8b08851212684",
    "loudness": -27.569067001342773,
    "dynamic_range": 0.0,
    "temporal_centroid": 0.3470294177532196,
    "log_attack_time": -0.030396049842238426,
    "filesize": 59120,
    "single_event": true,
    "tonality": "A major",
    "tonality_confidence": 0.5361186861991882,
    "loop": false,
    "tempo": 133,
    "tempo_confidence": 0.0,
    "note_midi": 41,
    "note_name": "F2",
    "note_frequency": 85.18269348144531,
    "note_confidence": 0.41487520933151245,
    "hardness": 38.816464134646324,
    "depth": 63.44473452948638,
    "brightness": 41.08123880014192,
    "roughness": 35.73212418177316,
    "warmth": 54.21085693287042,
    "sharpness": 31.457268265481176,
    "boominess": 46.57263446839336,
    "reverb": false,
    "genre": "Genre A",
    "mood": "Mood A"
}