{
    "duration": 1.8461250066757202,
    "lossless": 1.0,
    "codec": "pcm_s16le",
    "bitrate": 256000.0,
    "samplerate": 16000.0,
    "channels": 1.0,
    "audio_md5": "608b7d76576a7aaba2cb1385dd8fbd56",
    "loudness": -30.530866622924805,
    "dynamic_range": 0.0,
    "temporal_centroid": 0.42424342036247253,
    "log_attack_time": -0.1589442938566208,
    "filesize": 59120,
    "single_event": true,
    "tonality": "C minor",
    "tonality_confidence": 0.66910719871521,
    "loop": false,
    "tempo": 172,
    "tempo_confidence": 0.0,
    "note_midi": 39,
    "note_name": "D#2",
    "note_frequency": 78.45311737060547,
    "note_confidence": 0.4288291931152344,
    "hardness": 37.02586971274515,
    "depth": 63.00649820751641,
    "brightness": 27.425932723985618,
    "roughness": 30.71226245429765,
    "warmth": 58.20708683486731,
    "sharpness": 8.77886907320276,
    "boominess": 53.34072858786185,
    "reverb": false,
    "genre": "Genre A",
    "mood": "Mood A"
}