{
    "duration": 1.8461250066757202,
    "lossless": 1.0,
    "codec": "pcm_s16le",
    "bitrate": 256000.0,
    "samplerate": 16000.0,
    "channels": 1.0,
    "audio_md5": "eb94f13251b3ab9b9c2f539a610739c0",
    "loudness": -29.587221145629883,
    "dynamic_range": 0.0,
    "temporal_centroid": 0.4595588743686676,
    "log_attack_time": -0.1608084887266159,
    "filesize": 59120,
    "single_event": true,
    "tonality": "D major",
    "tonality_confidence": 0.7281674742698669,
    "loop": false,
    "tempo": 172,
    "tempo_confidence": 0.0,
    "note_midi": 41,
    "note_name": "F2",
    "note_frequency": 89.19336700439453,
    "note_confidence": 0.42305058240890503,
    "hardness": 34.18496126459476,
    "depth": 62.77636825608662,
    "brightness": 28.632267035198932,
    "roughness": 34.446722478563736,
    "warmth": 58.131596383806084,
    "sharpness": 9.689971743195713,
    "boominess": 52.25473130532117,
    "reverb": false,
    "genre": "Genre A",
    "mood": "Mood A"
}