{
    "duration": 1.8461250066757202,
    "lossless": 1.0,
    "codec": "pcm_s16le",
    "bitrate": 256000.0,
    "samplerate": 16000.0,
    "channels": 1.0,
    "audio_md5": "667dd65d38412387a7e18fb9b6950a0b",
    "loudness": -28.109251022338867,
    "dynamic_range": 0.0,
    "temporal_centroid": 0.19173307716846466,
    "log_attack_time": -1.3746922016143799,
    "filesize": 59120,
    "single_event": true,
    "tonality": "F minor",
    "tonality_confidence": 0.5348912477493286,
    "loop": false,
    "tempo": 133,
    "tempo_confidence": 0.0,
    "note_midi": 40,
    "note_name": "E2",
    "note_frequency": 83.25560760498047,
    "note_confidence": 0.3634328246116638,
    "hardness": 39.51300670151991,
    "depth": 66.66807469759956,
    "brightness": 39.6005763521392,
    "roughness": 29.6512645734302,
    "warmth": 57.12535397523983,
    "sharpness": 28.303665162344146,
    "boominess": 56.48207896753049,
    "reverb": false,
    "genre": "Genre A",
    "mood": "Mood A"
}