{
    "duration": 1.8461250066757202,
    "lossless": 1.0,
    "codec": "pcm_s16le",
    "bitrate": 256000.0,
    "samplerate": 16000.0,
    "channels": 1.0,
    "audio_md5": "96be22ca5c72bc9406e5bc0c72f6acbc",
    "loudness": -18.10236358642578,
    "dynamic_range": 0.0,
    "temporal_centroid": 0.4719691574573517,
    "log_attack_time": 0.15378375351428986,
    "filesize": 59120,
    "single_event": true,
    "tonality": "D# minor",
    "tonality_confidence": 0.4310542345046997,
    "loop": false,
    "tempo": 172,
    "tempo_confidence": 0.0,
    "note_midi": 40,
    "note_name": "E2",
    "note_frequency": 81.55522155761719,
    "note_confidence": 0.40933817625045776,
    "hardness": 28.31501156922475,
    "depth": 65.85187630929984,
    "brightness": 17.461310029325837,
    "roughness": 25.239158172181554,
    "warmth": 59.042812256918126,
    "sharpness": 27.203931806159954,
    "boominess": 59.42827779905913,
    "reverb": false,
    "genre": "Genre A",
    "mood": "Mood A"
}