{
    "duration": 1.8461250066757202,
    "lossless": 1.0,
    "codec": "pcm_s16le",
    "bitrate": 256000.0,
    "samplerate": 16000.0,
    "channels": 1.0,
    "audio_md5": "89926d7c25b5dfb19f00463adcfc23e2",
    "loudness": -20.945287704467773,
    "dynamic_range": 0.0,
    "temporal_centroid": 0.4655059278011322,
    "log_attack_time": -0.14268118143081665,
    "filesize": 59120,
    "single_event": true,
    "tonality": "G major",
    "tonality_confidence": 0.6492463946342468,
    "loop": false,
    "tempo": 167,
    "tempo_confidence": 0.0,
    "note_midi": 34,
    "note_name": "A#1",
    "note_frequency": 58.38959503173828,
    "note_confidence": 0.20957517623901367,
    "hardness": 28.593115093000208,
    "depth": 68.79962135739046,
    "brightness": 15.596066312376514,
    "roughness": 30.9886559121283,
    "warmth": 57.79512458874477,
    "sharpness": 25.810759031841773,
    "boominess": 58.49177604650414,
    "reverb": false,
    "genre": "Genre A",
    "mood": "Mood A"
}