{
    "duration": 1.8461250066757202,
    "lossless": 1.0,
    "codec": "pcm_s16le",
    "bitrate": 256000.0,
    "samplerate": 16000.0,
    "channels": 1.0,
    "audio_md5": "b0538ad0fec38eddc91aef07d9b8616c",
    "loudness": -27.730886459350586,
    "dynamic_range": 0.0,
    "temporal_centroid": 0.1800827831029892,
    "log_attack_time": -1.2279645204544067,
    "filesize": 59120,
    "single_event": true,
    "tonality": "G major",
    "tonality_confidence": 0.5226540565490723,
    "loop": false,
    "tempo": 133,
    "tempo_confidence": 0.0,
    "note_midi": 41,
    "note_name": "F2",
    "note_frequency": 86.20597076416016,
    "note_confidence": 0.3333244323730469,
    "hardness": 37.687498111791385,
    "depth": 67.3342045475035,
    "brightness": 37.83994967133218,
    "roughness": 30.17212085244918,
    "warmth": 55.839759037167966,
    "sharpness": 25.444889822334606,
    "boominess": 57.183552064567266,
    "reverb": false,
    "genre": "Genre A",
    "mood": "Mood A"
}