{
    "duration": 1.8461250066757202,
    "lossless": 1.0,
    "codec": "pcm_s16le",
    "bitrate": 256000.0,
    "samplerate": 16000.0,
    "channels": 1.0,
    "audio_md5": "98aed1e41abda3b2a14f98cccb15de72",
    "loudness": -29.766355514526367,
    "dynamic_range": 0.0,
    "temporal_centroid": 0.2845827043056488,
    "log_attack_time": -1.6603615283966064,
    "filesize": 59120,
    "single_event": true,
    "tonality": "F minor",
    "tonality_confidence": 0.4392409324645996,
    "loop": false,
    "tempo": 131,
    "tempo_confidence": 0.0,
    "note_midi": 37,
    "note_name": "C#2",
    "note_frequency": 67.78271484375,
    "note_confidence": 0.43412429094314575,
    "hardness": 35.58885995164634,
    "depth": 66.28555795613754,
    "brightness": 36.535483535094706,
    "roughness": 28.75358447400995,
    "warmth": 57.96128425615454,
    "sharpness": 6.916552459996151,
    "boominess": 58.23615911572752,
    "reverb": false,
    "genre": "Genre A",
    "mood": "Mood A"
}