{
    "duration": 1.8461250066757202,
    "lossless": 1.0,
    "codec": "pcm_s16le",
    "bitrate": 256000.0,
    "samplerate": 16000.0,
    "channels": 1.0,
    "audio_md5": "1c4c56c6a892f1f3965d07acec429ce5",
    "loudness": -28.56644058227539,
    "dynamic_range": 0.0,
    "temporal_centroid": 0.13614679872989655,
    "log_attack_time": -1.0974026918411255,
    "filesize": 59120,
    "single_event": true,
    "tonality": "F major",
    "tonality_confidence": 0.3626137971878052,
    "loop": false,
    "tempo": 129,
    "tempo_confidence": 0.0,
    "note_midi": 43,
    "note_name": "G2",
    "note_frequency": 99.90250396728516,
    "note_confidence": 0.3253319263458252,
    "hardness": 38.80071053026484,
    "depth": 64.72655715882044,
    "brightness": 34.35461613697039,
    "roughness": 29.664717003606306,
    "warmth": 54.291338828308085,
    "sharpness": 32.65324658451712,
    "boominess": 56.40393427315887,
    "reverb": false,
    "genre": "Genre A",
    "mood": "Mood A"
}