{
    "duration": 1.8461250066757202,
    "lossless": 1.0,
    "codec": "pcm_s16le",
    "bitrate": 256000.0,
    "samplerate": 16000.0,
    "channels": 1.0,
    "audio_md5": "72843dc7234cf69cf860e15aba3d9a3f",
    "loudness": -26.574914932250977,
    "dynamic_range": 0.0,
    "temporal_centroid": 0.3792344629764557,
    "log_attack_time": -0.032227128744125366,
    "filesize": 59120,
    "single_event": true,
    "tonality": "C# major",
    "tonality_confidence": 0.3452504873275757,
    "loop": false,
    "tempo": 129,
    "tempo_confidence": 0.0,
    "note_midi": 43,
    "note_name": "G2",
    "note_frequency": 98.56281280517578,
    "note_confidence": 0.4151418209075928,
    "hardness": 39.93608543952131,
    "depth": 58.404452558061394,
    "brightness": 43.85965729865872,
    "roughness": 31.735877553782192,
    "warmth": 50.76866279575978,
    "sharpness": 31.189844792664466,
    "boominess": 48.68494448888741,
    "reverb": false,
    "genre": "Genre A",
    "mood": "Mood A"
}