{
    "duration": 1.8461250066757202,
    "lossless": 1.0,
    "codec": "pcm_s16le",
    "bitrate": 256000.0,
    "samplerate": 16000.0,
    "channels": 1.0,
    "audio_md5": "9f469092b32e3aece2ec93c1d8d24ad1",
    "loudness": -18.092573165893555,
    "dynamic_range": 0.0,
    "temporal_centroid": 0.47644370794296265,
    "log_attack_time": 0.15366627275943756,
    "filesize": 59120,
    "single_event": true,
    "tonality": "G# major",
    "tonality_confidence": 0.867777943611145,
    "loop": false,
    "tempo": 172,
    "tempo_confidence": 0.0,
    "note_midi": 36,
    "note_name": "C2",
    "note_frequency": 65.18083953857422,
    "note_confidence": 0.30037152767181396,
    "hardness": 22.120831680502135,
    "depth": 67.75950314237791,
    "brightness": 17.201803298987294,
    "roughness": 24.157333263124674,
    "warmth": 59.05608261687166,
    "sharpness": 12.79321469803498,
    "boominess": 62.95604011260463,
    "reverb": false,
    "genre": "Genre A",
    "mood": "Mood A"
}