{
    "duration": 1.8461250066757202,
    "lossless": 1.0,
    "codec": "pcm_s16le",
    "bitrate": 256000.0,
    "samplerate": 16000.0,
    "channels": 1.0,
    "audio_md5": "a8a2c465684e9a6243a8edee05b9e005",
    "loudness": -20.641639709472656,
    "dynamic_range": 0.0,
    "temporal_centroid": 0.4700384736061096,
    "log_attack_time": 0.15558387339115143,
    "filesize": 59120,
    "single_event": true,
    "tonality": "C# major",
    "tonality_confidence": 0.5178336501121521,
    "loop": false,
    "tempo": 152,
    "tempo_confidence": 0.0,
    "note_midi": 38,
    "note_name": "D2",
    "note_frequency": 75.05738830566406,
    "note_confidence": 0.4031968116760254,
    "hardness": 25.83455532254348,
    "depth": 67.98336962092277,
    "brightness": 15.362196924869359,
    "roughness": 26.226302684550998,
    "warmth": 57.534784599999725,
    "sharpness": 23.032053055794314,
    "boominess": 60.50642469781867,
    "reverb": false,
    "genre": "Genre A",
    "mood": "Mood A"
}