{
    "duration": 1.8461250066757202,
    "lossless": 1.0,
    "codec": "pcm_s16le",
    "bitrate": 256000.0,
    "samplerate": 16000.0,
    "channels": 1.0,
    "audio_md5": "6fa655ad9893f23e7402c567f179deea",
    "loudness": -29.670534133911133,
    "dynamic_range": 0.0,
    "temporal_centroid": 0.4211166799068451,
    "log_attack_time": -0.15810731053352356,
    "filesize": 59120,
    "single_event": true,
    "tonality": "G# minor",
    "tonality_confidence": 0.7620755434036255,
    "loop": false,
    "tempo": 167,
    "tempo_confidence": 0.0,
    "note_midi": 36,
    "note_name": "C2",
    "note_frequency": 64.75883483886719,
    "note_confidence": 0.45276695489883423,
    "hardness": 37.4162042872358,
    "depth": 63.10978910578448,
    "brightness": 27.888447640609872,
    "roughness": 33.27831831315087,
    "warmth": 57.66089155998773,
    "sharpness": 11.916190793699766,
    "boominess": 52.636283650818335,
    "reverb": false,
    "genre": "Genre A",
    "mood": "Mood A"
}