{
    "duration": 1.8461250066757202,
    "lossless": 1.0,
    "codec": "pcm_s16le",
    "bitrate": 256000.0,
    "samplerate": 16000.0,
    "channels": 1.0,
    "audio_md5": "dd8d2ffe25fe6fdb34d3a00e2a354511",
    "loudness": -28.56464958190918,
    "dynamic_range": 0.0,
    "temporal_centroid": 0.3685578405857086,
    "log_attack_time": -0.030385497957468033,
    "filesize": 59120,
    "single_event": true,
    "tonality": "G minor",
    "tonality_confidence": 0.35405823588371277,
    "loop": false,
    "tempo": 129,
    "tempo_confidence": 0.0,
    "note_midi": 41,
    "note_name": "F2",
    "note_frequency": 84.9849624633789,
    "note_confidence": 0.39990079402923584,
    "hardness": 39.180668159488675,
    "depth": 58.50489025132496,
    "brightness": 45.19101436751,
    "roughness": 32.95472969910255,
    "warmth": 50.86213748988015,
    "sharpness": 35.422276879924105,
    "boominess": 46.894269437003025,
    "reverb": false,
    "genre": "Genre A",
    "mood": "Mood A"
}