{
    "duration": 1.8461250066757202,
    "lossless": 1.0,
    "codec": "pcm_s16le",
    "bitrate": 256000.0,
    "samplerate": 16000.0,
    "channels": 1.0,
    "audio_md5": "4c5dc40ef9c87e20536cdff35e0a6f30",
    "loudness": -19.68927574157715,
    "dynamic_range": 0.0,
    "temporal_centroid": 0.5073342323303223,
    "log_attack_time": 0.15463994443416595,
    "filesize": 59120,
    "single_event": true,
    "tonality": "F# minor",
    "tonality_confidence": 0.46977096796035767,
    "loop": false,
    "tempo": 167,
    "tempo_confidence": 0.0,
    "note_midi": 41,
    "note_name": "F2",
    "note_frequency": 87.8426742553711,
    "note_confidence": 0.11339837312698364,
    "hardness": 29.80341126996504,
    "depth": 66.75813027527126,
    "brightness": 18.167070867750972,
    "roughness": 26.990689216969376,
    "warmth": 58.01105857736358,
    "sharpness": 32.203607781102264,
    "boominess": 56.179739294409785,
    "reverb": false,
    "genre": "Genre A",
    "mood": "Mood A"
}