{
    "duration": 1.8461250066757202,
    "lossless": 1.0,
    "codec": "pcm_s16le",
    "bitrate": 256000.0,
    "samplerate": 16000.0,
    "channels": 1.0,
    "audio_md5": "65d9f6bf7cc77b884da658f2f4670cc1",
    "loudness": -30.351709365844727,
    "dynamic_range": 0.0,
    "temporal_centroid": 0.4360288679599762,
    "log_attack_time": -0.33052921295166016,
    "filesize": 59120,
    "single_event": true,
    "tonality": "G major",
    "tonality_confidence": 0.5474147796630859,
    "loop": true,
    "tempo": 131,
    "tempo_confidence": 0.9707898497581482,
    "note_midi": 40,
    "note_name": "E2",
    "note_frequency": 83.1709976196289,
    "note_confidence": 0.5443655252456665,
    "hardness": 41.92148670550489,
    "depth": 59.01362149314515,
    "brightness": 41.48924805186917,
    "roughness": 34.91159191923156,
    "warmth": 54.52765250756645,
    "sharpness": 20.844567328104873,
    "boominess": 47.122211916803096,
    "reverb": false,
    "genre": "Genre A",
    "mood": "Mood A"
}