{
    "duration": 1.8461250066757202,
    "lossless": 1.0,
    "codec": "pcm_s16le",
    "bitrate": 256000.0,
    "samplerate": 16000.0,
    "channels": 1.0,
    "audio_md5": "207fc26478733cc270c2b52f21b124be",
    "loudness": -28.221927642822266,
    "dynamic_range": 0.0,
    "temporal_centroid": 0.19036029279232025,
    "log_attack_time": -1.294190526008606,
    "filesize": 59120,
    "single_event": true,
    "tonality": "F major",
    "tonality_confidence": 0.5302585363388062,
    "loop": false,
    "tempo": 133,
    "tempo_confidence": 0.0,
    "note_midi": 40,
    "note_name": "E2",
    "note_frequency": 83.27139282226562,
    "note_confidence": 0.37379157543182373,
    "hardness": 38.508326636571965,
    "depth": 66.55122684553173,
    "brightness": 39.28329439092184,
    "roughness": 29.793545433610095,
    "warmth": 54.892805937268584,
    "sharpness": 24.311598940368064,
    "boominess": 57.57811209671031,
    "reverb": false,
    "genre": "Genre A",
    "mood": "Mood A"
}