{
    "duration": 1.8461250066757202,
    "lossless": 1.0,
    "codec": "pcm_s16le",
    "bitrate": 256000.0,
    "samplerate": 16000.0,
    "channels": 1.0,
    "audio_md5": "5b6bf93208b45d81a7789e552af58b24",
    "loudness": -30.55983543395996,
    "dynamic_range": 0.0,
    "temporal_centroid": 0.43342697620391846,
    "log_attack_time": -0.33021312952041626,
    "filesize": 59120,
    "single_event": true,
    "tonality": "E minor",
    "tonality_confidence": 0.65655916929245,
    "loop": true,
    "tempo": 131,
    "tempo_confidence": 0.9697996973991394,
    "note_midi": 40,
    "note_name": "E2",
    "note_frequency": 83.1106185913086,
    "note_confidence": 0.5293711423873901,
    "hardness": 40.16985582604181,
    "depth": 58.35112113304071,
    "brightness": 41.64551522222027,
    "roughness": 35.11980144235456,
    "warmth": 54.87234093762308,
    "sharpness": 21.805420866088184,
    "boominess": 47.13916367037139,
    "reverb": false,
    "genre": "Genre A",
    "mood": "Mood A"
}