{
    "duration": 1.8461250066757202,
    "lossless": 1.0,
    "codec": "pcm_s16le",
    "bitrate": 256000.0,
    "samplerate": 16000.0,
    "channels": 1.0,
    "audio_md5": "673798931c462f52552009e6e47d9a76",
    "loudness": -18.177579879760742,
    "dynamic_range": 0.0,
    "temporal_centroid": 0.4779674708843231,
    "log_attack_time": 0.15268348157405853,
    "filesize": 59120,
    "single_event": true,
    "tonality": "A# major",
    "tonality_confidence": 0.4826072156429291,
    "loop": false,
    "tempo": 167,
    "tempo_confidence": 0.0,
    "note_midi": 42,
    "note_name": "F#2",
    "note_frequency": 92.44837188720703,
    "note_confidence": 0.17326217889785767,
    "hardness": 23.916927274048916,
    "depth": 68.10609172577462,
    "brightness": 17.46146762796387,
    "roughness": 26.366072921475787,
    "warmth": 58.71587456907671,
    "sharpness": 11.640226007660473,
    "boominess": 62.9919865248405,
    "reverb": false,
    "genre": "Genre A",
    "mood": "Mood A"
}