{
    "duration": 1.8461250066757202,
    "lossless": 1.0,
    "codec": "pcm_s16le",
    "bitrate": 256000.0,
    "samplerate": 16000.0,
    "channels": 1.0,
    "audio_md5": "c6401e51152e87e3f500efcd825981d6",
    "loudness": -26.223398208618164,
    "dynamic_range": 0.0,
    "temporal_centroid": 0.10748028010129929,
    "log_attack_time": -1.4386930465698242,
    "filesize": 59120,
    "single_event": true,
    "tonality": "B major",
    "tonality_confidence": 0.787306010723114,
    "loop": false,
    "tempo": 133,
    "tempo_confidence": 0.0,
    "note_midi": 38,
    "note_name": "D2",
    "note_frequency": 71.35865020751953,
    "note_confidence": 0.263790488243103,
    "hardness": 30.614443701228055,
    "depth": 70.81947289439151,
    "brightness": 35.80854307769937,
    "roughness": 24.918797433047395,
    "warmth": 57.70397390217042,
    "sharpness": 23.90797188161443,
    "boominess": 58.646667742616934,
    "reverb": false,
    "genre": "Genre A",
    "mood": "Mood A"
}