{
    "duration": 1.8461250066757202,
    "lossless": 1.0,
    "codec": "pcm_s16le",
    "bitrate": 256000.0,
    "samplerate": 16000.0,
    "channels": 1.0,
    "audio_md5": "be61391163bd822ee97abdfa8481b8b1",
    "loudness": -18.45046043395996,
    "dynamic_range": 0.0,
    "temporal_centroid": 0.4901815354824066,
    "log_attack_time": 0.1535487174987793,
    "filesize": 59120,
    "single_event": true,
    "tonality": "E major",
    "tonality_confidence": 0.5696541666984558,
    "loop": false,
    "tempo": 167,
    "tempo_confidence": 0.0,
    "note_midi": 43,
    "note_name": "G2",
    "note_frequency": 99.90235900878906,
    "note_confidence": 0.376503586769104,
    "hardness": 23.60212188707723,
    "depth": 67.43600364309674,
    "brightness": 17.694480272519264,
    "roughness": 24.90903613721638,
    "warmth": 58.4637111608574,
    "sharpness": 14.489456561243728,
    "boominess": 62.42683138066319,
    "reverb": false,
    "genre": "Genre A",
    "mood": "Mood A"
}