{
    "duration": 1.8461250066757202,
    "lossless": 1.0,
    "codec": "pcm_s16le",
    "bitrate": 256000.0,
    "samplerate": 16000.0,
    "channels": 1.0,
    "audio_md5": "bb35893275d8a4fb94fca6b09ddc23e2",
    "loudness": -25.174652099609375,
    "dynamic_range": 0.0,
    "temporal_centroid": 0.3303035497665405,
    "log_attack_time": -1.5396101474761963,
    "filesize": 59120,
    "single_event": true,
    "tonality": "A minor",
    "tonality_confidence": 0.7496563792228699,
    "loop": false,
    "tempo": 129,
    "tempo_confidence": 0.0,
    "note_midi": 39,
    "note_name": "D#2",
    "note_frequency": 75.62313842773438,
    "note_confidence": 0.3742632269859314,
    "hardness": 30.023917023314823,
    "depth": 65.20723676915529,
    "brightness": 32.96223242418512,
    "roughness": 26.64116200425058,
    "warmth": 56.22413300136479,
    "sharpness": 6.303122076914828,
    "boominess": 61.33156741347666,
    "reverb": false,
    "genre": "Genre A",
    "mood": "Mood A"
}