{
    "duration": 1.8461250066757202,
    "lossless": 1.0,
    "codec": "pcm_s16le",
    "bitrate": 256000.0,
    "samplerate": 16000.0,
    "channels": 1.0,
    "audio_md5": "e20c328d648ebc5a46b7c58bff4bb99e",
    "loudness": -30.185976028442383,
    "dynamic_range": 0.0,
    "temporal_centroid": 0.26939651370048523,
    "log_attack_time": -1.636264443397522,
    "filesize": 59120,
    "single_event": true,
    "tonality": "C# minor",
    "tonality_confidence": 0.5511917471885681,
    "loop": true,
    "tempo": 131,
    "tempo_confidence": 0.9765328764915466,
    "note_midi": 37,
    "note_name": "C#2",
    "note_frequency": 68.82587432861328,
    "note_confidence": 0.4027482271194458,
    "hardness": 33.7120879250283,
    "depth": 65.35579852713386,
    "brightness": 36.310334541274614,
    "roughness": 31.42968770903293,
    "warmth": 58.09488292719194,
    "sharpness": 0.44895752835665803,
    "boominess": 59.48609863671339,
    "reverb": false,
    "genre": "Genre A",
    "mood": "Mood A"
}