{
    "duration": 1.8461250066757202,
    "lossless": 1.0,
    "codec": "pcm_s16le",
    "bitrate": 256000.0,
    "samplerate": 16000.0,
    "channels": 1.0,
    "audio_md5": "9fa88d9ae22b06391734fc3c068d11bb",
    "loudness": -19.521257400512695,
    "dynamic_range": 0.0,
    "temporal_centroid": 0.48977622389793396,
    "log_attack_time": 0.15152482688426971,
    "filesize": 59120,
    "single_event": true,
    "tonality": "C# minor",
    "tonality_confidence": 0.7817748188972473,
    "loop": false,
    "tempo": 86,
    "tempo_confidence": 0.0,
    "note_midi": 39,
    "note_name": "D#2",
    "note_frequency": 76.14232635498047,
    "note_confidence": 0.0992124080657959,
    "hardness": 28.323565236150927,
    "depth": 68.21844706420907,
    "brightness": 17.938808565499365,
    "roughness": 31.302396497745715,
    "warmth": 58.36250917580167,
    "sharpness": 26.3750155613206,
    "boominess": 59.275325050552105,
    "reverb": false,
    "genre": "Genre A",
    "mood": "Mood A"
}