{
    "duration": 1.8461250066757202,
    "lossless": 1.0,
    "codec": "pcm_s16le",
    "bitrate": 256000.0,
    "samplerate": 16000.0,
    "channels": 1.0,
    "audio_md5": "e1ab44a945f82bf1106a31a2f3b6911c",
    "loudness": -21.5841064453125,
    "dynamic_range": 0.0,
    "temporal_centroid": 0.33970901370048523,
    "log_attack_time": -0.9632878303527832,
    "filesize": 59120,
    "single_event": true,
    "tonality": "D major",
    "tonality_confidence": 0.6962875127792358,
    "loop": false,
    "tempo": 178,
    "tempo_confidence": 0.0,
    "note_midi": 33,
    "note_name": "A1",
    "note_frequency": 55.703521728515625,
    "note_confidence": 0.8845940828323364,
    "hardness": 28.984546872086824,
    "depth": 67.65153342309978,
    "brightness": 27.854526444641635,
    "roughness": 34.32129660463533,
    "warmth": 58.56301612156992,
    "sharpness": 32.29915695365711,
    "boominess": 53.59373295701294,
    "reverb": true,
    "genre": "Genre A",
    "mood": "Mood A"
}