{
    "duration": 1.8461250066757202,
    "lossless": 1.0,
    "codec": "pcm_s16le",
    "bitrate": 256000.0,
    "samplerate": 16000.0,
    "channels": 1.0,
    "audio_md5": "908ceb515dbb3e40994c990afae6c571",
    "loudness": -32.39646530151367,
    "dynamic_range": 0.0,
    "temporal_centroid": 0.4290717542171478,
    "log_attack_time": -2.0774121284484863,
    "filesize": 59120,
    "single_event": true,
    "tonality": "F major",
    "tonality_confidence": 0.6232943534851074,
    "loop": false,
    "tempo": 129,
    "tempo_confidence": 0.0,
    "note_midi": 34,
    "note_name": "A#1",
    "note_frequency": 59.32731246948242,
    "note_confidence": 0.6084189414978027,
    "hardness": 36.59967395850185,
    "depth": 62.98575021561942,
    "brightness": 42.17028714264896,
    "roughness": 36.31186672616399,
    "warmth": 57.483567848125716,
    "sharpness": 27.133624015491392,
    "boominess": 49.07210038603597,
    "reverb": false,
    "genre": "Genre A",
    "mood": "Mood A"
}