{
    "duration": 1.8461250066757202,
    "lossless": 1.0,
    "codec": "pcm_s16le",
    "bitrate": 256000.0,
    "samplerate": 16000.0,
    "channels": 1.0,
    "audio_md5": "20b746099bf7f46491ab73fc12436cd8",
    "loudness": -21.2640323638916,
    "dynamic_range": 0.0,
    "temporal_centroid": 0.5425750017166138,
    "log_attack_time": -0.814170777797699,
    "filesize": 59120,
    "single_event": true,
    "tonality": "C minor",
    "tonality_confidence": 0.7485905885696411,
    "loop": false,
    "tempo": 128,
    "tempo_confidence": 0.0,
    "note_midi": 29,
    "note_name": "F1",
    "note_frequency": 43.024391174316406,
    "note_confidence": 0.2956240773200989,
    "hardness": 32.21138622944794,
    "depth": 72.86676212437524,
    "brightness": 28.39188016282399,
    "roughness": 33.30662022847103,
    "warmth": 58.79839039643096,
    "sharpness": 42.62339466571412,
    "boominess": 48.9704320063125,
    "reverb": false,
    "genre": "Genre A",
    "mood": "Mood A"
}