{
    "duration": 1.8461250066757202,
    "lossless": 1.0,
    "codec": "pcm_s16le",
    "bitrate": 256000.0,
    "samplerate": 16000.0,
    "channels": 1.0,
    "audio_md5": "c01bc422daa05141898a3abac00a0ae6",
    "loudness": -22.30900001525879,
    "dynamic_range": 0.0,
    "temporal_centroid": 0.31578248739242554,
    "log_attack_time": -1.723793625831604,
    "filesize": 59120,
    "single_event": true,
    "tonality": "A minor",
    "tonality_confidence": 0.6463803052902222,
    "loop": false,
    "tempo": 172,
    "tempo_confidence": 0.0,
    "note_midi": 35,
    "note_name": "B1",
    "note_frequency": 61.08005905151367,
    "note_confidence": 0.39451098442077637,
    "hardness": 31.820405389076,
    "depth": 67.71822799800836,
    "brightness": 31.421598272903747,
    "roughness": 29.769095932021575,
    "warmth": 57.25697112220445,
    "sharpness": 27.41555091797665,
    "boominess": 55.26212335091542,
    "reverb": false,
    "genre": "Genre A",
    "mood": "Mood A"
}