{
    "duration": 1.8461250066757202,
    "lossless": 1.0,
    "codec": "pcm_s16le",
    "bitrate": 256000.0,
    "samplerate": 16000.0,
    "channels": 1.0,
    "audio_md5": "b5b770c3a6f67db6d77e1e88399e345d",
    "loudness": -22.05385398864746,
    "dynamic_range": 0.0,
    "temporal_centroid": 0.5349059104919434,
    "log_attack_time": -0.6333759427070618,
    "filesize": 59120,
    "single_event": true,
    "tonality": "C minor",
    "tonality_confidence": 0.8799721002578735,
    "loop": false,
    "tempo": 129,
    "tempo_confidence": 0.0,
    "note_midi": 29,
    "note_name": "F1",
    "note_frequency": 43.024391174316406,
    "note_confidence": 0.18745124340057373,
    "hardness": 33.31207111382946,
    "depth": 73.91010188275249,
    "brightness": 26.504160160516747,
    "roughness": 38.10769764532121,
    "warmth": 58.57481382147212,
    "sharpness": 41.41264703276178,
    "boominess": 50.230170120978464,
    "reverb": false,
    "genre": "Genre A",
    "mood": "Mood A"
}