{
    "duration": 1.8461250066757202,
    "lossless": 1.0,
    "codec": "pcm_s16le",
    "bitrate": 256000.0,
    "samplerate": 16000.0,
    "channels": 1.0,
    "audio_md5": "aa225c1492c1665c5438e611d2a75958",
    "loudness": -25.56303596496582,
    "dynamic_range": 0.0,
    "temporal_centroid": 0.28028160333633423,
    "log_attack_time": -1.8513469696044922,
    "filesize": 59120,
    "single_event": true,
    "tonality": "F major",
    "tonality_confidence": 0.606313943862915,
    "loop": false,
    "tempo": 161,
    "tempo_confidence": 0.0,
    "note_midi": 30,
    "note_name": "F#1",
    "note_frequency": 46.620059967041016,
    "note_confidence": 0.5930815935134888,
    "hardness": 33.67233680373673,
    "depth": 68.89541504058818,
    "brightness": 32.47006664352773,
    "roughness": 31.990269075938677,
    "warmth": 59.010109948958856,
    "sharpness": 22.505632413860308,
    "boominess": 57.50103670907947,
    "reverb": false,
    "genre": "Genre A",
    "mood": "Mood A"
}