{
    "duration": 1.8461250066757202,
    "lossless": 1.0,
    "codec": "pcm_s16le",
    "bitrate": 256000.0,
    "samplerate": 16000.0,
    "channels": 1.0,
    "audio_md5": "9110ae36ad22c9a5f7bd677a5fbb8bed",
    "loudness": -44.64176940917969,
    "dynamic_range": 0.0,
    "temporal_centroid": 0.3906629979610443,
    "log_attack_time": -1.7682207822799683,
    "filesize": 59120,
    "single_event": true,
    "tonality": "F minor",
    "tonality_confidence": 0.6284369826316833,
    "loop": false,
    "tempo": 145,
    "tempo_confidence": 0.0,
    "note_midi": 31,
    "note_name": "G1",
    "note_frequency": 49.34929656982422,
    "note_confidence": 0.6675797700881958,
    "hardness": 39.83078594310534,
    "depth": 67.72702269682746,
    "brightness": 44.12171422134403,
    "roughness": 39.726507937636214,
    "warmth": 58.56901078184268,
    "sharpness": 34.31508134292258,
    "boominess": 50.89528497050278,
    "reverb": false,
    "genre": "Genre A",
    "mood": "Mood A"
}