{
    "duration": 1.8461250066757202,
    "lossless": 1.0,
    "codec": "pcm_s16le",
    "bitrate": 256000.0,
    "samplerate": 16000.0,
    "channels": 1.0,
    "audio_md5": "e9984988bd37b548d8e71c57ff256297",
    "loudness": -34.54900360107422,
    "dynamic_range": 0.0,
    "temporal_centroid": 0.5045093894004822,
    "log_attack_time": -0.03499360755085945,
    "filesize": 59120,
    "single_event": true,
    "tonality": "C major",
    "tonality_confidence": 0.5705944299697876,
    "loop": true,
    "tempo": 130,
    "tempo_confidence": 0.9999017119407654,
    "note_midi": 30,
    "note_name": "F#1",
    "note_frequency": 47.20720672607422,
    "note_confidence": 0.43814772367477417,
    "hardness": 39.33474486182489,
    "depth": 66.39032872419764,
    "brightness": 40.9458769671902,
    "roughness": 40.80240281527214,
    "warmth": 56.222947544565876,
    "sharpness": 28.293662165955826,
    "boominess": 48.19292735443197,
    "reverb": false,
    "genre": "Genre A",
    "mood": "Mood A"
}