{
    "duration": 1.8461250066757202,
    "lossless": 1.0,
    "codec": "pcm_s16le",
    "bitrate": 256000.0,
    "samplerate": 16000.0,
    "channels": 1.0,
    "audio_md5": "b334ff8b4c7f5fcdc00e3c0501309d66",
    "loudness": -20.789791107177734,
    "dynamic_range": 0.0,
    "temporal_centroid": 0.33001676201820374,
    "log_attack_time": -1.6815959215164185,
    "filesize": 59120,
    "single_event": true,
    "tonality": "F minor",
    "tonality_confidence": 0.7040170431137085,
    "loop": false,
    "tempo": 161,
    "tempo_confidence": 0.0,
    "note_midi": 31,
    "note_name": "G1",
    "note_frequency": 48.751380920410156,
    "note_confidence": 0.46514707803726196,
    "hardness": 31.952406434174492,
    "depth": 68.76741591559465,
    "brightness": 30.986565255828218,
    "roughness": 33.374196385712,
    "warmth": 58.1143133480371,
    "sharpness": 27.62682639239459,
    "boominess": 56.04137525248903,
    "reverb": false,
    "genre": "Genre A",
    "mood": "Mood A"
}