{
    "duration": 1.8461250066757202,
    "lossless": 1.0,
    "codec": "pcm_s16le",
    "bitrate": 256000.0,
    "samplerate": 16000.0,
    "channels": 1.0,
    "audio_md5": "cc7a9c2aba24cf6a8e16c786af3732ae",
    "loudness": -36.98033905029297,
    "dynamic_range": 0.0,
    "temporal_centroid": 0.5264667272567749,
    "log_attack_time": -0.035207126289606094,
    "filesize": 59120,
    "single_event": true,
    "tonality": "D minor",
    "tonality_confidence": 0.6022107601165771,
    "loop": true,
    "tempo": 130,
    "tempo_confidence": 0.9999017119407654,
    "note_midi": 29,
    "note_name": "F1",
    "note_frequency": 44.52958297729492,
    "note_confidence": 0.32807421684265137,
    "hardness": 40.10608553527889,
    "depth": 66.57879261994779,
    "brightness": 42.01657982328932,
    "roughness": 40.891802464535125,
    "warmth": 56.44847031430807,
    "sharpness": 28.187717790253018,
    "boominess": 48.39907711623903,
    "reverb": false,
    "genre": "Genre A",
    "mood": "Mood A"
}