{
    "duration": 1.8461250066757202,
    "lossless": 1.0,
    "codec": "pcm_s16le",
    "bitrate": 256000.0,
    "samplerate": 16000.0,
    "channels": 1.0,
    "audio_md5": "2591573c346ef67505a59d74c3fb323d",
    "loudness": -29.479055404663086,
    "dynamic_range": 0.0,
    "temporal_centroid": 0.4532046616077423,
    "log_attack_time": -2.0089547634124756,
    "filesize": 59120,
    "single_event": true,
    "tonality": "C# major",
    "tonality_confidence": 0.782913863658905,
    "loop": false,
    "tempo": 129,
    "tempo_confidence": 0.0,
    "note_midi": 33,
    "note_name": "A1",
    "note_frequency": 56.051456451416016,
    "note_confidence": 0.5502127408981323,
    "hardness": 38.55270575135722,
    "depth": 62.63701971851071,
    "brightness": 40.87856041231238,
    "roughness": 38.41941226023496,
    "warmth": 59.86829156190331,
    "sharpness": 26.624416919744988,
    "boominess": 47.243740327144316,
    "reverb": false,
    "genre": "Genre A",
    "mood": "Mood A"
}