{
    "duration": 1.8461250066757202,
    "lossless": 1.0,
    "codec": "pcm_s16le",
    "bitrate": 256000.0,
    "samplerate": 16000.0,
    "channels": 1.0,
    "audio_md5": "9616d5359635c40e95e6089d74d44f68",
    "loudness": -26.71173667907715,
    "dynamic_range": 0.0,
    "temporal_centroid": 0.4777236878871918,
    "log_attack_time": 0.16905565559864044,
    "filesize": 59120,
    "single_event": true,
    "tonality": "G# major",
    "tonality_confidence": 0.5819958448410034,
    "loop": false,
    "tempo": 129,
    "tempo_confidence": 0.0,
    "note_midi": 56,
    "note_name": "G#3",
    "note_frequency": 212.28419494628906,
    "note_confidence": 0.663682222366333,
    "hardness": 34.17616079269993,
    "depth": 55.390381537916994,
    "brightness": 27.216065755888888,
    "roughness": 40.214642969026976,
    "warmth": 63.679229264324476,
    "sharpness": 20.169349078151424,
    "boominess": 46.879394730213164,
    "reverb": false,
    "genre": "Genre A",
    "mood": "Mood A"
}