{
    "duration": 1.8461250066757202,
    "lossless": 1.0,
    "codec": "pcm_s16le",
    "bitrate": 256000.0,
    "samplerate": 16000.0,
    "channels": 1.0,
    "audio_md5": "0032cf371158bd956d6409e060147e04",
    "loudness": -33.796817779541016,
    "dynamic_range": 0.0,
    "temporal_centroid": 0.33627021312713623,
    "log_attack_time": -1.85627019405365,
    "filesize": 59120,
    "single_event": true,
    "tonality": "F# major",
    "tonality_confidence": 0.6487489342689514,
    "loop": false,
    "tempo": 131,
    "tempo_confidence": 0.0,
    "note_midi": 34,
    "note_name": "A#1",
    "note_frequency": 58.826847076416016,
    "note_confidence": 0.8120771646499634,
    "hardness": 39.70925649703726,
    "depth": 64.66410818348268,
    "brightness": 38.08361691224886,
    "roughness": 38.122815307175514,
    "warmth": 59.85078075656733,
    "sharpness": 21.838688582621803,
    "boominess": 49.26269818421825,
    "reverb": true,
    "genre": "Genre A",
    "mood": "Mood A"
}