{
    "duration": 1.8461250066757202,
    "lossless": 1.0,
    "codec": "pcm_s16le",
    "bitrate": 256000.0,
    "samplerate": 16000.0,
    "channels": 1.0,
    "audio_md5": "2a62e5ca3a5153c54f66afd8f41f70d3",
    "loudness": -34.35243606567383,
    "dynamic_range": 0.0,
    "temporal_centroid": 0.3487579822540283,
    "log_attack_time": -1.8677374124526978,
    "filesize": 59120,
    "single_event": true,
    "tonality": "C# major",
    "tonality_confidence": 0.5205725431442261,
    "loop": true,
    "tempo": 98,
    "tempo_confidence": 0.9805185198783875,
    "note_midi": 34,
    "note_name": "A#1",
    "note_frequency": 59.73454666137695,
    "note_confidence": 0.7189255952835083,
    "hardness": 36.05137305121224,
    "depth": 65.42476492435928,
    "brightness": 37.894062746804856,
    "roughness": 38.54551670225561,
    "warmth": 61.69250547409629,
    "sharpness": 15.428669452766847,
    "boominess": 50.43163300222214,
    "reverb": false,
    "genre": "Genre A",
    "mood": "Mood A"
}