{
    "duration": 1.8461250066757202,
    "lossless": 1.0,
    "codec": "pcm_s16le",
    "bitrate": 256000.0,
    "samplerate": 16000.0,
    "channels": 1.0,
    "audio_md5": "5ca0bd33fac0b7205b75b313e740842a",
    "loudness": -34.403560638427734,
    "dynamic_range": 0.0,
    "temporal_centroid": 0.3205176293849945,
    "log_attack_time": -0.32670944929122925,
    "filesize": 59120,
    "single_event": true,
    "tonality": "C# major",
    "tonality_confidence": 0.3973022997379303,
    "loop": true,
    "tempo": 130,
    "tempo_confidence": 0.9999017119407654,
    "note_midi": 32,
    "note_name": "G#1",
    "note_frequency": 52.380340576171875,
    "note_confidence": 0.49733299016952515,
    "hardness": 43.60412317608555,
    "depth": 62.11371637959571,
    "brightness": 43.34545402892704,
    "roughness": 37.28048932431766,
    "warmth": 56.06980310864878,
    "sharpness": 19.1463315021318,
    "boominess": 47.64899924042678,
    "reverb": false,
    "genre": "Genre A",
    "mood": "Mood A"
}