{
    "duration": 1.8461250066757202,
    "lossless": 1.0,
    "codec": "pcm_s16le",
    "bitrate": 256000.0,
    "samplerate": 16000.0,
    "channels": 1.0,
    "audio_md5": "523f8ca42d1a84ed724843f45278ad58",
    "loudness": -31.709665298461914,
    "dynamic_range": 0.0,
    "temporal_centroid": 0.4129367172718048,
    "log_attack_time": -2.0917704105377197,
    "filesize": 59120,
    "single_event": true,
    "tonality": "G major",
    "tonality_confidence": 0.40293532609939575,
    "loop": false,
    "tempo": 129,
    "tempo_confidence": 0.0,
    "note_midi": 34,
    "note_name": "A#1",
    "note_frequency": 59.59293746948242,
    "note_confidence": 0.6616718769073486,
    "hardness": 36.89723053516512,
    "depth": 64.62651239476104,
    "brightness": 42.27796963719048,
    "roughness": 36.980327400964704,
    "warmth": 60.0278347102269,
    "sharpness": 22.686433714086384,
    "boominess": 49.08155018039987,
    "reverb": false,
    "genre": "Genre A",
    "mood": "Mood A"
}