{
    "duration": 1.8461250066757202,
    "lossless": 1.0,
    "codec": "pcm_s16le",
    "bitrate": 256000.0,
    "samplerate": 16000.0,
    "channels": 1.0,
    "audio_md5": "dd0214fc4218f035cb4a7863579b7119",
    "loudness": -30.36790657043457,
    "dynamic_range": 0.0,
    "temporal_centroid": 0.2685791552066803,
    "log_attack_time": -1.5577229261398315,
    "filesize": 59120,
    "single_event": true,
    "tonality": "E minor",
    "tonality_confidence": 0.6995877623558044,
    "loop": false,
    "tempo": 154,
    "tempo_confidence": 0.0,
    "note_midi": 40,
    "note_name": "E2",
    "note_frequency": 82.85466766357422,
    "note_confidence": 0.4274247884750366,
    "hardness": 36.65766829593187,
    "depth": 66.4564466783918,
    "brightness": 34.24964126507979,
    "roughness": 34.347002092124875,
    "warmth": 58.81119167607672,
    "sharpness": 26.333441015307052,
    "boominess": 53.213638786881106,
    "reverb": false,
    "genre": "Genre A",
    "mood": "Mood A"
}