{
    "duration": 1.8461250066757202,
    "lossless": 1.0,
    "codec": "pcm_s16le",
    "bitrate": 256000.0,
    "samplerate": 16000.0,
    "channels": 1.0,
    "audio_md5": "242c8cbf2910c09061c592fb87865d16",
    "loudness": -29.685102462768555,
    "dynamic_range": 0.0,
    "temporal_centroid": 0.43925240635871887,
    "log_attack_time": -1.991226077079773,
    "filesize": 59120,
    "single_event": true,
    "tonality": "A major",
    "tonality_confidence": 0.6289406418800354,
    "loop": false,
    "tempo": 129,
    "tempo_confidence": 0.0,
    "note_midi": 33,
    "note_name": "A1",
    "note_frequency": 54.045841217041016,
    "note_confidence": 0.7147923707962036,
    "hardness": 38.427809946015174,
    "depth": 63.864649728069296,
    "brightness": 41.09543646966322,
    "roughness": 35.80597928217631,
    "warmth": 59.302733574637145,
    "sharpness": 24.83980832012572,
    "boominess": 48.30798661473575,
    "reverb": false,
    "genre": "Genre A",
    "mood": "Mood A"
}