{
    "duration": 1.8461250066757202,
    "lossless": 1.0,
    "codec": "pcm_s16le",
    "bitrate": 256000.0,
    "samplerate": 16000.0,
    "channels": 1.0,
    "audio_md5": "bb1bf403351432fd98859487e7172689",
    "loudness": -34.18050765991211,
    "dynamic_range": 0.0,
    "temporal_centroid": 0.39527666568756104,
    "log_attack_time": -0.15664997696876526,
    "filesize": 59120,
    "single_event": true,
    "tonality": "A# major",
    "tonality_confidence": 0.3670472800731659,
    "loop": false,
    "tempo": 129,
    "tempo_confidence": 0.0,
    "note_midi": 56,
    "note_name": "G#3",
    "note_frequency": 211.42347717285156,
    "note_confidence": 0.6711867451667786,
    "hardness": 34.16318126880323,
    "depth": 54.7655854484319,
    "brightness": 33.13147011904498,
    "roughness": 41.857345063723,
    "warmth": 61.20860248872482,
    "sharpness": 9.535229376361968,
    "boominess": 47.598010358736616,
    "reverb": false,
    "genre": "Genre A",
    "mood": "Mood A"
}