{
    "duration": 1.8461250066757202,
    "lossless": 1.0,
    "codec": "pcm_s16le",
    "bitrate": 256000.0,
    "samplerate": 16000.0,
    "channels": 1.0,
    "audio_md5": "d4dd0990c391a1ab5c376ff07e363b40",
    "loudness": -23.105398178100586,
    "dynamic_range": 0.0,
    "temporal_centroid": 0.2719162404537201,
    "log_attack_time": -1.5587912797927856,
    "filesize": 59120,
    "single_event": true,
    "tonality": "A minor",
    "tonality_confidence": 0.6174594163894653,
    "loop": false,
    "tempo": 172,
    "tempo_confidence": 0.0,
    "note_midi": 37,
    "note_name": "C#2",
    "note_frequency": 70.61874389648438,
    "note_confidence": 0.44410479068756104,
    "hardness": 32.895533379446505,
    "depth": 67.73798612091912,
    "brightness": 29.04607628379222,
    "roughness": 33.55782400561626,
    "warmth": 60.11208156038354,
    "sharpness": 19.484855640459628,
    "boominess": 57.35993565371401,
    "reverb": false,
    "genre": "Genre A",
    "mood": "Mood A"
}