{
    "duration": 1.8461250066757202,
    "lossless": 1.0,
    "codec": "pcm_s16le",
    "bitrate": 256000.0,
    "samplerate": 16000.0,
    "channels": 1.0,
    "audio_md5": "4a84f8d5548d149e4e9b0094ca81a292",
    "loudness": -20.67989158630371,
    "dynamic_range": 0.0,
    "temporal_centroid": 0.5445875525474548,
    "log_attack_time": -0.5182422399520874,
    "filesize": 59120,
    "single_event": true,
    "tonality": "C minor",
    "tonality_confidence": 0.6572467684745789,
    "loop": false,
    "tempo": 123,
    "tempo_confidence": 0.0,
    "note_midi": 29,
    "note_name": "F1",
    "note_frequency": 43.024391174316406,
    "note_confidence": 0.28100913763046265,
    "hardness": 31.349648181410487,
    "depth": 72.5135823217299,
    "brightness": 27.719553815438662,
    "roughness": 33.26793408909652,
    "warmth": 59.181996081454365,
    "sharpness": 41.49272930283116,
    "boominess": 49.83274158615531,
    "reverb": false,
    "genre": "Genre A",
    "mood": "Mood A"
}