{
    "duration": 1.8461250066757202,
    "lossless": 1.0,
    "codec": "pcm_s16le",
    "bitrate": 256000.0,
    "samplerate": 16000.0,
    "channels": 1.0,
    "audio_md5": "8b1422b2583c22eecc298927cc7f2ff2",
    "loudness": -28.920949935913086,
    "dynamic_range": 0.0,
    "temporal_centroid": 0.3610577881336212,
    "log_attack_time": -0.5050632953643799,
    "filesize": 59120,
    "single_event": true,
    "tonality": "A major",
    "tonality_confidence": 0.5850553512573242,
    "loop": false,
    "tempo": 129,
    "tempo_confidence": 0.0,
    "note_midi": 32,
    "note_name": "G#1",
    "note_frequency": 51.210323333740234,
    "note_confidence": 0.609857439994812,
    "hardness": 31.23280279492937,
    "depth": 67.68828062775424,
    "brightness": 30.050835572241372,
    "roughness": 38.64322358542639,
    "warmth": 60.09854507645675,
    "sharpness": 28.425043888905343,
    "boominess": 55.12133727593751,
    "reverb": true,
    "genre": "Genre A",
    "mood": "Mood A"
}