{
    "duration": 1.8461250066757202,
    "lossless": 1.0,
    "codec": "pcm_s16le",
    "bitrate": 256000.0,
    "samplerate": 16000.0,
    "channels": 1.0,
    "audio_md5": "2ce4eeac4e5789dea802a017e2b0c765",
    "loudness": -19.84869384765625,
    "dynamic_range": 0.0,
    "temporal_centroid": 0.4701337218284607,
    "log_attack_time": -1.0813136100769043,
    "filesize": 59120,
    "single_event": true,
    "tonality": "G# minor",
    "tonality_confidence": 0.5388013124465942,
    "loop": false,
    "tempo": 129,
    "tempo_confidence": 0.0,
    "note_midi": 31,
    "note_name": "G1",
    "note_frequency": 50.365264892578125,
    "note_confidence": 0.6238884329795837,
    "hardness": 28.892480118013296,
    "depth": 69.56727740273794,
    "brightness": 30.0106731022711,
    "roughness": 37.62170717119358,
    "warmth": 60.81171475333182,
    "sharpness": 33.73651261493482,
    "boominess": 52.25017632078087,
    "reverb": false,
    "genre": "Genre A",
    "mood": "Mood A"
}