{
    "duration": 1.8461250066757202,
    "lossless": 1.0,
    "codec": "pcm_s16le",
    "bitrate": 256000.0,
    "samplerate": 16000.0,
    "channels": 1.0,
    "audio_md5": "8b5aa9fe8d579bfbaff82005a58ebad2",
    "loudness": -30.741151809692383,
    "dynamic_range": 0.0,
    "temporal_centroid": 0.42975521087646484,
    "log_attack_time": -2.0680971145629883,
    "filesize": 59120,
    "single_event": true,
    "tonality": "F major",
    "tonality_confidence": 0.44291236996650696,
    "loop": false,
    "tempo": 129,
    "tempo_confidence": 0.0,
    "note_midi": 36,
    "note_name": "C2",
    "note_frequency": 65.34754180908203,
    "note_confidence": 0.6136148571968079,
    "hardness": 37.199816659071686,
    "depth": 64.3676788907459,
    "brightness": 41.67719539573786,
    "roughness": 38.073444841770716,
    "warmth": 59.76326706883782,
    "sharpness": 27.589551884984484,
    "boominess": 48.80165641280922,
    "reverb": false,
    "genre": "Genre A",
    "mood": "Mood A"
}