{
    "duration": 1.8461250066757202,
    "lossless": 1.0,
    "codec": "pcm_s16le",
    "bitrate": 256000.0,
    "samplerate": 16000.0,
    "channels": 1.0,
    "audio_md5": "5ae8ef95ca6a96f5db2ac126e560e28f",
    "loudness": -35.046871185302734,
    "dynamic_range": 0.0,
    "temporal_centroid": 0.5135911107063293,
    "log_attack_time": -0.0351857915520668,
    "filesize": 59120,
    "single_event": true,
    "tonality": "E minor",
    "tonality_confidence": 0.5253909230232239,
    "loop": true,
    "tempo": 130,
    "tempo_confidence": 0.9999017119407654,
    "note_midi": 30,
    "note_name": "F#1",
    "note_frequency": 46.95967483520508,
    "note_confidence": 0.4266738295555115,
    "hardness": 38.83755775282168,
    "depth": 65.05508848482482,
    "brightness": 41.724374000006065,
    "roughness": 39.16738142178998,
    "warmth": 56.70804205771601,
    "sharpness": 30.85560481752659,
    "boominess": 46.78297446305547,
    "reverb": false,
    "genre": "Genre A",
    "mood": "Mood A"
}