{
    "duration": 1.8461250066757202,
    "lossless": 1.0,
    "codec": "pcm_s16le",
    "bitrate": 256000.0,
    "samplerate": 16000.0,
    "channels": 1.0,
    "audio_md5": "57a237d3c51ecf618070901697e21fd5",
    "loudness": -25.199703216552734,
    "dynamic_range": 0.0,
    "temporal_centroid": 0.26955199241638184,
    "log_attack_time": -1.6324454545974731,
    "filesize": 59120,
    "single_event": true,
    "tonality": "C minor",
    "tonality_confidence": 0.6402129530906677,
    "loop": false,
    "tempo": 172,
    "tempo_confidence": 0.0,
    "note_midi": 34,
    "note_name": "A#1",
    "note_frequency": 59.28548049926758,
    "note_confidence": 0.3890712857246399,
    "hardness": 34.44813451624229,
    "depth": 67.148771778946,
    "brightness": 31.338965669213017,
    "roughness": 28.416462537971615,
    "warmth": 58.36161506831931,
    "sharpness": 21.69417937276019,
    "boominess": 57.19336032280813,
    "reverb": false,
    "genre": "Genre A",
    "mood": "Mood A"
}