{
    "duration": 1.8461250066757202,
    "lossless": 1.0,
    "codec": "pcm_s16le",
    "bitrate": 256000.0,
    "samplerate": 16000.0,
    "channels": 1.0,
    "audio_md5": "1acbddea67fe679454725149fb782869",
    "loudness": -36.94366455078125,
    "dynamic_range": 0.0,
    "temporal_centroid": 0.37932920455932617,
    "log_attack_time": -0.3299814462661743,
    "filesize": 59120,
    "single_event": true,
    "tonality": "F# major",
    "tonality_confidence": 0.8110842704772949,
    "loop": false,
    "tempo": 129,
    "tempo_confidence": 0.0,
    "note_midi": 35,
    "note_name": "B1",
    "note_frequency": 62.24755096435547,
    "note_confidence": 0.48370587825775146,
    "hardness": 41.911289883319654,
    "depth": 61.272173711237976,
    "brightness": 43.60352728408238,
    "roughness": 41.204421164520305,
    "warmth": 57.80747590312911,
    "sharpness": 20.791993974953044,
    "boominess": 45.833846126330855,
    "reverb": false,
    "genre": "Genre A",
    "mood": "Mood A"
}