{
    "duration": 1.8461250066757202,
    "lossless": 1.0,
    "codec": "pcm_s16le",
    "bitrate": 256000.0,
    "samplerate": 16000.0,
    "channels": 1.0,
    "audio_md5": "3ea4b4da3715bda5199582637559d74d",
    "loudness": -44.28865051269531,
    "dynamic_range": 0.0,
    "temporal_centroid": 0.5526429414749146,
    "log_attack_time": -0.5838918685913086,
    "filesize": 59120,
    "single_event": true,
    "tonality": "D minor",
    "tonality_confidence": 0.5806809663772583,
    "loop": true,
    "tempo": 130,
    "tempo_confidence": 0.9999017119407654,
    "note_midi": 31,
    "note_name": "G1",
    "note_frequency": 49.96245574951172,
    "note_confidence": 0.3941967487335205,
    "hardness": 39.16857527719493,
    "depth": 68.89237808758902,
    "brightness": 40.60231212450519,
    "roughness": 39.10555523392307,
    "warmth": 52.4530093025149,
    "sharpness": 39.538203539606485,
    "boominess": 48.90489121634343,
    "reverb": false,
    "genre": "Genre B",
    "mood": "Mood B"
}