{
    "duration": 1.8461250066757202,
    "lossless": 1.0,
    "codec": "pcm_s16le",
    "bitrate": 256000.0,
    "samplerate": 16000.0,
    "channels": 1.0,
    "audio_md5": "82eaed2b57f7ebac5e5f0513598b7cb7",
    "loudness": -29.637033462524414,
    "dynamic_range": 0.0,
    "temporal_centroid": 0.33133748173713684,
    "log_attack_time": -1.5784856081008911,
    "filesize": 59120,
    "single_event": true,
    "tonality": "D# major",
    "tonality_confidence": 0.6001797914505005,
    "loop": false,
    "tempo": 178,
    "tempo_confidence": 0.0,
    "note_midi": 38,
    "note_name": "D2",
    "note_frequency": 71.6810531616211,
    "note_confidence": 0.5633044242858887,
    "hardness": 31.47748442954574,
    "depth": 63.89004701151298,
    "brightness": 30.535783352903483,
    "roughness": 32.831332630997025,
    "warmth": 56.6961089491453,
    "sharpness": 27.35740635653168,
    "boominess": 54.5716805599648,
    "reverb": false,
    "genre": "Genre A",
    "mood": "Mood A"
}