{
    "duration": 1.8461250066757202,
    "lossless": 1.0,
    "codec": "pcm_s16le",
    "bitrate": 256000.0,
    "samplerate": 16000.0,
    "channels": 1.0,
    "audio_md5": "3c8ccb91a239563cd726292e51165a23",
    "loudness": -19.414731979370117,
    "dynamic_range": 0.0,
    "temporal_centroid": 0.49354827404022217,
    "log_attack_time": -1.2982813119888306,
    "filesize": 59120,
    "single_event": true,
    "tonality": "F# major",
    "tonality_confidence": 0.34522199630737305,
    "loop": false,
    "tempo": 129,
    "tempo_confidence": 0.0,
    "note_midi": 33,
    "note_name": "A1",
    "note_frequency": 53.883567810058594,
    "note_confidence": 0.7232476472854614,
    "hardness": 30.679571080255513,
    "depth": 67.54710201807333,
    "brightness": 30.678468148556203,
    "roughness": 32.58315849657187,
    "warmth": 60.490568237234996,
    "sharpness": 32.32905370877978,
    "boominess": 52.9106253017314,
    "reverb": false,
    "genre": "Genre A",
    "mood": "Mood A"
}