{
    "duration": 1.8461250066757202,
    "lossless": 1.0,
    "codec": "pcm_s16le",
    "bitrate": 256000.0,
    "samplerate": 16000.0,
    "channels": 1.0,
    "audio_md5": "27fbaa3c7004a98455b105b4131412c1",
    "loudness": -25.368961334228516,
    "dynamic_range": 0.0,
    "temporal_centroid": 0.2810627222061157,
    "log_attack_time": -1.8444092273712158,
    "filesize": 59120,
    "single_event": true,
    "tonality": "A minor",
    "tonality_confidence": 0.5274107456207275,
    "loop": false,
    "tempo": 167,
    "tempo_confidence": 0.0,
    "note_midi": 30,
    "note_name": "F#1",
    "note_frequency": 47.214149475097656,
    "note_confidence": 0.5695376396179199,
    "hardness": 33.64312303557875,
    "depth": 69.85839266176036,
    "brightness": 32.58414960546452,
    "roughness": 31.08729388781044,
    "warmth": 59.03309376350967,
    "sharpness": 22.70670432631689,
    "boominess": 57.3187355957468,
    "reverb": false,
    "genre": "Genre A",
    "mood": "Mood A"
}