{
    "duration": 1.8461250066757202,
    "lossless": 1.0,
    "codec": "pcm_s16le",
    "bitrate": 256000.0,
    "samplerate": 16000.0,
    "channels": 1.0,
    "audio_md5": "c4b75fc377ecc87874e756a5d2278e45",
    "loudness": -35.08958435058594,
    "dynamic_range": 0.0,
    "temporal_centroid": 0.49126604199409485,
    "log_attack_time": -1.9284354448318481,
    "filesize": 59120,
    "single_event": true,
    "tonality": "C major",
    "tonality_confidence": 0.5754567384719849,
    "loop": true,
    "tempo": 130,
    "tempo_confidence": 0.9999017119407654,
    "note_midi": 30,
    "note_name": "F#1",
    "note_frequency": 45.554019927978516,
    "note_confidence": 0.3971826434135437,
    "hardness": 41.95194556417378,
    "depth": 65.70027288180297,
    "brightness": 41.139196861810504,
    "roughness": 40.62853627508658,
    "warmth": 56.091289820232085,
    "sharpness": 27.131384018231184,
    "boominess": 47.79633697413054,
    "reverb": false,
    "genre": "Genre A",
    "mood": "Mood A"
}