{
    "duration": 1.8461250066757202,
    "lossless": 1.0,
    "codec": "pcm_s16le",
    "bitrate": 256000.0,
    "samplerate": 16000.0,
    "channels": 1.0,
    "audio_md5": "47c6b3ee0541f64a88f60a22844503cc",
    "loudness": -35.95612716674805,
    "dynamic_range": 0.0,
    "temporal_centroid": 0.33122381567955017,
    "log_attack_time": -0.3269602954387665,
    "filesize": 59120,
    "single_event": true,
    "tonality": "B minor",
    "tonality_confidence": 0.29441437125205994,
    "loop": false,
    "tempo": 129,
    "tempo_confidence": 0.0,
    "note_midi": 33,
    "note_name": "A1",
    "note_frequency": 53.80424118041992,
    "note_confidence": 0.5387236475944519,
    "hardness": 43.288567249137856,
    "depth": 61.935325321033055,
    "brightness": 42.79714957836502,
    "roughness": 40.24817870018786,
    "warmth": 58.03255543247336,
    "sharpness": 19.162004491418337,
    "boominess": 46.68868043989352,
    "reverb": false,
    "genre": "Genre A",
    "mood": "Mood A"
}