{
    "duration": 1.8461250066757202,
    "lossless": 1.0,
    "codec": "pcm_s16le",
    "bitrate": 256000.0,
    "samplerate": 16000.0,
    "channels": 1.0,
    "audio_md5": "56e6306fd260f670d2a3e176db46ddae",
    "loudness": -35.8512077331543,
    "dynamic_range": 0.0,
    "temporal_centroid": 0.33659103512763977,
    "log_attack_time": -0.4635962247848511,
    "filesize": 59120,
    "single_event": true,
    "tonality": "A# minor",
    "tonality_confidence": 0.38189125061035156,
    "loop": false,
    "tempo": 172,
    "tempo_confidence": 0.0,
    "note_midi": 31,
    "note_name": "G1",
    "note_frequency": 49.93614196777344,
    "note_confidence": 0.4435824751853943,
    "hardness": 41.126671669537714,
    "depth": 65.10485121217958,
    "brightness": 44.21987916470741,
    "roughness": 38.75854370718198,
    "warmth": 57.75503943835937,
    "sharpness": 10.355895295210672,
    "boominess": 51.1943731451895,
    "reverb": false,
    "genre": "Genre A",
    "mood": "Mood A"
}