{
    "duration": 1.8461250066757202,
    "lossless": 1.0,
    "codec": "pcm_s16le",
    "bitrate": 256000.0,
    "samplerate": 16000.0,
    "channels": 1.0,
    "audio_md5": "e9eaebd0e1f8f518d087cbde824173f0",
    "loudness": -21.748178482055664,
    "dynamic_range": 0.0,
    "temporal_centroid": 0.46683937311172485,
    "log_attack_time": -0.05256184935569763,
    "filesize": 59120,
    "single_event": true,
    "tonality": "G minor",
    "tonality_confidence": 0.658955454826355,
    "loop": false,
    "tempo": 129,
    "tempo_confidence": 0.0,
    "note_midi": 38,
    "note_name": "D2",
    "note_frequency": 71.52832794189453,
    "note_confidence": 0.5261677503585815,
    "hardness": 31.194402640970637,
    "depth": 68.20694614998887,
    "brightness": 32.294683550591714,
    "roughness": 37.08089345155547,
    "warmth": 62.3265514451634,
    "sharpness": 24.946146093017923,
    "boominess": 55.59789829343605,
    "reverb": false,
    "genre": "Genre A",
    "mood": "Mood A"
}