{
    "duration": 1.8461250066757202,
    "lossless": 1.0,
    "codec": "pcm_s16le",
    "bitrate": 256000.0,
    "samplerate": 16000.0,
    "channels": 1.0,
    "audio_md5": "39985364a18c64a2fd858d9be25fcde4",
    "loudness": -27.448375701904297,
    "dynamic_range": 0.0,
    "temporal_centroid": 0.2520016133785248,
    "log_attack_time": -1.758512258529663,
    "filesize": 59120,
    "single_event": true,
    "tonality": "B minor",
    "tonality_confidence": 0.6732070446014404,
    "loop": false,
    "tempo": 152,
    "tempo_confidence": 0.0,
    "note_midi": 32,
    "note_name": "G#1",
    "note_frequency": 51.9777946472168,
    "note_confidence": 0.4728758931159973,
    "hardness": 33.917112682349384,
    "depth": 68.29241272717434,
    "brightness": 32.25425379891965,
    "roughness": 31.953732036637078,
    "warmth": 56.133347485430505,
    "sharpness": 25.6137236062766,
    "boominess": 55.807840946808625,
    "reverb": false,
    "genre": "Genre A",
    "mood": "Mood A"
}