{
    "duration": 1.8461250066757202,
    "lossless": 1.0,
    "codec": "pcm_s16le",
    "bitrate": 256000.0,
    "samplerate": 16000.0,
    "channels": 1.0,
    "audio_md5": "6fc306f6fad5da2c8e72b144cd01b686",
    "loudness": -27.22406768798828,
    "dynamic_range": 0.0,
    "temporal_centroid": 0.5701357126235962,
    "log_attack_time": -0.5187947154045105,
    "filesize": 59120,
    "single_event": true,
    "tonality": "D minor",
    "tonality_confidence": 0.41282734274864197,
    "loop": false,
    "tempo": 191,
    "tempo_confidence": 0.0,
    "note_midi": 36,
    "note_name": "C2",
    "note_frequency": 65.97701263427734,
    "note_confidence": 0.6037863492965698,
    "hardness": 32.11926004414178,
    "depth": 67.975359740759,
    "brightness": 27.453377449900152,
    "roughness": 35.24572436067141,
    "warmth": 58.77709032525837,
    "sharpness": 28.259115374112028,
    "boominess": 56.78041684433049,
    "reverb": false,
    "genre": "Genre A",
    "mood": "Mood A"
}