{
    "duration": 1.8461250066757202,
    "lossless": 1.0,
    "codec": "pcm_s16le",
    "bitrate": 256000.0,
    "samplerate": 16000.0,
    "channels": 1.0,
    "audio_md5": "4ef350b716fcfc27e12a09313a257578",
    "loudness": -36.269378662109375,
    "dynamic_range": 0.0,
    "temporal_centroid": 0.3216246962547302,
    "log_attack_time": -2.158717155456543,
    "filesize": 59120,
    "single_event": true,
    "tonality": "F# minor",
    "tonality_confidence": 0.6824142932891846,
    "loop": false,
    "tempo": 172,
    "tempo_confidence": 0.0,
    "note_midi": 33,
    "note_name": "A1",
    "note_frequency": 56.268489837646484,
    "note_confidence": 0.7565999627113342,
    "hardness": 36.00087728788478,
    "depth": 64.67354600996494,
    "brightness": 38.90566567586201,
    "roughness": 37.095630084563865,
    "warmth": 61.046678677857145,
    "sharpness": 15.715627166610144,
    "boominess": 51.192306508752964,
    "reverb": false,
    "genre": "Genre A",
    "mood": "Mood A"
}