{
    "duration": 1.8461250066757202,
    "lossless": 1.0,
    "codec": "pcm_s16le",
    "bitrate": 256000.0,
    "samplerate": 16000.0,
    "channels": 1.0,
    "audio_md5": "06cda1f34bdfe02fb97fb3a9e1ca38d3",
    "loudness": -35.45219039916992,
    "dynamic_range": 0.0,
    "temporal_centroid": 0.33426421880722046,
    "log_attack_time": -0.45214998722076416,
    "filesize": 59120,
    "single_event": true,
    "tonality": "C# minor",
    "tonality_confidence": 0.6102409958839417,
    "loop": true,
    "tempo": 130,
    "tempo_confidence": 0.9999017119407654,
    "note_midi": 33,
    "note_name": "A1",
    "note_frequency": 55.19794845581055,
    "note_confidence": 0.4488915801048279,
    "hardness": 45.062008678694895,
    "depth": 61.01895307788706,
    "brightness": 43.52343816256651,
    "roughness": 38.26466198123559,
    "warmth": 55.91338341809807,
    "sharpness": 17.270717893988227,
    "boominess": 47.42910870784888,
    "reverb": false,
    "genre": "Genre A",
    "mood": "Mood A"
}