{
    "duration": 1.8461250066757202,
    "lossless": 1.0,
    "codec": "pcm_s16le",
    "bitrate": 256000.0,
    "samplerate": 16000.0,
    "channels": 1.0,
    "audio_md5": "b877dc09a22a6b984b86e7f4653f0886",
    "loudness": -39.76289367675781,
    "dynamic_range": 0.0,
    "temporal_centroid": 0.33969175815582275,
    "log_attack_time": -2.0785908699035645,
    "filesize": 59120,
    "single_event": true,
    "tonality": "D# minor",
    "tonality_confidence": 0.29752078652381897,
    "loop": false,
    "tempo": 191,
    "tempo_confidence": 0.0,
    "note_midi": 31,
    "note_name": "G1",
    "note_frequency": 49.70602798461914,
    "note_confidence": 0.3584092855453491,
    "hardness": 39.88624745434805,
    "depth": 66.87941645428401,
    "brightness": 42.7094845194855,
    "roughness": 39.92822193925487,
    "warmth": 58.40479465699592,
    "sharpness": 18.475954966292022,
    "boominess": 50.85772615892037,
    "reverb": false,
    "genre": "Genre A",
    "mood": "Mood A"
}