{
    "duration": 1.8461250066757202,
    "lossless": 1.0,
    "codec": "pcm_s16le",
    "bitrate": 256000.0,
    "samplerate": 16000.0,
    "channels": 1.0,
    "audio_md5": "59539f21d0666241ae7342c071298e09",
    "loudness": -21.818166732788086,
    "dynamic_range": 0.0,
    "temporal_centroid": 0.3572206497192383,
    "log_attack_time": -0.9591448307037354,
    "filesize": 59120,
    "single_event": true,
    "tonality": "G# major",
    "tonality_confidence": 0.6681022047996521,
    "loop": false,
    "tempo": 185,
    "tempo_confidence": 0.0,
    "note_midi": 33,
    "note_name": "A1",
    "note_frequency": 56.4070930480957,
    "note_confidence": 0.825859785079956,
    "hardness": 32.53184442557584,
    "depth": 70.11924220907437,
    "brightness": 27.271497898549192,
    "roughness": 34.70352959447138,
    "warmth": 56.995819139756776,
    "sharpness": 36.2018339765107,
    "boominess": 51.626770524190675,
    "reverb": false,
    "genre": "Genre A",
    "mood": "Mood A"
}