{
    "duration": 1.8461250066757202,
    "lossless": 1.0,
    "codec": "pcm_s16le",
    "bitrate": 256000.0,
    "samplerate": 16000.0,
    "channels": 1.0,
    "audio_md5": "bbd55c5b942cf35d0202c432a95cbadb",
    "loudness": -37.13624572753906,
    "dynamic_range": 0.0,
    "temporal_centroid": 0.5116526484489441,
    "log_attack_time": -0.03515373542904854,
    "filesize": 59120,
    "single_event": true,
    "tonality": "F# minor",
    "tonality_confidence": 0.6485508680343628,
    "loop": true,
    "tempo": 131,
    "tempo_confidence": 0.95554119348526,
    "note_midi": 30,
    "note_name": "F#1",
    "note_frequency": 46.42698287963867,
    "note_confidence": 0.44681936502456665,
    "hardness": 38.32428663833784,
    "depth": 65.97508771776442,
    "brightness": 40.18684628758214,
    "roughness": 39.15674689872139,
    "warmth": 52.836701061325726,
    "sharpness": 27.739202536758665,
    "boominess": 47.79224634566384,
    "reverb": false,
    "genre": "Genre A",
    "mood": "Mood A"
}