{
    "duration": 1.8461250066757202,
    "lossless": 1.0,
    "codec": "pcm_s16le",
    "bitrate": 256000.0,
    "samplerate": 16000.0,
    "channels": 1.0,
    "audio_md5": "f0d27281d6399afa6688ff5f4f72a72d",
    "loudness": -29.60040855407715,
    "dynamic_range": 0.0,
    "temporal_centroid": 0.4590897560119629,
    "log_attack_time": -2.0774121284484863,
    "filesize": 59120,
    "single_event": true,
    "tonality": "F# major",
    "tonality_confidence": 0.7693882584571838,
    "loop": false,
    "tempo": 129,
    "tempo_confidence": 0.0,
    "note_midi": 33,
    "note_name": "A1",
    "note_frequency": 55.17506790161133,
    "note_confidence": 0.5938622951507568,
    "hardness": 37.75775278158511,
    "depth": 63.73826434894262,
    "brightness": 41.88364439957522,
    "roughness": 36.92024493622223,
    "warmth": 58.495223767215855,
    "sharpness": 27.166643067395082,
    "boominess": 47.732039072058676,
    "reverb": false,
    "genre": "Genre A",
    "mood": "Mood A"
}