{
    "duration": 1.8461250066757202,
    "lossless": 1.0,
    "codec": "pcm_s16le",
    "bitrate": 256000.0,
    "samplerate": 16000.0,
    "channels": 1.0,
    "audio_md5": "ef5ee16bd39c834e5dd9f2688d6e9e50",
    "loudness": -21.88377571105957,
    "dynamic_range": 0.0,
    "temporal_centroid": 0.3619946241378784,
    "log_attack_time": -0.49868297576904297,
    "filesize": 59120,
    "single_event": true,
    "tonality": "D minor",
    "tonality_confidence": 0.45524153113365173,
    "loop": false,
    "tempo": 88,
    "tempo_confidence": 0.0,
    "note_midi": 31,
    "note_name": "G1",
    "note_frequency": 49.882320404052734,
    "note_confidence": 0.5393406748771667,
    "hardness": 30.231856228759312,
    "depth": 70.96807685663153,
    "brightness": 26.9237873196886,
    "roughness": 36.06746459895344,
    "warmth": 57.32054950320595,
    "sharpness": 36.09561333615411,
    "boominess": 52.196805737969335,
    "reverb": true,
    "genre": "Genre A",
    "mood": "Mood A"
}