{
    "duration": 1.8461250066757202,
    "lossless": 1.0,
    "codec": "pcm_s16le",
    "bitrate": 256000.0,
    "samplerate": 16000.0,
    "channels": 1.0,
    "audio_md5": "1e2fa117a696d1d76c679ccbebfd8b90",
    "loudness": -17.829557418823242,
    "dynamic_range": 0.0,
    "temporal_centroid": 0.5402295589447021,
    "log_attack_time": -0.8473789691925049,
    "filesize": 59120,
    "single_event": true,
    "tonality": "F major",
    "tonality_confidence": 0.6459710001945496,
    "loop": false,
    "tempo": 191,
    "tempo_confidence": 0.0,
    "note_midi": 29,
    "note_name": "F1",
    "note_frequency": 43.024391174316406,
    "note_confidence": 0.27935105562210083,
    "hardness": 33.40921195200505,
    "depth": 72.1418240472964,
    "brightness": 25.017195193384794,
    "roughness": 37.014584308854516,
    "warmth": 54.59797147219375,
    "sharpness": 43.4111036128809,
    "boominess": 48.785892683889614,
    "reverb": false,
    "genre": "Genre A",
    "mood": "Mood A"
}