{
    "duration": 1.8461250066757202,
    "lossless": 1.0,
    "codec": "pcm_s16le",
    "bitrate": 256000.0,
    "samplerate": 16000.0,
    "channels": 1.0,
    "audio_md5": "347b0eee860b1e490f0b12acc2f9b89d",
    "loudness": -30.678255081176758,
    "dynamic_range": 0.0,
    "temporal_centroid": 0.45689550042152405,
    "log_attack_time": -2.0704073905944824,
    "filesize": 59120,
    "single_event": true,
    "tonality": "B major",
    "tonality_confidence": 0.3136132061481476,
    "loop": false,
    "tempo": 129,
    "tempo_confidence": 0.0,
    "note_midi": 34,
    "note_name": "A#1",
    "note_frequency": 56.81521224975586,
    "note_confidence": 0.6355113983154297,
    "hardness": 36.63174592934922,
    "depth": 64.01219101289688,
    "brightness": 41.98895533868783,
    "roughness": 38.5338899386212,
    "warmth": 59.212816522340404,
    "sharpness": 28.071950874266808,
    "boominess": 47.73899129800448,
    "reverb": false,
    "genre": "Genre A",
    "mood": "Mood A"
}