{
    "duration": 1.8461250066757202,
    "lossless": 1.0,
    "codec": "pcm_s16le",
    "bitrate": 256000.0,
    "samplerate": 16000.0,
    "channels": 1.0,
    "audio_md5": "a6b1539bf0c5fb3611b7ae58b53ce0a5",
    "loudness": -30.2963924407959,
    "dynamic_range": 0.0,
    "temporal_centroid": 0.3499715030193329,
    "log_attack_time": -1.549269199371338,
    "filesize": 59120,
    "single_event": true,
    "tonality": "A major",
    "tonality_confidence": 0.576802670955658,
    "loop": false,
    "tempo": 129,
    "tempo_confidence": 0.0,
    "note_midi": 37,
    "note_name": "C#2",
    "note_frequency": 67.79112243652344,
    "note_confidence": 0.4341796040534973,
    "hardness": 39.31359661756383,
    "depth": 67.14208810569525,
    "brightness": 39.44695235910595,
    "roughness": 38.924136685342035,
    "warmth": 60.493591514816934,
    "sharpness": 23.99044696417569,
    "boominess": 53.1958196692575,
    "reverb": false,
    "genre": "Genre A",
    "mood": "Mood A"
}