{
    "duration": 1.8461250066757202,
    "lossless": 1.0,
    "codec": "pcm_s16le",
    "bitrate": 256000.0,
    "samplerate": 16000.0,
    "channels": 1.0,
    "audio_md5": "337d698d151e0fe8450a39f2d6f67dd0",
    "loudness": -35.44536590576172,
    "dynamic_range": 0.0,
    "temporal_centroid": 0.3417595326900482,
    "log_attack_time": -1.870652198791504,
    "filesize": 59120,
    "single_event": true,
    "tonality": "D major",
    "tonality_confidence": 0.6261428594589233,
    "loop": false,
    "tempo": 126,
    "tempo_confidence": 0.0,
    "note_midi": 35,
    "note_name": "B1",
    "note_frequency": 62.097496032714844,
    "note_confidence": 0.7205632925033569,
    "hardness": 38.441716663483064,
    "depth": 64.01684901169257,
    "brightness": 38.801631804245474,
    "roughness": 37.25921314614289,
    "warmth": 59.44429338639627,
    "sharpness": 17.57159889071796,
    "boominess": 50.58756487281271,
    "reverb": false,
    "genre": "Genre A",
    "mood": "Mood A"
}