{
    "duration": 1.8461250066757202,
    "lossless": 1.0,
    "codec": "pcm_s16le",
    "bitrate": 256000.0,
    "samplerate": 16000.0,
    "channels": 1.0,
    "audio_md5": "ecebe08346351c039766e295a4af2e24",
    "loudness": -18.465341567993164,
    "dynamic_range": 0.0,
    "temporal_centroid": 0.4938041567802429,
    "log_attack_time": -1.1585752964019775,
    "filesize": 59120,
    "single_event": true,
    "tonality": "F# minor",
    "tonality_confidence": 0.7141810655593872,
    "loop": false,
    "tempo": 129,
    "tempo_confidence": 0.0,
    "note_midi": 33,
    "note_name": "A1",
    "note_frequency": 55.4732551574707,
    "note_confidence": 0.718967080116272,
    "hardness": 28.789802118932457,
    "depth": 69.33694285429968,
    "brightness": 30.420036108970972,
    "roughness": 34.3840442193811,
    "warmth": 60.145383553176806,
    "sharpness": 30.355902380296488,
    "boominess": 53.89503109820802,
    "reverb": false,
    "genre": "Genre A",
    "mood": "Mood A"
}