{
    "duration": 1.8461250066757202,
    "lossless": 1.0,
    "codec": "pcm_s16le",
    "bitrate": 256000.0,
    "samplerate": 16000.0,
    "channels": 1.0,
    "audio_md5": "1d40b5f591d930967746e044a93bcd4d",
    "loudness": -35.69536590576172,
    "dynamic_range": 0.0,
    "temporal_centroid": 0.39900895953178406,
    "log_attack_time": -2.0522618293762207,
    "filesize": 59120,
    "single_event": true,
    "tonality": "C# major",
    "tonality_confidence": 0.7818319797515869,
    "loop": false,
    "tempo": 133,
    "tempo_confidence": 0.0,
    "note_midi": 32,
    "note_name": "G#1",
    "note_frequency": 51.366695404052734,
    "note_confidence": 0.49434882402420044,
    "hardness": 39.733823480669045,
    "depth": 65.2893952605333,
    "brightness": 44.62035144702933,
    "roughness": 34.61716653585209,
    "warmth": 57.535807133497215,
    "sharpness": 28.5554245943551,
    "boominess": 47.5136925295366,
    "reverb": false,
    "genre": "Genre A",
    "mood": "Mood A"
}