{
    "duration": 1.8461250066757202,
    "lossless": 1.0,
    "codec": "pcm_s16le",
    "bitrate": 256000.0,
    "samplerate": 16000.0,
    "channels": 1.0,
    "audio_md5": "70673c9026d2ae9d1f4ef878081c466f",
    "loudness": -19.666507720947266,
    "dynamic_range": 0.0,
    "temporal_centroid": 0.4978782534599304,
    "log_attack_time": -1.2895622253417969,
    "filesize": 59120,
    "single_event": true,
    "tonality": "A# minor",
    "tonality_confidence": 0.7027563452720642,
    "loop": false,
    "tempo": 129,
    "tempo_confidence": 0.0,
    "note_midi": 33,
    "note_name": "A1",
    "note_frequency": 53.796058654785156,
    "note_confidence": 0.7230058908462524,
    "hardness": 31.236997199209185,
    "depth": 67.84313970998174,
    "brightness": 30.57761792079085,
    "roughness": 32.36699696116443,
    "warmth": 60.370996765976365,
    "sharpness": 32.887369745558175,
    "boominess": 52.895351486068655,
    "reverb": false,
    "genre": "Genre A",
    "mood": "Mood A"
}