{
    "duration": 1.8461250066757202,
    "lossless": 1.0,
    "codec": "pcm_s16le",
    "bitrate": 256000.0,
    "samplerate": 16000.0,
    "channels": 1.0,
    "audio_md5": "58e550e526aceef6d592abbe6df7a8eb",
    "loudness": -41.1627311706543,
    "dynamic_range": 0.0,
    "temporal_centroid": 0.5516454577445984,
    "log_attack_time": -0.037090785801410675,
    "filesize": 59120,
    "single_event": true,
    "tonality": "A minor",
    "tonality_confidence": 0.6983516812324524,
    "loop": true,
    "tempo": 131,
    "tempo_confidence": 0.974651575088501,
    "note_midi": 31,
    "note_name": "G1",
    "note_frequency": 47.98735046386719,
    "note_confidence": 0.36935335397720337,
    "hardness": 40.89028391190092,
    "depth": 67.61164239979203,
    "brightness": 43.10181377843084,
    "roughness": 41.40056107623786,
    "warmth": 53.56867129804629,
    "sharpness": 33.12610879140138,
    "boominess": 49.18402378405324,
    "reverb": false,
    "genre": "Genre A",
    "mood": "Mood A"
}