{
    "duration": 1.8461250066757202,
    "lossless": 1.0,
    "codec": "pcm_s16le",
    "bitrate": 256000.0,
    "samplerate": 16000.0,
    "channels": 1.0,
    "audio_md5": "96d2e1c5c8aa465e5b54250ec461a827",
    "loudness": -38.24159240722656,
    "dynamic_range": 0.0,
    "temporal_centroid": 0.535539448261261,
    "log_attack_time": -0.32042378187179565,
    "filesize": 59120,
    "single_event": true,
    "tonality": "A minor",
    "tonality_confidence": 0.5170325040817261,
    "loop": true,
    "tempo": 131,
    "tempo_confidence": 0.9627694487571716,
    "note_midi": 32,
    "note_name": "G#1",
    "note_frequency": 50.76588821411133,
    "note_confidence": 0.3715563416481018,
    "hardness": 39.900123800181646,
    "depth": 67.66712958080363,
    "brightness": 41.92113406057004,
    "roughness": 41.18557275453138,
    "warmth": 57.988476096755946,
    "sharpness": 29.890844688212074,
    "boominess": 48.212016024220134,
    "reverb": false,
    "genre": "Genre A",
    "mood": "Mood A"
}