{
    "duration": 1.8461250066757202,
    "lossless": 1.0,
    "codec": "pcm_s16le",
    "bitrate": 256000.0,
    "samplerate": 16000.0,
    "channels": 1.0,
    "audio_md5": "c45786ee995819996dfcac277a03a963",
    "loudness": -34.361915588378906,
    "dynamic_range": 0.0,
    "temporal_centroid": 0.3495742678642273,
    "log_attack_time": -1.858397364616394,
    "filesize": 59120,
    "single_event": true,
    "tonality": "D# minor",
    "tonality_confidence": 0.7182109355926514,
    "loop": false,
    "tempo": 131,
    "tempo_confidence": 0.0,
    "note_midi": 34,
    "note_name": "A#1",
    "note_frequency": 58.95343780517578,
    "note_confidence": 0.7915632724761963,
    "hardness": 38.41496008705465,
    "depth": 64.53290010166457,
    "brightness": 37.87142075501512,
    "roughness": 38.600942618307094,
    "warmth": 61.450230827897414,
    "sharpness": 20.16056977120295,
    "boominess": 49.643198045874385,
    "reverb": false,
    "genre": "Genre A",
    "mood": "Mood A"
}