{
    "duration": 1.8461250066757202,
    "lossless": 1.0,
    "codec": "pcm_s16le",
    "bitrate": 256000.0,
    "samplerate": 16000.0,
    "channels": 1.0,
    "audio_md5": "e202d103703c884679263e2ab779299c",
    "loudness": -28.760297775268555,
    "dynamic_range": 0.0,
    "temporal_centroid": 0.43414077162742615,
    "log_attack_time": -1.994131088256836,
    "filesize": 59120,
    "single_event": true,
    "tonality": "F# major",
    "tonality_confidence": 0.570756733417511,
    "loop": false,
    "tempo": 129,
    "tempo_confidence": 0.0,
    "note_midi": 34,
    "note_name": "A#1",
    "note_frequency": 57.577880859375,
    "note_confidence": 0.5699115991592407,
    "hardness": 38.30735845167442,
    "depth": 62.76145190078705,
    "brightness": 40.91640557368178,
    "roughness": 38.87349399219377,
    "warmth": 59.737072907700245,
    "sharpness": 22.38481089381066,
    "boominess": 48.29182892015446,
    "reverb": false,
    "genre": "Genre A",
    "mood": "Mood A"
}