{
    "duration": 1.8461250066757202,
    "lossless": 1.0,
    "codec": "pcm_s16le",
    "bitrate": 256000.0,
    "samplerate": 16000.0,
    "channels": 1.0,
    "audio_md5": "7b7a7e421ef4c65fb1ea9aac9273b9d8",
    "loudness": -22.426179885864258,
    "dynamic_range": 0.0,
    "temporal_centroid": 0.35938695073127747,
    "log_attack_time": -0.9962738156318665,
    "filesize": 59120,
    "single_event": true,
    "tonality": "F# minor",
    "tonality_confidence": 0.5301839113235474,
    "loop": false,
    "tempo": 151,
    "tempo_confidence": 0.0,
    "note_midi": 32,
    "note_name": "G#1",
    "note_frequency": 52.882572174072266,
    "note_confidence": 0.9028589725494385,
    "hardness": 30.950282148487773,
    "depth": 67.79064863313162,
    "brightness": 27.70583678121007,
    "roughness": 34.212725194003454,
    "warmth": 57.556771476532276,
    "sharpness": 35.71029118095946,
    "boominess": 52.00543101732941,
    "reverb": false,
    "genre": "Genre A",
    "mood": "Mood A"
}