{
    "duration": 1.8461250066757202,
    "lossless": 1.0,
    "codec": "pcm_s16le",
    "bitrate": 256000.0,
    "samplerate": 16000.0,
    "channels": 1.0,
    "audio_md5": "38b0710492d577eb5df15120ed048962",
    "loudness": -36.10249710083008,
    "dynamic_range": 0.0,
    "temporal_centroid": 0.34020164608955383,
    "log_attack_time": -0.45660778880119324,
    "filesize": 59120,
    "single_event": true,
    "tonality": "C# minor",
    "tonality_confidence": 0.5283346772193909,
    "loop": false,
    "tempo": 154,
    "tempo_confidence": 0.0,
    "note_midi": 34,
    "note_name": "A#1",
    "note_frequency": 57.50686264038086,
    "note_confidence": 0.404507577419281,
    "hardness": 40.07162066942966,
    "depth": 62.81051706058645,
    "brightness": 44.05531854456176,
    "roughness": 35.88888540308159,
    "warmth": 56.65415570167428,
    "sharpness": 14.19372411835106,
    "boominess": 48.623003189232506,
    "reverb": false,
    "genre": "Genre A",
    "mood": "Mood A"
}