{
    "duration": 1.8461250066757202,
    "lossless": 1.0,
    "codec": "pcm_s16le",
    "bitrate": 256000.0,
    "samplerate": 16000.0,
    "channels": 1.0,
    "audio_md5": "740a1c050ad4fd3f41b658e876613e6a",
    "loudness": -38.1356201171875,
    "dynamic_range": 0.0,
    "temporal_centroid": 0.540464460849762,
    "log_attack_time": -0.3113945424556732,
    "filesize": 59120,
    "single_event": true,
    "tonality": "A# minor",
    "tonality_confidence": 0.7607308030128479,
    "loop": true,
    "tempo": 131,
    "tempo_confidence": 0.9584127068519592,
    "note_midi": 29,
    "note_name": "F1",
    "note_frequency": 43.33324432373047,
    "note_confidence": 0.48425227403640747,
    "hardness": 34.034360248957995,
    "depth": 68.27460147678713,
    "brightness": 36.473647600528196,
    "roughness": 40.63166870596221,
    "warmth": 58.54644346212059,
    "sharpness": 30.049728657330398,
    "boominess": 49.27923046176109,
    "reverb": false,
    "genre": "Genre A",
    "mood": "Mood A"
}