{
    "duration": 1.8461250066757202,
    "lossless": 1.0,
    "codec": "pcm_s16le",
    "bitrate": 256000.0,
    "samplerate": 16000.0,
    "channels": 1.0,
    "audio_md5": "604d4fba9a2f3442070567be028a9819",
    "loudness": -34.06468200683594,
    "dynamic_range": 0.0,
    "temporal_centroid": 0.33544638752937317,
    "log_attack_time": -1.866287350654602,
    "filesize": 59120,
    "single_event": true,
    "tonality": "D major",
    "tonality_confidence": 0.40644967555999756,
    "loop": true,
    "tempo": 98,
    "tempo_confidence": 0.9779999852180481,
    "note_midi": 34,
    "note_name": "A#1",
    "note_frequency": 56.81610107421875,
    "note_confidence": 0.7653278112411499,
    "hardness": 39.78367830672407,
    "depth": 63.2273305236387,
    "brightness": 37.9884431588261,
    "roughness": 37.06664464078326,
    "warmth": 61.13734767387691,
    "sharpness": 21.13254370163307,
    "boominess": 48.75982539893192,
    "reverb": false,
    "genre": "Genre A",
    "mood": "Mood A"
}