{
    "duration": 1.8461250066757202,
    "lossless": 1.0,
    "codec": "pcm_s16le",
    "bitrate": 256000.0,
    "samplerate": 16000.0,
    "channels": 1.0,
    "audio_md5": "a7b18dcd9534544130796c331a11c1f5",
    "loudness": -20.455421447753906,
    "dynamic_range": 0.0,
    "temporal_centroid": 0.5360314249992371,
    "log_attack_time": -0.5795689821243286,
    "filesize": 59120,
    "single_event": true,
    "tonality": "C major",
    "tonality_confidence": 0.8431323170661926,
    "loop": false,
    "tempo": 129,
    "tempo_confidence": 0.0,
    "note_midi": 29,
    "note_name": "F1",
    "note_frequency": 43.024391174316406,
    "note_confidence": 0.2832911014556885,
    "hardness": 34.91937640120159,
    "depth": 71.86845272789031,
    "brightness": 27.870180588538922,
    "roughness": 36.01239638835298,
    "warmth": 57.881377484884375,
    "sharpness": 40.398314310715364,
    "boominess": 50.814212384246574,
    "reverb": false,
    "genre": "Genre A",
    "mood": "Mood A"
}