{
    "duration": 1.8461250066757202,
    "lossless": 1.0,
    "codec": "pcm_s16le",
    "bitrate": 256000.0,
    "samplerate": 16000.0,
    "channels": 1.0,
    "audio_md5": "9bbfed6ba6acb0cf591ea70438c9a33c",
    "loudness": -29.267786026000977,
    "dynamic_range": 0.0,
    "temporal_centroid": 0.45265650749206543,
    "log_attack_time": -2.0434656143188477,
    "filesize": 59120,
    "single_event": true,
    "tonality": "F# major",
    "tonality_confidence": 0.71718430519104,
    "loop": false,
    "tempo": 129,
    "tempo_confidence": 0.0,
    "note_midi": 33,
    "note_name": "A1",
    "note_frequency": 55.70241928100586,
    "note_confidence": 0.542149543762207,
    "hardness": 40.42327898878135,
    "depth": 62.809469782162,
    "brightness": 41.20299104523238,
    "roughness": 41.89579604579505,
    "warmth": 60.42447187140055,
    "sharpness": 23.867523524613254,
    "boominess": 47.37420345251256,
    "reverb": false,
    "genre": "Genre A",
    "mood": "Mood A"
}