{
    "duration": 1.8461250066757202,
    "lossless": 1.0,
    "codec": "pcm_s16le",
    "bitrate": 256000.0,
    "samplerate": 16000.0,
    "channels": 1.0,
    "audio_md5": "939951df16e596bdf20b0ee23e02ff39",
    "loudness": -25.782207489013672,
    "dynamic_range": 0.0,
    "temporal_centroid": 0.28221192955970764,
    "log_attack_time": -1.7029271125793457,
    "filesize": 59120,
    "single_event": true,
    "tonality": "F major",
    "tonality_confidence": 0.7234828472137451,
    "loop": false,
    "tempo": 161,
    "tempo_confidence": 0.0,
    "note_midi": 30,
    "note_name": "F#1",
    "note_frequency": 46.303428649902344,
    "note_confidence": 0.5034628510475159,
    "hardness": 33.48672785968063,
    "depth": 70.80518207497819,
    "brightness": 32.2335233120823,
    "roughness": 31.104834054686368,
    "warmth": 60.407552235743296,
    "sharpness": 22.375642131238877,
    "boominess": 57.7217834284922,
    "reverb": false,
    "genre": "Genre A",
    "mood": "Mood A"
}