{
    "duration": 1.8461250066757202,
    "lossless": 1.0,
    "codec": "pcm_s16le",
    "bitrate": 256000.0,
    "samplerate": 16000.0,
    "channels": 1.0,
    "audio_md5": "780aa0c35756846e9f1e7cdee0e6e282",
    "loudness": -19.29243278503418,
    "dynamic_range": 0.0,
    "temporal_centroid": 0.4787208139896393,
    "log_attack_time": -1.2420052289962769,
    "filesize": 59120,
    "single_event": true,
    "tonality": "A# major",
    "tonality_confidence": 0.5332275032997131,
    "loop": false,
    "tempo": 129,
    "tempo_confidence": 0.0,
    "note_midi": 33,
    "note_name": "A1",
    "note_frequency": 53.756980895996094,
    "note_confidence": 0.7251977920532227,
    "hardness": 30.904689176024107,
    "depth": 67.61934839187178,
    "brightness": 30.12063165803502,
    "roughness": 34.77182356764109,
    "warmth": 60.673069328502876,
    "sharpness": 32.6124200791061,
    "boominess": 52.66932365146443,
    "reverb": false,
    "genre": "Genre A",
    "mood": "Mood A"
}