{
    "duration": 1.8461250066757202,
    "lossless": 1.0,
    "codec": "pcm_s16le",
    "bitrate": 256000.0,
    "samplerate": 16000.0,
    "channels": 1.0,
    "audio_md5": "c4d892857eeefec52930beaa83392707",
    "loudness": -33.76633834838867,
    "dynamic_range": 0.0,
    "temporal_centroid": 0.497109979391098,
    "log_attack_time": -0.03498294577002525,
    "filesize": 59120,
    "single_event": true,
    "tonality": "F major",
    "tonality_confidence": 0.7022974491119385,
    "loop": true,
    "tempo": 130,
    "tempo_confidence": 0.9999017119407654,
    "note_midi": 31,
    "note_name": "G1",
    "note_frequency": 48.038856506347656,
    "note_confidence": 0.4164484739303589,
    "hardness": 39.41572376965266,
    "depth": 64.76736280643188,
    "brightness": 40.286066178160496,
    "roughness": 42.06138915130402,
    "warmth": 55.75605915056512,
    "sharpness": 24.685173410308664,
    "boominess": 49.159061162055664,
    "reverb": false,
    "genre": "Genre A",
    "mood": "Mood A"
}