{
    "duration": 1.8461250066757202,
    "lossless": 1.0,
    "codec": "pcm_s16le",
    "bitrate": 256000.0,
    "samplerate": 16000.0,
    "channels": 1.0,
    "audio_md5": "8735a8a64c1c8493e5b965f80cebd1f4",
    "loudness": -19.572843551635742,
    "dynamic_range": 0.0,
    "temporal_centroid": 0.48673784732818604,
    "log_attack_time": -1.1850461959838867,
    "filesize": 59120,
    "single_event": true,
    "tonality": "F minor",
    "tonality_confidence": 0.707327663898468,
    "loop": false,
    "tempo": 129,
    "tempo_confidence": 0.0,
    "note_midi": 33,
    "note_name": "A1",
    "note_frequency": 54.84613037109375,
    "note_confidence": 0.7283288836479187,
    "hardness": 31.37699671927328,
    "depth": 66.7153445088434,
    "brightness": 31.12290396505272,
    "roughness": 33.134941640701186,
    "warmth": 59.46177953333863,
    "sharpness": 33.23351986547767,
    "boominess": 52.735254373991,
    "reverb": false,
    "genre": "Genre A",
    "mood": "Mood A"
}