{
    "duration": 1.8461250066757202,
    "lossless": 1.0,
    "codec": "pcm_s16le",
    "bitrate": 256000.0,
    "samplerate": 16000.0,
    "channels": 1.0,
    "audio_md5": "cd494c0abd77d84b09bf32c2e933423d",
    "loudness": -20.486223220825195,
    "dynamic_range": 0.0,
    "temporal_centroid": 0.5354192852973938,
    "log_attack_time": -0.5794193744659424,
    "filesize": 59120,
    "single_event": true,
    "tonality": "C major",
    "tonality_confidence": 0.8145056962966919,
    "loop": false,
    "tempo": 129,
    "tempo_confidence": 0.0,
    "note_midi": 29,
    "note_name": "F1",
    "note_frequency": 43.024391174316406,
    "note_confidence": 0.2609504461288452,
    "hardness": 34.58510481041424,
    "depth": 72.45380173811728,
    "brightness": 28.04768372942486,
    "roughness": 36.03095126001753,
    "warmth": 57.85771766400775,
    "sharpness": 39.45388054639127,
    "boominess": 51.1424116295625,
    "reverb": false,
    "genre": "Genre A",
    "mood": "Mood A"
}