{
    "duration": 1.8461250066757202,
    "lossless": 1.0,
    "codec": "pcm_s16le",
    "bitrate": 256000.0,
    "samplerate": 16000.0,
    "channels": 1.0,
    "audio_md5": "8989fa6af0f7e226c4a6ea063e3dadca",
    "loudness": -34.1762809753418,
    "dynamic_range": 0.0,
    "temporal_centroid": 0.34702807664871216,
    "log_attack_time": -1.8612499237060547,
    "filesize": 59120,
    "single_event": true,
    "tonality": "D# minor",
    "tonality_confidence": 0.7423308491706848,
    "loop": false,
    "tempo": 129,
    "tempo_confidence": 0.0,
    "note_midi": 34,
    "note_name": "A#1",
    "note_frequency": 59.148624420166016,
    "note_confidence": 0.7698972821235657,
    "hardness": 37.87623745529365,
    "depth": 64.51037890685495,
    "brightness": 37.79670423806928,
    "roughness": 38.335644822818736,
    "warmth": 61.564473065640726,
    "sharpness": 20.685279665712635,
    "boominess": 49.217121192202924,
    "reverb": false,
    "genre": "Genre A",
    "mood": "Mood A"
}