{
    "duration": 1.8461250066757202,
    "lossless": 1.0,
    "codec": "pcm_s16le",
    "bitrate": 256000.0,
    "samplerate": 16000.0,
    "channels": 1.0,
    "audio_md5": "49879064ba17484ccb5105a3bc40013e",
    "loudness": -24.118528366088867,
    "dynamic_range": 0.0,
    "temporal_centroid": 0.551929771900177,
    "log_attack_time": -1.2808269262313843,
    "filesize": 59120,
    "single_event": true,
    "tonality": "C# minor",
    "tonality_confidence": 0.31563448905944824,
    "loop": false,
    "tempo": 123,
    "tempo_confidence": 0.0,
    "note_midi": 29,
    "note_name": "F1",
    "note_frequency": 43.024391174316406,
    "note_confidence": 0.2693229913711548,
    "hardness": 36.4260760249863,
    "depth": 73.65640346091621,
    "brightness": 28.0753008276685,
    "roughness": 34.29781132309992,
    "warmth": 59.22706205471741,
    "sharpness": 42.381405856549115,
    "boominess": 47.45763760272179,
    "reverb": false,
    "genre": "Genre A",
    "mood": "Mood A"
}