{
    "duration": 1.8461250066757202,
    "lossless": 1.0,
    "codec": "pcm_s16le",
    "bitrate": 256000.0,
    "samplerate": 16000.0,
    "channels": 1.0,
    "audio_md5": "0fb833a743da57ddda993d7ebe5661ec",
    "loudness": -37.10017776489258,
    "dynamic_range": 0.0,
    "temporal_centroid": 0.3209059536457062,
    "log_attack_time": -0.32668858766555786,
    "filesize": 59120,
    "single_event": true,
    "tonality": "F# minor",
    "tonality_confidence": 0.5092554092407227,
    "loop": false,
    "tempo": 129,
    "tempo_confidence": 0.0,
    "note_midi": 33,
    "note_name": "A1",
    "note_frequency": 54.691226959228516,
    "note_confidence": 0.5169810056686401,
    "hardness": 44.7229677845545,
    "depth": 62.26079197067139,
    "brightness": 44.2462430096933,
    "roughness": 38.13403072350873,
    "warmth": 56.90112935531492,
    "sharpness": 21.173952386016488,
    "boominess": 47.31406648511394,
    "reverb": false,
    "genre": "Genre A",
    "mood": "Mood A"
}