{
    "duration": 1.8461250066757202,
    "lossless": 1.0,
    "codec": "pcm_s16le",
    "bitrate": 256000.0,
    "samplerate": 16000.0,
    "channels": 1.0,
    "audio_md5": "dd83927f2a7e3fa51c3681d23c3d3e24",
    "loudness": -36.12654113769531,
    "dynamic_range": 0.0,
    "temporal_centroid": 0.5139501690864563,
    "log_attack_time": -0.035111017525196075,
    "filesize": 59120,
    "single_event": true,
    "tonality": "C major",
    "tonality_confidence": 0.6953698992729187,
    "loop": true,
    "tempo": 130,
    "tempo_confidence": 0.9999017119407654,
    "note_midi": 30,
    "note_name": "F#1",
    "note_frequency": 45.393043518066406,
    "note_confidence": 0.36844658851623535,
    "hardness": 41.39956591427851,
    "depth": 65.95162907927782,
    "brightness": 42.217496395258834,
    "roughness": 40.64570980489606,
    "warmth": 55.648864494488556,
    "sharpness": 29.5871561319913,
    "boominess": 47.491190598196155,
    "reverb": false,
    "genre": "Genre A",
    "mood": "Mood A"
}