{
    "duration": 1.8461250066757202,
    "lossless": 1.0,
    "codec": "pcm_s16le",
    "bitrate": 256000.0,
    "samplerate": 16000.0,
    "channels": 1.0,
    "audio_md5": "f3a62b31700d17935f754e09d15029e2",
    "loudness": -24.991525650024414,
    "dynamic_range": 0.0,
    "temporal_centroid": 0.5691097974777222,
    "log_attack_time": -0.9093190431594849,
    "filesize": 59120,
    "single_event": true,
    "tonality": "F minor",
    "tonality_confidence": 0.7693663239479065,
    "loop": true,
    "tempo": 130,
    "tempo_confidence": 0.9999017119407654,
    "note_midi": 29,
    "note_name": "F1",
    "note_frequency": 43.024391174316406,
    "note_confidence": 0.18181580305099487,
    "hardness": 37.32672621267696,
    "depth": 72.593025155081,
    "brightness": 29.604015342704834,
    "roughness": 38.94738606515108,
    "warmth": 57.90173615555137,
    "sharpness": 42.4210699105893,
    "boominess": 49.08678569332734,
    "reverb": false,
    "genre": "Genre A",
    "mood": "Mood A"
}