{
    "duration": 1.8461250066757202,
    "lossless": 1.0,
    "codec": "pcm_s16le",
    "bitrate": 256000.0,
    "samplerate": 16000.0,
    "channels": 1.0,
    "audio_md5": "fcde8d0ea019d0e1055ec8b6fabff0f0",
    "loudness": -23.4116153717041,
    "dynamic_range": 0.0,
    "temporal_centroid": 0.5480478405952454,
    "log_attack_time": -0.5105166435241699,
    "filesize": 59120,
    "single_event": true,
    "tonality": "C minor",
    "tonality_confidence": 0.7330504655838013,
    "loop": false,
    "tempo": 123,
    "tempo_confidence": 0.0,
    "note_midi": 29,
    "note_name": "F1",
    "note_frequency": 43.6238899230957,
    "note_confidence": 0.25831305980682373,
    "hardness": 34.79499001945523,
    "depth": 72.69529934910905,
    "brightness": 29.24925696981252,
    "roughness": 35.37293652005074,
    "warmth": 58.78417922641478,
    "sharpness": 39.63862904993636,
    "boominess": 50.97091424764331,
    "reverb": false,
    "genre": "Genre A",
    "mood": "Mood A"
}