{
    "duration": 1.8461250066757202,
    "lossless": 1.0,
    "codec": "pcm_s16le",
    "bitrate": 256000.0,
    "samplerate": 16000.0,
    "channels": 1.0,
    "audio_md5": "43500ec812eca01305e8765915422bb7",
    "loudness": -19.701997756958008,
    "dynamic_range": 0.0,
    "temporal_centroid": 0.35171571373939514,
    "log_attack_time": -0.9784825444221497,
    "filesize": 59120,
    "single_event": true,
    "tonality": "F minor",
    "tonality_confidence": 0.6722487807273865,
    "loop": false,
    "tempo": 199,
    "tempo_confidence": 0.0,
    "note_midi": 33,
    "note_name": "A1",
    "note_frequency": 56.585426330566406,
    "note_confidence": 0.666573166847229,
    "hardness": 30.326692631326395,
    "depth": 70.04802667171948,
    "brightness": 26.000956769887207,
    "roughness": 33.72872216738751,
    "warmth": 60.07395486280591,
    "sharpness": 37.12564583253105,
    "boominess": 51.21225641455412,
    "reverb": false,
    "genre": "Genre A",
    "mood": "Mood A"
}