{
    "duration": 1.8461250066757202,
    "lossless": 1.0,
    "codec": "pcm_s16le",
    "bitrate": 256000.0,
    "samplerate": 16000.0,
    "channels": 1.0,
    "audio_md5": "d0aae2b46dfd0e9aa3f84f36e4ae8747",
    "loudness": -19.05971336364746,
    "dynamic_range": 0.0,
    "temporal_centroid": 0.48451170325279236,
    "log_attack_time": -1.2936092615127563,
    "filesize": 59120,
    "single_event": true,
    "tonality": "E major",
    "tonality_confidence": 0.49759334325790405,
    "loop": false,
    "tempo": 129,
    "tempo_confidence": 0.0,
    "note_midi": 33,
    "note_name": "A1",
    "note_frequency": 53.52692794799805,
    "note_confidence": 0.7552250623703003,
    "hardness": 31.7140143975886,
    "depth": 68.66255435486651,
    "brightness": 30.618063063047966,
    "roughness": 32.58780364207141,
    "warmth": 60.227505591129514,
    "sharpness": 33.23413755957403,
    "boominess": 52.58590051650697,
    "reverb": false,
    "genre": "Genre A",
    "mood": "Mood A"
}