{
    "duration": 1.8461250066757202,
    "lossless": 1.0,
    "codec": "pcm_s16le",
    "bitrate": 256000.0,
    "samplerate": 16000.0,
    "channels": 1.0,
    "audio_md5": "ae218f91cba871829cde8cfe0c4effa1",
    "loudness": -36.17073059082031,
    "dynamic_range": 0.0,
    "temporal_centroid": 0.33390793204307556,
    "log_attack_time": -1.8641213178634644,
    "filesize": 59120,
    "single_event": true,
    "tonality": "F# major",
    "tonality_confidence": 0.571330189704895,
    "loop": false,
    "tempo": 128,
    "tempo_confidence": 0.0,
    "note_midi": 33,
    "note_name": "A1",
    "note_frequency": 55.950889587402344,
    "note_confidence": 0.6402815580368042,
    "hardness": 41.38754645214479,
    "depth": 65.75392426464792,
    "brightness": 39.27441960304979,
    "roughness": 38.25227494341951,
    "warmth": 60.187275827239944,
    "sharpness": 19.257817228579803,
    "boominess": 50.41233208540815,
    "reverb": false,
    "genre": "Genre A",
    "mood": "Mood A"
}