{
    "duration": 1.8461250066757202,
    "lossless": 1.0,
    "codec": "pcm_s16le",
    "bitrate": 256000.0,
    "samplerate": 16000.0,
    "channels": 1.0,
    "audio_md5": "c5e96e31415329598a442f44cf2cdf80",
    "loudness": -23.69219398498535,
    "dynamic_range": 0.0,
    "temporal_centroid": 0.3232261836528778,
    "log_attack_time": -1.6960256099700928,
    "filesize": 59120,
    "single_event": true,
    "tonality": "G# major",
    "tonality_confidence": 0.6649738550186157,
    "loop": false,
    "tempo": 126,
    "tempo_confidence": 0.0,
    "note_midi": 30,
    "note_name": "F#1",
    "note_frequency": 46.34626007080078,
    "note_confidence": 0.36365044116973877,
    "hardness": 33.11231235615212,
    "depth": 68.68560879018442,
    "brightness": 30.713214853919965,
    "roughness": 29.065226857789554,
    "warmth": 57.36525157891129,
    "sharpness": 21.626307307948117,
    "boominess": 59.090686267500665,
    "reverb": false,
    "genre": "Genre A",
    "mood": "Mood A"
}