{
    "duration": 1.8461250066757202,
    "lossless": 1.0,
    "codec": "pcm_s16le",
    "bitrate": 256000.0,
    "samplerate": 16000.0,
    "channels": 1.0,
    "audio_md5": "98945af2fd79ed0b8e3392401df595a7",
    "loudness": -37.261695861816406,
    "dynamic_range": 0.0,
    "temporal_centroid": 0.3109667897224426,
    "log_attack_time": -0.32664674520492554,
    "filesize": 59120,
    "single_event": true,
    "tonality": "C minor",
    "tonality_confidence": 0.38347896933555603,
    "loop": false,
    "tempo": 129,
    "tempo_confidence": 0.0,
    "note_midi": 33,
    "note_name": "A1",
    "note_frequency": 54.425697326660156,
    "note_confidence": 0.4663946032524109,
    "hardness": 43.026238731319296,
    "depth": 62.56407724612397,
    "brightness": 44.62758996967608,
    "roughness": 37.328170279507255,
    "warmth": 55.76499674137777,
    "sharpness": 22.532098389745684,
    "boominess": 47.28135102419786,
    "reverb": false,
    "genre": "Genre A",
    "mood": "Mood A"
}