{
    "duration": 1.8461250066757202,
    "lossless": 1.0,
    "codec": "pcm_s16le",
    "bitrate": 256000.0,
    "samplerate": 16000.0,
    "channels": 1.0,
    "audio_md5": "1eccbf5d12be803e37a24b59f8900c6c",
    "loudness": -18.72408676147461,
    "dynamic_range": 0.0,
    "temporal_centroid": 0.32762300968170166,
    "log_attack_time": -0.9587863683700562,
    "filesize": 59120,
    "single_event": true,
    "tonality": "C# major",
    "tonality_confidence": 0.7543058395385742,
    "loop": false,
    "tempo": 185,
    "tempo_confidence": 0.0,
    "note_midi": 33,
    "note_name": "A1",
    "note_frequency": 55.72489547729492,
    "note_confidence": 0.8020229935646057,
    "hardness": 26.95499831582775,
    "depth": 68.35354151638293,
    "brightness": 26.277000995988146,
    "roughness": 34.74967603272212,
    "warmth": 58.074082582629416,
    "sharpness": 33.46111626554856,
    "boominess": 53.98850873081206,
    "reverb": false,
    "genre": "Genre A",
    "mood": "Mood A"
}