{
    "duration": 1.8461250066757202,
    "lossless": 1.0,
    "codec": "pcm_s16le",
    "bitrate": 256000.0,
    "samplerate": 16000.0,
    "channels": 1.0,
    "audio_md5": "a87e73476809945c28fa1ceaf7647611",
    "loudness": -18.858055114746094,
    "dynamic_range": 0.0,
    "temporal_centroid": 0.32918861508369446,
    "log_attack_time": -0.9501844644546509,
    "filesize": 59120,
    "single_event": true,
    "tonality": "F# minor",
    "tonality_confidence": 0.6126065850257874,
    "loop": false,
    "tempo": 167,
    "tempo_confidence": 0.0,
    "note_midi": 33,
    "note_name": "A1",
    "note_frequency": 56.22218704223633,
    "note_confidence": 0.8825682401657104,
    "hardness": 28.184082185310714,
    "depth": 68.27173757584961,
    "brightness": 27.021479175021017,
    "roughness": 35.33687216650419,
    "warmth": 55.88690039979754,
    "sharpness": 35.20994199100892,
    "boominess": 52.79095452405729,
    "reverb": false,
    "genre": "Genre A",
    "mood": "Mood A"
}