{
    "duration": 1.8461250066757202,
    "lossless": 1.0,
    "codec": "pcm_s16le",
    "bitrate": 256000.0,
    "samplerate": 16000.0,
    "channels": 1.0,
    "audio_md5": "86eb68a3f9a9da07f40b9ab07d14dee0",
    "loudness": -31.672767639160156,
    "dynamic_range": 0.0,
    "temporal_centroid": 0.42330992221832275,
    "log_attack_time": -1.977920651435852,
    "filesize": 59120,
    "single_event": true,
    "tonality": "C major",
    "tonality_confidence": 0.44780585169792175,
    "loop": false,
    "tempo": 129,
    "tempo_confidence": 0.0,
    "note_midi": 30,
    "note_name": "F#1",
    "note_frequency": 47.354095458984375,
    "note_confidence": 0.4199979305267334,
    "hardness": 39.44967696401878,
    "depth": 65.4598707019938,
    "brightness": 40.542693302660744,
    "roughness": 37.44249065309322,
    "warmth": 60.53059350079228,
    "sharpness": 21.52756292838486,
    "boominess": 48.72703085023813,
    "reverb": false,
    "genre": "Genre A",
    "mood": "Mood A"
}