{
    "duration": 1.8461250066757202,
    "lossless": 1.0,
    "codec": "pcm_s16le",
    "bitrate": 256000.0,
    "samplerate": 16000.0,
    "channels": 1.0,
    "audio_md5": "d98c0962ea161c73742ee9582d3ea7e7",
    "loudness": -31.55231285095215,
    "dynamic_range": 0.0,
    "temporal_centroid": 0.4680393636226654,
    "log_attack_time": -2.1544806957244873,
    "filesize": 59120,
    "single_event": true,
    "tonality": "D# minor",
    "tonality_confidence": 0.6961378455162048,
    "loop": true,
    "tempo": 130,
    "tempo_confidence": 0.9999017119407654,
    "note_midi": 31,
    "note_name": "G1",
    "note_frequency": 48.24676513671875,
    "note_confidence": 0.4173262119293213,
    "hardness": 39.547197435165046,
    "depth": 64.451011508863,
    "brightness": 38.19854826984257,
    "roughness": 43.30511717263313,
    "warmth": 58.699372802760394,
    "sharpness": 24.429545533954105,
    "boominess": 46.34830651062356,
    "reverb": false,
    "genre": "Genre A",
    "mood": "Mood A"
}