{
    "duration": 1.8461250066757202,
    "lossless": 1.0,
    "codec": "pcm_s16le",
    "bitrate": 256000.0,
    "samplerate": 16000.0,
    "channels": 1.0,
    "audio_md5": "086162e6ee121cd56da81bac68d6d439",
    "loudness": -19.70720100402832,
    "dynamic_range": 0.0,
    "temporal_centroid": 0.36115768551826477,
    "log_attack_time": -0.9711410999298096,
    "filesize": 59120,
    "single_event": true,
    "tonality": "C# major",
    "tonality_confidence": 0.544545590877533,
    "loop": false,
    "tempo": 152,
    "tempo_confidence": 0.0,
    "note_midi": 33,
    "note_name": "A1",
    "note_frequency": 56.570980072021484,
    "note_confidence": 0.9185219407081604,
    "hardness": 28.62545912284253,
    "depth": 68.29116733593719,
    "brightness": 26.09187330040066,
    "roughness": 34.02933164839743,
    "warmth": 57.06196844691555,
    "sharpness": 37.864554427456085,
    "boominess": 51.31238384553991,
    "reverb": true,
    "genre": "Genre A",
    "mood": "Mood A"
}