{
    "duration": 1.8461250066757202,
    "lossless": 1.0,
    "codec": "pcm_s16le",
    "bitrate": 256000.0,
    "samplerate": 16000.0,
    "channels": 1.0,
    "audio_md5": "57d6663b7cdfcd37ee896920f5ea4203",
    "loudness": -34.050880432128906,
    "dynamic_range": 0.0,
    "temporal_centroid": 0.472642183303833,
    "log_attack_time": -2.267860174179077,
    "filesize": 59120,
    "single_event": true,
    "tonality": "G# major",
    "tonality_confidence": 0.5323671102523804,
    "loop": true,
    "tempo": 130,
    "tempo_confidence": 0.9999017119407654,
    "note_midi": 30,
    "note_name": "F#1",
    "note_frequency": 46.05109786987305,
    "note_confidence": 0.35620880126953125,
    "hardness": 41.66066694161984,
    "depth": 63.31374258544834,
    "brightness": 40.57840451835976,
    "roughness": 38.05959594671241,
    "warmth": 55.4563368992973,
    "sharpness": 27.27848064141988,
    "boominess": 47.90164936131433,
    "reverb": false,
    "genre": "Genre A",
    "mood": "Mood A"
}