{
    "duration": 1.8461250066757202,
    "lossless": 1.0,
    "codec": "pcm_s16le",
    "bitrate": 256000.0,
    "samplerate": 16000.0,
    "channels": 1.0,
    "audio_md5": "41a66ebde8220a6be5b740539e920be3",
    "loudness": -25.358646392822266,
    "dynamic_range": 0.0,
    "temporal_centroid": 0.3005284070968628,
    "log_attack_time": -1.6676303148269653,
    "filesize": 59120,
    "single_event": true,
    "tonality": "A minor",
    "tonality_confidence": 0.6536824107170105,
    "loop": false,
    "tempo": 161,
    "tempo_confidence": 0.0,
    "note_midi": 29,
    "note_name": "F1",
    "note_frequency": 43.153602600097656,
    "note_confidence": 0.458732545375824,
    "hardness": 32.47412885735889,
    "depth": 69.5042728996586,
    "brightness": 31.875003754348562,
    "roughness": 29.91990609289345,
    "warmth": 59.62502892923847,
    "sharpness": 22.72018031325446,
    "boominess": 56.58389009040074,
    "reverb": false,
    "genre": "Genre A",
    "mood": "Mood A"
}