{
    "duration": 1.8461250066757202,
    "lossless": 1.0,
    "codec": "pcm_s16le",
    "bitrate": 256000.0,
    "samplerate": 16000.0,
    "channels": 1.0,
    "audio_md5": "67b3cde05def3c143238a96deaac9e0d",
    "loudness": -20.124557495117188,
    "dynamic_range": 0.0,
    "temporal_centroid": 0.3542914390563965,
    "log_attack_time": -0.9600420594215393,
    "filesize": 59120,
    "single_event": true,
    "tonality": "G# minor",
    "tonality_confidence": 0.861673891544342,
    "loop": false,
    "tempo": 172,
    "tempo_confidence": 0.0,
    "note_midi": 33,
    "note_name": "A1",
    "note_frequency": 55.08850860595703,
    "note_confidence": 0.9146015644073486,
    "hardness": 29.75304477115155,
    "depth": 67.82033999865324,
    "brightness": 27.300121906974688,
    "roughness": 34.53160616771046,
    "warmth": 57.51530348399106,
    "sharpness": 33.648147061607446,
    "boominess": 53.06542285951917,
    "reverb": false,
    "genre": "Genre A",
    "mood": "Mood A"
}