{
    "duration": 1.8461250066757202,
    "lossless": 1.0,
    "codec": "pcm_s16le",
    "bitrate": 256000.0,
    "samplerate": 16000.0,
    "channels": 1.0,
    "audio_md5": "de42c79dd199b8e27514aaca5e3e3548",
    "loudness": -36.8651123046875,
    "dynamic_range": 0.0,
    "temporal_centroid": 0.5173039436340332,
    "log_attack_time": -0.03517512232065201,
    "filesize": 59120,
    "single_event": true,
    "tonality": "G major",
    "tonality_confidence": 0.403606653213501,
    "loop": true,
    "tempo": 131,
    "tempo_confidence": 0.9643537402153015,
    "note_midi": 29,
    "note_name": "F1",
    "note_frequency": 44.48473358154297,
    "note_confidence": 0.4140211343765259,
    "hardness": 38.52736700524774,
    "depth": 65.20765553770873,
    "brightness": 42.58261835676548,
    "roughness": 38.72678012072913,
    "warmth": 56.07202112879479,
    "sharpness": 34.04207956601516,
    "boominess": 46.54170666576715,
    "reverb": false,
    "genre": "Genre A",
    "mood": "Mood A"
}