{
    "duration": 1.8461250066757202,
    "lossless": 1.0,
    "codec": "pcm_s16le",
    "bitrate": 256000.0,
    "samplerate": 16000.0,
    "channels": 1.0,
    "audio_md5": "3149a46dcc4b09476073c36a9ec34e7f",
    "loudness": -33.48183059692383,
    "dynamic_range": 0.0,
    "temporal_centroid": 0.35577070713043213,
    "log_attack_time": -1.7506768703460693,
    "filesize": 59120,
    "single_event": true,
    "tonality": "D minor",
    "tonality_confidence": 0.6568282246589661,
    "loop": false,
    "tempo": 129,
    "tempo_confidence": 0.0,
    "note_midi": 29,
    "note_name": "F1",
    "note_frequency": 43.024391174316406,
    "note_confidence": 0.371404767036438,
    "hardness": 38.42090079062581,
    "depth": 61.824079970558024,
    "brightness": 41.65310638369829,
    "roughness": 37.57477898792763,
    "warmth": 58.70213035142493,
    "sharpness": 15.25865707103991,
    "boominess": 49.95323420775786,
    "reverb": false,
    "genre": "Genre A",
    "mood": "Mood A"
}