{
    "duration": 1.8461250066757202,
    "lossless": 1.0,
    "codec": "pcm_s16le",
    "bitrate": 256000.0,
    "samplerate": 16000.0,
    "channels": 1.0,
    "audio_md5": "0d862bc283648c94100b1dc0aa86f863",
    "loudness": -22.652267456054688,
    "dynamic_range": 0.0,
    "temporal_centroid": 0.31983986496925354,
    "log_attack_time": -0.1444629728794098,
    "filesize": 59120,
    "single_event": true,
    "tonality": "A minor",
    "tonality_confidence": 0.7582839131355286,
    "loop": false,
    "tempo": 167,
    "tempo_confidence": 0.0,
    "note_midi": 32,
    "note_name": "G#1",
    "note_frequency": 51.97563552856445,
    "note_confidence": 0.49946296215057373,
    "hardness": 33.23797147290203,
    "depth": 69.30197365227977,
    "brightness": 31.604213949680783,
    "roughness": 30.66845992920883,
    "warmth": 57.899939842782715,
    "sharpness": 26.913594574338834,
    "boominess": 55.13529728927053,
    "reverb": false,
    "genre": "Genre A",
    "mood": "Mood A"
}