{
    "duration": 1.8461250066757202,
    "lossless": 1.0,
    "codec": "pcm_s16le",
    "bitrate": 256000.0,
    "samplerate": 16000.0,
    "channels": 1.0,
    "audio_md5": "795dddef375abf0ed649c3c127c9d76d",
    "loudness": -24.892087936401367,
    "dynamic_range": 0.0,
    "temporal_centroid": 0.5313431620597839,
    "log_attack_time": -0.6156640648841858,
    "filesize": 59120,
    "single_event": true,
    "tonality": "C minor",
    "tonality_confidence": 0.7705789804458618,
    "loop": false,
    "tempo": 117,
    "tempo_confidence": 0.0,
    "note_midi": 29,
    "note_name": "F1",
    "note_frequency": 43.024391174316406,
    "note_confidence": 0.23322045803070068,
    "hardness": 31.895861686488445,
    "depth": 72.11462419115092,
    "brightness": 29.335636429900887,
    "roughness": 38.221627208838285,
    "warmth": 59.241394380880955,
    "sharpness": 42.11066149342909,
    "boominess": 48.56681714341457,
    "reverb": false,
    "genre": "Genre A",
    "mood": "Mood A"
}