{
    "duration": 1.8461250066757202,
    "lossless": 1.0,
    "codec": "pcm_s16le",
    "bitrate": 256000.0,
    "samplerate": 16000.0,
    "channels": 1.0,
    "audio_md5": "3b2ccd966010d78b0eaecce0ba7ea94c",
    "loudness": -37.46998977661133,
    "dynamic_range": 0.0,
    "temporal_centroid": 0.5785712003707886,
    "log_attack_time": -0.2251604050397873,
    "filesize": 59120,
    "single_event": true,
    "tonality": "A# minor",
    "tonality_confidence": 0.9164639115333557,
    "loop": true,
    "tempo": 130,
    "tempo_confidence": 0.9999017119407654,
    "note_midi": 31,
    "note_name": "G1",
    "note_frequency": 49.768463134765625,
    "note_confidence": 0.3957602381706238,
    "hardness": 36.393187126010616,
    "depth": 69.27761991902081,
    "brightness": 36.91830571119527,
    "roughness": 38.63814452307205,
    "warmth": 57.78508447852394,
    "sharpness": 39.07523884897724,
    "boominess": 50.11071372171906,
    "reverb": false,
    "genre": "Genre A",
    "mood": "Mood A"
}