{
    "duration": 1.8461250066757202,
    "lossless": 1.0,
    "codec": "pcm_s16le",
    "bitrate": 256000.0,
    "samplerate": 16000.0,
    "channels": 1.0,
    "audio_md5": "c288a889c6ca03c2032e0e9b2ec0fd9f",
    "loudness": -20.141666412353516,
    "dynamic_range": 0.0,
    "temporal_centroid": 0.45428964495658875,
    "log_attack_time": -1.1778675317764282,
    "filesize": 59120,
    "single_event": true,
    "tonality": "D# minor",
    "tonality_confidence": 0.5732128620147705,
    "loop": true,
    "tempo": 132,
    "tempo_confidence": 0.9977052211761475,
    "note_midi": 30,
    "note_name": "F#1",
    "note_frequency": 45.92335510253906,
    "note_confidence": 0.49814432859420776,
    "hardness": 30.45014395418052,
    "depth": 69.9426047685412,
    "brightness": 24.88365684508691,
    "roughness": 34.83500613256802,
    "warmth": 61.31321975162949,
    "sharpness": 29.648627565726276,
    "boominess": 54.19630732327223,
    "reverb": false,
    "genre": "Genre A",
    "mood": "Mood A"
}