{
    "duration": 1.8461250066757202,
    "lossless": 1.0,
    "codec": "pcm_s16le",
    "bitrate": 256000.0,
    "samplerate": 16000.0,
    "channels": 1.0,
    "audio_md5": "59e20fbc6c379ffbeb11e68878a4a146",
    "loudness": -32.18839645385742,
    "dynamic_range": 0.0,
    "temporal_centroid": 0.480262815952301,
    "log_attack_time": -2.2570478916168213,
    "filesize": 59120,
    "single_event": true,
    "tonality": "D minor",
    "tonality_confidence": 0.5453895926475525,
    "loop": true,
    "tempo": 130,
    "tempo_confidence": 0.9999017119407654,
    "note_midi": 30,
    "note_name": "F#1",
    "note_frequency": 46.254783630371094,
    "note_confidence": 0.37762701511383057,
    "hardness": 41.28359714833317,
    "depth": 64.78622052775675,
    "brightness": 39.4388697844346,
    "roughness": 41.80681970619129,
    "warmth": 57.27102041494477,
    "sharpness": 19.845748760712283,
    "boominess": 48.42541481234069,
    "reverb": false,
    "genre": "Genre A",
    "mood": "Mood A"
}