{
    "duration": 1.8461250066757202,
    "lossless": 1.0,
    "codec": "pcm_s16le",
    "bitrate": 256000.0,
    "samplerate": 16000.0,
    "channels": 1.0,
    "audio_md5": "313afaebceec3ca8d6b7927b832cddba",
    "loudness": -35.11437225341797,
    "dynamic_range": 0.0,
    "temporal_centroid": 0.5085116028785706,
    "log_attack_time": -0.03506830334663391,
    "filesize": 59120,
    "single_event": true,
    "tonality": "G major",
    "tonality_confidence": 0.8338251709938049,
    "loop": true,
    "tempo": 130,
    "tempo_confidence": 0.9999017119407654,
    "note_midi": 30,
    "note_name": "F#1",
    "note_frequency": 47.09648513793945,
    "note_confidence": 0.4402521848678589,
    "hardness": 44.25811102280437,
    "depth": 64.74549148539933,
    "brightness": 41.8704342839775,
    "roughness": 40.59745249532061,
    "warmth": 56.141057778062496,
    "sharpness": 28.144570410640547,
    "boominess": 47.64913133016563,
    "reverb": false,
    "genre": "Genre A",
    "mood": "Mood A"
}