{
    "duration": 1.8461250066757202,
    "lossless": 1.0,
    "codec": "pcm_s16le",
    "bitrate": 256000.0,
    "samplerate": 16000.0,
    "channels": 1.0,
    "audio_md5": "0011cb4be9962bb41dd6f1274ff7db78",
    "loudness": -28.909412384033203,
    "dynamic_range": 0.0,
    "temporal_centroid": 0.4672587215900421,
    "log_attack_time": -1.9970556497573853,
    "filesize": 59120,
    "single_event": true,
    "tonality": "B major",
    "tonality_confidence": 0.49829602241516113,
    "loop": false,
    "tempo": 129,
    "tempo_confidence": 0.0,
    "note_midi": 34,
    "note_name": "A#1",
    "note_frequency": 58.713951110839844,
    "note_confidence": 0.508109450340271,
    "hardness": 37.477299384308196,
    "depth": 62.894233396344134,
    "brightness": 40.577371389779515,
    "roughness": 41.6035129803405,
    "warmth": 60.29113081247409,
    "sharpness": 22.7384886904674,
    "boominess": 47.78903409782897,
    "reverb": false,
    "genre": "Genre A",
    "mood": "Mood A"
}