{
    "duration": 1.8461250066757202,
    "lossless": 1.0,
    "codec": "pcm_s16le",
    "bitrate": 256000.0,
    "samplerate": 16000.0,
    "channels": 1.0,
    "audio_md5": "7f196f646f75ad6248e76bca72925ea3",
    "loudness": -28.95135498046875,
    "dynamic_range": 0.0,
    "temporal_centroid": 0.46498754620552063,
    "log_attack_time": -1.840299129486084,
    "filesize": 59120,
    "single_event": true,
    "tonality": "A major",
    "tonality_confidence": 0.5647196769714355,
    "loop": false,
    "tempo": 129,
    "tempo_confidence": 0.0,
    "note_midi": 33,
    "note_name": "A1",
    "note_frequency": 55.23323440551758,
    "note_confidence": 0.5822464823722839,
    "hardness": 38.56982798316477,
    "depth": 63.31334438192413,
    "brightness": 41.174420509938805,
    "roughness": 37.26564812199774,
    "warmth": 58.95124717947663,
    "sharpness": 26.85641666647831,
    "boominess": 47.40578117553322,
    "reverb": false,
    "genre": "Genre A",
    "mood": "Mood A"
}