{
    "duration": 1.8461250066757202,
    "lossless": 1.0,
    "codec": "pcm_s16le",
    "bitrate": 256000.0,
    "samplerate": 16000.0,
    "channels": 1.0,
    "audio_md5": "b28f59e0456e113b36429737dd027067",
    "loudness": -31.45479393005371,
    "dynamic_range": 0.0,
    "temporal_centroid": 0.3395351469516754,
    "log_attack_time": -0.31202036142349243,
    "filesize": 59120,
    "single_event": true,
    "tonality": "D minor",
    "tonality_confidence": 0.37798479199409485,
    "loop": true,
    "tempo": 98,
    "tempo_confidence": 0.9866666793823242,
    "note_midi": 37,
    "note_name": "C#2",
    "note_frequency": 68.45675659179688,
    "note_confidence": 0.5285718441009521,
    "hardness": 30.080339385124788,
    "depth": 66.51118262200781,
    "brightness": 34.44469050193049,
    "roughness": 38.40791037470944,
    "warmth": 60.303750249605834,
    "sharpness": 27.66903429496464,
    "boominess": 53.451518123967276,
    "reverb": false,
    "genre": "Genre A",
    "mood": "Mood A"
}