{
    "duration": 1.8461250066757202,
    "lossless": 1.0,
    "codec": "pcm_s16le",
    "bitrate": 256000.0,
    "samplerate": 16000.0,
    "channels": 1.0,
    "audio_md5": "b9043ac33b0d0dfaaf28e0c3fbab236b",
    "loudness": -21.85386848449707,
    "dynamic_range": 0.0,
    "temporal_centroid": 0.3570125997066498,
    "log_attack_time": -0.9613014459609985,
    "filesize": 59120,
    "single_event": true,
    "tonality": "F# minor",
    "tonality_confidence": 0.7309302091598511,
    "loop": false,
    "tempo": 185,
    "tempo_confidence": 0.0,
    "note_midi": 33,
    "note_name": "A1",
    "note_frequency": 55.474327087402344,
    "note_confidence": 0.833143413066864,
    "hardness": 31.259758507204168,
    "depth": 70.07142060759386,
    "brightness": 27.59305204758916,
    "roughness": 34.71831129504336,
    "warmth": 57.97271935660834,
    "sharpness": 37.34133603673881,
    "boominess": 50.895107432113775,
    "reverb": false,
    "genre": "Genre A",
    "mood": "Mood A"
}