{
    "duration": 1.8461250066757202,
    "lossless": 1.0,
    "codec": "pcm_s16le",
    "bitrate": 256000.0,
    "samplerate": 16000.0,
    "channels": 1.0,
    "audio_md5": "ed65aa3c9cbe3d19e7c8f5310010d662",
    "loudness": -29.360328674316406,
    "dynamic_range": 0.0,
    "temporal_centroid": 0.4609116017818451,
    "log_attack_time": -2.231140375137329,
    "filesize": 59120,
    "single_event": true,
    "tonality": "F major",
    "tonality_confidence": 0.30815741419792175,
    "loop": true,
    "tempo": 130,
    "tempo_confidence": 0.9999017119407654,
    "note_midi": 36,
    "note_name": "C2",
    "note_frequency": 64.29138946533203,
    "note_confidence": 0.5012507438659668,
    "hardness": 36.38268541946654,
    "depth": 58.99245611914387,
    "brightness": 32.61939184058748,
    "roughness": 38.62326980094446,
    "warmth": 54.90318847738951,
    "sharpness": 22.286687213525653,
    "boominess": 46.59127378504951,
    "reverb": false,
    "genre": "Genre A",
    "mood": "Mood A"
}