{
    "duration": 1.8461250066757202,
    "lossless": 1.0,
    "codec": "pcm_s16le",
    "bitrate": 256000.0,
    "samplerate": 16000.0,
    "channels": 1.0,
    "audio_md5": "a04efbaa8b28a885dc2190e6d9f46f14",
    "loudness": -35.34150314331055,
    "dynamic_range": 0.0,
    "temporal_centroid": 0.35367128252983093,
    "log_attack_time": -2.0544888973236084,
    "filesize": 59120,
    "single_event": true,
    "tonality": "A# minor",
    "tonality_confidence": 0.3849686086177826,
    "loop": false,
    "tempo": 172,
    "tempo_confidence": 0.0,
    "note_midi": 34,
    "note_name": "A#1",
    "note_frequency": 56.748085021972656,
    "note_confidence": 0.5103633403778076,
    "hardness": 39.8533761414716,
    "depth": 63.16023096756606,
    "brightness": 39.412080147448464,
    "roughness": 42.10522958109465,
    "warmth": 62.297826702660856,
    "sharpness": 9.142633778547989,
    "boominess": 48.383606570262636,
    "reverb": false,
    "genre": "Genre A",
    "mood": "Mood A"
}