{
    "duration": 1.8461250066757202,
    "lossless": 1.0,
    "codec": "pcm_s16le",
    "bitrate": 256000.0,
    "samplerate": 16000.0,
    "channels": 1.0,
    "audio_md5": "778757816ca21346d6db3495b9ac117e",
    "loudness": -39.37165451049805,
    "dynamic_range": 0.0,
    "temporal_centroid": 0.319595068693161,
    "log_attack_time": -1.70893132686615,
    "filesize": 59120,
    "single_event": true,
    "tonality": "C# minor",
    "tonality_confidence": 0.6047126054763794,
    "loop": true,
    "tempo": 130,
    "tempo_confidence": 0.9999017119407654,
    "note_midi": 32,
    "note_name": "G#1",
    "note_frequency": 53.3911018371582,
    "note_confidence": 0.5294743776321411,
    "hardness": 43.76810396340457,
    "depth": 64.8129848397967,
    "brightness": 44.687166879353484,
    "roughness": 41.15064151909053,
    "warmth": 58.7847828526844,
    "sharpness": 23.356234724143043,
    "boominess": 47.47718058898701,
    "reverb": false,
    "genre": "Genre A",
    "mood": "Mood A"
}