{
    "duration": 1.8461250066757202,
    "lossless": 1.0,
    "codec": "pcm_s16le",
    "bitrate": 256000.0,
    "samplerate": 16000.0,
    "channels": 1.0,
    "audio_md5": "b6d178f6a96ab81865e0a10b2e86a68d",
    "loudness": -18.475004196166992,
    "dynamic_range": 0.0,
    "temporal_centroid": 0.496776282787323,
    "log_attack_time": -1.1446141004562378,
    "filesize": 59120,
    "single_event": true,
    "tonality": "B major",
    "tonality_confidence": 0.41996467113494873,
    "loop": false,
    "tempo": 128,
    "tempo_confidence": 0.0,
    "note_midi": 33,
    "note_name": "A1",
    "note_frequency": 56.57647705078125,
    "note_confidence": 0.7872907519340515,
    "hardness": 31.552656791384592,
    "depth": 67.7931627757263,
    "brightness": 30.60399564101937,
    "roughness": 34.80990349137496,
    "warmth": 60.534792205857215,
    "sharpness": 31.01993246498961,
    "boominess": 53.77668034160004,
    "reverb": false,
    "genre": "Genre A",
    "mood": "Mood A"
}