{
    "duration": 1.8461250066757202,
    "lossless": 1.0,
    "codec": "pcm_s16le",
    "bitrate": 256000.0,
    "samplerate": 16000.0,
    "channels": 1.0,
    "audio_md5": "2d61cf71449aed744a343ffb3dec1ebd",
    "loudness": -41.58560562133789,
    "dynamic_range": 0.0,
    "temporal_centroid": 0.29477813839912415,
    "log_attack_time": -2.186556577682495,
    "filesize": 59120,
    "single_event": true,
    "tonality": "F major",
    "tonality_confidence": 0.6670590043067932,
    "loop": false,
    "tempo": 128,
    "tempo_confidence": 0.0,
    "note_midi": 34,
    "note_name": "A#1",
    "note_frequency": 57.94563293457031,
    "note_confidence": 0.556628942489624,
    "hardness": 38.61536999591715,
    "depth": 64.10315691449173,
    "brightness": 43.63953082263046,
    "roughness": 37.54266815111691,
    "warmth": 58.07251206845787,
    "sharpness": 19.49200592596287,
    "boominess": 51.216155655208155,
    "reverb": false,
    "genre": "Genre A",
    "mood": "Mood A"
}