{
    "duration": 1.8461250066757202,
    "lossless": 1.0,
    "codec": "pcm_s16le",
    "bitrate": 256000.0,
    "samplerate": 16000.0,
    "channels": 1.0,
    "audio_md5": "5cdce39cb5569ed36b5eab22d461b703",
    "loudness": -33.64512634277344,
    "dynamic_range": 0.0,
    "temporal_centroid": 0.33425211906433105,
    "log_attack_time": -2.01604962348938,
    "filesize": 59120,
    "single_event": true,
    "tonality": "F# major",
    "tonality_confidence": 0.5561343431472778,
    "loop": false,
    "tempo": 86,
    "tempo_confidence": 0.0,
    "note_midi": 35,
    "note_name": "B1",
    "note_frequency": 62.357994079589844,
    "note_confidence": 0.5728341341018677,
    "hardness": 38.50027696065992,
    "depth": 62.652925473719954,
    "brightness": 39.23866628288368,
    "roughness": 43.90039620973016,
    "warmth": 61.5119762777524,
    "sharpness": 18.887685234119274,
    "boominess": 48.925830435139765,
    "reverb": false,
    "genre": "Genre A",
    "mood": "Mood A"
}