{
    "duration": 1.8461250066757202,
    "lossless": 1.0,
    "codec": "pcm_s16le",
    "bitrate": 256000.0,
    "samplerate": 16000.0,
    "channels": 1.0,
    "audio_md5": "6dfdaa026807453f5b91141bd5421d06",
    "loudness": -19.77903175354004,
    "dynamic_range": 0.0,
    "temporal_centroid": 0.4918826222419739,
    "log_attack_time": -1.144888997077942,
    "filesize": 59120,
    "single_event": true,
    "tonality": "A minor",
    "tonality_confidence": 0.6620712280273438,
    "loop": false,
    "tempo": 128,
    "tempo_confidence": 0.0,
    "note_midi": 34,
    "note_name": "A#1",
    "note_frequency": 58.413551330566406,
    "note_confidence": 0.7343364953994751,
    "hardness": 28.720935499311025,
    "depth": 67.34231064761138,
    "brightness": 31.139875575925462,
    "roughness": 32.25651424791099,
    "warmth": 60.480827642354896,
    "sharpness": 31.09422972243561,
    "boominess": 53.42821036550278,
    "reverb": false,
    "genre": "Genre A",
    "mood": "Mood A"
}