{
    "duration": 1.8461250066757202,
    "lossless": 1.0,
    "codec": "pcm_s16le",
    "bitrate": 256000.0,
    "samplerate": 16000.0,
    "channels": 1.0,
    "audio_md5": "ce11c82013a90a94750f9ba83b35f557",
    "loudness": -38.08154296875,
    "dynamic_range": 0.0,
    "temporal_centroid": 0.5280259847640991,
    "log_attack_time": -0.03526052087545395,
    "filesize": 59120,
    "single_event": true,
    "tonality": "G major",
    "tonality_confidence": 0.7999813556671143,
    "loop": true,
    "tempo": 130,
    "tempo_confidence": 0.9999017119407654,
    "note_midi": 29,
    "note_name": "F1",
    "note_frequency": 44.90747833251953,
    "note_confidence": 0.39347904920578003,
    "hardness": 42.087248345792645,
    "depth": 67.10976360980926,
    "brightness": 42.49942571534666,
    "roughness": 40.9834660906385,
    "warmth": 56.14771146675914,
    "sharpness": 33.02573247656929,
    "boominess": 47.357834813064635,
    "reverb": false,
    "genre": "Genre A",
    "mood": "Mood A"
}