{
    "duration": 1.8461250066757202,
    "lossless": 1.0,
    "codec": "pcm_s16le",
    "bitrate": 256000.0,
    "samplerate": 16000.0,
    "channels": 1.0,
    "audio_md5": "215b0a689c5347ea4665893ec53f539f",
    "loudness": -35.86747360229492,
    "dynamic_range": 0.0,
    "temporal_centroid": 0.3304324746131897,
    "log_attack_time": -1.870652198791504,
    "filesize": 59120,
    "single_event": true,
    "tonality": "D# minor",
    "tonality_confidence": 0.5507866144180298,
    "loop": false,
    "tempo": 131,
    "tempo_confidence": 0.0,
    "note_midi": 33,
    "note_name": "A1",
    "note_frequency": 53.853477478027344,
    "note_confidence": 0.8515530824661255,
    "hardness": 37.52642421550877,
    "depth": 65.1928590522124,
    "brightness": 38.76317177429854,
    "roughness": 37.563012905408364,
    "warmth": 59.58883684853943,
    "sharpness": 22.794056228983663,
    "boominess": 48.479646576207315,
    "reverb": false,
    "genre": "Genre A",
    "mood": "Mood A"
}