{
    "duration": 1.8461250066757202,
    "lossless": 1.0,
    "codec": "pcm_s16le",
    "bitrate": 256000.0,
    "samplerate": 16000.0,
    "channels": 1.0,
    "audio_md5": "152ef00ba37ab2725bafc27f36b55e3e",
    "loudness": -30.623825073242188,
    "dynamic_range": 0.0,
    "temporal_centroid": 0.3163073658943176,
    "log_attack_time": -0.9338135719299316,
    "filesize": 59120,
    "single_event": true,
    "tonality": "F major",
    "tonality_confidence": 0.5633662939071655,
    "loop": true,
    "tempo": 98,
    "tempo_confidence": 0.984666645526886,
    "note_midi": 29,
    "note_name": "F1",
    "note_frequency": 43.024391174316406,
    "note_confidence": 0.28342723846435547,
    "hardness": 34.76872009299433,
    "depth": 70.19869047952048,
    "brightness": 28.861203169305078,
    "roughness": 31.262440924271502,
    "warmth": 55.77740862513844,
    "sharpness": 39.32911103390388,
    "boominess": 49.103634348980634,
    "reverb": false,
    "genre": "Genre A",
    "mood": "Mood A"
}