{
    "duration": 1.8461250066757202,
    "lossless": 1.0,
    "codec": "pcm_s16le",
    "bitrate": 256000.0,
    "samplerate": 16000.0,
    "channels": 1.0,
    "audio_md5": "2abc4bab598b5c821084046b1bd34dfd",
    "loudness": -30.092939376831055,
    "dynamic_range": 0.0,
    "temporal_centroid": 0.34579628705978394,
    "log_attack_time": -0.3124851882457733,
    "filesize": 59120,
    "single_event": true,
    "tonality": "F# minor",
    "tonality_confidence": 0.4667699635028839,
    "loop": false,
    "tempo": 129,
    "tempo_confidence": 0.0,
    "note_midi": 31,
    "note_name": "G1",
    "note_frequency": 48.172157287597656,
    "note_confidence": 0.2380719780921936,
    "hardness": 34.34261765886089,
    "depth": 69.3686024444715,
    "brightness": 34.89026750363128,
    "roughness": 28.37044462369462,
    "warmth": 57.14197948326178,
    "sharpness": 30.299435857605893,
    "boominess": 53.144686312556885,
    "reverb": false,
    "genre": "Genre A",
    "mood": "Mood A"
}