{
    "duration": 1.8461250066757202,
    "lossless": 1.0,
    "codec": "pcm_s16le",
    "bitrate": 256000.0,
    "samplerate": 16000.0,
    "channels": 1.0,
    "audio_md5": "41825e6645166a75837d0a672f59347d",
    "loudness": -35.8111686706543,
    "dynamic_range": 0.0,
    "temporal_centroid": 0.5261892676353455,
    "log_attack_time": -0.035207126289606094,
    "filesize": 59120,
    "single_event": true,
    "tonality": "C major",
    "tonality_confidence": 0.6169962882995605,
    "loop": true,
    "tempo": 130,
    "tempo_confidence": 0.9999017119407654,
    "note_midi": 30,
    "note_name": "F#1",
    "note_frequency": 45.74850845336914,
    "note_confidence": 0.39955389499664307,
    "hardness": 38.84470860329294,
    "depth": 66.17087716988091,
    "brightness": 41.985674229708415,
    "roughness": 41.53464246145371,
    "warmth": 57.591325247872824,
    "sharpness": 28.397967351428242,
    "boominess": 48.67138036391065,
    "reverb": false,
    "genre": "Genre A",
    "mood": "Mood A"
}