{
    "duration": 1.8461250066757202,
    "lossless": 1.0,
    "codec": "pcm_s16le",
    "bitrate": 256000.0,
    "samplerate": 16000.0,
    "channels": 1.0,
    "audio_md5": "bcacb8886d36821f08c55fcbdbccc0fe",
    "loudness": -31.754915237426758,
    "dynamic_range": 0.0,
    "temporal_centroid": 0.311398446559906,
    "log_attack_time": -1.8832627534866333,
    "filesize": 59120,
    "single_event": true,
    "tonality": "C# minor",
    "tonality_confidence": 0.4423452913761139,
    "loop": false,
    "tempo": 129,
    "tempo_confidence": 0.0,
    "note_midi": 35,
    "note_name": "B1",
    "note_frequency": 60.0329475402832,
    "note_confidence": 0.666534423828125,
    "hardness": 37.05661518305362,
    "depth": 64.24867316220934,
    "brightness": 37.89712883914952,
    "roughness": 37.00616376944507,
    "warmth": 61.63305177285545,
    "sharpness": 16.337435166921534,
    "boominess": 49.89675917758131,
    "reverb": true,
    "genre": "Genre A",
    "mood": "Mood A"
}