{
    "duration": 1.8461250066757202,
    "lossless": 1.0,
    "codec": "pcm_s16le",
    "bitrate": 256000.0,
    "samplerate": 16000.0,
    "channels": 1.0,
    "audio_md5": "05bfa2b26e7f16fd8cae9ba480aeecf2",
    "loudness": -20.450057983398438,
    "dynamic_range": 0.0,
    "temporal_centroid": 0.35927602648735046,
    "log_attack_time": -0.9559297561645508,
    "filesize": 59120,
    "single_event": true,
    "tonality": "G# minor",
    "tonality_confidence": 0.47614312171936035,
    "loop": false,
    "tempo": 146,
    "tempo_confidence": 0.0,
    "note_midi": 33,
    "note_name": "A1",
    "note_frequency": 54.023746490478516,
    "note_confidence": 0.9068505764007568,
    "hardness": 29.14205053366932,
    "depth": 68.43055628668205,
    "brightness": 27.15206621892741,
    "roughness": 34.04724645413335,
    "warmth": 57.95967474878126,
    "sharpness": 34.00139588871484,
    "boominess": 53.02033012608098,
    "reverb": true,
    "genre": "Genre A",
    "mood": "Mood A"
}