{
    "duration": 1.8461250066757202,
    "lossless": 1.0,
    "codec": "pcm_s16le",
    "bitrate": 256000.0,
    "samplerate": 16000.0,
    "channels": 1.0,
    "audio_md5": "0feb33d23aae11fd2bbd41023327cd0a",
    "loudness": -26.91343879699707,
    "dynamic_range": 0.0,
    "temporal_centroid": 0.3738863468170166,
    "log_attack_time": -1.9472092390060425,
    "filesize": 59120,
    "single_event": true,
    "tonality": "G minor",
    "tonality_confidence": 0.6025096774101257,
    "loop": false,
    "tempo": 126,
    "tempo_confidence": 0.0,
    "note_midi": 49,
    "note_name": "C#3",
    "note_frequency": 139.04127502441406,
    "note_confidence": 0.6600843667984009,
    "hardness": 33.09407045788001,
    "depth": 57.44292972016394,
    "brightness": 31.228151416295052,
    "roughness": 42.371104626420056,
    "warmth": 62.839679603128666,
    "sharpness": 15.150237907429652,
    "boominess": 48.04061620163722,
    "reverb": false,
    "genre": "Genre A",
    "mood": "Mood A"
}