{
    "duration": 1.8461250066757202,
    "lossless": 1.0,
    "codec": "pcm_s16le",
    "bitrate": 256000.0,
    "samplerate": 16000.0,
    "channels": 1.0,
    "audio_md5": "c65dfb0cf4ac37abffeaccec3f462d85",
    "loudness": -19.35457992553711,
    "dynamic_range": 0.0,
    "temporal_centroid": 0.5303418040275574,
    "log_attack_time": -0.3723648488521576,
    "filesize": 59120,
    "single_event": true,
    "tonality": "C# minor",
    "tonality_confidence": 0.41093340516090393,
    "loop": false,
    "tempo": 157,
    "tempo_confidence": 0.0,
    "note_midi": 32,
    "note_name": "G#1",
    "note_frequency": 53.245540618896484,
    "note_confidence": 0.5770988464355469,
    "hardness": 34.151496602125306,
    "depth": 69.91957121281648,
    "brightness": 27.87317760624507,
    "roughness": 32.6331927360762,
    "warmth": 58.757511935674124,
    "sharpness": 40.256466101702465,
    "boominess": 50.51084783949691,
    "reverb": false,
    "genre": "Genre A",
    "mood": "Mood A"
}