{
    "duration": 1.8461250066757202,
    "lossless": 1.0,
    "codec": "pcm_s16le",
    "bitrate": 256000.0,
    "samplerate": 16000.0,
    "channels": 1.0,
    "audio_md5": "d3013fe817668344fb6194267397d610",
    "loudness": -34.5847053527832,
    "dynamic_range": 0.0,
    "temporal_centroid": 0.34997132420539856,
    "log_attack_time": -1.8569780588150024,
    "filesize": 59120,
    "single_event": true,
    "tonality": "D# minor",
    "tonality_confidence": 0.7709752917289734,
    "loop": false,
    "tempo": 126,
    "tempo_confidence": 0.0,
    "note_midi": 35,
    "note_name": "B1",
    "note_frequency": 61.634490966796875,
    "note_confidence": 0.7488203644752502,
    "hardness": 38.15509595400181,
    "depth": 64.7281387893798,
    "brightness": 37.92045475512379,
    "roughness": 38.27849285409681,
    "warmth": 60.375987252624014,
    "sharpness": 21.119077548193268,
    "boominess": 49.44502475910977,
    "reverb": false,
    "genre": "Genre A",
    "mood": "Mood A"
}