{
    "duration": 1.8461250066757202,
    "lossless": 1.0,
    "codec": "pcm_s16le",
    "bitrate": 256000.0,
    "samplerate": 16000.0,
    "channels": 1.0,
    "audio_md5": "50cce0b63b9c4b2468e371727126b4af",
    "loudness": -23.822050094604492,
    "dynamic_range": 0.0,
    "temporal_centroid": 0.3038076162338257,
    "log_attack_time": -1.7014390230178833,
    "filesize": 59120,
    "single_event": true,
    "tonality": "C minor",
    "tonality_confidence": 0.6119912266731262,
    "loop": false,
    "tempo": 126,
    "tempo_confidence": 0.0,
    "note_midi": 34,
    "note_name": "A#1",
    "note_frequency": 57.796695709228516,
    "note_confidence": 0.4663119912147522,
    "hardness": 37.49262577645308,
    "depth": 67.09611355110715,
    "brightness": 33.6921528380154,
    "roughness": 29.216555823339704,
    "warmth": 56.76586338023991,
    "sharpness": 28.544116529071168,
    "boominess": 54.268820355591785,
    "reverb": false,
    "genre": "Genre A",
    "mood": "Mood A"
}