{
    "duration": 1.8461250066757202,
    "lossless": 1.0,
    "codec": "pcm_s16le",
    "bitrate": 256000.0,
    "samplerate": 16000.0,
    "channels": 1.0,
    "audio_md5": "ccc54bf83332d0f681f10746bad80a9b",
    "loudness": -35.24667739868164,
    "dynamic_range": 0.0,
    "temporal_centroid": 0.5100609660148621,
    "log_attack_time": -0.03508969023823738,
    "filesize": 59120,
    "single_event": true,
    "tonality": "E minor",
    "tonality_confidence": 0.713675856590271,
    "loop": true,
    "tempo": 130,
    "tempo_confidence": 0.9999017119407654,
    "note_midi": 30,
    "note_name": "F#1",
    "note_frequency": 45.67136764526367,
    "note_confidence": 0.4014766216278076,
    "hardness": 41.02475595468198,
    "depth": 65.82701415478459,
    "brightness": 41.769489536312676,
    "roughness": 40.334924336020585,
    "warmth": 57.37142775961541,
    "sharpness": 28.463557204587307,
    "boominess": 47.72947355894172,
    "reverb": false,
    "genre": "Genre A",
    "mood": "Mood A"
}