{
    "duration": 1.8461250066757202,
    "lossless": 1.0,
    "codec": "pcm_s16le",
    "bitrate": 256000.0,
    "samplerate": 16000.0,
    "channels": 1.0,
    "audio_md5": "457919ef19c49117da7946cc15a11d99",
    "loudness": -20.676755905151367,
    "dynamic_range": 0.0,
    "temporal_centroid": 0.35207340121269226,
    "log_attack_time": -0.9578917026519775,
    "filesize": 59120,
    "single_event": true,
    "tonality": "F# major",
    "tonality_confidence": 0.7939948439598083,
    "loop": false,
    "tempo": 178,
    "tempo_confidence": 0.0,
    "note_midi": 33,
    "note_name": "A1",
    "note_frequency": 55.458831787109375,
    "note_confidence": 0.8946673274040222,
    "hardness": 30.96430086874227,
    "depth": 70.96835902763023,
    "brightness": 26.935588376842613,
    "roughness": 32.90214789131511,
    "warmth": 57.24305264149905,
    "sharpness": 34.550615678043876,
    "boominess": 52.689400548844034,
    "reverb": true,
    "genre": "Genre A",
    "mood": "Mood A"
}