{
    "duration": 1.8461250066757202,
    "lossless": 1.0,
    "codec": "pcm_s16le",
    "bitrate": 256000.0,
    "samplerate": 16000.0,
    "channels": 1.0,
    "audio_md5": "fd14755688c340fc1ffd4a4bf6dc47e4",
    "loudness": -35.57990646362305,
    "dynamic_range": 0.0,
    "temporal_centroid": 0.3245593011379242,
    "log_attack_time": -0.3269602656364441,
    "filesize": 59120,
    "single_event": true,
    "tonality": "G minor",
    "tonality_confidence": 0.5789121985435486,
    "loop": false,
    "tempo": 129,
    "tempo_confidence": 0.0,
    "note_midi": 32,
    "note_name": "G#1",
    "note_frequency": 50.80888366699219,
    "note_confidence": 0.4966864585876465,
    "hardness": 43.41240795499891,
    "depth": 61.390511727799606,
    "brightness": 43.9974155384397,
    "roughness": 39.04297258722198,
    "warmth": 56.47400585972693,
    "sharpness": 20.57274530342889,
    "boominess": 46.94719281593723,
    "reverb": false,
    "genre": "Genre A",
    "mood": "Mood A"
}