{
    "duration": 1.8461250066757202,
    "lossless": 1.0,
    "codec": "pcm_s16le",
    "bitrate": 256000.0,
    "samplerate": 16000.0,
    "channels": 1.0,
    "audio_md5": "9c7ef47a4f485f93b2ef4bae7b71046d",
    "loudness": -19.090442657470703,
    "dynamic_range": 0.0,
    "temporal_centroid": 0.5519266724586487,
    "log_attack_time": -0.5968133211135864,
    "filesize": 59120,
    "single_event": true,
    "tonality": "C minor",
    "tonality_confidence": 0.6684831380844116,
    "loop": false,
    "tempo": 92,
    "tempo_confidence": 0.0,
    "note_midi": 29,
    "note_name": "F1",
    "note_frequency": 43.024391174316406,
    "note_confidence": 0.3131181597709656,
    "hardness": 33.32288695190071,
    "depth": 72.42212301751539,
    "brightness": 25.573196463113888,
    "roughness": 36.691364521162804,
    "warmth": 57.34646050925107,
    "sharpness": 43.50393963454124,
    "boominess": 48.790959406047044,
    "reverb": false,
    "genre": "Genre A",
    "mood": "Mood A"
}