{
    "duration": 1.8461250066757202,
    "lossless": 1.0,
    "codec": "pcm_s16le",
    "bitrate": 256000.0,
    "samplerate": 16000.0,
    "channels": 1.0,
    "audio_md5": "c82077405042acb39904b3300f74638b",
    "loudness": -40.49675750732422,
    "dynamic_range": 0.0,
    "temporal_centroid": 0.30807122588157654,
    "log_attack_time": -1.945468544960022,
    "filesize": 59120,
    "single_event": true,
    "tonality": "A major",
    "tonality_confidence": 0.491155207157135,
    "loop": false,
    "tempo": 128,
    "tempo_confidence": 0.0,
    "note_midi": 33,
    "note_name": "A1",
    "note_frequency": 53.44240188598633,
    "note_confidence": 0.519860029220581,
    "hardness": 44.75724822856537,
    "depth": 64.2061045510342,
    "brightness": 44.908453624703625,
    "roughness": 41.646753012514395,
    "warmth": 58.89957406891165,
    "sharpness": 22.36028336377742,
    "boominess": 48.31387017243934,
    "reverb": false,
    "genre": "Genre A",
    "mood": "Mood A"
}