{
    "duration": 1.8461250066757202,
    "lossless": 1.0,
    "codec": "pcm_s16le",
    "bitrate": 256000.0,
    "samplerate": 16000.0,
    "channels": 1.0,
    "audio_md5": "a80b0236500ed6b7faee954e5785ece6",
    "loudness": -29.739057540893555,
    "dynamic_range": 0.0,
    "temporal_centroid": 0.4644205570220947,
    "log_attack_time": -2.0762369632720947,
    "filesize": 59120,
    "single_event": true,
    "tonality": "F# major",
    "tonality_confidence": 0.7388145923614502,
    "loop": false,
    "tempo": 129,
    "tempo_confidence": 0.0,
    "note_midi": 33,
    "note_name": "A1",
    "note_frequency": 55.597251892089844,
    "note_confidence": 0.6130470633506775,
    "hardness": 37.28336280832528,
    "depth": 64.02543288321431,
    "brightness": 42.032546780665896,
    "roughness": 37.34019080584976,
    "warmth": 57.83577760245667,
    "sharpness": 28.3121386686194,
    "boominess": 47.45078364268099,
    "reverb": false,
    "genre": "Genre A",
    "mood": "Mood A"
}