{
    "duration": 1.8461250066757202,
    "lossless": 1.0,
    "codec": "pcm_s16le",
    "bitrate": 256000.0,
    "samplerate": 16000.0,
    "channels": 1.0,
    "audio_md5": "706451d80fadd6238476257985df86b2",
    "loudness": -30.042098999023438,
    "dynamic_range": 0.0,
    "temporal_centroid": 0.4525441825389862,
    "log_attack_time": -2.0762369632720947,
    "filesize": 59120,
    "single_event": true,
    "tonality": "C# major",
    "tonality_confidence": 0.5407949686050415,
    "loop": false,
    "tempo": 129,
    "tempo_confidence": 0.0,
    "note_midi": 34,
    "note_name": "A#1",
    "note_frequency": 57.22650909423828,
    "note_confidence": 0.6063444018363953,
    "hardness": 39.832199658472746,
    "depth": 63.066906957990824,
    "brightness": 42.16584466179614,
    "roughness": 37.15281341764575,
    "warmth": 57.00324991420506,
    "sharpness": 26.405186565110057,
    "boominess": 47.79077298043131,
    "reverb": false,
    "genre": "Genre A",
    "mood": "Mood A"
}