{
    "duration": 1.8461250066757202,
    "lossless": 1.0,
    "codec": "pcm_s16le",
    "bitrate": 256000.0,
    "samplerate": 16000.0,
    "channels": 1.0,
    "audio_md5": "153a9ee1d68f523d4bb691d1ccadbbe7",
    "loudness": -25.13471031188965,
    "dynamic_range": 0.0,
    "temporal_centroid": 0.5234474539756775,
    "log_attack_time": -0.5835520625114441,
    "filesize": 59120,
    "single_event": true,
    "tonality": "C major",
    "tonality_confidence": 0.8027881979942322,
    "loop": false,
    "tempo": 126,
    "tempo_confidence": 0.0,
    "note_midi": 29,
    "note_name": "F1",
    "note_frequency": 43.024391174316406,
    "note_confidence": 0.1719340682029724,
    "hardness": 32.85504409012947,
    "depth": 73.4117116615734,
    "brightness": 29.484322140517243,
    "roughness": 37.240628060644525,
    "warmth": 60.40659883396302,
    "sharpness": 41.96644159448766,
    "boominess": 48.849380247383635,
    "reverb": false,
    "genre": "Genre A",
    "mood": "Mood A"
}