{
    "duration": 1.8461250066757202,
    "lossless": 1.0,
    "codec": "pcm_s16le",
    "bitrate": 256000.0,
    "samplerate": 16000.0,
    "channels": 1.0,
    "audio_md5": "ea9d9097fbf62c40a20c8cb0c6ca1857",
    "loudness": -34.01883316040039,
    "dynamic_range": 0.0,
    "temporal_centroid": 0.32756713032722473,
    "log_attack_time": -1.8534501791000366,
    "filesize": 59120,
    "single_event": true,
    "tonality": "A# minor",
    "tonality_confidence": 0.4113406240940094,
    "loop": true,
    "tempo": 98,
    "tempo_confidence": 0.9775555729866028,
    "note_midi": 34,
    "note_name": "A#1",
    "note_frequency": 56.85550308227539,
    "note_confidence": 0.6088040471076965,
    "hardness": 38.6598757024602,
    "depth": 63.82509357298586,
    "brightness": 39.17405038309438,
    "roughness": 40.03574532307414,
    "warmth": 62.11045444390553,
    "sharpness": 16.879723448633143,
    "boominess": 48.312581470388096,
    "reverb": false,
    "genre": "Genre A",
    "mood": "Mood A"
}