{
    "duration": 1.8461250066757202,
    "lossless": 1.0,
    "codec": "pcm_s16le",
    "bitrate": 256000.0,
    "samplerate": 16000.0,
    "channels": 1.0,
    "audio_md5": "9f354fa80dd3d5adafe4797aa2f611ba",
    "loudness": -35.29878616333008,
    "dynamic_range": 0.0,
    "temporal_centroid": 0.35868561267852783,
    "log_attack_time": -0.32968682050704956,
    "filesize": 59120,
    "single_event": true,
    "tonality": "C minor",
    "tonality_confidence": 0.6228650808334351,
    "loop": false,
    "tempo": 129,
    "tempo_confidence": 0.0,
    "note_midi": 38,
    "note_name": "D2",
    "note_frequency": 73.99264526367188,
    "note_confidence": 0.5062867403030396,
    "hardness": 41.203318469938566,
    "depth": 58.47140657250444,
    "brightness": 42.778627032089304,
    "roughness": 40.758143321162414,
    "warmth": 57.63684313164408,
    "sharpness": 18.81375636924534,
    "boominess": 44.930316767347655,
    "reverb": false,
    "genre": "Genre A",
    "mood": "Mood A"
}