{
    "duration": 1.8461250066757202,
    "lossless": 1.0,
    "codec": "pcm_s16le",
    "bitrate": 256000.0,
    "samplerate": 16000.0,
    "channels": 1.0,
    "audio_md5": "7a10ae50574c0b507e6be68226d3fc10",
    "loudness": -33.18998718261719,
    "dynamic_range": 0.0,
    "temporal_centroid": 0.5294650793075562,
    "log_attack_time": -0.0906890481710434,
    "filesize": 59120,
    "single_event": true,
    "tonality": "D minor",
    "tonality_confidence": 0.562253475189209,
    "loop": false,
    "tempo": 144,
    "tempo_confidence": 0.0,
    "note_midi": 58,
    "note_name": "A#3",
    "note_frequency": 235.61927795410156,
    "note_confidence": 0.6237026453018188,
    "hardness": 33.15619804717876,
    "depth": 56.300979531806895,
    "brightness": 32.195306692199225,
    "roughness": 37.66259484587791,
    "warmth": 61.09547724508758,
    "sharpness": 14.262267751866663,
    "boominess": 46.55928098203836,
    "reverb": false,
    "genre": "Genre A",
    "mood": "Mood A"
}