{
    "duration": 1.8461250066757202,
    "lossless": 1.0,
    "codec": "pcm_s16le",
    "bitrate": 256000.0,
    "samplerate": 16000.0,
    "channels": 1.0,
    "audio_md5": "243e48eb208cc11de1968874be0a3fca",
    "loudness": -26.5622615814209,
    "dynamic_range": 0.0,
    "temporal_centroid": 0.4183613359928131,
    "log_attack_time": -1.9686603546142578,
    "filesize": 59120,
    "single_event": true,
    "tonality": "F major",
    "tonality_confidence": 0.5458865761756897,
    "loop": false,
    "tempo": 103,
    "tempo_confidence": 0.0,
    "note_midi": 34,
    "note_name": "A#1",
    "note_frequency": 58.02647399902344,
    "note_confidence": 0.37619125843048096,
    "hardness": 36.11278523178804,
    "depth": 68.34963892325023,
    "brightness": 33.26181837395929,
    "roughness": 32.248026603861874,
    "warmth": 59.237053387345256,
    "sharpness": 26.484577312108577,
    "boominess": 57.23552724232899,
    "reverb": false,
    "genre": "Genre A",
    "mood": "Mood A"
}