{
    "duration": 1.8461250066757202,
    "lossless": 1.0,
    "codec": "pcm_s16le",
    "bitrate": 256000.0,
    "samplerate": 16000.0,
    "channels": 1.0,
    "audio_md5": "54739f6bbb7cc2ed871df8b63005d2d6",
    "loudness": -24.902265548706055,
    "dynamic_range": 0.0,
    "temporal_centroid": 0.5109596252441406,
    "log_attack_time": -0.2900804281234741,
    "filesize": 59120,
    "single_event": true,
    "tonality": "A# major",
    "tonality_confidence": 0.6792746782302856,
    "loop": false,
    "tempo": 123,
    "tempo_confidence": 0.0,
    "note_midi": 43,
    "note_name": "G2",
    "note_frequency": 98.7428970336914,
    "note_confidence": 0.7596303224563599,
    "hardness": 34.801791531061994,
    "depth": 59.61246769749782,
    "brightness": 27.82951294553721,
    "roughness": 47.158057768434254,
    "warmth": 65.09890707181435,
    "sharpness": 22.61767875973382,
    "boominess": 41.82528491544032,
    "reverb": false,
    "genre": "Genre A",
    "mood": "Mood A"
}