{
    "duration": 1.8461250066757202,
    "lossless": 1.0,
    "codec": "pcm_s16le",
    "bitrate": 256000.0,
    "samplerate": 16000.0,
    "channels": 1.0,
    "audio_md5": "a6457b9531bf2e51e3f1f5a0d146d526",
    "loudness": -14.477949142456055,
    "dynamic_range": 0.0,
    "temporal_centroid": 0.4975646436214447,
    "log_attack_time": -0.8647699356079102,
    "filesize": 59120,
    "single_event": true,
    "tonality": "A minor",
    "tonality_confidence": 0.7346147298812866,
    "loop": false,
    "tempo": 122,
    "tempo_confidence": 0.0,
    "note_midi": 29,
    "note_name": "F1",
    "note_frequency": 43.024391174316406,
    "note_confidence": 0.6068040728569031,
    "hardness": 31.600771048110275,
    "depth": 73.58349959674878,
    "brightness": 26.908327425417493,
    "roughness": 44.09686295227532,
    "warmth": 63.06063243820844,
    "sharpness": 40.90953043506852,
    "boominess": 47.312455547643175,
    "reverb": false,
    "genre": "Genre A",
    "mood": "Mood A"
}