{
    "duration": 1.8461250066757202,
    "lossless": 1.0,
    "codec": "pcm_s16le",
    "bitrate": 256000.0,
    "samplerate": 16000.0,
    "channels": 1.0,
    "audio_md5": "72aeffd81d189f725bc4f12d11237235",
    "loudness": -35.987449645996094,
    "dynamic_range": 0.0,
    "temporal_centroid": 0.4441930651664734,
    "log_attack_time": -0.23376254737377167,
    "filesize": 59120,
    "single_event": true,
    "tonality": "G major",
    "tonality_confidence": 0.4378491938114166,
    "loop": false,
    "tempo": 101,
    "tempo_confidence": 0.0,
    "note_midi": 31,
    "note_name": "G1",
    "note_frequency": 49.32573699951172,
    "note_confidence": 0.37177717685699463,
    "hardness": 47.08293845266866,
    "depth": 64.30254996497719,
    "brightness": 42.03053587126957,
    "roughness": 38.33540902935367,
    "warmth": 56.37911241294143,
    "sharpness": 22.04061887331087,
    "boominess": 49.13762408881718,
    "reverb": false,
    "genre": "Genre A",
    "mood": "Mood A"
}