{
    "duration": 1.8461250066757202,
    "lossless": 1.0,
    "codec": "pcm_s16le",
    "bitrate": 256000.0,
    "samplerate": 16000.0,
    "channels": 1.0,
    "audio_md5": "2b00589d50565bdd59ca34096b958290",
    "loudness": -28.866418838500977,
    "dynamic_range": 0.0,
    "temporal_centroid": 0.41960763931274414,
    "log_attack_time": -0.9221338033676147,
    "filesize": 59120,
    "single_event": true,
    "tonality": "F# minor",
    "tonality_confidence": 0.5775630474090576,
    "loop": false,
    "tempo": 172,
    "tempo_confidence": 0.0,
    "note_midi": 54,
    "note_name": "F#3",
    "note_frequency": 182.03810119628906,
    "note_confidence": 0.3490421772003174,
    "hardness": 32.964885968161894,
    "depth": 62.92372208990238,
    "brightness": 36.110060498284895,
    "roughness": 31.71497539116358,
    "warmth": 57.81703977930141,
    "sharpness": 13.019300172653619,
    "boominess": 58.774327558125805,
    "reverb": false,
    "genre": "Genre A",
    "mood": "Mood A"
}