{
    "duration": 1.8461250066757202,
    "lossless": 1.0,
    "codec": "pcm_s16le",
    "bitrate": 256000.0,
    "samplerate": 16000.0,
    "channels": 1.0,
    "audio_md5": "f16ac7112cf04e1fb1d7fdf78a9b406a",
    "loudness": -15.836366653442383,
    "dynamic_range": 0.0,
    "temporal_centroid": 0.49344944953918457,
    "log_attack_time": -0.3617711663246155,
    "filesize": 59120,
    "single_event": true,
    "tonality": "F major",
    "tonality_confidence": 0.7654585838317871,
    "loop": false,
    "tempo": 136,
    "tempo_confidence": 0.0,
    "note_midi": 29,
    "note_name": "F1",
    "note_frequency": 43.024391174316406,
    "note_confidence": 0.29793494939804077,
    "hardness": 35.0057428753489,
    "depth": 70.02154888165718,
    "brightness": 26.588070218152023,
    "roughness": 44.344414498121665,
    "warmth": 62.27064398469968,
    "sharpness": 43.500160412613084,
    "boominess": 45.24349090939863,
    "reverb": false,
    "genre": "Genre A",
    "mood": "Mood A"
}