{
    "duration": 1.8461250066757202,
    "lossless": 1.0,
    "codec": "pcm_s16le",
    "bitrate": 256000.0,
    "samplerate": 16000.0,
    "channels": 1.0,
    "audio_md5": "3edd7eef8308137c08dc3a13e375a1d2",
    "loudness": -15.577235221862793,
    "dynamic_range": 0.0,
    "temporal_centroid": 0.46788284182548523,
    "log_attack_time": -0.5334451198577881,
    "filesize": 59120,
    "single_event": true,
    "tonality": "A major",
    "tonality_confidence": 0.7458683848381042,
    "loop": false,
    "tempo": 129,
    "tempo_confidence": 0.0,
    "note_midi": 33,
    "note_name": "A1",
    "note_frequency": 53.77015686035156,
    "note_confidence": 0.8665863871574402,
    "hardness": 31.513416012478842,
    "depth": 71.27256822663922,
    "brightness": 26.67479715138525,
    "roughness": 40.248680569052944,
    "warmth": 60.593915933273834,
    "sharpness": 37.44103847551381,
    "boominess": 51.12972744814675,
    "reverb": false,
    "genre": "Genre A",
    "mood": "Mood A"
}