{
    "duration": 1.8461250066757202,
    "lossless": 1.0,
    "codec": "pcm_s16le",
    "bitrate": 256000.0,
    "samplerate": 16000.0,
    "channels": 1.0,
    "audio_md5": "67f33f72efa9357e0a69d8d12badf2ac",
    "loudness": -14.977046966552734,
    "dynamic_range": 0.0,
    "temporal_centroid": 0.5084717273712158,
    "log_attack_time": -0.48798030614852905,
    "filesize": 59120,
    "single_event": true,
    "tonality": "C major",
    "tonality_confidence": 0.784906268119812,
    "loop": false,
    "tempo": 110,
    "tempo_confidence": 0.0,
    "note_midi": 29,
    "note_name": "F1",
    "note_frequency": 43.024391174316406,
    "note_confidence": 0.47119277715682983,
    "hardness": 32.49329119561696,
    "depth": 68.58715863384181,
    "brightness": 26.493275158066254,
    "roughness": 44.40717919579271,
    "warmth": 61.80886616473846,
    "sharpness": 42.12918430084625,
    "boominess": 46.6774040994013,
    "reverb": false,
    "genre": "Genre A",
    "mood": "Mood A"
}