{
    "duration": 1.8461250066757202,
    "lossless": 1.0,
    "codec": "pcm_s16le",
    "bitrate": 256000.0,
    "samplerate": 16000.0,
    "channels": 1.0,
    "audio_md5": "2866796abddb16d740d1e7c9e723cc5a",
    "loudness": -39.693397521972656,
    "dynamic_range": 0.0,
    "temporal_centroid": 0.4205746352672577,
    "log_attack_time": -0.32487452030181885,
    "filesize": 59120,
    "single_event": true,
    "tonality": "D minor",
    "tonality_confidence": 0.4217072129249573,
    "loop": false,
    "tempo": 99,
    "tempo_confidence": 0.0,
    "note_midi": 38,
    "note_name": "D2",
    "note_frequency": 75.26160430908203,
    "note_confidence": 0.4455794095993042,
    "hardness": 50.620414153830154,
    "depth": 59.60370332754833,
    "brightness": 46.342489383221974,
    "roughness": 40.621368053384074,
    "warmth": 57.189158539425634,
    "sharpness": 34.008887119732044,
    "boominess": 43.27790648033896,
    "reverb": false,
    "genre": "Genre A",
    "mood": "Mood A"
}