{
    "duration": 1.8461250066757202,
    "lossless": 1.0,
    "codec": "pcm_s16le",
    "bitrate": 256000.0,
    "samplerate": 16000.0,
    "channels": 1.0,
    "audio_md5": "23fc6707259df40c334eadff2628cf7f",
    "loudness": -43.45513153076172,
    "dynamic_range": 0.0,
    "temporal_centroid": 0.43924394249916077,
    "log_attack_time": -0.9436483383178711,
    "filesize": 59120,
    "single_event": true,
    "tonality": "E minor",
    "tonality_confidence": 0.29038888216018677,
    "loop": false,
    "tempo": 103,
    "tempo_confidence": 0.0,
    "note_midi": 40,
    "note_name": "E2",
    "note_frequency": 80.86090850830078,
    "note_confidence": 0.42485886812210083,
    "hardness": 48.338422874704435,
    "depth": 61.56733551293625,
    "brightness": 46.456926289586086,
    "roughness": 37.15783245553236,
    "warmth": 54.027691291552465,
    "sharpness": 33.04091329482958,
    "boominess": 49.4012136711798,
    "reverb": false,
    "genre": "Genre A",
    "mood": "Mood A"
}