{
    "duration": 1.8461250066757202,
    "lossless": 1.0,
    "codec": "pcm_s16le",
    "bitrate": 256000.0,
    "samplerate": 16000.0,
    "channels": 1.0,
    "audio_md5": "f451f4d6e80a7edf97bdc1901038f8bd",
    "loudness": -27.534164428710938,
    "dynamic_range": 0.0,
    "temporal_centroid": 0.48950088024139404,
    "log_attack_time": -0.49874502420425415,
    "filesize": 59120,
    "single_event": true,
    "tonality": "C# minor",
    "tonality_confidence": 0.3841182589530945,
    "loop": false,
    "tempo": 129,
    "tempo_confidence": 0.0,
    "note_midi": 36,
    "note_name": "C2",
    "note_frequency": 65.16004180908203,
    "note_confidence": 0.4540255665779114,
    "hardness": 49.32603356835844,
    "depth": 68.66238869956291,
    "brightness": 39.0001015915187,
    "roughness": 48.383263651211,
    "warmth": 65.92543973538463,
    "sharpness": 28.389428780477488,
    "boominess": 45.86251786749942,
    "reverb": false,
    "genre": "Genre B",
    "mood": "Mood B"
}