{
    "duration": 1.8461250066757202,
    "lossless": 1.0,
    "codec": "pcm_s16le",
    "bitrate": 256000.0,
    "samplerate": 16000.0,
    "channels": 1.0,
    "audio_md5": "1c82e77e822949ef01a48e943c4829a4",
    "loudness": -25.945634841918945,
    "dynamic_range": 0.0,
    "temporal_centroid": 0.49609947204589844,
    "log_attack_time": 0.06332738697528839,
    "filesize": 59120,
    "single_event": true,
    "tonality": "F major",
    "tonality_confidence": 0.6078435778617859,
    "loop": false,
    "tempo": 128,
    "tempo_confidence": 0.0,
    "note_midi": 35,
    "note_name": "B1",
    "note_frequency": 62.97216033935547,
    "note_confidence": 0.4203137159347534,
    "hardness": 41.651280314269115,
    "depth": 66.65372652184259,
    "brightness": 37.29686976607931,
    "roughness": 49.1372545855437,
    "warmth": 66.9066276912045,
    "sharpness": 20.765715094573633,
    "boominess": 45.621882874510305,
    "reverb": false,
    "genre": "Genre B",
    "mood": "Mood B"
}