{
    "duration": 1.8461250066757202,
    "lossless": 1.0,
    "codec": "pcm_s16le",
    "bitrate": 256000.0,
    "samplerate": 16000.0,
    "channels": 1.0,
    "audio_md5": "81bd801d4dac7144179c54c50ea58244",
    "loudness": -26.937265396118164,
    "dynamic_range": 0.0,
    "temporal_centroid": 0.4877583086490631,
    "log_attack_time": -0.6312641501426697,
    "filesize": 59120,
    "single_event": true,
    "tonality": "F major",
    "tonality_confidence": 0.5821511149406433,
    "loop": false,
    "tempo": 128,
    "tempo_confidence": 0.0,
    "note_midi": 35,
    "note_name": "B1",
    "note_frequency": 60.90836715698242,
    "note_confidence": 0.3787122964859009,
    "hardness": 37.429507932285205,
    "depth": 66.63008646285697,
    "brightness": 38.62179992762201,
    "roughness": 48.023178504102184,
    "warmth": 66.66501676455857,
    "sharpness": 19.63244366741631,
    "boominess": 46.240248943975615,
    "reverb": false,
    "genre": "Genre A",
    "mood": "Mood A"
}