{
    "duration": 1.8461250066757202,
    "lossless": 1.0,
    "codec": "pcm_s16le",
    "bitrate": 256000.0,
    "samplerate": 16000.0,
    "channels": 1.0,
    "audio_md5": "d17a0dba7b017423bbe9354939aa5abc",
    "loudness": -27.878978729248047,
    "dynamic_range": 0.0,
    "temporal_centroid": 0.5111441612243652,
    "log_attack_time": -0.262511670589447,
    "filesize": 59120,
    "single_event": true,
    "tonality": "C minor",
    "tonality_confidence": 0.5106409788131714,
    "loop": false,
    "tempo": 148,
    "tempo_confidence": 0.0,
    "note_midi": 35,
    "note_name": "B1",
    "note_frequency": 60.59469985961914,
    "note_confidence": 0.38938891887664795,
    "hardness": 45.31052772796761,
    "depth": 65.7927677767706,
    "brightness": 39.84413118357233,
    "roughness": 49.68254522971506,
    "warmth": 66.90183503023613,
    "sharpness": 23.666281691690003,
    "boominess": 45.94125707558055,
    "reverb": false,
    "genre": "Genre A",
    "mood": "Mood A"
}