{
    "duration": 1.8461250066757202,
    "lossless": 1.0,
    "codec": "pcm_s16le",
    "bitrate": 256000.0,
    "samplerate": 16000.0,
    "channels": 1.0,
    "audio_md5": "3f1947ccecd9056a6ba04b5ee09a0f33",
    "loudness": -15.781914710998535,
    "dynamic_range": 0.0,
    "temporal_centroid": 0.5262420773506165,
    "log_attack_time": -0.49537354707717896,
    "filesize": 59120,
    "single_event": true,
    "tonality": "C minor",
    "tonality_confidence": 0.61994868516922,
    "loop": false,
    "tempo": 131,
    "tempo_confidence": 0.0,
    "note_midi": 29,
    "note_name": "F1",
    "note_frequency": 43.024391174316406,
    "note_confidence": 0.6744670271873474,
    "hardness": 37.82099118533131,
    "depth": 72.62347332587757,
    "brightness": 29.46059089636518,
    "roughness": 45.48583142052702,
    "warmth": 63.63334834447391,
    "sharpness": 39.36087705692352,
    "boominess": 46.88047786908541,
    "reverb": false,
    "genre": "Genre A",
    "mood": "Mood A"
}