{
    "duration": 1.8461250066757202,
    "lossless": 1.0,
    "codec": "pcm_s16le",
    "bitrate": 256000.0,
    "samplerate": 16000.0,
    "channels": 1.0,
    "audio_md5": "219679011af1242ac0f2525ed5423219",
    "loudness": -24.71954917907715,
    "dynamic_range": 0.0,
    "temporal_centroid": 0.44051283597946167,
    "log_attack_time": -1.9428709745407104,
    "filesize": 59120,
    "single_event": true,
    "tonality": "A major",
    "tonality_confidence": 0.4095289409160614,
    "loop": false,
    "tempo": 101,
    "tempo_confidence": 0.0,
    "note_midi": 30,
    "note_name": "F#1",
    "note_frequency": 46.76596450805664,
    "note_confidence": 0.3346899747848511,
    "hardness": 32.84590619185445,
    "depth": 68.16048203913198,
    "brightness": 32.0570773434758,
    "roughness": 30.707872237405013,
    "warmth": 57.25982667453536,
    "sharpness": 28.094111646635177,
    "boominess": 56.848585616443536,
    "reverb": false,
    "genre": "Genre A",
    "mood": "Mood A"
}