{
    "duration": 1.8461250066757202,
    "lossless": 1.0,
    "codec": "pcm_s16le",
    "bitrate": 256000.0,
    "samplerate": 16000.0,
    "channels": 1.0,
    "audio_md5": "7169409941adb4f2089b2cd3c5356dfa",
    "loudness": -24.367631912231445,
    "dynamic_range": 0.0,
    "temporal_centroid": 0.42500290274620056,
    "log_attack_time": -1.9677449464797974,
    "filesize": 59120,
    "single_event": true,
    "tonality": "A major",
    "tonality_confidence": 0.6129865646362305,
    "loop": false,
    "tempo": 101,
    "tempo_confidence": 0.0,
    "note_midi": 36,
    "note_name": "C2",
    "note_frequency": 64.84005737304688,
    "note_confidence": 0.36980903148651123,
    "hardness": 33.76105099682994,
    "depth": 67.03971769673616,
    "brightness": 32.57071162711594,
    "roughness": 29.414633762840253,
    "warmth": 58.34462282168264,
    "sharpness": 26.02372918160057,
    "boominess": 58.19686893242671,
    "reverb": false,
    "genre": "Genre A",
    "mood": "Mood A"
}