{
    "duration": 1.8461250066757202,
    "lossless": 1.0,
    "codec": "pcm_s16le",
    "bitrate": 256000.0,
    "samplerate": 16000.0,
    "channels": 1.0,
    "audio_md5": "93fcf6bd9759b1c9cc0f219445c90312",
    "loudness": -25.38932228088379,
    "dynamic_range": 0.0,
    "temporal_centroid": 0.41172876954078674,
    "log_attack_time": -1.9454693794250488,
    "filesize": 59120,
    "single_event": true,
    "tonality": "A# major",
    "tonality_confidence": 0.5468432307243347,
    "loop": false,
    "tempo": 154,
    "tempo_confidence": 0.0,
    "note_midi": 32,
    "note_name": "G#1",
    "note_frequency": 52.90339660644531,
    "note_confidence": 0.3421061038970947,
    "hardness": 37.53869237298326,
    "depth": 65.615695787566,
    "brightness": 32.973605939047744,
    "roughness": 31.55662503738481,
    "warmth": 58.64910781139986,
    "sharpness": 25.228157971658817,
    "boominess": 58.16870209706642,
    "reverb": false,
    "genre": "Genre A",
    "mood": "Mood A"
}