{
    "duration": 1.8461250066757202,
    "lossless": 1.0,
    "codec": "pcm_s16le",
    "bitrate": 256000.0,
    "samplerate": 16000.0,
    "channels": 1.0,
    "audio_md5": "790d32d029d73187a0a6a162297373f4",
    "loudness": -26.569007873535156,
    "dynamic_range": 0.0,
    "temporal_centroid": 0.5189599990844727,
    "log_attack_time": -0.29835960268974304,
    "filesize": 59120,
    "single_event": true,
    "tonality": "D major",
    "tonality_confidence": 0.7210750579833984,
    "loop": false,
    "tempo": 144,
    "tempo_confidence": 0.0,
    "note_midi": 44,
    "note_name": "G#2",
    "note_frequency": 101.89105224609375,
    "note_confidence": 0.5246011018753052,
    "hardness": 40.11056059965789,
    "depth": 62.84217801730472,
    "brightness": 34.30230893699863,
    "roughness": 49.101317550189094,
    "warmth": 65.047126245946,
    "sharpness": 21.22137684338787,
    "boominess": 43.060566206415345,
    "reverb": false,
    "genre": "Genre A",
    "mood": "Mood A"
}