{
    "duration": 1.8461250066757202,
    "lossless": 1.0,
    "codec": "pcm_s16le",
    "bitrate": 256000.0,
    "samplerate": 16000.0,
    "channels": 1.0,
    "audio_md5": "58b9caf1f884caa79e3f4751ef2867f5",
    "loudness": -25.791460037231445,
    "dynamic_range": 0.0,
    "temporal_centroid": 0.421897828578949,
    "log_attack_time": -1.9507122039794922,
    "filesize": 59120,
    "single_event": true,
    "tonality": "F# major",
    "tonality_confidence": 0.4642256498336792,
    "loop": false,
    "tempo": 103,
    "tempo_confidence": 0.0,
    "note_midi": 32,
    "note_name": "G#1",
    "note_frequency": 52.495262145996094,
    "note_confidence": 0.3566462993621826,
    "hardness": 32.81827603476009,
    "depth": 65.38511109645685,
    "brightness": 33.12717736342931,
    "roughness": 31.683208562664113,
    "warmth": 57.130786307926044,
    "sharpness": 27.478868195115577,
    "boominess": 57.68451496897778,
    "reverb": false,
    "genre": "Genre A",
    "mood": "Mood A"
}