{
    "duration": 1.8461250066757202,
    "lossless": 1.0,
    "codec": "pcm_s16le",
    "bitrate": 256000.0,
    "samplerate": 16000.0,
    "channels": 1.0,
    "audio_md5": "e1eabe3aedb70cf14cac9123849a150c",
    "loudness": -36.83049774169922,
    "dynamic_range": 0.0,
    "temporal_centroid": 0.40647998452186584,
    "log_attack_time": -0.9187718629837036,
    "filesize": 59120,
    "single_event": true,
    "tonality": "A major",
    "tonality_confidence": 0.5805789828300476,
    "loop": false,
    "tempo": 167,
    "tempo_confidence": 0.0,
    "note_midi": 37,
    "note_name": "C#2",
    "note_frequency": 67.5367431640625,
    "note_confidence": 0.45064252614974976,
    "hardness": 43.777499626694805,
    "depth": 58.9111859514182,
    "brightness": 42.191955072026175,
    "roughness": 38.39397714123077,
    "warmth": 57.39685343346063,
    "sharpness": 23.792301779548154,
    "boominess": 47.871272622362895,
    "reverb": false,
    "genre": "Genre A",
    "mood": "Mood A"
}