{
    "duration": 1.8461250066757202,
    "lossless": 1.0,
    "codec": "pcm_s16le",
    "bitrate": 256000.0,
    "samplerate": 16000.0,
    "channels": 1.0,
    "audio_md5": "153f938a750a9a22bf6fcdde4c5ea1e9",
    "loudness": -40.74365997314453,
    "dynamic_range": 0.0,
    "temporal_centroid": 0.5058377981185913,
    "log_attack_time": -0.6279484629631042,
    "filesize": 59120,
    "single_event": true,
    "tonality": "G minor",
    "tonality_confidence": 0.522571325302124,
    "loop": false,
    "tempo": 98,
    "tempo_confidence": 0.0,
    "note_midi": 42,
    "note_name": "F#2",
    "note_frequency": 91.81350708007812,
    "note_confidence": 0.5056084394454956,
    "hardness": 46.67953102063285,
    "depth": 57.482888681360166,
    "brightness": 44.82239648532938,
    "roughness": 42.34721150491535,
    "warmth": 57.682818456027555,
    "sharpness": 34.29555356557834,
    "boominess": 44.0379891807101,
    "reverb": false,
    "genre": "Genre A",
    "mood": "Mood A"
}