{
    "duration": 1.8461250066757202,
    "lossless": 1.0,
    "codec": "pcm_s16le",
    "bitrate": 256000.0,
    "samplerate": 16000.0,
    "channels": 1.0,
    "audio_md5": "b14c6b9bb70c458c292811b7d1fa707d",
    "loudness": -25.701824188232422,
    "dynamic_range": 0.0,
    "temporal_centroid": 0.49813327193260193,
    "log_attack_time": -0.5891749858856201,
    "filesize": 59120,
    "single_event": true,
    "tonality": "A# major",
    "tonality_confidence": 0.6100896596908569,
    "loop": false,
    "tempo": 167,
    "tempo_confidence": 0.0,
    "note_midi": 37,
    "note_name": "C#2",
    "note_frequency": 70.53630065917969,
    "note_confidence": 0.43958020210266113,
    "hardness": 40.98105998574795,
    "depth": 66.49198859654602,
    "brightness": 36.23215325887305,
    "roughness": 49.79621962503462,
    "warmth": 66.73839573069098,
    "sharpness": 20.64847074419564,
    "boominess": 44.48050813847989,
    "reverb": false,
    "genre": "Genre A",
    "mood": "Mood A"
}