{
    "duration": 1.8461250066757202,
    "lossless": 1.0,
    "codec": "pcm_s16le",
    "bitrate": 256000.0,
    "samplerate": 16000.0,
    "channels": 1.0,
    "audio_md5": "2163dcff9cc33c0c9772fee93c0488e3",
    "loudness": -37.72767639160156,
    "dynamic_range": 0.0,
    "temporal_centroid": 0.45229488611221313,
    "log_attack_time": -0.9159225225448608,
    "filesize": 59120,
    "single_event": true,
    "tonality": "D major",
    "tonality_confidence": 0.37060096859931946,
    "loop": false,
    "tempo": 103,
    "tempo_confidence": 0.0,
    "note_midi": 41,
    "note_name": "F2",
    "note_frequency": 84.83430480957031,
    "note_confidence": 0.44217902421951294,
    "hardness": 43.43883949733922,
    "depth": 53.91418112409678,
    "brightness": 42.97438716236879,
    "roughness": 39.59330034090485,
    "warmth": 57.90873145009578,
    "sharpness": 26.663326579692857,
    "boominess": 45.82265811561313,
    "reverb": false,
    "genre": "Genre A",
    "mood": "Mood A"
}