{
    "duration": 1.8461250066757202,
    "lossless": 1.0,
    "codec": "pcm_s16le",
    "bitrate": 256000.0,
    "samplerate": 16000.0,
    "channels": 1.0,
    "audio_md5": "a2def82ee132997c3de46ba2902a396b",
    "loudness": -16.816722869873047,
    "dynamic_range": 0.0,
    "temporal_centroid": 0.5180007815361023,
    "log_attack_time": -0.3256033957004547,
    "filesize": 59120,
    "single_event": true,
    "tonality": "E minor",
    "tonality_confidence": 0.7972714304924011,
    "loop": false,
    "tempo": 134,
    "tempo_confidence": 0.0,
    "note_midi": 29,
    "note_name": "F1",
    "note_frequency": 43.024391174316406,
    "note_confidence": 0.5872058868408203,
    "hardness": 36.34425539507501,
    "depth": 73.6633110863148,
    "brightness": 26.54803559194282,
    "roughness": 44.30814916851448,
    "warmth": 62.90324085534979,
    "sharpness": 40.19023493886435,
    "boominess": 46.882971740184374,
    "reverb": false,
    "genre": "Genre B",
    "mood": "Mood B"
}