{
    "duration": 1.8461250066757202,
    "lossless": 1.0,
    "codec": "pcm_s16le",
    "bitrate": 256000.0,
    "samplerate": 16000.0,
    "channels": 1.0,
    "audio_md5": "eb619002f7af991f081f97ee0bfc56b6",
    "loudness": -14.594205856323242,
    "dynamic_range": 0.0,
    "temporal_centroid": 0.5280753374099731,
    "log_attack_time": -0.047500792890787125,
    "filesize": 59120,
    "single_event": true,
    "tonality": "E minor",
    "tonality_confidence": 0.5970017910003662,
    "loop": false,
    "tempo": 178,
    "tempo_confidence": 0.0,
    "note_midi": 29,
    "note_name": "F1",
    "note_frequency": 43.024391174316406,
    "note_confidence": 0.6764428615570068,
    "hardness": 28.33723193443062,
    "depth": 72.17138473614455,
    "brightness": 27.70050041750273,
    "roughness": 43.506740972191096,
    "warmth": 62.068973959640786,
    "sharpness": 39.488711843516285,
    "boominess": 48.52879535729111,
    "reverb": false,
    "genre": "Genre A",
    "mood": "Mood A"
}