{
    "duration": 1.8461250066757202,
    "lossless": 1.0,
    "codec": "pcm_s16le",
    "bitrate": 256000.0,
    "samplerate": 16000.0,
    "channels": 1.0,
    "audio_md5": "8fba42c8eb92d5c564b40f30a57537d2",
    "loudness": -26.281192779541016,
    "dynamic_range": 0.0,
    "temporal_centroid": 0.4853318929672241,
    "log_attack_time": -0.2739810049533844,
    "filesize": 59120,
    "single_event": true,
    "tonality": "C major",
    "tonality_confidence": 0.6535523533821106,
    "loop": true,
    "tempo": 98,
    "tempo_confidence": 0.9716296195983887,
    "note_midi": 35,
    "note_name": "B1",
    "note_frequency": 61.88581085205078,
    "note_confidence": 0.47378724813461304,
    "hardness": 37.624181068181684,
    "depth": 66.90058628384793,
    "brightness": 36.72256013694962,
    "roughness": 49.162532047427895,
    "warmth": 66.93073498829821,
    "sharpness": 19.538895564314092,
    "boominess": 45.26103889911042,
    "reverb": false,
    "genre": "Genre A",
    "mood": "Mood A"
}