{
    "duration": 1.8461250066757202,
    "lossless": 1.0,
    "codec": "pcm_s16le",
    "bitrate": 256000.0,
    "samplerate": 16000.0,
    "channels": 1.0,
    "audio_md5": "0bf054b18f8154d29ac8c5f2b71c228b",
    "loudness": -37.22119140625,
    "dynamic_range": 0.0,
    "temporal_centroid": 0.49781352281570435,
    "log_attack_time": -2.334808349609375,
    "filesize": 59120,
    "single_event": true,
    "tonality": "G major",
    "tonality_confidence": 0.605930507183075,
    "loop": false,
    "tempo": 129,
    "tempo_confidence": 0.0,
    "note_midi": 29,
    "note_name": "F1",
    "note_frequency": 44.41001892089844,
    "note_confidence": 0.3331960439682007,
    "hardness": 46.06745086823278,
    "depth": 68.11965527649848,
    "brightness": 42.03044959889607,
    "roughness": 44.6318739536426,
    "warmth": 62.220820987230624,
    "sharpness": 38.2691295289239,
    "boominess": 46.12712856107963,
    "reverb": false,
    "genre": "Genre B",
    "mood": "Mood B"
}