{
    "duration": 1.8461250066757202,
    "lossless": 1.0,
    "codec": "pcm_s16le",
    "bitrate": 256000.0,
    "samplerate": 16000.0,
    "channels": 1.0,
    "audio_md5": "10f5e653d268e8de886bc8640a25580e",
    "loudness": -39.02240753173828,
    "dynamic_range": 0.0,
    "temporal_centroid": 0.4492664933204651,
    "log_attack_time": -0.9165721535682678,
    "filesize": 59120,
    "single_event": true,
    "tonality": "F major",
    "tonality_confidence": 0.35115769505500793,
    "loop": false,
    "tempo": 101,
    "tempo_confidence": 0.0,
    "note_midi": 39,
    "note_name": "D#2",
    "note_frequency": 75.9218978881836,
    "note_confidence": 0.462196946144104,
    "hardness": 45.256118968519985,
    "depth": 59.75103925197278,
    "brightness": 44.48190948939559,
    "roughness": 42.119955756613884,
    "warmth": 57.92950889371113,
    "sharpness": 31.384529007485256,
    "boominess": 45.23219719723936,
    "reverb": false,
    "genre": "Genre A",
    "mood": "Mood A"
}