{
    "duration": 1.8461250066757202,
    "lossless": 1.0,
    "codec": "pcm_s16le",
    "bitrate": 256000.0,
    "samplerate": 16000.0,
    "channels": 1.0,
    "audio_md5": "b8ebbc4e33e24d476555001a4b92c79f",
    "loudness": -38.871177673339844,
    "dynamic_range": 0.0,
    "temporal_centroid": 0.4645639657974243,
    "log_attack_time": -0.9143835306167603,
    "filesize": 59120,
    "single_event": true,
    "tonality": "E minor",
    "tonality_confidence": 0.565054714679718,
    "loop": false,
    "tempo": 101,
    "tempo_confidence": 0.0,
    "note_midi": 40,
    "note_name": "E2",
    "note_frequency": 83.0986328125,
    "note_confidence": 0.45429861545562744,
    "hardness": 48.81847820589684,
    "depth": 60.145934170021285,
    "brightness": 43.97230216929871,
    "roughness": 42.37467755277925,
    "warmth": 58.55803218241978,
    "sharpness": 30.595005592472738,
    "boominess": 45.1971179405918,
    "reverb": false,
    "genre": "Genre A",
    "mood": "Mood A"
}