{
    "duration": 1.8461250066757202,
    "lossless": 1.0,
    "codec": "pcm_s16le",
    "bitrate": 256000.0,
    "samplerate": 16000.0,
    "channels": 1.0,
    "audio_md5": "495dca77796661cedf8f5e4ff1c79666",
    "loudness": -39.75083923339844,
    "dynamic_range": 0.0,
    "temporal_centroid": 0.48851650953292847,
    "log_attack_time": -0.9118839502334595,
    "filesize": 59120,
    "single_event": true,
    "tonality": "F# minor",
    "tonality_confidence": 0.7443776726722717,
    "loop": false,
    "tempo": 101,
    "tempo_confidence": 0.0,
    "note_midi": 41,
    "note_name": "F2",
    "note_frequency": 85.01732635498047,
    "note_confidence": 0.5065621137619019,
    "hardness": 46.68340359912233,
    "depth": 60.35723721602081,
    "brightness": 45.30261745839107,
    "roughness": 41.985333831472,
    "warmth": 57.60730713742525,
    "sharpness": 34.843453380943394,
    "boominess": 43.10215068707396,
    "reverb": false,
    "genre": "Genre A",
    "mood": "Mood A"
}