{
    "duration": 1.8461250066757202,
    "lossless": 1.0,
    "codec": "pcm_s16le",
    "bitrate": 256000.0,
    "samplerate": 16000.0,
    "channels": 1.0,
    "audio_md5": "260a0454b1a787ece80a92df4187c16f",
    "loudness": -38.648582458496094,
    "dynamic_range": 0.0,
    "temporal_centroid": 0.48882928490638733,
    "log_attack_time": -0.9260199666023254,
    "filesize": 59120,
    "single_event": true,
    "tonality": "A major",
    "tonality_confidence": 0.761506974697113,
    "loop": false,
    "tempo": 101,
    "tempo_confidence": 0.0,
    "note_midi": 41,
    "note_name": "F2",
    "note_frequency": 84.99549102783203,
    "note_confidence": 0.49698448181152344,
    "hardness": 44.764374786784515,
    "depth": 60.093139550605116,
    "brightness": 43.94366703381135,
    "roughness": 40.398065000049975,
    "warmth": 58.405318511620564,
    "sharpness": 31.62139797592682,
    "boominess": 46.227051027359465,
    "reverb": false,
    "genre": "Genre A",
    "mood": "Mood A"
}