{
    "duration": 1.8461250066757202,
    "lossless": 1.0,
    "codec": "pcm_s16le",
    "bitrate": 256000.0,
    "samplerate": 16000.0,
    "channels": 1.0,
    "audio_md5": "d7cdd56f8d8b6a96a1032222ce2a95b7",
    "loudness": -25.09193992614746,
    "dynamic_range": 0.0,
    "temporal_centroid": 0.42977121472358704,
    "log_attack_time": -1.9402880668640137,
    "filesize": 59120,
    "single_event": true,
    "tonality": "B major",
    "tonality_confidence": 0.6349222660064697,
    "loop": false,
    "tempo": 154,
    "tempo_confidence": 0.0,
    "note_midi": 34,
    "note_name": "A#1",
    "note_frequency": 57.42836380004883,
    "note_confidence": 0.32130593061447144,
    "hardness": 31.415397369828767,
    "depth": 65.72546592902954,
    "brightness": 32.604843193106696,
    "roughness": 30.00775521061682,
    "warmth": 58.4516591066528,
    "sharpness": 22.746044647047214,
    "boominess": 59.49902890837674,
    "reverb": false,
    "genre": "Genre A",
    "mood": "Mood A"
}