{
    "duration": 1.8461250066757202,
    "lossless": 1.0,
    "codec": "pcm_s16le",
    "bitrate": 256000.0,
    "samplerate": 16000.0,
    "channels": 1.0,
    "audio_md5": "eea281613908c7b8006606d26e45b08a",
    "loudness": -15.456929206848145,
    "dynamic_range": 0.0,
    "temporal_centroid": 0.5008236169815063,
    "log_attack_time": -0.8621093034744263,
    "filesize": 59120,
    "single_event": true,
    "tonality": "F major",
    "tonality_confidence": 0.5139282941818237,
    "loop": false,
    "tempo": 136,
    "tempo_confidence": 0.0,
    "note_midi": 29,
    "note_name": "F1",
    "note_frequency": 43.024391174316406,
    "note_confidence": 0.4575926661491394,
    "hardness": 31.87781022225778,
    "depth": 71.49773947246813,
    "brightness": 25.64070922198819,
    "roughness": 44.56810282357447,
    "warmth": 61.4441694949237,
    "sharpness": 41.08142700525287,
    "boominess": 47.23985271971484,
    "reverb": false,
    "genre": "Genre A",
    "mood": "Mood A"
}