{
    "duration": 1.8461250066757202,
    "lossless": 1.0,
    "codec": "pcm_s16le",
    "bitrate": 256000.0,
    "samplerate": 16000.0,
    "channels": 1.0,
    "audio_md5": "b4eae841554590ab1ae39d738a500986",
    "loudness": -39.423004150390625,
    "dynamic_range": 0.0,
    "temporal_centroid": 0.46910360455513,
    "log_attack_time": -0.9120448231697083,
    "filesize": 59120,
    "single_event": true,
    "tonality": "F# minor",
    "tonality_confidence": 0.5671725273132324,
    "loop": false,
    "tempo": 103,
    "tempo_confidence": 0.0,
    "note_midi": 41,
    "note_name": "F2",
    "note_frequency": 85.01116943359375,
    "note_confidence": 0.45703113079071045,
    "hardness": 45.93591733378631,
    "depth": 61.400803591461965,
    "brightness": 45.230268443407056,
    "roughness": 40.6491921447088,
    "warmth": 56.82491670333501,
    "sharpness": 34.948058326269546,
    "boominess": 43.92427020583912,
    "reverb": false,
    "genre": "Genre A",
    "mood": "Mood A"
}