{
    "duration": 1.8461250066757202,
    "lossless": 1.0,
    "codec": "pcm_s16le",
    "bitrate": 256000.0,
    "samplerate": 16000.0,
    "channels": 1.0,
    "audio_md5": "f4a518cfcc62854dd7aa60566008ecef",
    "loudness": -23.837217330932617,
    "dynamic_range": 0.0,
    "temporal_centroid": 0.45410048961639404,
    "log_attack_time": -1.9560190439224243,
    "filesize": 59120,
    "single_event": true,
    "tonality": "B major",
    "tonality_confidence": 0.7950491905212402,
    "loop": false,
    "tempo": 101,
    "tempo_confidence": 0.0,
    "note_midi": 32,
    "note_name": "G#1",
    "note_frequency": 53.36741638183594,
    "note_confidence": 0.3989905118942261,
    "hardness": 31.157693981391247,
    "depth": 67.94099817634219,
    "brightness": 32.79453621004427,
    "roughness": 30.549513319071483,
    "warmth": 56.099783804541474,
    "sharpness": 21.630309339351676,
    "boominess": 59.6889806329036,
    "reverb": false,
    "genre": "Genre A",
    "mood": "Mood A"
}