{
    "duration": 1.8461250066757202,
    "lossless": 1.0,
    "codec": "pcm_s16le",
    "bitrate": 256000.0,
    "samplerate": 16000.0,
    "channels": 1.0,
    "audio_md5": "4ea5598dc578d83c838b4c8b73942fa6",
    "loudness": -37.072933197021484,
    "dynamic_range": 0.0,
    "temporal_centroid": 0.4311467707157135,
    "log_attack_time": -0.9216402173042297,
    "filesize": 59120,
    "single_event": true,
    "tonality": "F# major",
    "tonality_confidence": 0.5905280113220215,
    "loop": false,
    "tempo": 101,
    "tempo_confidence": 0.0,
    "note_midi": 40,
    "note_name": "E2",
    "note_frequency": 83.24321746826172,
    "note_confidence": 0.43121784925460815,
    "hardness": 45.07672020685706,
    "depth": 58.68957763433587,
    "brightness": 43.58763293269148,
    "roughness": 40.306985175629535,
    "warmth": 57.54216836495805,
    "sharpness": 27.886588816528626,
    "boominess": 47.308439423607254,
    "reverb": false,
    "genre": "Genre A",
    "mood": "Mood A"
}