{
    "duration": 1.8461250066757202,
    "lossless": 1.0,
    "codec": "pcm_s16le",
    "bitrate": 256000.0,
    "samplerate": 16000.0,
    "channels": 1.0,
    "audio_md5": "6154fdba5d992d503e86925ad5cd7fb5",
    "loudness": -22.719036102294922,
    "dynamic_range": 0.0,
    "temporal_centroid": 0.4288763999938965,
    "log_attack_time": -0.44306880235671997,
    "filesize": 59120,
    "single_event": true,
    "tonality": "B major",
    "tonality_confidence": 0.7222081422805786,
    "loop": false,
    "tempo": 101,
    "tempo_confidence": 0.0,
    "note_midi": 38,
    "note_name": "D2",
    "note_frequency": 73.07820892333984,
    "note_confidence": 0.34165990352630615,
    "hardness": 30.51921462154702,
    "depth": 66.72971584069283,
    "brightness": 31.94357201371162,
    "roughness": 29.053514661395635,
    "warmth": 58.26466548761137,
    "sharpness": 17.205574024434828,
    "boominess": 60.16068432447753,
    "reverb": false,
    "genre": "Genre A",
    "mood": "Mood A"
}