{
    "duration": 1.8461250066757202,
    "lossless": 1.0,
    "codec": "pcm_s16le",
    "bitrate": 256000.0,
    "samplerate": 16000.0,
    "channels": 1.0,
    "audio_md5": "ffe6b842f5763ab481e450518aac2e53",
    "loudness": -14.705099105834961,
    "dynamic_range": 0.0,
    "temporal_centroid": 0.49535584449768066,
    "log_attack_time": -0.8679553270339966,
    "filesize": 59120,
    "single_event": true,
    "tonality": "A minor",
    "tonality_confidence": 0.6658742427825928,
    "loop": false,
    "tempo": 172,
    "tempo_confidence": 0.0,
    "note_midi": 29,
    "note_name": "F1",
    "note_frequency": 43.024391174316406,
    "note_confidence": 0.5713938474655151,
    "hardness": 32.42385385527672,
    "depth": 72.6132702152932,
    "brightness": 26.889884591331512,
    "roughness": 43.874881454708174,
    "warmth": 62.58731374597497,
    "sharpness": 41.53295089929421,
    "boominess": 47.08737814678311,
    "reverb": false,
    "genre": "Genre A",
    "mood": "Mood A"
}