{
    "duration": 1.8461250066757202,
    "lossless": 1.0,
    "codec": "pcm_s16le",
    "bitrate": 256000.0,
    "samplerate": 16000.0,
    "channels": 1.0,
    "audio_md5": "0d558110bf36e6d88fe899defd73f2f9",
    "loudness": -27.084314346313477,
    "dynamic_range": 0.0,
    "temporal_centroid": 0.47683626413345337,
    "log_attack_time": -0.2854763865470886,
    "filesize": 59120,
    "single_event": true,
    "tonality": "A# major",
    "tonality_confidence": 0.4280918538570404,
    "loop": false,
    "tempo": 165,
    "tempo_confidence": 0.0,
    "note_midi": 35,
    "note_name": "B1",
    "note_frequency": 60.51344299316406,
    "note_confidence": 0.40756750106811523,
    "hardness": 39.33633538459567,
    "depth": 65.93193867889468,
    "brightness": 37.66189010780739,
    "roughness": 48.813300657875814,
    "warmth": 66.83466179070447,
    "sharpness": 15.942540255781108,
    "boominess": 46.244303114746515,
    "reverb": false,
    "genre": "Genre A",
    "mood": "Mood A"
}