{
    "duration": 1.8461250066757202,
    "lossless": 1.0,
    "codec": "pcm_s16le",
    "bitrate": 256000.0,
    "samplerate": 16000.0,
    "channels": 1.0,
    "audio_md5": "126f5b7a3ff31c35dab3635ed978dfe0",
    "loudness": -24.995969772338867,
    "dynamic_range": 0.0,
    "temporal_centroid": 0.49893948435783386,
    "log_attack_time": 0.043108224868774414,
    "filesize": 59120,
    "single_event": true,
    "tonality": "G minor",
    "tonality_confidence": 0.623968243598938,
    "loop": false,
    "tempo": 129,
    "tempo_confidence": 0.0,
    "note_midi": 35,
    "note_name": "B1",
    "note_frequency": 62.3923225402832,
    "note_confidence": 0.4273378252983093,
    "hardness": 44.34682442140982,
    "depth": 65.72396756912823,
    "brightness": 37.28409343380258,
    "roughness": 48.37839827141066,
    "warmth": 66.58156498459378,
    "sharpness": 22.938339082568255,
    "boominess": 45.27372416206261,
    "reverb": false,
    "genre": "Genre A",
    "mood": "Mood A"
}