{
    "duration": 1.8461250066757202,
    "lossless": 1.0,
    "codec": "pcm_s16le",
    "bitrate": 256000.0,
    "samplerate": 16000.0,
    "channels": 1.0,
    "audio_md5": "ab6088bb56f04deb85ea0b1dfcf4e013",
    "loudness": -30.46472930908203,
    "dynamic_range": 0.0,
    "temporal_centroid": 0.445946604013443,
    "log_attack_time": -0.443916380405426,
    "filesize": 59120,
    "single_event": true,
    "tonality": "B minor",
    "tonality_confidence": 0.4477049708366394,
    "loop": false,
    "tempo": 103,
    "tempo_confidence": 0.0,
    "note_midi": 33,
    "note_name": "A1",
    "note_frequency": 55.642608642578125,
    "note_confidence": 0.11297154426574707,
    "hardness": 40.47279083440664,
    "depth": 69.10872470072273,
    "brightness": 34.80988651376376,
    "roughness": 29.572301606028656,
    "warmth": 58.74041343051366,
    "sharpness": 22.1436387094673,
    "boominess": 53.53849603895286,
    "reverb": false,
    "genre": "Genre A",
    "mood": "Mood A"
}