{
    "duration": 1.8461250066757202,
    "lossless": 1.0,
    "codec": "pcm_s16le",
    "bitrate": 256000.0,
    "samplerate": 16000.0,
    "channels": 1.0,
    "audio_md5": "0d7e2e7cebcddbd4ad4cfe77342a0721",
    "loudness": -24.064250946044922,
    "dynamic_range": 0.0,
    "temporal_centroid": 0.49356940388679504,
    "log_attack_time": 0.031293947249650955,
    "filesize": 59120,
    "single_event": true,
    "tonality": "A# major",
    "tonality_confidence": 0.5910530090332031,
    "loop": false,
    "tempo": 154,
    "tempo_confidence": 0.0,
    "note_midi": 38,
    "note_name": "D2",
    "note_frequency": 71.50579833984375,
    "note_confidence": 0.4790293574333191,
    "hardness": 40.914037198515544,
    "depth": 66.89396476093232,
    "brightness": 36.42797820696411,
    "roughness": 48.19675265004371,
    "warmth": 65.58046421823012,
    "sharpness": 17.871599381387135,
    "boominess": 44.93077686708807,
    "reverb": false,
    "genre": "Genre A",
    "mood": "Mood A"
}