{
    "duration": 1.8461250066757202,
    "lossless": 1.0,
    "codec": "pcm_s16le",
    "bitrate": 256000.0,
    "samplerate": 16000.0,
    "channels": 1.0,
    "audio_md5": "ed9072ce3336fcfcfee36b777cf0de45",
    "loudness": -16.31608772277832,
    "dynamic_range": 0.0,
    "temporal_centroid": 0.49328118562698364,
    "log_attack_time": -0.05977950245141983,
    "filesize": 59120,
    "single_event": true,
    "tonality": "G major",
    "tonality_confidence": 0.6253555417060852,
    "loop": false,
    "tempo": 161,
    "tempo_confidence": 0.0,
    "note_midi": 33,
    "note_name": "A1",
    "note_frequency": 54.02317428588867,
    "note_confidence": 0.7482544183731079,
    "hardness": 34.135907430954774,
    "depth": 70.92647066153482,
    "brightness": 28.76874197189559,
    "roughness": 42.789220097795216,
    "warmth": 62.26952767911496,
    "sharpness": 37.690909918305785,
    "boominess": 50.10949849980397,
    "reverb": false,
    "genre": "Genre A",
    "mood": "Mood A"
}