{
    "duration": 1.8461250066757202,
    "lossless": 1.0,
    "codec": "pcm_s16le",
    "bitrate": 256000.0,
    "samplerate": 16000.0,
    "channels": 1.0,
    "audio_md5": "7451dcb9d1c97f2d34eb576a5b39b9ae",
    "loudness": -16.701784133911133,
    "dynamic_range": 0.0,
    "temporal_centroid": 0.5130303502082825,
    "log_attack_time": -0.301424115896225,
    "filesize": 59120,
    "single_event": true,
    "tonality": "C minor",
    "tonality_confidence": 0.45033979415893555,
    "loop": false,
    "tempo": 86,
    "tempo_confidence": 0.0,
    "note_midi": 29,
    "note_name": "F1",
    "note_frequency": 43.024391174316406,
    "note_confidence": 0.42157119512557983,
    "hardness": 31.642108916379314,
    "depth": 77.75424221521804,
    "brightness": 24.846153113316316,
    "roughness": 45.46191371884981,
    "warmth": 61.533664756263754,
    "sharpness": 40.31320598192157,
    "boominess": 47.33957819613677,
    "reverb": false,
    "genre": "Genre A",
    "mood": "Mood A"
}