{
    "duration": 1.8461250066757202,
    "lossless": 1.0,
    "codec": "pcm_s16le",
    "bitrate": 256000.0,
    "samplerate": 16000.0,
    "channels": 1.0,
    "audio_md5": "0b000cb77a0d1447e16b249f8b5fd696",
    "loudness": -13.95850944519043,
    "dynamic_range": 0.0,
    "temporal_centroid": 0.48555728793144226,
    "log_attack_time": -0.5138475298881531,
    "filesize": 59120,
    "single_event": true,
    "tonality": "G# minor",
    "tonality_confidence": 0.2815404534339905,
    "loop": false,
    "tempo": 131,
    "tempo_confidence": 0.0,
    "note_midi": 32,
    "note_name": "G#1",
    "note_frequency": 51.85795211791992,
    "note_confidence": 0.7794419527053833,
    "hardness": 32.480237064040566,
    "depth": 69.98366662011253,
    "brightness": 27.6132819035368,
    "roughness": 42.036417590977635,
    "warmth": 62.267167930872276,
    "sharpness": 36.20612933121959,
    "boominess": 50.459030070563614,
    "reverb": false,
    "genre": "Genre A",
    "mood": "Mood A"
}