{
    "duration": 1.8461250066757202,
    "lossless": 1.0,
    "codec": "pcm_s16le",
    "bitrate": 256000.0,
    "samplerate": 16000.0,
    "channels": 1.0,
    "audio_md5": "bffa138b9924ac8469a547366cc66a30",
    "loudness": -24.0855770111084,
    "dynamic_range": 0.0,
    "temporal_centroid": 0.4637746512889862,
    "log_attack_time": -1.9402880668640137,
    "filesize": 59120,
    "single_event": true,
    "tonality": "F major",
    "tonality_confidence": 0.804046630859375,
    "loop": false,
    "tempo": 101,
    "tempo_confidence": 0.0,
    "note_midi": 33,
    "note_name": "A1",
    "note_frequency": 54.17344665527344,
    "note_confidence": 0.435030460357666,
    "hardness": 29.157078024552817,
    "depth": 67.96473872523985,
    "brightness": 32.96789580523607,
    "roughness": 31.13594519296128,
    "warmth": 58.32316982841924,
    "sharpness": 27.449728690045074,
    "boominess": 57.51018855848769,
    "reverb": false,
    "genre": "Genre A",
    "mood": "Mood A"
}