{
    "duration": 1.8461250066757202,
    "lossless": 1.0,
    "codec": "pcm_s16le",
    "bitrate": 256000.0,
    "samplerate": 16000.0,
    "channels": 1.0,
    "audio_md5": "f155b8df271bcb1963589957cddbce92",
    "loudness": -26.975540161132812,
    "dynamic_range": 0.0,
    "temporal_centroid": 0.4299938678741455,
    "log_attack_time": -2.0857291221618652,
    "filesize": 59120,
    "single_event": true,
    "tonality": "F major",
    "tonality_confidence": 0.7115780115127563,
    "loop": false,
    "tempo": 103,
    "tempo_confidence": 0.0,
    "note_midi": 36,
    "note_name": "C2",
    "note_frequency": 64.77407836914062,
    "note_confidence": 0.19354045391082764,
    "hardness": 35.23458179838494,
    "depth": 70.2847241403567,
    "brightness": 31.84869382298012,
    "roughness": 28.759965652304352,
    "warmth": 60.41262918537627,
    "sharpness": 25.42136391207687,
    "boominess": 55.63721935751665,
    "reverb": false,
    "genre": "Genre A",
    "mood": "Mood A"
}