{
    "duration": 1.8461250066757202,
    "lossless": 1.0,
    "codec": "pcm_s16le",
    "bitrate": 256000.0,
    "samplerate": 16000.0,
    "channels": 1.0,
    "audio_md5": "d7d7a4d48529b2425ab8ba94e04ddee4",
    "loudness": -27.433412551879883,
    "dynamic_range": 0.0,
    "temporal_centroid": 0.41107580065727234,
    "log_attack_time": -1.9631977081298828,
    "filesize": 59120,
    "single_event": true,
    "tonality": "C# major",
    "tonality_confidence": 0.6374120712280273,
    "loop": false,
    "tempo": 172,
    "tempo_confidence": 0.0,
    "note_midi": 40,
    "note_name": "E2",
    "note_frequency": 81.02064514160156,
    "note_confidence": 0.33334946632385254,
    "hardness": 35.184980351680466,
    "depth": 66.15993240937564,
    "brightness": 34.513412806860856,
    "roughness": 32.08097948111153,
    "warmth": 56.90313162347027,
    "sharpness": 25.976715955583078,
    "boominess": 57.648394207228854,
    "reverb": false,
    "genre": "Genre A",
    "mood": "Mood A"
}