{
    "duration": 1.8461250066757202,
    "lossless": 1.0,
    "codec": "pcm_s16le",
    "bitrate": 256000.0,
    "samplerate": 16000.0,
    "channels": 1.0,
    "audio_md5": "fc3d3073d17e77471a3ace5b5809b955",
    "loudness": -36.83686828613281,
    "dynamic_range": 0.0,
    "temporal_centroid": 0.4626707136631012,
    "log_attack_time": -0.9124470949172974,
    "filesize": 59120,
    "single_event": true,
    "tonality": "A# minor",
    "tonality_confidence": 0.7089653611183167,
    "loop": false,
    "tempo": 99,
    "tempo_confidence": 0.0,
    "note_midi": 41,
    "note_name": "F2",
    "note_frequency": 85.59880828857422,
    "note_confidence": 0.44434213638305664,
    "hardness": 45.49914436266127,
    "depth": 58.010792816188854,
    "brightness": 42.80745851415558,
    "roughness": 41.0525421409729,
    "warmth": 59.10233756604311,
    "sharpness": 25.01940944413986,
    "boominess": 46.27389261224839,
    "reverb": false,
    "genre": "Genre A",
    "mood": "Mood A"
}