{
    "duration": 1.8461250066757202,
    "lossless": 1.0,
    "codec": "pcm_s16le",
    "bitrate": 256000.0,
    "samplerate": 16000.0,
    "channels": 1.0,
    "audio_md5": "01207f593dc023612544a2e72919dda2",
    "loudness": -30.00605583190918,
    "dynamic_range": 0.0,
    "temporal_centroid": 0.45464378595352173,
    "log_attack_time": 0.05994360148906708,
    "filesize": 59120,
    "single_event": true,
    "tonality": "F minor",
    "tonality_confidence": 0.629499614238739,
    "loop": false,
    "tempo": 129,
    "tempo_confidence": 0.0,
    "note_midi": 30,
    "note_name": "F#1",
    "note_frequency": 46.73249053955078,
    "note_confidence": 0.3526092767715454,
    "hardness": 38.475302906967926,
    "depth": 66.44040509973367,
    "brightness": 36.128672861448685,
    "roughness": 43.83209462393789,
    "warmth": 63.65066403803847,
    "sharpness": 10.808231552535137,
    "boominess": 48.82875718614184,
    "reverb": false,
    "genre": "Genre A",
    "mood": "Mood A"
}