{
    "duration": 1.8461250066757202,
    "lossless": 1.0,
    "codec": "pcm_s16le",
    "bitrate": 256000.0,
    "samplerate": 16000.0,
    "channels": 1.0,
    "audio_md5": "b782e6aa5b931c8055d151fdcf90ecfe",
    "loudness": -27.90557289123535,
    "dynamic_range": 0.0,
    "temporal_centroid": 0.5216570496559143,
    "log_attack_time": 0.06911912560462952,
    "filesize": 59120,
    "single_event": true,
    "tonality": "G major",
    "tonality_confidence": 0.4230606257915497,
    "loop": false,
    "tempo": 125,
    "tempo_confidence": 0.0,
    "note_midi": 33,
    "note_name": "A1",
    "note_frequency": 54.03086471557617,
    "note_confidence": 0.573883593082428,
    "hardness": 39.62672524668821,
    "depth": 64.94955873776402,
    "brightness": 38.247800293430096,
    "roughness": 45.81627586261249,
    "warmth": 64.62875827824277,
    "sharpness": 27.683428941219205,
    "boominess": 47.18642416138656,
    "reverb": false,
    "genre": "Genre A",
    "mood": "Mood A"
}