{
    "duration": 1.8461250066757202,
    "lossless": 1.0,
    "codec": "pcm_s16le",
    "bitrate": 256000.0,
    "samplerate": 16000.0,
    "channels": 1.0,
    "audio_md5": "7cf852b72f579d8d3a96cd9ffce9a325",
    "loudness": -40.63668441772461,
    "dynamic_range": 0.0,
    "temporal_centroid": 0.4710237681865692,
    "log_attack_time": -0.9123666882514954,
    "filesize": 59120,
    "single_event": true,
    "tonality": "F# minor",
    "tonality_confidence": 0.6201611757278442,
    "loop": false,
    "tempo": 103,
    "tempo_confidence": 0.0,
    "note_midi": 40,
    "note_name": "E2",
    "note_frequency": 84.47771453857422,
    "note_confidence": 0.4809175729751587,
    "hardness": 51.164075795055,
    "depth": 60.7335732352012,
    "brightness": 45.17599714530881,
    "roughness": 39.931649049631865,
    "warmth": 56.01064668954389,
    "sharpness": 36.93904595381069,
    "boominess": 42.47781275347165,
    "reverb": false,
    "genre": "Genre A",
    "mood": "Mood A"
}