{
    "duration": 1.8461250066757202,
    "lossless": 1.0,
    "codec": "pcm_s16le",
    "bitrate": 256000.0,
    "samplerate": 16000.0,
    "channels": 1.0,
    "audio_md5": "9b566e0518bc88594f31878de4c6698c",
    "loudness": -30.18292808532715,
    "dynamic_range": 0.0,
    "temporal_centroid": 0.4016537368297577,
    "log_attack_time": -1.949833869934082,
    "filesize": 59120,
    "single_event": true,
    "tonality": "F# minor",
    "tonality_confidence": 0.7290875911712646,
    "loop": false,
    "tempo": 103,
    "tempo_confidence": 0.0,
    "note_midi": 35,
    "note_name": "B1",
    "note_frequency": 63.09433364868164,
    "note_confidence": 0.34879958629608154,
    "hardness": 36.88015506407383,
    "depth": 65.79208088751896,
    "brightness": 34.683090464479086,
    "roughness": 32.13799373439181,
    "warmth": 58.18583174400402,
    "sharpness": 27.50590449835756,
    "boominess": 56.52745725276996,
    "reverb": false,
    "genre": "Genre A",
    "mood": "Mood A"
}