{
    "duration": 1.8461250066757202,
    "lossless": 1.0,
    "codec": "pcm_s16le",
    "bitrate": 256000.0,
    "samplerate": 16000.0,
    "channels": 1.0,
    "audio_md5": "3f361811d1259d35057cde9fe77fbac8",
    "loudness": -14.879655838012695,
    "dynamic_range": 0.0,
    "temporal_centroid": 0.5089088082313538,
    "log_attack_time": -0.7820090055465698,
    "filesize": 59120,
    "single_event": true,
    "tonality": "F# major",
    "tonality_confidence": 0.37485623359680176,
    "loop": false,
    "tempo": 207,
    "tempo_confidence": 0.0,
    "note_midi": 29,
    "note_name": "F1",
    "note_frequency": 43.024391174316406,
    "note_confidence": 0.5430395007133484,
    "hardness": 30.279055192883547,
    "depth": 67.7275543739305,
    "brightness": 25.639656836154085,
    "roughness": 43.922204225622224,
    "warmth": 62.3566040756544,
    "sharpness": 40.47511648290681,
    "boominess": 47.93031959729618,
    "reverb": false,
    "genre": "Genre A",
    "mood": "Mood A"
}