{
    "duration": 1.8461250066757202,
    "lossless": 1.0,
    "codec": "pcm_s16le",
    "bitrate": 256000.0,
    "samplerate": 16000.0,
    "channels": 1.0,
    "audio_md5": "83bf55e4a64697d88e2d8de22da97b30",
    "loudness": -26.446020126342773,
    "dynamic_range": 0.0,
    "temporal_centroid": 0.4466652572154999,
    "log_attack_time": -1.996078372001648,
    "filesize": 59120,
    "single_event": true,
    "tonality": "B major",
    "tonality_confidence": 0.6175143122673035,
    "loop": false,
    "tempo": 164,
    "tempo_confidence": 0.0,
    "note_midi": 32,
    "note_name": "G#1",
    "note_frequency": 50.56114959716797,
    "note_confidence": 0.3054792284965515,
    "hardness": 34.80214784418504,
    "depth": 68.00160901569775,
    "brightness": 31.650015235696298,
    "roughness": 34.22561132565513,
    "warmth": 55.61144055900293,
    "sharpness": 32.39907741273791,
    "boominess": 54.81401859579107,
    "reverb": false,
    "genre": "Genre A",
    "mood": "Mood A"
}