{
    "duration": 1.8461250066757202,
    "lossless": 1.0,
    "codec": "pcm_s16le",
    "bitrate": 256000.0,
    "samplerate": 16000.0,
    "channels": 1.0,
    "audio_md5": "62ef41c41d234bb3410c39c565e42606",
    "loudness": -24.0417537689209,
    "dynamic_range": 0.0,
    "temporal_centroid": 0.4876752495765686,
    "log_attack_time": -0.9032869935035706,
    "filesize": 59120,
    "single_event": true,
    "tonality": "F major",
    "tonality_confidence": 0.5299314856529236,
    "loop": false,
    "tempo": 98,
    "tempo_confidence": 0.0,
    "note_midi": 30,
    "note_name": "F#1",
    "note_frequency": 45.488468170166016,
    "note_confidence": 0.30958855152130127,
    "hardness": 33.52343951393948,
    "depth": 69.80996110087362,
    "brightness": 32.05325131119606,
    "roughness": 28.98555187971835,
    "warmth": 58.169194512713226,
    "sharpness": 27.05949114798319,
    "boominess": 57.34579722042579,
    "reverb": false,
    "genre": "Genre A",
    "mood": "Mood A"
}