{
    "duration": 1.8461250066757202,
    "lossless": 1.0,
    "codec": "pcm_s16le",
    "bitrate": 256000.0,
    "samplerate": 16000.0,
    "channels": 1.0,
    "audio_md5": "dead277f179fef61225e3748d209ffcb",
    "loudness": -26.456811904907227,
    "dynamic_range": 0.0,
    "temporal_centroid": 0.49845635890960693,
    "log_attack_time": -0.6241187453269958,
    "filesize": 59120,
    "single_event": true,
    "tonality": "A# major",
    "tonality_confidence": 0.5653085112571716,
    "loop": false,
    "tempo": 82,
    "tempo_confidence": 0.0,
    "note_midi": 35,
    "note_name": "B1",
    "note_frequency": 60.42974853515625,
    "note_confidence": 0.4095606803894043,
    "hardness": 41.742960694618915,
    "depth": 64.76940255061854,
    "brightness": 38.2765244043803,
    "roughness": 49.460936974420584,
    "warmth": 66.90919189673212,
    "sharpness": 21.976758673455237,
    "boominess": 45.73011489553258,
    "reverb": false,
    "genre": "Genre A",
    "mood": "Mood A"
}