{
    "duration": 1.8461250066757202,
    "lossless": 1.0,
    "codec": "pcm_s16le",
    "bitrate": 256000.0,
    "samplerate": 16000.0,
    "channels": 1.0,
    "audio_md5": "221aa3781539581e2a849e778fdf02bf",
    "loudness": -36.26237106323242,
    "dynamic_range": 0.0,
    "temporal_centroid": 0.4096592664718628,
    "log_attack_time": -0.9224632382392883,
    "filesize": 59120,
    "single_event": true,
    "tonality": "B major",
    "tonality_confidence": 0.5333519577980042,
    "loop": false,
    "tempo": 99,
    "tempo_confidence": 0.0,
    "note_midi": 34,
    "note_name": "A#1",
    "note_frequency": 56.85673141479492,
    "note_confidence": 0.391188383102417,
    "hardness": 45.637660473344226,
    "depth": 61.802559729511046,
    "brightness": 44.00051699737621,
    "roughness": 38.289909973742596,
    "warmth": 55.54554635974763,
    "sharpness": 31.971518230478292,
    "boominess": 44.4251363269303,
    "reverb": false,
    "genre": "Genre A",
    "mood": "Mood A"
}