{
    "duration": 1.8461250066757202,
    "lossless": 1.0,
    "codec": "pcm_s16le",
    "bitrate": 256000.0,
    "samplerate": 16000.0,
    "channels": 1.0,
    "audio_md5": "9eb97634379487647ae6771d4fe86391",
    "loudness": -15.499837875366211,
    "dynamic_range": 0.0,
    "temporal_centroid": 0.49454623460769653,
    "log_attack_time": -0.8188177347183228,
    "filesize": 59120,
    "single_event": true,
    "tonality": "A minor",
    "tonality_confidence": 0.6152860522270203,
    "loop": false,
    "tempo": 106,
    "tempo_confidence": 0.0,
    "note_midi": 29,
    "note_name": "F1",
    "note_frequency": 43.024391174316406,
    "note_confidence": 0.3822702169418335,
    "hardness": 32.66599808287384,
    "depth": 71.38228219838605,
    "brightness": 25.338188836422873,
    "roughness": 44.441993536839355,
    "warmth": 61.91388491221307,
    "sharpness": 44.06156046704075,
    "boominess": 44.9997961791846,
    "reverb": false,
    "genre": "Genre A",
    "mood": "Mood A"
}