{
    "duration": 1.8461250066757202,
    "lossless": 1.0,
    "codec": "pcm_s16le",
    "bitrate": 256000.0,
    "samplerate": 16000.0,
    "channels": 1.0,
    "audio_md5": "7a31c2a854f45b2ea3881802c5a68c86",
    "loudness": -14.725990295410156,
    "dynamic_range": 0.0,
    "temporal_centroid": 0.5126124024391174,
    "log_attack_time": -0.3540700376033783,
    "filesize": 59120,
    "single_event": true,
    "tonality": "E minor",
    "tonality_confidence": 0.7999871969223022,
    "loop": false,
    "tempo": 157,
    "tempo_confidence": 0.0,
    "note_midi": 29,
    "note_name": "F1",
    "note_frequency": 43.024391174316406,
    "note_confidence": 0.33501267433166504,
    "hardness": 32.58634855101718,
    "depth": 68.90733488653811,
    "brightness": 25.467675322421957,
    "roughness": 43.016031762903864,
    "warmth": 60.63256248517665,
    "sharpness": 44.98430660380755,
    "boominess": 44.70971890051179,
    "reverb": false,
    "genre": "Genre A",
    "mood": "Mood A"
}