{
    "duration": 1.8461250066757202,
    "lossless": 1.0,
    "codec": "pcm_s16le",
    "bitrate": 256000.0,
    "samplerate": 16000.0,
    "channels": 1.0,
    "audio_md5": "517cfe65f815d534c762169f4ce3870c",
    "loudness": -21.140893936157227,
    "dynamic_range": 0.0,
    "temporal_centroid": 0.4799499213695526,
    "log_attack_time": -0.20075327157974243,
    "filesize": 59120,
    "single_event": true,
    "tonality": "A# major",
    "tonality_confidence": 0.6454310417175293,
    "loop": false,
    "tempo": 129,
    "tempo_confidence": 0.0,
    "note_midi": 29,
    "note_name": "F1",
    "note_frequency": 43.024391174316406,
    "note_confidence": 0.569058895111084,
    "hardness": 31.766282907718946,
    "depth": 70.53520013009077,
    "brightness": 32.546359062059494,
    "roughness": 41.620947961297496,
    "warmth": 61.072383252237536,
    "sharpness": 40.31993949338555,
    "boominess": 47.92455931643413,
    "reverb": false,
    "genre": "Genre A",
    "mood": "Mood A"
}