{
    "duration": 1.8461250066757202,
    "lossless": 1.0,
    "codec": "pcm_s16le",
    "bitrate": 256000.0,
    "samplerate": 16000.0,
    "channels": 1.0,
    "audio_md5": "c8b543c3e2adc13e68facdf3a7e65f5a",
    "loudness": -35.07148361206055,
    "dynamic_range": 0.0,
    "temporal_centroid": 0.5020982027053833,
    "log_attack_time": -0.6317278742790222,
    "filesize": 59120,
    "single_event": true,
    "tonality": "C# major",
    "tonality_confidence": 0.28225210309028625,
    "loop": false,
    "tempo": 88,
    "tempo_confidence": 0.0,
    "note_midi": 36,
    "note_name": "C2",
    "note_frequency": 65.63685607910156,
    "note_confidence": 0.4650912880897522,
    "hardness": 38.47185656628291,
    "depth": 62.575389988477525,
    "brightness": 44.65429607367027,
    "roughness": 49.449464228352504,
    "warmth": 64.88074331401336,
    "sharpness": 28.00886473382569,
    "boominess": 44.475634858072326,
    "reverb": false,
    "genre": "Genre A",
    "mood": "Mood A"
}