{
    "duration": 1.8461250066757202,
    "lossless": 1.0,
    "codec": "pcm_s16le",
    "bitrate": 256000.0,
    "samplerate": 16000.0,
    "channels": 1.0,
    "audio_md5": "cb55381037b8a9e544d2de85a092ef44",
    "loudness": -31.927410125732422,
    "dynamic_range": 0.0,
    "temporal_centroid": 0.5073062777519226,
    "log_attack_time": -0.0040863677859306335,
    "filesize": 59120,
    "single_event": true,
    "tonality": "C# minor",
    "tonality_confidence": 0.3054831027984619,
    "loop": false,
    "tempo": 78,
    "tempo_confidence": 0.0,
    "note_midi": 35,
    "note_name": "B1",
    "note_frequency": 61.694400787353516,
    "note_confidence": 0.48800331354141235,
    "hardness": 41.755156975500995,
    "depth": 60.16012216438933,
    "brightness": 43.53500896823737,
    "roughness": 49.48593078249214,
    "warmth": 64.46389946463657,
    "sharpness": 27.629797912888478,
    "boominess": 43.403513305687795,
    "reverb": false,
    "genre": "Genre A",
    "mood": "Mood A"
}