{
    "duration": 1.8461250066757202,
    "lossless": 1.0,
    "codec": "pcm_s16le",
    "bitrate": 256000.0,
    "samplerate": 16000.0,
    "channels": 1.0,
    "audio_md5": "f089002627f0a577f197473ea10defa9",
    "loudness": -27.670244216918945,
    "dynamic_range": 0.0,
    "temporal_centroid": 0.5522903800010681,
    "log_attack_time": 0.2341693639755249,
    "filesize": 59120,
    "single_event": true,
    "tonality": "G major",
    "tonality_confidence": 0.40698254108428955,
    "loop": false,
    "tempo": 89,
    "tempo_confidence": 0.0,
    "note_midi": 31,
    "note_name": "G1",
    "note_frequency": 49.4234504699707,
    "note_confidence": 0.5840644240379333,
    "hardness": 37.999374927730514,
    "depth": 68.17962473125284,
    "brightness": 36.65072397312387,
    "roughness": 39.72242958519519,
    "warmth": 60.712307458382085,
    "sharpness": 35.470547884190175,
    "boominess": 47.98733428472416,
    "reverb": false,
    "genre": "Genre A",
    "mood": "Mood A"
}