{
    "duration": 1.8461250066757202,
    "lossless": 1.0,
    "codec": "pcm_s16le",
    "bitrate": 256000.0,
    "samplerate": 16000.0,
    "channels": 1.0,
    "audio_md5": "48721ae79054b90dae9a7c26b9d70cbf",
    "loudness": -38.07783508300781,
    "dynamic_range": 0.0,
    "temporal_centroid": 0.5129000544548035,
    "log_attack_time": -0.6271547675132751,
    "filesize": 59120,
    "single_event": true,
    "tonality": "G minor",
    "tonality_confidence": 0.4304710328578949,
    "loop": true,
    "tempo": 130,
    "tempo_confidence": 0.9999017119407654,
    "note_midi": 34,
    "note_name": "A#1",
    "note_frequency": 57.03464889526367,
    "note_confidence": 0.6379729509353638,
    "hardness": 47.431475615279055,
    "depth": 64.45665577288345,
    "brightness": 46.56816654422907,
    "roughness": 48.00851415723682,
    "warmth": 61.57170938658462,
    "sharpness": 34.29730837720272,
    "boominess": 42.95286340963673,
    "reverb": false,
    "genre": "Genre B",
    "mood": "Mood B"
}