{
    "duration": 1.8461250066757202,
    "lossless": 1.0,
    "codec": "pcm_s16le",
    "bitrate": 256000.0,
    "samplerate": 16000.0,
    "channels": 1.0,
    "audio_md5": "1d56bfb41be7db3064d7e843b41081a9",
    "loudness": -33.94658660888672,
    "dynamic_range": 0.0,
    "temporal_centroid": 0.49623098969459534,
    "log_attack_time": -0.12878988683223724,
    "filesize": 59120,
    "single_event": true,
    "tonality": "E minor",
    "tonality_confidence": 0.8551249504089355,
    "loop": false,
    "tempo": 86,
    "tempo_confidence": 0.0,
    "note_midi": 35,
    "note_name": "B1",
    "note_frequency": 61.20878601074219,
    "note_confidence": 0.5140365362167358,
    "hardness": 40.7942148915775,
    "depth": 62.61829323101921,
    "brightness": 43.68133095754024,
    "roughness": 47.36053865273822,
    "warmth": 65.09681594798799,
    "sharpness": 28.465718165099457,
    "boominess": 44.41686974290529,
    "reverb": false,
    "genre": "Genre A",
    "mood": "Mood A"
}