{
    "duration": 1.8461250066757202,
    "lossless": 1.0,
    "codec": "pcm_s16le",
    "bitrate": 256000.0,
    "samplerate": 16000.0,
    "channels": 1.0,
    "audio_md5": "86590e00e2bb07dd341c80bba82f797d",
    "loudness": -25.453214645385742,
    "dynamic_range": 0.0,
    "temporal_centroid": 0.5466761589050293,
    "log_attack_time": 0.2328636199235916,
    "filesize": 59120,
    "single_event": true,
    "tonality": "D# major",
    "tonality_confidence": 0.6569478511810303,
    "loop": false,
    "tempo": 146,
    "tempo_confidence": 0.0,
    "note_midi": 33,
    "note_name": "A1",
    "note_frequency": 53.98060989379883,
    "note_confidence": 0.6510112285614014,
    "hardness": 33.452922970924476,
    "depth": 69.4805393055133,
    "brightness": 35.4523368068386,
    "roughness": 42.65187163972589,
    "warmth": 60.69516036294088,
    "sharpness": 34.07744626831309,
    "boominess": 49.34858565486262,
    "reverb": false,
    "genre": "Genre A",
    "mood": "Mood A"
}