{
    "duration": 1.8461250066757202,
    "lossless": 1.0,
    "codec": "pcm_s16le",
    "bitrate": 256000.0,
    "samplerate": 16000.0,
    "channels": 1.0,
    "audio_md5": "57ed7dc7cecd8c08b4ef1e0b9d9f7280",
    "loudness": -28.495277404785156,
    "dynamic_range": 0.0,
    "temporal_centroid": 0.5147116780281067,
    "log_attack_time": 0.0757041871547699,
    "filesize": 59120,
    "single_event": true,
    "tonality": "F# minor",
    "tonality_confidence": 0.515803873538971,
    "loop": true,
    "tempo": 98,
    "tempo_confidence": 0.9819999933242798,
    "note_midi": 34,
    "note_name": "A#1",
    "note_frequency": 56.68470001220703,
    "note_confidence": 0.5203549861907959,
    "hardness": 35.83486574087975,
    "depth": 66.65784757724737,
    "brightness": 38.69244025425397,
    "roughness": 41.48484828816284,
    "warmth": 62.04755024083144,
    "sharpness": 32.5004822850258,
    "boominess": 48.81118315626,
    "reverb": false,
    "genre": "Genre A",
    "mood": "Mood A"
}