{
    "duration": 1.8461250066757202,
    "lossless": 1.0,
    "codec": "pcm_s16le",
    "bitrate": 256000.0,
    "samplerate": 16000.0,
    "channels": 1.0,
    "audio_md5": "12c1ebb017835d434235bd3b8869dc24",
    "loudness": -24.874177932739258,
    "dynamic_range": 0.0,
    "temporal_centroid": 0.4818055033683777,
    "log_attack_time": -0.19942627847194672,
    "filesize": 59120,
    "single_event": true,
    "tonality": "G# minor",
    "tonality_confidence": 0.8291091322898865,
    "loop": false,
    "tempo": 123,
    "tempo_confidence": 0.0,
    "note_midi": 32,
    "note_name": "G#1",
    "note_frequency": 50.915565490722656,
    "note_confidence": 0.6069196462631226,
    "hardness": 32.571372556825466,
    "depth": 68.64293381486885,
    "brightness": 34.71235258335139,
    "roughness": 42.82722304652308,
    "warmth": 62.330568771716344,
    "sharpness": 38.68880010855234,
    "boominess": 48.55169439173028,
    "reverb": false,
    "genre": "Genre A",
    "mood": "Mood A"
}