{
    "duration": 1.8461250066757202,
    "lossless": 1.0,
    "codec": "pcm_s16le",
    "bitrate": 256000.0,
    "samplerate": 16000.0,
    "channels": 1.0,
    "audio_md5": "84e98e7fe553976295da3a7fd444dd9e",
    "loudness": -33.78402328491211,
    "dynamic_range": 0.0,
    "temporal_centroid": 0.5230154395103455,
    "log_attack_time": -0.12035418301820755,
    "filesize": 59120,
    "single_event": true,
    "tonality": "C# minor",
    "tonality_confidence": 0.650374710559845,
    "loop": false,
    "tempo": 136,
    "tempo_confidence": 0.0,
    "note_midi": 32,
    "note_name": "G#1",
    "note_frequency": 51.297218322753906,
    "note_confidence": 0.529413104057312,
    "hardness": 41.89136561981877,
    "depth": 63.30725855334373,
    "brightness": 44.67715007060499,
    "roughness": 49.352647255157855,
    "warmth": 63.788835253811186,
    "sharpness": 30.51598919028081,
    "boominess": 42.13593251620573,
    "reverb": false,
    "genre": "Genre A",
    "mood": "Mood A"
}