{
    "duration": 1.8461250066757202,
    "lossless": 1.0,
    "codec": "pcm_s16le",
    "bitrate": 256000.0,
    "samplerate": 16000.0,
    "channels": 1.0,
    "audio_md5": "aa41146b09d4322059f8a981943601e4",
    "loudness": -32.066810607910156,
    "dynamic_range": 0.0,
    "temporal_centroid": 0.5384296178817749,
    "log_attack_time": -0.004663324449211359,
    "filesize": 59120,
    "single_event": true,
    "tonality": "F major",
    "tonality_confidence": 0.5695042610168457,
    "loop": false,
    "tempo": 123,
    "tempo_confidence": 0.0,
    "note_midi": 38,
    "note_name": "D2",
    "note_frequency": 75.09623718261719,
    "note_confidence": 0.47358083724975586,
    "hardness": 37.74206410203982,
    "depth": 62.647886729354504,
    "brightness": 43.42337780091522,
    "roughness": 49.46399481760022,
    "warmth": 64.1213949506014,
    "sharpness": 27.76155292651031,
    "boominess": 42.17346093457634,
    "reverb": false,
    "genre": "Genre A",
    "mood": "Mood A"
}