{
    "duration": 1.8461250066757202,
    "lossless": 1.0,
    "codec": "pcm_s16le",
    "bitrate": 256000.0,
    "samplerate": 16000.0,
    "channels": 1.0,
    "audio_md5": "f13a83e1d0c747c67b49d3b285eb840b",
    "loudness": -20.1485538482666,
    "dynamic_range": 0.0,
    "temporal_centroid": 0.4759930670261383,
    "log_attack_time": -0.20200584828853607,
    "filesize": 59120,
    "single_event": true,
    "tonality": "A minor",
    "tonality_confidence": 0.641424298286438,
    "loop": false,
    "tempo": 134,
    "tempo_confidence": 0.0,
    "note_midi": 29,
    "note_name": "F1",
    "note_frequency": 43.024391174316406,
    "note_confidence": 0.5722771286964417,
    "hardness": 34.98769023231624,
    "depth": 71.65590139294262,
    "brightness": 32.13497668858241,
    "roughness": 43.19017295797568,
    "warmth": 60.48240695269221,
    "sharpness": 41.126275694255185,
    "boominess": 46.663465867742644,
    "reverb": false,
    "genre": "Genre A",
    "mood": "Mood A"
}