{
    "duration": 1.8461250066757202,
    "lossless": 1.0,
    "codec": "pcm_s16le",
    "bitrate": 256000.0,
    "samplerate": 16000.0,
    "channels": 1.0,
    "audio_md5": "26ae56e78c57c65d61e01984157ae009",
    "loudness": -19.847023010253906,
    "dynamic_range": 0.0,
    "temporal_centroid": 0.5074868202209473,
    "log_attack_time": -0.49787646532058716,
    "filesize": 59120,
    "single_event": true,
    "tonality": "G major",
    "tonality_confidence": 0.7327226996421814,
    "loop": false,
    "tempo": 129,
    "tempo_confidence": 0.0,
    "note_midi": 30,
    "note_name": "F#1",
    "note_frequency": 47.53676986694336,
    "note_confidence": 0.8894296884536743,
    "hardness": 31.097274127487765,
    "depth": 69.04041010696596,
    "brightness": 31.93637803395217,
    "roughness": 38.32927529467757,
    "warmth": 59.7060643295987,
    "sharpness": 40.89768137944353,
    "boominess": 48.158020745682634,
    "reverb": false,
    "genre": "Genre A",
    "mood": "Mood A"
}