{
    "duration": 1.8461250066757202,
    "lossless": 1.0,
    "codec": "pcm_s16le",
    "bitrate": 256000.0,
    "samplerate": 16000.0,
    "channels": 1.0,
    "audio_md5": "ebd876e139134b138f7d1a9968bd2767",
    "loudness": -32.998416900634766,
    "dynamic_range": 0.0,
    "temporal_centroid": 0.5134717226028442,
    "log_attack_time": 0.06862334161996841,
    "filesize": 59120,
    "single_event": true,
    "tonality": "C# major",
    "tonality_confidence": 0.6548119783401489,
    "loop": false,
    "tempo": 134,
    "tempo_confidence": 0.0,
    "note_midi": 35,
    "note_name": "B1",
    "note_frequency": 60.037906646728516,
    "note_confidence": 0.48601120710372925,
    "hardness": 42.126330090897014,
    "depth": 62.73391843573066,
    "brightness": 44.13952717458758,
    "roughness": 50.60407033746183,
    "warmth": 64.1022364721301,
    "sharpness": 28.48928069667903,
    "boominess": 42.786303542055364,
    "reverb": false,
    "genre": "Genre A",
    "mood": "Mood A"
}