{
    "duration": 1.8461250066757202,
    "lossless": 1.0,
    "codec": "pcm_s16le",
    "bitrate": 256000.0,
    "samplerate": 16000.0,
    "channels": 1.0,
    "audio_md5": "1b3ddc52b576e0fc005c758894474a20",
    "loudness": -21.721166610717773,
    "dynamic_range": 0.0,
    "temporal_centroid": 0.4897332489490509,
    "log_attack_time": -0.5348262786865234,
    "filesize": 59120,
    "single_event": true,
    "tonality": "G major",
    "tonality_confidence": 0.5824740529060364,
    "loop": false,
    "tempo": 129,
    "tempo_confidence": 0.0,
    "note_midi": 32,
    "note_name": "G#1",
    "note_frequency": 52.155277252197266,
    "note_confidence": 0.8899447917938232,
    "hardness": 32.16876157314219,
    "depth": 68.45025169633367,
    "brightness": 31.461057539988566,
    "roughness": 32.90735781970335,
    "warmth": 59.431915356215335,
    "sharpness": 38.44179931743987,
    "boominess": 50.50619966328458,
    "reverb": false,
    "genre": "Genre A",
    "mood": "Mood A"
}