{
    "duration": 1.8461250066757202,
    "lossless": 1.0,
    "codec": "pcm_s16le",
    "bitrate": 256000.0,
    "samplerate": 16000.0,
    "channels": 1.0,
    "audio_md5": "228428b94af38a70801806caed809d0b",
    "loudness": -22.047563552856445,
    "dynamic_range": 0.0,
    "temporal_centroid": 0.5094565153121948,
    "log_attack_time": -0.20783072710037231,
    "filesize": 59120,
    "single_event": true,
    "tonality": "C# major",
    "tonality_confidence": 0.6319550275802612,
    "loop": false,
    "tempo": 129,
    "tempo_confidence": 0.0,
    "note_midi": 31,
    "note_name": "G1",
    "note_frequency": 48.695377349853516,
    "note_confidence": 0.6983538866043091,
    "hardness": 34.97699150993833,
    "depth": 67.65626188575042,
    "brightness": 33.301466268595725,
    "roughness": 41.96502449856542,
    "warmth": 60.35993215132534,
    "sharpness": 38.79633263770683,
    "boominess": 48.924075444142815,
    "reverb": false,
    "genre": "Genre A",
    "mood": "Mood A"
}