{
    "duration": 1.8461250066757202,
    "lossless": 1.0,
    "codec": "pcm_s16le",
    "bitrate": 256000.0,
    "samplerate": 16000.0,
    "channels": 1.0,
    "audio_md5": "63a8bf64599d98aeb66c3f06c38bd1fa",
    "loudness": -24.688047409057617,
    "dynamic_range": 0.0,
    "temporal_centroid": 0.5552793145179749,
    "log_attack_time": -1.4392343759536743,
    "filesize": 59120,
    "single_event": true,
    "tonality": "G major",
    "tonality_confidence": 0.6069786548614502,
    "loop": false,
    "tempo": 131,
    "tempo_confidence": 0.0,
    "note_midi": 33,
    "note_name": "A1",
    "note_frequency": 54.52345657348633,
    "note_confidence": 0.6922167539596558,
    "hardness": 35.78531059976241,
    "depth": 68.01095991151213,
    "brightness": 32.06157613643045,
    "roughness": 34.09939861034856,
    "warmth": 59.84340298408394,
    "sharpness": 34.800752946485645,
    "boominess": 51.8921344413004,
    "reverb": false,
    "genre": "Genre A",
    "mood": "Mood A"
}