{
    "duration": 1.8461250066757202,
    "lossless": 1.0,
    "codec": "pcm_s16le",
    "bitrate": 256000.0,
    "samplerate": 16000.0,
    "channels": 1.0,
    "audio_md5": "9e1035a867a782b3631f9a243ded0e52",
    "loudness": -22.74810218811035,
    "dynamic_range": 0.0,
    "temporal_centroid": 0.5251364707946777,
    "log_attack_time": -0.5183396935462952,
    "filesize": 59120,
    "single_event": true,
    "tonality": "C major",
    "tonality_confidence": 0.7595105171203613,
    "loop": true,
    "tempo": 130,
    "tempo_confidence": 0.9999017119407654,
    "note_midi": 33,
    "note_name": "A1",
    "note_frequency": 54.87128829956055,
    "note_confidence": 0.7625046968460083,
    "hardness": 35.899740477748054,
    "depth": 67.05845493091691,
    "brightness": 34.615157136284424,
    "roughness": 37.9568451101734,
    "warmth": 59.996150148098,
    "sharpness": 38.35563712681677,
    "boominess": 49.375873523983984,
    "reverb": false,
    "genre": "Genre A",
    "mood": "Mood A"
}