{
    "duration": 1.8461250066757202,
    "lossless": 1.0,
    "codec": "pcm_s16le",
    "bitrate": 256000.0,
    "samplerate": 16000.0,
    "channels": 1.0,
    "audio_md5": "45b4492d93d013eaf7144bdf6239e663",
    "loudness": -21.173002243041992,
    "dynamic_range": 0.0,
    "temporal_centroid": 0.472989559173584,
    "log_attack_time": -0.4767668843269348,
    "filesize": 59120,
    "single_event": true,
    "tonality": "F# minor",
    "tonality_confidence": 0.7012040019035339,
    "loop": true,
    "tempo": 98,
    "tempo_confidence": 0.9788888692855835,
    "note_midi": 30,
    "note_name": "F#1",
    "note_frequency": 47.30775451660156,
    "note_confidence": 0.6420096158981323,
    "hardness": 31.047400951807546,
    "depth": 67.96954823542745,
    "brightness": 32.831423626052114,
    "roughness": 42.57583761136982,
    "warmth": 61.54831335321356,
    "sharpness": 37.39499923604794,
    "boominess": 49.900110487682035,
    "reverb": false,
    "genre": "Genre A",
    "mood": "Mood A"
}