{
    "duration": 1.8461250066757202,
    "lossless": 1.0,
    "codec": "pcm_s16le",
    "bitrate": 256000.0,
    "samplerate": 16000.0,
    "channels": 1.0,
    "audio_md5": "628b568c485a1bb6e380300901c0217f",
    "loudness": -38.625946044921875,
    "dynamic_range": 0.0,
    "temporal_centroid": 0.4996460974216461,
    "log_attack_time": 0.09751619398593903,
    "filesize": 59120,
    "single_event": true,
    "tonality": "F major",
    "tonality_confidence": 0.6639129519462585,
    "loop": false,
    "tempo": 134,
    "tempo_confidence": 0.0,
    "note_midi": 30,
    "note_name": "F#1",
    "note_frequency": 45.352081298828125,
    "note_confidence": 0.5822436809539795,
    "hardness": 49.53258605014466,
    "depth": 65.76824410649962,
    "brightness": 48.45533840564968,
    "roughness": 45.57895259726621,
    "warmth": 60.31523787795413,
    "sharpness": 38.88014535547467,
    "boominess": 42.23704770452045,
    "reverb": false,
    "genre": "Genre B",
    "mood": "Mood B"
}