{
    "duration": 1.8461250066757202,
    "lossless": 1.0,
    "codec": "pcm_s16le",
    "bitrate": 256000.0,
    "samplerate": 16000.0,
    "channels": 1.0,
    "audio_md5": "70668747f9fa678ee23aa9e34462b4d5",
    "loudness": -22.473604202270508,
    "dynamic_range": 0.0,
    "temporal_centroid": 0.5256751179695129,
    "log_attack_time": -0.5064202547073364,
    "filesize": 59120,
    "single_event": true,
    "tonality": "E major",
    "tonality_confidence": 0.7445825338363647,
    "loop": false,
    "tempo": 137,
    "tempo_confidence": 0.0,
    "note_midi": 32,
    "note_name": "G#1",
    "note_frequency": 51.81832504272461,
    "note_confidence": 0.7891674637794495,
    "hardness": 31.259200703320886,
    "depth": 67.32550415754035,
    "brightness": 33.96122882549378,
    "roughness": 41.233783483942084,
    "warmth": 60.96644181648304,
    "sharpness": 39.17197450401401,
    "boominess": 48.758356245530344,
    "reverb": false,
    "genre": "Genre A",
    "mood": "Mood A"
}