{
    "duration": 1.8461250066757202,
    "lossless": 1.0,
    "codec": "pcm_s16le",
    "bitrate": 256000.0,
    "samplerate": 16000.0,
    "channels": 1.0,
    "audio_md5": "089d0a08e078930542fc4d82f60c4135",
    "loudness": -32.46900939941406,
    "dynamic_range": 0.0,
    "temporal_centroid": 0.5189568996429443,
    "log_attack_time": -0.5934405326843262,
    "filesize": 59120,
    "single_event": true,
    "tonality": "D# major",
    "tonality_confidence": 0.4301505982875824,
    "loop": false,
    "tempo": 148,
    "tempo_confidence": 0.0,
    "note_midi": 35,
    "note_name": "B1",
    "note_frequency": 61.46096420288086,
    "note_confidence": 0.482361376285553,
    "hardness": 42.36489183002837,
    "depth": 63.519636296236584,
    "brightness": 44.02936601657227,
    "roughness": 51.01783534461197,
    "warmth": 64.84061889267063,
    "sharpness": 26.40565602403647,
    "boominess": 42.93053115516368,
    "reverb": false,
    "genre": "Genre A",
    "mood": "Mood A"
}