{
    "duration": 1.8461250066757202,
    "lossless": 1.0,
    "codec": "pcm_s16le",
    "bitrate": 256000.0,
    "samplerate": 16000.0,
    "channels": 1.0,
    "audio_md5": "5227551fde67571aea98e1653de8fc56",
    "loudness": -32.439781188964844,
    "dynamic_range": 0.0,
    "temporal_centroid": 0.5551502108573914,
    "log_attack_time": 0.20778514444828033,
    "filesize": 59120,
    "single_event": true,
    "tonality": "B minor",
    "tonality_confidence": 0.500135064125061,
    "loop": false,
    "tempo": 142,
    "tempo_confidence": 0.0,
    "note_midi": 33,
    "note_name": "A1",
    "note_frequency": 56.34579086303711,
    "note_confidence": 0.48006463050842285,
    "hardness": 42.70610551031669,
    "depth": 59.79702876455375,
    "brightness": 44.142155353462954,
    "roughness": 50.3670325186041,
    "warmth": 63.514049743719454,
    "sharpness": 28.1361586469391,
    "boominess": 40.9873345327911,
    "reverb": false,
    "genre": "Genre A",
    "mood": "Mood A"
}