{
    "duration": 1.8461250066757202,
    "lossless": 1.0,
    "codec": "pcm_s16le",
    "bitrate": 256000.0,
    "samplerate": 16000.0,
    "channels": 1.0,
    "audio_md5": "89f34c392ffa074b32c74ff0e1f6c68f",
    "loudness": -21.108179092407227,
    "dynamic_range": 0.0,
    "temporal_centroid": 0.5042996406555176,
    "log_attack_time": -0.20902423560619354,
    "filesize": 59120,
    "single_event": true,
    "tonality": "A# major",
    "tonality_confidence": 0.8023573160171509,
    "loop": false,
    "tempo": 133,
    "tempo_confidence": 0.0,
    "note_midi": 29,
    "note_name": "F1",
    "note_frequency": 44.19790267944336,
    "note_confidence": 0.664848268032074,
    "hardness": 32.72657335990276,
    "depth": 69.14167118786987,
    "brightness": 32.6509994244113,
    "roughness": 41.52757057421331,
    "warmth": 60.858058546065095,
    "sharpness": 38.88471523018412,
    "boominess": 49.091956374568696,
    "reverb": false,
    "genre": "Genre A",
    "mood": "Mood A"
}