{
    "duration": 1.8461250066757202,
    "lossless": 1.0,
    "codec": "pcm_s16le",
    "bitrate": 256000.0,
    "samplerate": 16000.0,
    "channels": 1.0,
    "audio_md5": "823da1a0b5c8f153dbd3d8f703d48d62",
    "loudness": -24.456127166748047,
    "dynamic_range": 0.0,
    "temporal_centroid": 0.5447821617126465,
    "log_attack_time": 0.23621498048305511,
    "filesize": 59120,
    "single_event": true,
    "tonality": "A major",
    "tonality_confidence": 0.4140551686286926,
    "loop": false,
    "tempo": 129,
    "tempo_confidence": 0.0,
    "note_midi": 30,
    "note_name": "F#1",
    "note_frequency": 46.87417221069336,
    "note_confidence": 0.613339364528656,
    "hardness": 35.77906665989258,
    "depth": 68.9003385677523,
    "brightness": 34.56326745683013,
    "roughness": 41.33321366738899,
    "warmth": 61.96508964883666,
    "sharpness": 37.98645667142496,
    "boominess": 48.24125492988796,
    "reverb": false,
    "genre": "Genre A",
    "mood": "Mood A"
}