{
    "duration": 1.8461250066757202,
    "lossless": 1.0,
    "codec": "pcm_s16le",
    "bitrate": 256000.0,
    "samplerate": 16000.0,
    "channels": 1.0,
    "audio_md5": "d833b674e94ab62249a0678f4463b68b",
    "loudness": -33.36730194091797,
    "dynamic_range": 0.0,
    "temporal_centroid": 0.4991905689239502,
    "log_attack_time": -0.005470361560583115,
    "filesize": 59120,
    "single_event": true,
    "tonality": "C# minor",
    "tonality_confidence": 0.6138091683387756,
    "loop": false,
    "tempo": 123,
    "tempo_confidence": 0.0,
    "note_midi": 35,
    "note_name": "B1",
    "note_frequency": 61.70378875732422,
    "note_confidence": 0.4664101004600525,
    "hardness": 39.20543981933122,
    "depth": 62.82695651752307,
    "brightness": 43.89465672188838,
    "roughness": 48.88325554209634,
    "warmth": 64.59900195812043,
    "sharpness": 27.25740054686631,
    "boominess": 43.99513853016229,
    "reverb": false,
    "genre": "Genre A",
    "mood": "Mood A"
}