{
    "duration": 1.8461250066757202,
    "lossless": 1.0,
    "codec": "pcm_s16le",
    "bitrate": 256000.0,
    "samplerate": 16000.0,
    "channels": 1.0,
    "audio_md5": "4fadbd612fac0b20b716e87c8c559ac0",
    "loudness": -37.4197883605957,
    "dynamic_range": 0.0,
    "temporal_centroid": 0.059302136301994324,
    "log_attack_time": -3.125924587249756,
    "filesize": 59120,
    "single_event": true,
    "tonality": "G minor",
    "tonality_confidence": 0.687966525554657,
    "loop": false,
    "tempo": 98,
    "tempo_confidence": 0.0,
    "note_midi": 107,
    "note_name": "B7",
    "note_frequency": 4009.193115234375,
    "note_confidence": 0.9996625185012817,
    "hardness": 61.5303907431919,
    "depth": 0.5797172721150758,
    "brightness": 85.2244210559198,
    "roughness": 0,
    "warmth": 27.686338472677896,
    "sharpness": 88.17837400331582,
    "boominess": 0.0,
    "reverb": false,
    "genre": "Genre A",
    "mood": "Mood A"
}