{
    "duration": 1.8461250066757202,
    "lossless": 1.0,
    "codec": "pcm_s16le",
    "bitrate": 256000.0,
    "samplerate": 16000.0,
    "channels": 1.0,
    "audio_md5": "f4bd44d9595190758881ee8e92f7c240",
    "loudness": -35.17320251464844,
    "dynamic_range": 0.0,
    "temporal_centroid": 0.5189026594161987,
    "log_attack_time": -0.09326927363872528,
    "filesize": 59120,
    "single_event": true,
    "tonality": "A major",
    "tonality_confidence": 0.7210953235626221,
    "loop": true,
    "tempo": 130,
    "tempo_confidence": 0.9999017119407654,
    "note_midi": 33,
    "note_name": "A1",
    "note_frequency": 56.13466262817383,
    "note_confidence": 0.5444434881210327,
    "hardness": 43.949164294136864,
    "depth": 62.10134980374949,
    "brightness": 45.35828026998736,
    "roughness": 49.46675635671319,
    "warmth": 63.50603029892739,
    "sharpness": 30.751383144541,
    "boominess": 42.97876956874012,
    "reverb": true,
    "genre": "Genre A",
    "mood": "Mood A"
}