{
    "duration": 1.8461250066757202,
    "lossless": 1.0,
    "codec": "pcm_s16le",
    "bitrate": 256000.0,
    "samplerate": 16000.0,
    "channels": 1.0,
    "audio_md5": "10366ed08b923a70b83bba4477ca09a3",
    "loudness": -18.558130264282227,
    "dynamic_range": 0.0,
    "temporal_centroid": 0.4945136606693268,
    "log_attack_time": -0.2115173488855362,
    "filesize": 59120,
    "single_event": true,
    "tonality": "F minor",
    "tonality_confidence": 0.43993592262268066,
    "loop": false,
    "tempo": 136,
    "tempo_confidence": 0.0,
    "note_midi": 29,
    "note_name": "F1",
    "note_frequency": 43.024391174316406,
    "note_confidence": 0.5130111575126648,
    "hardness": 29.39642644941506,
    "depth": 71.58279990101954,
    "brightness": 27.325109447672617,
    "roughness": 38.08504286447169,
    "warmth": 60.60251676566139,
    "sharpness": 44.30269193378163,
    "boominess": 46.18832361692998,
    "reverb": false,
    "genre": "Genre A",
    "mood": "Mood A"
}