{
    "duration": 1.8461250066757202,
    "lossless": 1.0,
    "codec": "pcm_s16le",
    "bitrate": 256000.0,
    "samplerate": 16000.0,
    "channels": 1.0,
    "audio_md5": "a6c2b3cd50b4686538d9d1cffd903b10",
    "loudness": -21.89842987060547,
    "dynamic_range": 0.0,
    "temporal_centroid": 0.5554636716842651,
    "log_attack_time": -0.08339685946702957,
    "filesize": 59120,
    "single_event": true,
    "tonality": "G major",
    "tonality_confidence": 0.573639452457428,
    "loop": false,
    "tempo": 126,
    "tempo_confidence": 0.0,
    "note_midi": 43,
    "note_name": "G2",
    "note_frequency": 100.35052490234375,
    "note_confidence": 0.7023721933364868,
    "hardness": 27.528864400089347,
    "depth": 57.51949609564685,
    "brightness": 32.5553694966498,
    "roughness": 46.60237235792874,
    "warmth": 65.58525556165958,
    "sharpness": 23.039611109245143,
    "boominess": 46.05237012151525,
    "reverb": false,
    "genre": "Genre A",
    "mood": "Mood A"
}