{
    "duration": 1.8461250066757202,
    "lossless": 1.0,
    "codec": "pcm_s16le",
    "bitrate": 256000.0,
    "samplerate": 16000.0,
    "channels": 1.0,
    "audio_md5": "57aff9b39d1dfc6bb462dfb568782247",
    "loudness": -16.41706657409668,
    "dynamic_range": 0.0,
    "temporal_centroid": 0.4964566230773926,
    "log_attack_time": -0.210301011800766,
    "filesize": 59120,
    "single_event": true,
    "tonality": "B major",
    "tonality_confidence": 0.4178471267223358,
    "loop": false,
    "tempo": 108,
    "tempo_confidence": 0.0,
    "note_midi": 29,
    "note_name": "F1",
    "note_frequency": 43.024391174316406,
    "note_confidence": 0.6453148126602173,
    "hardness": 25.503655351451556,
    "depth": 70.67358494819709,
    "brightness": 26.7444110700618,
    "roughness": 41.01779892250437,
    "warmth": 59.89356724838697,
    "sharpness": 44.66160194345929,
    "boominess": 46.047499841649696,
    "reverb": false,
    "genre": "Genre A",
    "mood": "Mood A"
}