{
    "duration": 1.8461250066757202,
    "lossless": 1.0,
    "codec": "pcm_s16le",
    "bitrate": 256000.0,
    "samplerate": 16000.0,
    "channels": 1.0,
    "audio_md5": "b8058ce9a2dec50af01e7bfa1db43076",
    "loudness": -33.185157775878906,
    "dynamic_range": 0.0,
    "temporal_centroid": 0.510149359703064,
    "log_attack_time": -0.004902280867099762,
    "filesize": 59120,
    "single_event": true,
    "tonality": "A major",
    "tonality_confidence": 0.3647381663322449,
    "loop": false,
    "tempo": 123,
    "tempo_confidence": 0.0,
    "note_midi": 35,
    "note_name": "B1",
    "note_frequency": 60.298057556152344,
    "note_confidence": 0.46076953411102295,
    "hardness": 41.60610364774547,
    "depth": 61.261712379955526,
    "brightness": 44.28061669400121,
    "roughness": 49.68805829438978,
    "warmth": 63.5993251816939,
    "sharpness": 28.618639005858455,
    "boominess": 42.54847517605627,
    "reverb": false,
    "genre": "Genre A",
    "mood": "Mood A"
}