{
    "duration": 1.8461250066757202,
    "lossless": 1.0,
    "codec": "pcm_s16le",
    "bitrate": 256000.0,
    "samplerate": 16000.0,
    "channels": 1.0,
    "audio_md5": "5ecddbebd103b9b0a4f031d32a72b822",
    "loudness": -36.026039123535156,
    "dynamic_range": 0.0,
    "temporal_centroid": 0.5140464305877686,
    "log_attack_time": -0.00169716018717736,
    "filesize": 59120,
    "single_event": true,
    "tonality": "C# minor",
    "tonality_confidence": 0.532146155834198,
    "loop": false,
    "tempo": 136,
    "tempo_confidence": 0.0,
    "note_midi": 32,
    "note_name": "G#1",
    "note_frequency": 51.74750900268555,
    "note_confidence": 0.4938911199569702,
    "hardness": 45.7136855860918,
    "depth": 64.3087550651284,
    "brightness": 44.884338727262424,
    "roughness": 50.00509621057798,
    "warmth": 64.23850773209381,
    "sharpness": 32.61786944540525,
    "boominess": 43.25538006890263,
    "reverb": false,
    "genre": "Genre A",
    "mood": "Mood A"
}