{
    "duration": 1.8461250066757202,
    "lossless": 1.0,
    "codec": "pcm_s16le",
    "bitrate": 256000.0,
    "samplerate": 16000.0,
    "channels": 1.0,
    "audio_md5": "7f2e250e38d914fea63593146829d2b6",
    "loudness": -34.385189056396484,
    "dynamic_range": 0.0,
    "temporal_centroid": 0.5056126713752747,
    "log_attack_time": -0.4634530246257782,
    "filesize": 59120,
    "single_event": true,
    "tonality": "B minor",
    "tonality_confidence": 0.6258049607276917,
    "loop": false,
    "tempo": 126,
    "tempo_confidence": 0.0,
    "note_midi": 34,
    "note_name": "A#1",
    "note_frequency": 57.83978271484375,
    "note_confidence": 0.4336649775505066,
    "hardness": 41.848361733508966,
    "depth": 64.2875981574306,
    "brightness": 44.48675774014578,
    "roughness": 49.39029561779281,
    "warmth": 64.32917793804059,
    "sharpness": 29.793511746396746,
    "boominess": 43.81399779198035,
    "reverb": false,
    "genre": "Genre A",
    "mood": "Mood A"
}