{
    "duration": 1.8461250066757202,
    "lossless": 1.0,
    "codec": "pcm_s16le",
    "bitrate": 256000.0,
    "samplerate": 16000.0,
    "channels": 1.0,
    "audio_md5": "3c146f1569cea049834ea330053a5524",
    "loudness": -35.3348503112793,
    "dynamic_range": 0.0,
    "temporal_centroid": 0.4884392023086548,
    "log_attack_time": -0.19636641442775726,
    "filesize": 59120,
    "single_event": true,
    "tonality": "A major",
    "tonality_confidence": 0.5815033912658691,
    "loop": false,
    "tempo": 199,
    "tempo_confidence": 0.0,
    "note_midi": 32,
    "note_name": "G#1",
    "note_frequency": 51.180198669433594,
    "note_confidence": 0.35426926612854004,
    "hardness": 40.23153691555882,
    "depth": 67.60851326625048,
    "brightness": 44.51886878681319,
    "roughness": 47.28612909991206,
    "warmth": 63.833296146487385,
    "sharpness": 31.868936800444942,
    "boominess": 44.75473142240929,
    "reverb": false,
    "genre": "Genre A",
    "mood": "Mood A"
}