{
    "duration": 1.8461250066757202,
    "lossless": 1.0,
    "codec": "pcm_s16le",
    "bitrate": 256000.0,
    "samplerate": 16000.0,
    "channels": 1.0,
    "audio_md5": "a7479131af5baae25a1992c1ddc0c313",
    "loudness": -33.61266326904297,
    "dynamic_range": 0.0,
    "temporal_centroid": 0.5062276721000671,
    "log_attack_time": -0.32429230213165283,
    "filesize": 59120,
    "single_event": true,
    "tonality": "B minor",
    "tonality_confidence": 0.6393144726753235,
    "loop": false,
    "tempo": 128,
    "tempo_confidence": 0.0,
    "note_midi": 36,
    "note_name": "C2",
    "note_frequency": 67.27880096435547,
    "note_confidence": 0.38122349977493286,
    "hardness": 40.33376697338245,
    "depth": 64.37117883261209,
    "brightness": 37.793627650542575,
    "roughness": 37.46453828839447,
    "warmth": 60.07699849293135,
    "sharpness": 28.257498491334623,
    "boominess": 50.01748499360481,
    "reverb": false,
    "genre": "Genre A",
    "mood": "Mood A"
}