{
    "duration": 1.8461250066757202,
    "lossless": 1.0,
    "codec": "pcm_s16le",
    "bitrate": 256000.0,
    "samplerate": 16000.0,
    "channels": 1.0,
    "audio_md5": "1636d38accda780e500212f66d9496b2",
    "loudness": -39.693359375,
    "dynamic_range": 0.0,
    "temporal_centroid": 0.4786709249019623,
    "log_attack_time": -1.2791378498077393,
    "filesize": 59120,
    "single_event": true,
    "tonality": "D# major",
    "tonality_confidence": 0.4258495271205902,
    "loop": false,
    "tempo": 157,
    "tempo_confidence": 0.0,
    "note_midi": 35,
    "note_name": "B1",
    "note_frequency": 63.035823822021484,
    "note_confidence": 0.6645301580429077,
    "hardness": 33.920578302860676,
    "depth": 66.57394382032649,
    "brightness": 42.59387664727187,
    "roughness": 42.34105226179211,
    "warmth": 60.89993372012026,
    "sharpness": 26.984461540920897,
    "boominess": 52.70984458908026,
    "reverb": false,
    "genre": "Genre A",
    "mood": "Mood A"
}