{
    "duration": 1.8461250066757202,
    "lossless": 1.0,
    "codec": "pcm_s16le",
    "bitrate": 256000.0,
    "samplerate": 16000.0,
    "channels": 1.0,
    "audio_md5": "fcbb9fd0ae08461746b6a5f4c7d6c05c",
    "loudness": -26.947175979614258,
    "dynamic_range": 0.0,
    "temporal_centroid": 0.48044365644454956,
    "log_attack_time": -1.7823076248168945,
    "filesize": 59120,
    "single_event": true,
    "tonality": "G major",
    "tonality_confidence": 0.6959299445152283,
    "loop": false,
    "tempo": 129,
    "tempo_confidence": 0.0,
    "note_midi": 41,
    "note_name": "F2",
    "note_frequency": 88.47303009033203,
    "note_confidence": 0.30183202028274536,
    "hardness": 34.86989215353384,
    "depth": 64.21199517398517,
    "brightness": 33.511166686723314,
    "roughness": 0,
    "warmth": 55.22415613465318,
    "sharpness": 34.81545121755006,
    "boominess": 55.89058828411816,
    "reverb": false,
    "genre": "Genre A",
    "mood": "Mood A"
}