{
    "duration": 1.8461250066757202,
    "lossless": 1.0,
    "codec": "pcm_s16le",
    "bitrate": 256000.0,
    "samplerate": 16000.0,
    "channels": 1.0,
    "audio_md5": "67a90d4b6992c591a16f456d0a21e227",
    "loudness": -31.935123443603516,
    "dynamic_range": 0.0,
    "temporal_centroid": 0.49386391043663025,
    "log_attack_time": -0.14329715073108673,
    "filesize": 59120,
    "single_event": true,
    "tonality": "C# major",
    "tonality_confidence": 0.25934037566185,
    "loop": false,
    "tempo": 164,
    "tempo_confidence": 0.0,
    "note_midi": 44,
    "note_name": "G#2",
    "note_frequency": 102.19388580322266,
    "note_confidence": 0.483254075050354,
    "hardness": 40.749713913403994,
    "depth": 57.17111454612352,
    "brightness": 41.45181231681309,
    "roughness": 34.36536566887193,
    "warmth": 55.388153154811576,
    "sharpness": 27.691364342539494,
    "boominess": 45.514822174169936,
    "reverb": false,
    "genre": "Genre A",
    "mood": "Mood A"
}