{
    "duration": 1.8461250066757202,
    "lossless": 1.0,
    "codec": "pcm_s16le",
    "bitrate": 256000.0,
    "samplerate": 16000.0,
    "channels": 1.0,
    "audio_md5": "5c6cc5e4d09654c24b5dba748b92a1ca",
    "loudness": -23.248809814453125,
    "dynamic_range": 0.0,
    "temporal_centroid": 0.4282171428203583,
    "log_attack_time": -1.2644083499908447,
    "filesize": 59120,
    "single_event": true,
    "tonality": "E major",
    "tonality_confidence": 0.832524836063385,
    "loop": false,
    "tempo": 122,
    "tempo_confidence": 0.0,
    "note_midi": 33,
    "note_name": "A1",
    "note_frequency": 56.04926681518555,
    "note_confidence": 0.6448860168457031,
    "hardness": 34.83265521863727,
    "depth": 73.58111288073134,
    "brightness": 28.46393273065147,
    "roughness": 35.598027223383426,
    "warmth": 59.004538344046104,
    "sharpness": 32.904290766597605,
    "boominess": 54.12177743642624,
    "reverb": false,
    "genre": "Genre A",
    "mood": "Mood A"
}