{
    "duration": 1.8461250066757202,
    "lossless": 1.0,
    "codec": "pcm_s16le",
    "bitrate": 256000.0,
    "samplerate": 16000.0,
    "channels": 1.0,
    "audio_md5": "2ff1f5cdaed43313eec430ad6b1e1a50",
    "loudness": -39.39241027832031,
    "dynamic_range": 0.0,
    "temporal_centroid": 0.5161992907524109,
    "log_attack_time": -0.09628266096115112,
    "filesize": 59120,
    "single_event": true,
    "tonality": "G# major",
    "tonality_confidence": 0.5955727696418762,
    "loop": false,
    "tempo": 112,
    "tempo_confidence": 0.0,
    "note_midi": 37,
    "note_name": "C#2",
    "note_frequency": 71.29124450683594,
    "note_confidence": 0.7301716804504395,
    "hardness": 36.28916802480471,
    "depth": 67.38785987106576,
    "brightness": 41.06962049741369,
    "roughness": 40.849267128265716,
    "warmth": 61.170878930102944,
    "sharpness": 29.679443630305492,
    "boominess": 51.363319741101606,
    "reverb": false,
    "genre": "Genre A",
    "mood": "Mood A"
}