{
    "duration": 1.8461250066757202,
    "lossless": 1.0,
    "codec": "pcm_s16le",
    "bitrate": 256000.0,
    "samplerate": 16000.0,
    "channels": 1.0,
    "audio_md5": "66abfd897eb796426f0765eee30d4e86",
    "loudness": -36.90743637084961,
    "dynamic_range": 0.0,
    "temporal_centroid": 0.45515304803848267,
    "log_attack_time": -2.2464983463287354,
    "filesize": 59120,
    "single_event": true,
    "tonality": "G major",
    "tonality_confidence": 0.3105250597000122,
    "loop": false,
    "tempo": 129,
    "tempo_confidence": 0.0,
    "note_midi": 41,
    "note_name": "F2",
    "note_frequency": 85.78445434570312,
    "note_confidence": 0.515480637550354,
    "hardness": 40.39405632310509,
    "depth": 57.49721062499375,
    "brightness": 40.833714708590676,
    "roughness": 36.530476088499306,
    "warmth": 58.6739116566757,
    "sharpness": 17.10857493016833,
    "boominess": 46.82733760778729,
    "reverb": false,
    "genre": "Genre A",
    "mood": "Mood A"
}