{
    "duration": 1.8461250066757202,
    "lossless": 1.0,
    "codec": "pcm_s16le",
    "bitrate": 256000.0,
    "samplerate": 16000.0,
    "channels": 1.0,
    "audio_md5": "4936060545534ea44209cbdbab545712",
    "loudness": -22.099884033203125,
    "dynamic_range": 0.0,
    "temporal_centroid": 0.625032365322113,
    "log_attack_time": 0.005168833304196596,
    "filesize": 59120,
    "single_event": true,
    "tonality": "F minor",
    "tonality_confidence": 0.40277647972106934,
    "loop": false,
    "tempo": 129,
    "tempo_confidence": 0.0,
    "note_midi": 30,
    "note_name": "F#1",
    "note_frequency": 44.998783111572266,
    "note_confidence": 0.37530964612960815,
    "hardness": 36.10488562654872,
    "depth": 69.78424905519167,
    "brightness": 29.818327066332518,
    "roughness": 33.4464221328839,
    "warmth": 59.05477813236712,
    "sharpness": 42.15167417213034,
    "boominess": 49.46681005070304,
    "reverb": false,
    "genre": "Genre A",
    "mood": "Mood A"
}