{
    "duration": 1.8461250066757202,
    "lossless": 1.0,
    "codec": "pcm_s16le",
    "bitrate": 256000.0,
    "samplerate": 16000.0,
    "channels": 1.0,
    "audio_md5": "d3dc224a03f4e3f8a3d950fcf8b260f5",
    "loudness": -29.183948516845703,
    "dynamic_range": 0.0,
    "temporal_centroid": 0.24088522791862488,
    "log_attack_time": -1.9595932960510254,
    "filesize": 59120,
    "single_event": true,
    "tonality": "B major",
    "tonality_confidence": 0.7161940336227417,
    "loop": true,
    "tempo": 98,
    "tempo_confidence": 0.9764444231987,
    "note_midi": 40,
    "note_name": "E2",
    "note_frequency": 83.2547378540039,
    "note_confidence": 0.3987925052642822,
    "hardness": 36.165901690491026,
    "depth": 61.06351660363386,
    "brightness": 38.863038581283604,
    "roughness": 28.92554799233916,
    "warmth": 49.013345866124055,
    "sharpness": 31.813663404602007,
    "boominess": 48.0775956568219,
    "reverb": false,
    "genre": "Genre A",
    "mood": "Mood A"
}