{
    "duration": 1.8461250066757202,
    "lossless": 1.0,
    "codec": "pcm_s16le",
    "bitrate": 256000.0,
    "samplerate": 16000.0,
    "channels": 1.0,
    "audio_md5": "731a0abde8342461319caa090ceb7f0a",
    "loudness": -24.929813385009766,
    "dynamic_range": 0.0,
    "temporal_centroid": 0.4769948422908783,
    "log_attack_time": -0.834475040435791,
    "filesize": 59120,
    "single_event": true,
    "tonality": "E minor",
    "tonality_confidence": 0.5475011467933655,
    "loop": false,
    "tempo": 81,
    "tempo_confidence": 0.0,
    "note_midi": 29,
    "note_name": "F1",
    "note_frequency": 43.024391174316406,
    "note_confidence": 0.4903947114944458,
    "hardness": 29.704847392026196,
    "depth": 76.80038220461562,
    "brightness": 22.818887136075926,
    "roughness": 36.01632883769416,
    "warmth": 59.37441745192835,
    "sharpness": 33.578993008595205,
    "boominess": 53.54007864759045,
    "reverb": false,
    "genre": "Genre A",
    "mood": "Mood A"
}