{
    "duration": 1.8461250066757202,
    "lossless": 1.0,
    "codec": "pcm_s16le",
    "bitrate": 256000.0,
    "samplerate": 16000.0,
    "channels": 1.0,
    "audio_md5": "a2a80e4a5622dec43c510daebb3fe2d2",
    "loudness": -30.165605545043945,
    "dynamic_range": 0.0,
    "temporal_centroid": 0.26707884669303894,
    "log_attack_time": -2.0680973529815674,
    "filesize": 59120,
    "single_event": true,
    "tonality": "F# minor",
    "tonality_confidence": 0.28887251019477844,
    "loop": false,
    "tempo": 129,
    "tempo_confidence": 0.0,
    "note_midi": 43,
    "note_name": "G2",
    "note_frequency": 99.91639709472656,
    "note_confidence": 0.3558999300003052,
    "hardness": 39.01100309279066,
    "depth": 61.14477153602672,
    "brightness": 38.738325617932944,
    "roughness": 25.937053124060995,
    "warmth": 51.31818643737727,
    "sharpness": 31.649601755261926,
    "boominess": 48.89874579519448,
    "reverb": false,
    "genre": "Genre A",
    "mood": "Mood A"
}