{
    "duration": 1.8461250066757202,
    "lossless": 1.0,
    "codec": "pcm_s16le",
    "bitrate": 256000.0,
    "samplerate": 16000.0,
    "channels": 1.0,
    "audio_md5": "8d2ef9deb57cca4d9e6d34b27a7fc5fb",
    "loudness": -31.415315628051758,
    "dynamic_range": 0.0,
    "temporal_centroid": 0.26550596952438354,
    "log_attack_time": -1.913656234741211,
    "filesize": 59120,
    "single_event": true,
    "tonality": "F# major",
    "tonality_confidence": 0.7077420949935913,
    "loop": false,
    "tempo": 131,
    "tempo_confidence": 0.0,
    "note_midi": 40,
    "note_name": "E2",
    "note_frequency": 83.2503890991211,
    "note_confidence": 0.3490084409713745,
    "hardness": 40.34948536629085,
    "depth": 64.30726502767217,
    "brightness": 41.163772328249955,
    "roughness": 30.33122465723193,
    "warmth": 53.44444326183782,
    "sharpness": 35.096457128328346,
    "boominess": 48.36598763458191,
    "reverb": false,
    "genre": "Genre A",
    "mood": "Mood A"
}