{
    "duration": 1.8461250066757202,
    "lossless": 1.0,
    "codec": "pcm_s16le",
    "bitrate": 256000.0,
    "samplerate": 16000.0,
    "channels": 1.0,
    "audio_md5": "7a9a38476726274b6ffbbefff975c524",
    "loudness": -40.309234619140625,
    "dynamic_range": 0.0,
    "temporal_centroid": 0.47390806674957275,
    "log_attack_time": -0.11386753618717194,
    "filesize": 59120,
    "single_event": true,
    "tonality": "D major",
    "tonality_confidence": 0.5760172009468079,
    "loop": false,
    "tempo": 167,
    "tempo_confidence": 0.0,
    "note_midi": 36,
    "note_name": "C2",
    "note_frequency": 66.92813110351562,
    "note_confidence": 0.7788456678390503,
    "hardness": 35.779714621865125,
    "depth": 69.44563566703312,
    "brightness": 45.00193943105121,
    "roughness": 41.90073508482453,
    "warmth": 61.079908754204084,
    "sharpness": 26.56259910943349,
    "boominess": 52.33451450114211,
    "reverb": false,
    "genre": "Genre A",
    "mood": "Mood A"
}