{
    "duration": 1.8461250066757202,
    "lossless": 1.0,
    "codec": "pcm_s16le",
    "bitrate": 256000.0,
    "samplerate": 16000.0,
    "channels": 1.0,
    "audio_md5": "12a4db11c93c43b629ebca8851c42c07",
    "loudness": -39.62836837768555,
    "dynamic_range": 0.0,
    "temporal_centroid": 0.42280593514442444,
    "log_attack_time": -1.4527082443237305,
    "filesize": 59120,
    "single_event": true,
    "tonality": "D minor",
    "tonality_confidence": 0.7373152375221252,
    "loop": false,
    "tempo": 161,
    "tempo_confidence": 0.0,
    "note_midi": 37,
    "note_name": "C#2",
    "note_frequency": 71.20415496826172,
    "note_confidence": 0.7471774816513062,
    "hardness": 35.98618955878918,
    "depth": 70.98576274912233,
    "brightness": 43.362013324294864,
    "roughness": 41.06106159306652,
    "warmth": 61.671193215124774,
    "sharpness": 21.30134814154065,
    "boominess": 53.27080755188379,
    "reverb": false,
    "genre": "Genre A",
    "mood": "Mood A"
}