{
    "duration": 1.8461250066757202,
    "lossless": 1.0,
    "codec": "pcm_s16le",
    "bitrate": 256000.0,
    "samplerate": 16000.0,
    "channels": 1.0,
    "audio_md5": "fcfa505232bfcf85887aef604c746717",
    "loudness": -30.504642486572266,
    "dynamic_range": 0.0,
    "temporal_centroid": 0.2281399667263031,
    "log_attack_time": -1.9569096565246582,
    "filesize": 59120,
    "single_event": true,
    "tonality": "D major",
    "tonality_confidence": 0.3792213499546051,
    "loop": true,
    "tempo": 98,
    "tempo_confidence": 0.9822221994400024,
    "note_midi": 37,
    "note_name": "C#2",
    "note_frequency": 69.7862777709961,
    "note_confidence": 0.3498828411102295,
    "hardness": 43.59829201523053,
    "depth": 62.45307329502298,
    "brightness": 39.520081033350934,
    "roughness": 29.99796244518305,
    "warmth": 52.18988064001705,
    "sharpness": 29.58410318520056,
    "boominess": 48.655889118309645,
    "reverb": false,
    "genre": "Genre A",
    "mood": "Mood A"
}