{
    "duration": 1.8461250066757202,
    "lossless": 1.0,
    "codec": "pcm_s16le",
    "bitrate": 256000.0,
    "samplerate": 16000.0,
    "channels": 1.0,
    "audio_md5": "d46b71cb1ee5a89898fe22a1ad679fe8",
    "loudness": -35.353973388671875,
    "dynamic_range": 0.0,
    "temporal_centroid": 0.464478999376297,
    "log_attack_time": -2.0833375453948975,
    "filesize": 59120,
    "single_event": true,
    "tonality": "C# minor",
    "tonality_confidence": 0.5454919338226318,
    "loop": false,
    "tempo": 129,
    "tempo_confidence": 0.0,
    "note_midi": 43,
    "note_name": "G2",
    "note_frequency": 95.77086639404297,
    "note_confidence": 0.5024998784065247,
    "hardness": 44.7933138878054,
    "depth": 52.10773112950133,
    "brightness": 41.38431934012623,
    "roughness": 35.80885191875109,
    "warmth": 56.86563130447708,
    "sharpness": 20.221355932918456,
    "boominess": 45.845133394988395,
    "reverb": false,
    "genre": "Genre A",
    "mood": "Mood A"
}