{
    "duration": 1.8461250066757202,
    "lossless": 1.0,
    "codec": "pcm_s16le",
    "bitrate": 256000.0,
    "samplerate": 16000.0,
    "channels": 1.0,
    "audio_md5": "563ea7d21f60659ef7ad757e4a0c27a1",
    "loudness": -32.767459869384766,
    "dynamic_range": 0.0,
    "temporal_centroid": 0.5491117835044861,
    "log_attack_time": -0.5903620719909668,
    "filesize": 59120,
    "single_event": true,
    "tonality": "B major",
    "tonality_confidence": 0.3490522801876068,
    "loop": false,
    "tempo": 129,
    "tempo_confidence": 0.0,
    "note_midi": 32,
    "note_name": "G#1",
    "note_frequency": 50.82337188720703,
    "note_confidence": 0.30742573738098145,
    "hardness": 36.286291357450665,
    "depth": 68.11153201102736,
    "brightness": 35.775350835439866,
    "roughness": 33.20013771579227,
    "warmth": 56.6223836745009,
    "sharpness": 41.397801650562826,
    "boominess": 47.605017194892866,
    "reverb": false,
    "genre": "Genre A",
    "mood": "Mood A"
}