{
    "duration": 1.8461250066757202,
    "lossless": 1.0,
    "codec": "pcm_s16le",
    "bitrate": 256000.0,
    "samplerate": 16000.0,
    "channels": 1.0,
    "audio_md5": "5ac97d02d7263ff2584b55d7ab0c21a3",
    "loudness": -22.637428283691406,
    "dynamic_range": 0.0,
    "temporal_centroid": 0.25827500224113464,
    "log_attack_time": -1.518632173538208,
    "filesize": 59120,
    "single_event": true,
    "tonality": "B minor",
    "tonality_confidence": 0.6258705258369446,
    "loop": true,
    "tempo": 98,
    "tempo_confidence": 0.996666669845581,
    "note_midi": 43,
    "note_name": "G2",
    "note_frequency": 99.88484954833984,
    "note_confidence": 0.2649366855621338,
    "hardness": 29.18716379526539,
    "depth": 65.96732850813217,
    "brightness": 30.73079870657084,
    "roughness": 24.868691698763083,
    "warmth": 51.314316463858674,
    "sharpness": 22.093056687363514,
    "boominess": 61.560841845993316,
    "reverb": false,
    "genre": "Genre A",
    "mood": "Mood A"
}