{
    "duration": 1.8461250066757202,
    "lossless": 1.0,
    "codec": "pcm_s16le",
    "bitrate": 256000.0,
    "samplerate": 16000.0,
    "channels": 1.0,
    "audio_md5": "d5658a7b8364ba9ab6467097c30a635b",
    "loudness": -28.906339645385742,
    "dynamic_range": 0.0,
    "temporal_centroid": 0.4112265408039093,
    "log_attack_time": -0.11324075609445572,
    "filesize": 59120,
    "single_event": true,
    "tonality": "A# minor",
    "tonality_confidence": 0.5182430744171143,
    "loop": false,
    "tempo": 155,
    "tempo_confidence": 0.0,
    "note_midi": 34,
    "note_name": "A#1",
    "note_frequency": 56.933597564697266,
    "note_confidence": 0.6349049806594849,
    "hardness": 35.756073512264294,
    "depth": 74.13687164689095,
    "brightness": 33.79823322540983,
    "roughness": 37.36553904602033,
    "warmth": 60.58511949554965,
    "sharpness": 28.004314873621748,
    "boominess": 54.89738497578921,
    "reverb": false,
    "genre": "Genre A",
    "mood": "Mood A"
}