{
    "duration": 1.8461250066757202,
    "lossless": 1.0,
    "codec": "pcm_s16le",
    "bitrate": 256000.0,
    "samplerate": 16000.0,
    "channels": 1.0,
    "audio_md5": "65e8982b209427152299e29f871e9cd8",
    "loudness": -39.187278747558594,
    "dynamic_range": 0.0,
    "temporal_centroid": 0.4681535065174103,
    "log_attack_time": -0.11159505695104599,
    "filesize": 59120,
    "single_event": true,
    "tonality": "E major",
    "tonality_confidence": 0.9168732166290283,
    "loop": false,
    "tempo": 80,
    "tempo_confidence": 0.0,
    "note_midi": 38,
    "note_name": "D2",
    "note_frequency": 71.46858215332031,
    "note_confidence": 0.6473287343978882,
    "hardness": 40.13835652368134,
    "depth": 65.91500178595989,
    "brightness": 42.64488881987179,
    "roughness": 43.27317023564066,
    "warmth": 59.79846908690004,
    "sharpness": 27.41340477998667,
    "boominess": 52.53721239235951,
    "reverb": false,
    "genre": "Genre A",
    "mood": "Mood A"
}