{
    "duration": 1.8461250066757202,
    "lossless": 1.0,
    "codec": "pcm_s16le",
    "bitrate": 256000.0,
    "samplerate": 16000.0,
    "channels": 1.0,
    "audio_md5": "7daff2a81eb239b0bc3cdd092de5dadd",
    "loudness": -28.015716552734375,
    "dynamic_range": 0.0,
    "temporal_centroid": 0.28511902689933777,
    "log_attack_time": -1.9185270071029663,
    "filesize": 59120,
    "single_event": true,
    "tonality": "B minor",
    "tonality_confidence": 0.5620766282081604,
    "loop": false,
    "tempo": 129,
    "tempo_confidence": 0.0,
    "note_midi": 42,
    "note_name": "F#2",
    "note_frequency": 92.95535278320312,
    "note_confidence": 0.35607630014419556,
    "hardness": 35.698093635299756,
    "depth": 56.6386633612345,
    "brightness": 39.44804495120546,
    "roughness": 30.069324446298022,
    "warmth": 52.63552010589236,
    "sharpness": 26.83079754422174,
    "boominess": 49.01506908755688,
    "reverb": false,
    "genre": "Genre A",
    "mood": "Mood A"
}