{
    "duration": 1.8461250066757202,
    "lossless": 1.0,
    "codec": "pcm_s16le",
    "bitrate": 256000.0,
    "samplerate": 16000.0,
    "channels": 1.0,
    "audio_md5": "cf9667ce1c3da5e65940583b018172d4",
    "loudness": -33.4578971862793,
    "dynamic_range": 0.0,
    "temporal_centroid": 0.5044297575950623,
    "log_attack_time": -0.14355747401714325,
    "filesize": 59120,
    "single_event": true,
    "tonality": "E major",
    "tonality_confidence": 0.5831815004348755,
    "loop": false,
    "tempo": 86,
    "tempo_confidence": 0.0,
    "note_midi": 45,
    "note_name": "A2",
    "note_frequency": 110.9921646118164,
    "note_confidence": 0.49645793437957764,
    "hardness": 40.864550274062026,
    "depth": 52.188845670467636,
    "brightness": 42.13244405537242,
    "roughness": 36.848572917712076,
    "warmth": 56.48012766961101,
    "sharpness": 26.264430680843795,
    "boominess": 44.03147989264706,
    "reverb": false,
    "genre": "Genre A",
    "mood": "Mood A"
}