{
    "duration": 1.8461250066757202,
    "lossless": 1.0,
    "codec": "pcm_s16le",
    "bitrate": 256000.0,
    "samplerate": 16000.0,
    "channels": 1.0,
    "audio_md5": "a57c980d284f66a82ab8999eca6b209f",
    "loudness": -39.30076217651367,
    "dynamic_range": 0.0,
    "temporal_centroid": 0.471710741519928,
    "log_attack_time": -0.1120154857635498,
    "filesize": 59120,
    "single_event": true,
    "tonality": "B major",
    "tonality_confidence": 0.7794798612594604,
    "loop": false,
    "tempo": 78,
    "tempo_confidence": 0.0,
    "note_midi": 37,
    "note_name": "C#2",
    "note_frequency": 67.36800384521484,
    "note_confidence": 0.6733635663986206,
    "hardness": 34.67514600773117,
    "depth": 65.95551420949954,
    "brightness": 42.90308557537501,
    "roughness": 42.18829717475954,
    "warmth": 60.22877718438737,
    "sharpness": 24.797729698476346,
    "boominess": 53.25113041335483,
    "reverb": false,
    "genre": "Genre A",
    "mood": "Mood A"
}