{
    "duration": 1.8461250066757202,
    "lossless": 1.0,
    "codec": "pcm_s16le",
    "bitrate": 256000.0,
    "samplerate": 16000.0,
    "channels": 1.0,
    "audio_md5": "6e6dfa4a97df8cc669ac546b9be4d820",
    "loudness": -39.47504806518555,
    "dynamic_range": 0.0,
    "temporal_centroid": 0.47664767503738403,
    "log_attack_time": -1.163569688796997,
    "filesize": 59120,
    "single_event": true,
    "tonality": "B major",
    "tonality_confidence": 0.6960629224777222,
    "loop": false,
    "tempo": 157,
    "tempo_confidence": 0.0,
    "note_midi": 37,
    "note_name": "C#2",
    "note_frequency": 68.01775360107422,
    "note_confidence": 0.7291959524154663,
    "hardness": 35.57949057824055,
    "depth": 68.74350481523214,
    "brightness": 42.97669926871575,
    "roughness": 42.957973634967686,
    "warmth": 60.70218243798427,
    "sharpness": 28.14353708477058,
    "boominess": 52.271224447806,
    "reverb": false,
    "genre": "Genre A",
    "mood": "Mood A"
}