{
    "duration": 1.8461250066757202,
    "lossless": 1.0,
    "codec": "pcm_s16le",
    "bitrate": 256000.0,
    "samplerate": 16000.0,
    "channels": 1.0,
    "audio_md5": "737d33390b0e218079f1f99c38d2ee63",
    "loudness": -48.29554748535156,
    "dynamic_range": 0.0,
    "temporal_centroid": 0.46737992763519287,
    "log_attack_time": -1.4325175285339355,
    "filesize": 59120,
    "single_event": true,
    "tonality": "B minor",
    "tonality_confidence": 0.3453991115093231,
    "loop": false,
    "tempo": 129,
    "tempo_confidence": 0.0,
    "note_midi": 29,
    "note_name": "F1",
    "note_frequency": 43.024391174316406,
    "note_confidence": 0.49798500537872314,
    "hardness": 39.81860603288983,
    "depth": 69.92585538309719,
    "brightness": 40.004585106696794,
    "roughness": 43.025802032611914,
    "warmth": 62.990481581708195,
    "sharpness": 34.71713899483967,
    "boominess": 47.80380991696998,
    "reverb": false,
    "genre": "Genre A",
    "mood": "Mood A"
}