{
    "duration": 1.8461250066757202,
    "lossless": 1.0,
    "codec": "pcm_s16le",
    "bitrate": 256000.0,
    "samplerate": 16000.0,
    "channels": 1.0,
    "audio_md5": "1a91fa539f5e34cfa3524ce6353f9b12",
    "loudness": -29.210430145263672,
    "dynamic_range": 0.0,
    "temporal_centroid": 0.23953093588352203,
    "log_attack_time": -1.9659202098846436,
    "filesize": 59120,
    "single_event": true,
    "tonality": "C# major",
    "tonality_confidence": 0.8485532402992249,
    "loop": true,
    "tempo": 98,
    "tempo_confidence": 0.9771111011505127,
    "note_midi": 43,
    "note_name": "G2",
    "note_frequency": 96.2217025756836,
    "note_confidence": 0.40807801485061646,
    "hardness": 36.203749019324135,
    "depth": 61.296385236480305,
    "brightness": 38.6214532347729,
    "roughness": 28.31434896818065,
    "warmth": 52.45048251363007,
    "sharpness": 30.405160488413525,
    "boominess": 48.62824647618144,
    "reverb": false,
    "genre": "Genre A",
    "mood": "Mood A"
}