{
    "duration": 1.8461250066757202,
    "lossless": 1.0,
    "codec": "pcm_s16le",
    "bitrate": 256000.0,
    "samplerate": 16000.0,
    "channels": 1.0,
    "audio_md5": "b21557ce2d84121a793e63c0b0311193",
    "loudness": -29.461946487426758,
    "dynamic_range": 0.0,
    "temporal_centroid": 0.24007362127304077,
    "log_attack_time": -1.9668316841125488,
    "filesize": 59120,
    "single_event": true,
    "tonality": "C# major",
    "tonality_confidence": 0.7014988660812378,
    "loop": false,
    "tempo": 131,
    "tempo_confidence": 0.0,
    "note_midi": 40,
    "note_name": "E2",
    "note_frequency": 83.2450180053711,
    "note_confidence": 0.4015848636627197,
    "hardness": 36.30096000071411,
    "depth": 61.357955445035735,
    "brightness": 39.162044517127114,
    "roughness": 29.75608553450027,
    "warmth": 52.70836539162574,
    "sharpness": 31.122903818024845,
    "boominess": 48.24737290569985,
    "reverb": false,
    "genre": "Genre A",
    "mood": "Mood A"
}