{
    "duration": 1.8461250066757202,
    "lossless": 1.0,
    "codec": "pcm_s16le",
    "bitrate": 256000.0,
    "samplerate": 16000.0,
    "channels": 1.0,
    "audio_md5": "9aa9db05216732589ded1bba6f1055d6",
    "loudness": -33.225406646728516,
    "dynamic_range": 0.0,
    "temporal_centroid": 0.5084006190299988,
    "log_attack_time": -0.32775551080703735,
    "filesize": 59120,
    "single_event": true,
    "tonality": "D major",
    "tonality_confidence": 0.8270895481109619,
    "loop": false,
    "tempo": 129,
    "tempo_confidence": 0.0,
    "note_midi": 36,
    "note_name": "C2",
    "note_frequency": 65.01029968261719,
    "note_confidence": 0.3681536316871643,
    "hardness": 42.21292699324323,
    "depth": 63.91949473632483,
    "brightness": 37.77643701230659,
    "roughness": 37.04096220771899,
    "warmth": 59.78285689860736,
    "sharpness": 23.309334327198602,
    "boominess": 51.494276520979504,
    "reverb": false,
    "genre": "Genre A",
    "mood": "Mood A"
}