{
    "duration": 1.8461250066757202,
    "lossless": 1.0,
    "codec": "pcm_s16le",
    "bitrate": 256000.0,
    "samplerate": 16000.0,
    "channels": 1.0,
    "audio_md5": "c80dd598868685152bc5e8e3cf8fe516",
    "loudness": -37.55229949951172,
    "dynamic_range": 0.0,
    "temporal_centroid": 0.327899694442749,
    "log_attack_time": -1.5659817457199097,
    "filesize": 59120,
    "single_event": true,
    "tonality": "G major",
    "tonality_confidence": 0.6614447832107544,
    "loop": false,
    "tempo": 129,
    "tempo_confidence": 0.0,
    "note_midi": 57,
    "note_name": "A3",
    "note_frequency": 221.8053741455078,
    "note_confidence": 0.4527159333229065,
    "hardness": 42.30186370998679,
    "depth": 63.864623273111995,
    "brightness": 41.592090192534805,
    "roughness": 35.994592353353674,
    "warmth": 55.090008463373316,
    "sharpness": 34.3771822293099,
    "boominess": 44.41860249919449,
    "reverb": false,
    "genre": "Genre A",
    "mood": "Mood A"
}