{
    "duration": 1.8461250066757202,
    "lossless": 1.0,
    "codec": "pcm_s16le",
    "bitrate": 256000.0,
    "samplerate": 16000.0,
    "channels": 1.0,
    "audio_md5": "2d7868bdc8f8d87a90ff3e2e3f8d11d6",
    "loudness": -44.88227844238281,
    "dynamic_range": 0.0,
    "temporal_centroid": 0.5290995240211487,
    "log_attack_time": -0.10207384079694748,
    "filesize": 59120,
    "single_event": true,
    "tonality": "D# major",
    "tonality_confidence": 0.5561626553535461,
    "loop": false,
    "tempo": 154,
    "tempo_confidence": 0.0,
    "note_midi": 29,
    "note_name": "F1",
    "note_frequency": 43.9111328125,
    "note_confidence": 0.504642128944397,
    "hardness": 44.41828374346804,
    "depth": 69.7027173835301,
    "brightness": 47.45800358330408,
    "roughness": 43.05862687852282,
    "warmth": 58.787389571064026,
    "sharpness": 37.31306153095926,
    "boominess": 47.37532813427294,
    "reverb": false,
    "genre": "Genre A",
    "mood": "Mood A"
}