{
    "duration": 1.8461250066757202,
    "lossless": 1.0,
    "codec": "pcm_s16le",
    "bitrate": 256000.0,
    "samplerate": 16000.0,
    "channels": 1.0,
    "audio_md5": "fc7e2ce428babfacaec0ff312f71c985",
    "loudness": -27.32016944885254,
    "dynamic_range": 0.0,
    "temporal_centroid": 0.26869726181030273,
    "log_attack_time": -1.9622935056686401,
    "filesize": 59120,
    "single_event": true,
    "tonality": "G minor",
    "tonality_confidence": 0.5532287955284119,
    "loop": false,
    "tempo": 131,
    "tempo_confidence": 0.0,
    "note_midi": 40,
    "note_name": "E2",
    "note_frequency": 83.25078582763672,
    "note_confidence": 0.3568263053894043,
    "hardness": 36.36330888878156,
    "depth": 61.61040263103204,
    "brightness": 38.150918473481866,
    "roughness": 29.3573852686133,
    "warmth": 53.998067449371426,
    "sharpness": 28.176509694534502,
    "boominess": 51.08841432896516,
    "reverb": false,
    "genre": "Genre A",
    "mood": "Mood A"
}