{
    "duration": 1.8461250066757202,
    "lossless": 1.0,
    "codec": "pcm_s16le",
    "bitrate": 256000.0,
    "samplerate": 16000.0,
    "channels": 1.0,
    "audio_md5": "f1546746db93f1e0254a5cff6b84435e",
    "loudness": -38.37067794799805,
    "dynamic_range": 0.0,
    "temporal_centroid": 0.4828578531742096,
    "log_attack_time": -1.161850929260254,
    "filesize": 59120,
    "single_event": true,
    "tonality": "C# minor",
    "tonality_confidence": 0.21160951256752014,
    "loop": false,
    "tempo": 126,
    "tempo_confidence": 0.0,
    "note_midi": 39,
    "note_name": "D#2",
    "note_frequency": 75.58866119384766,
    "note_confidence": 0.5850691795349121,
    "hardness": 36.2903068637917,
    "depth": 66.71502018048864,
    "brightness": 42.78981029916618,
    "roughness": 45.691552699516954,
    "warmth": 63.19526297718936,
    "sharpness": 21.60053611366689,
    "boominess": 51.186074476977296,
    "reverb": false,
    "genre": "Genre A",
    "mood": "Mood A"
}