{
    "duration": 1.8461250066757202,
    "lossless": 1.0,
    "codec": "pcm_s16le",
    "bitrate": 256000.0,
    "samplerate": 16000.0,
    "channels": 1.0,
    "audio_md5": "249f3ac11fe7b1961891779a74a6a13a",
    "loudness": -43.66423034667969,
    "dynamic_range": 0.0,
    "temporal_centroid": 0.47924596071243286,
    "log_attack_time": -0.05108606815338135,
    "filesize": 59120,
    "single_event": true,
    "tonality": "G# major",
    "tonality_confidence": 0.5020614266395569,
    "loop": false,
    "tempo": 154,
    "tempo_confidence": 0.0,
    "note_midi": 30,
    "note_name": "F#1",
    "note_frequency": 46.41826629638672,
    "note_confidence": 0.3791399598121643,
    "hardness": 40.396987983281534,
    "depth": 71.84155418093454,
    "brightness": 40.488012758414506,
    "roughness": 43.6589976513725,
    "warmth": 61.1635503397049,
    "sharpness": 33.055017904096054,
    "boominess": 50.261582175467694,
    "reverb": false,
    "genre": "Genre A",
    "mood": "Mood A"
}