{
    "duration": 1.8461250066757202,
    "lossless": 1.0,
    "codec": "pcm_s16le",
    "bitrate": 256000.0,
    "samplerate": 16000.0,
    "channels": 1.0,
    "audio_md5": "519749648ea9ff78828307754e4578a3",
    "loudness": -23.111379623413086,
    "dynamic_range": 0.0,
    "temporal_centroid": 0.42246517539024353,
    "log_attack_time": -0.09539850801229477,
    "filesize": 59120,
    "single_event": true,
    "tonality": "C# major",
    "tonality_confidence": 0.7089734077453613,
    "loop": false,
    "tempo": 123,
    "tempo_confidence": 0.0,
    "note_midi": 35,
    "note_name": "B1",
    "note_frequency": 60.97482681274414,
    "note_confidence": 0.7665563821792603,
    "hardness": 30.759326551818305,
    "depth": 71.07506784855764,
    "brightness": 28.139381130269406,
    "roughness": 36.952520652847994,
    "warmth": 58.35650700104231,
    "sharpness": 28.862997571849718,
    "boominess": 56.25448354027588,
    "reverb": false,
    "genre": "Genre A",
    "mood": "Mood A"
}