{
    "duration": 1.8461250066757202,
    "lossless": 1.0,
    "codec": "pcm_s16le",
    "bitrate": 256000.0,
    "samplerate": 16000.0,
    "channels": 1.0,
    "audio_md5": "e758b24403027ed5118bf3fdd925aa6b",
    "loudness": -35.83518981933594,
    "dynamic_range": 0.0,
    "temporal_centroid": 0.48022034764289856,
    "log_attack_time": -2.3263745307922363,
    "filesize": 59120,
    "single_event": true,
    "tonality": "B major",
    "tonality_confidence": 0.6757981777191162,
    "loop": false,
    "tempo": 85,
    "tempo_confidence": 0.0,
    "note_midi": 45,
    "note_name": "A2",
    "note_frequency": 109.17041778564453,
    "note_confidence": 0.5132085680961609,
    "hardness": 41.42998633743298,
    "depth": 52.101105441289356,
    "brightness": 41.28490793835682,
    "roughness": 37.810908321903966,
    "warmth": 57.738074578422754,
    "sharpness": 19.889639894710285,
    "boominess": 46.138216792748416,
    "reverb": false,
    "genre": "Genre A",
    "mood": "Mood A"
}