{
    "duration": 1.8461250066757202,
    "lossless": 1.0,
    "codec": "pcm_s16le",
    "bitrate": 256000.0,
    "samplerate": 16000.0,
    "channels": 1.0,
    "audio_md5": "35ef27d6755d2b00d5f9710ebd087923",
    "loudness": -20.170225143432617,
    "dynamic_range": 0.0,
    "temporal_centroid": 0.29011231660842896,
    "log_attack_time": -1.2889870405197144,
    "filesize": 59120,
    "single_event": true,
    "tonality": "F minor",
    "tonality_confidence": 0.5455024838447571,
    "loop": false,
    "tempo": 131,
    "tempo_confidence": 0.0,
    "note_midi": 40,
    "note_name": "E2",
    "note_frequency": 83.2872543334961,
    "note_confidence": 0.22253721952438354,
    "hardness": 28.114049322590816,
    "depth": 69.30362104411125,
    "brightness": 28.563314945964883,
    "roughness": 22.358586870556767,
    "warmth": 56.48018862902329,
    "sharpness": 29.406161198389125,
    "boominess": 58.30791602705402,
    "reverb": false,
    "genre": "Genre A",
    "mood": "Mood A"
}