{
    "duration": 1.8461250066757202,
    "lossless": 1.0,
    "codec": "pcm_s16le",
    "bitrate": 256000.0,
    "samplerate": 16000.0,
    "channels": 1.0,
    "audio_md5": "9f19317783ea301a4c550b5fc3f4afcf",
    "loudness": -22.41227912902832,
    "dynamic_range": 0.0,
    "temporal_centroid": 0.4227825999259949,
    "log_attack_time": -0.4563823640346527,
    "filesize": 59120,
    "single_event": true,
    "tonality": "A minor",
    "tonality_confidence": 0.6971911787986755,
    "loop": false,
    "tempo": 138,
    "tempo_confidence": 0.0,
    "note_midi": 31,
    "note_name": "G1",
    "note_frequency": 49.97593307495117,
    "note_confidence": 0.7076067328453064,
    "hardness": 31.918994615515473,
    "depth": 76.98424103873968,
    "brightness": 26.392054337266917,
    "roughness": 35.72146788738965,
    "warmth": 60.09637344607225,
    "sharpness": 36.32017852279894,
    "boominess": 52.348642739268755,
    "reverb": false,
    "genre": "Genre A",
    "mood": "Mood A"
}