{
    "duration": 1.8461250066757202,
    "lossless": 1.0,
    "codec": "pcm_s16le",
    "bitrate": 256000.0,
    "samplerate": 16000.0,
    "channels": 1.0,
    "audio_md5": "dfeeacba3eea443700ee22708c206d5c",
    "loudness": -22.533977508544922,
    "dynamic_range": 0.0,
    "temporal_centroid": 0.5566703081130981,
    "log_attack_time": 0.14531834423542023,
    "filesize": 59120,
    "single_event": true,
    "tonality": "G# minor",
    "tonality_confidence": 0.6566421985626221,
    "loop": false,
    "tempo": 161,
    "tempo_confidence": 0.0,
    "note_midi": 37,
    "note_name": "C#2",
    "note_frequency": 68.22449493408203,
    "note_confidence": 0.6516294479370117,
    "hardness": 26.820368614674024,
    "depth": 69.09364700807522,
    "brightness": 25.480290429727848,
    "roughness": 32.65927494624232,
    "warmth": 58.47079665067109,
    "sharpness": 27.65999106469498,
    "boominess": 57.62198770273318,
    "reverb": false,
    "genre": "Genre A",
    "mood": "Mood A"
}