{
    "duration": 1.8461250066757202,
    "lossless": 1.0,
    "codec": "pcm_s16le",
    "bitrate": 256000.0,
    "samplerate": 16000.0,
    "channels": 1.0,
    "audio_md5": "d3a25ce674c75278fdcbad74b191b23e",
    "loudness": -24.500232696533203,
    "dynamic_range": 0.0,
    "temporal_centroid": 0.3394920229911804,
    "log_attack_time": -1.1222552061080933,
    "filesize": 59120,
    "single_event": true,
    "tonality": "A major",
    "tonality_confidence": 0.4743758738040924,
    "loop": false,
    "tempo": 129,
    "tempo_confidence": 0.0,
    "note_midi": 39,
    "note_name": "D#2",
    "note_frequency": 75.86250305175781,
    "note_confidence": 0.23503637313842773,
    "hardness": 34.41495446479911,
    "depth": 68.61966076916627,
    "brightness": 31.23079381905897,
    "roughness": 28.253928238948355,
    "warmth": 55.239461204868974,
    "sharpness": 37.70784546572934,
    "boominess": 53.76393876045426,
    "reverb": false,
    "genre": "Genre A",
    "mood": "Mood A"
}