{
    "duration": 1.8461250066757202,
    "lossless": 1.0,
    "codec": "pcm_s16le",
    "bitrate": 256000.0,
    "samplerate": 16000.0,
    "channels": 1.0,
    "audio_md5": "6f5951226618e2c075b63793e59f019f",
    "loudness": -37.53046417236328,
    "dynamic_range": 0.0,
    "temporal_centroid": 0.4663967788219452,
    "log_attack_time": -1.9741926193237305,
    "filesize": 59120,
    "single_event": true,
    "tonality": "A# major",
    "tonality_confidence": 0.5042200684547424,
    "loop": false,
    "tempo": 86,
    "tempo_confidence": 0.0,
    "note_midi": 42,
    "note_name": "F#2",
    "note_frequency": 93.54908752441406,
    "note_confidence": 0.4184127449989319,
    "hardness": 43.84753035982774,
    "depth": 56.20522776643098,
    "brightness": 45.33828682405033,
    "roughness": 36.49233735562628,
    "warmth": 53.98617535873043,
    "sharpness": 22.716809657110552,
    "boominess": 48.69930797703316,
    "reverb": false,
    "genre": "Genre A",
    "mood": "Mood A"
}