{
    "duration": 1.8461250066757202,
    "lossless": 1.0,
    "codec": "pcm_s16le",
    "bitrate": 256000.0,
    "samplerate": 16000.0,
    "channels": 1.0,
    "audio_md5": "8e3c4546b62c8ee7de5336174decb3a6",
    "loudness": -31.714975357055664,
    "dynamic_range": 0.0,
    "temporal_centroid": 0.48770859837532043,
    "log_attack_time": -0.32700207829475403,
    "filesize": 59120,
    "single_event": true,
    "tonality": "E major",
    "tonality_confidence": 0.7050667405128479,
    "loop": false,
    "tempo": 129,
    "tempo_confidence": 0.0,
    "note_midi": 37,
    "note_name": "C#2",
    "note_frequency": 70.7740478515625,
    "note_confidence": 0.31734389066696167,
    "hardness": 42.08950250832703,
    "depth": 64.82163615829198,
    "brightness": 36.26597709956427,
    "roughness": 32.41592582139875,
    "warmth": 58.187116157762915,
    "sharpness": 27.412224988220093,
    "boominess": 51.63801913191528,
    "reverb": false,
    "genre": "Genre A",
    "mood": "Mood A"
}