{
    "duration": 1.8461250066757202,
    "lossless": 1.0,
    "codec": "pcm_s16le",
    "bitrate": 256000.0,
    "samplerate": 16000.0,
    "channels": 1.0,
    "audio_md5": "80e62fdddf794b768a9991f62aefce39",
    "loudness": -33.74225997924805,
    "dynamic_range": 0.0,
    "temporal_centroid": 0.506548285484314,
    "log_attack_time": -1.9542425870895386,
    "filesize": 59120,
    "single_event": true,
    "tonality": "B minor",
    "tonality_confidence": 0.8027412295341492,
    "loop": false,
    "tempo": 129,
    "tempo_confidence": 0.0,
    "note_midi": 35,
    "note_name": "B1",
    "note_frequency": 63.36503601074219,
    "note_confidence": 0.33858662843704224,
    "hardness": 37.15612185292824,
    "depth": 64.56773430926697,
    "brightness": 38.1000343710769,
    "roughness": 37.076233679101804,
    "warmth": 59.49353485903249,
    "sharpness": 26.460342270911468,
    "boominess": 50.13671583635496,
    "reverb": false,
    "genre": "Genre A",
    "mood": "Mood A"
}