{
    "duration": 1.8461250066757202,
    "lossless": 1.0,
    "codec": "pcm_s16le",
    "bitrate": 256000.0,
    "samplerate": 16000.0,
    "channels": 1.0,
    "audio_md5": "1394b1da9434ca2b45abf77d509f2259",
    "loudness": -34.678871154785156,
    "dynamic_range": 0.0,
    "temporal_centroid": 0.507725715637207,
    "log_attack_time": -0.15187373757362366,
    "filesize": 59120,
    "single_event": true,
    "tonality": "D# major",
    "tonality_confidence": 0.7365092039108276,
    "loop": false,
    "tempo": 128,
    "tempo_confidence": 0.0,
    "note_midi": 50,
    "note_name": "D3",
    "note_frequency": 150.11679077148438,
    "note_confidence": 0.5150175094604492,
    "hardness": 41.430335226102926,
    "depth": 49.54151562465295,
    "brightness": 42.754900933931694,
    "roughness": 36.645984175438464,
    "warmth": 54.89581251591367,
    "sharpness": 32.49703123602103,
    "boominess": 42.364391273206195,
    "reverb": false,
    "genre": "Genre A",
    "mood": "Mood A"
}