{
    "duration": 1.8461250066757202,
    "lossless": 1.0,
    "codec": "pcm_s16le",
    "bitrate": 256000.0,
    "samplerate": 16000.0,
    "channels": 1.0,
    "audio_md5": "9bfc0b1985ac0abdd504c6e4008c531e",
    "loudness": -34.23745346069336,
    "dynamic_range": 0.0,
    "temporal_centroid": 0.4710281193256378,
    "log_attack_time": -0.1432834267616272,
    "filesize": 59120,
    "single_event": true,
    "tonality": "B major",
    "tonality_confidence": 0.8558516502380371,
    "loop": false,
    "tempo": 129,
    "tempo_confidence": 0.0,
    "note_midi": 44,
    "note_name": "G#2",
    "note_frequency": 101.3924331665039,
    "note_confidence": 0.5028848648071289,
    "hardness": 46.41966367686325,
    "depth": 52.65380186753906,
    "brightness": 41.66525898600206,
    "roughness": 39.003774693311044,
    "warmth": 56.773204340133915,
    "sharpness": 28.31366988230297,
    "boominess": 44.46559265991026,
    "reverb": false,
    "genre": "Genre A",
    "mood": "Mood A"
}