{
    "duration": 1.8461250066757202,
    "lossless": 1.0,
    "codec": "pcm_s16le",
    "bitrate": 256000.0,
    "samplerate": 16000.0,
    "channels": 1.0,
    "audio_md5": "08f58bf881078f0dac2a9e6eecb15daf",
    "loudness": -38.24937438964844,
    "dynamic_range": 0.0,
    "temporal_centroid": 0.48193734884262085,
    "log_attack_time": -2.121994733810425,
    "filesize": 59120,
    "single_event": true,
    "tonality": "A minor",
    "tonality_confidence": 0.6389937996864319,
    "loop": false,
    "tempo": 129,
    "tempo_confidence": 0.0,
    "note_midi": 35,
    "note_name": "B1",
    "note_frequency": 61.959228515625,
    "note_confidence": 0.2929244041442871,
    "hardness": 44.57883959601318,
    "depth": 63.35186491907855,
    "brightness": 41.99525004419155,
    "roughness": 38.38420637874797,
    "warmth": 58.54920511436855,
    "sharpness": 28.639985513466577,
    "boominess": 46.68485477647013,
    "reverb": false,
    "genre": "Genre A",
    "mood": "Mood A"
}