{
    "duration": 1.8461250066757202,
    "lossless": 1.0,
    "codec": "pcm_s16le",
    "bitrate": 256000.0,
    "samplerate": 16000.0,
    "channels": 1.0,
    "audio_md5": "552e23f1562809505f39d46b0ac46d20",
    "loudness": -30.151464462280273,
    "dynamic_range": 0.0,
    "temporal_centroid": 0.26296165585517883,
    "log_attack_time": -1.9533569812774658,
    "filesize": 59120,
    "single_event": true,
    "tonality": "A# minor",
    "tonality_confidence": 0.7030283808708191,
    "loop": false,
    "tempo": 131,
    "tempo_confidence": 0.0,
    "note_midi": 40,
    "note_name": "E2",
    "note_frequency": 82.66261291503906,
    "note_confidence": 0.3705586791038513,
    "hardness": 40.093218932769446,
    "depth": 64.28420871295518,
    "brightness": 39.85933839405405,
    "roughness": 28.649767553531003,
    "warmth": 54.46218506390315,
    "sharpness": 34.26585709630586,
    "boominess": 46.932294292515834,
    "reverb": false,
    "genre": "Genre A",
    "mood": "Mood A"
}