{
    "duration": 1.8461250066757202,
    "lossless": 1.0,
    "codec": "pcm_s16le",
    "bitrate": 256000.0,
    "samplerate": 16000.0,
    "channels": 1.0,
    "audio_md5": "9260d24fffb11cb4dfe06c4613f7714d",
    "loudness": -27.36713981628418,
    "dynamic_range": 0.0,
    "temporal_centroid": 0.380392849445343,
    "log_attack_time": -0.0946386456489563,
    "filesize": 59120,
    "single_event": true,
    "tonality": "F# minor",
    "tonality_confidence": 0.35773512721061707,
    "loop": false,
    "tempo": 154,
    "tempo_confidence": 0.0,
    "note_midi": 30,
    "note_name": "F#1",
    "note_frequency": 45.02224349975586,
    "note_confidence": 0.464904248714447,
    "hardness": 33.33711362815295,
    "depth": 73.11476739397446,
    "brightness": 36.44326444449425,
    "roughness": 34.38829470435608,
    "warmth": 58.071163683835536,
    "sharpness": 33.16504669362558,
    "boominess": 52.73001792629225,
    "reverb": false,
    "genre": "Genre A",
    "mood": "Mood A"
}