{
    "duration": 1.8461250066757202,
    "lossless": 1.0,
    "codec": "pcm_s16le",
    "bitrate": 256000.0,
    "samplerate": 16000.0,
    "channels": 1.0,
    "audio_md5": "54454a6055cc57c14954799ea7ee0367",
    "loudness": -29.867652893066406,
    "dynamic_range": 0.0,
    "temporal_centroid": 0.25172150135040283,
    "log_attack_time": -1.9578022956848145,
    "filesize": 59120,
    "single_event": true,
    "tonality": "D# major",
    "tonality_confidence": 0.6269904971122742,
    "loop": true,
    "tempo": 98,
    "tempo_confidence": 0.9748888611793518,
    "note_midi": 39,
    "note_name": "D#2",
    "note_frequency": 77.04149627685547,
    "note_confidence": 0.36330199241638184,
    "hardness": 39.722995102805,
    "depth": 65.79558391430464,
    "brightness": 39.80731755060414,
    "roughness": 30.67867553467794,
    "warmth": 55.267016320224585,
    "sharpness": 32.74250170392867,
    "boominess": 47.95747575243639,
    "reverb": false,
    "genre": "Genre A",
    "mood": "Mood A"
}