{
    "duration": 1.8461250066757202,
    "lossless": 1.0,
    "codec": "pcm_s16le",
    "bitrate": 256000.0,
    "samplerate": 16000.0,
    "channels": 1.0,
    "audio_md5": "54bac6b737f13a2612aea066323a076b",
    "loudness": -33.35252380371094,
    "dynamic_range": 0.0,
    "temporal_centroid": 0.4958283603191376,
    "log_attack_time": -1.9498332738876343,
    "filesize": 59120,
    "single_event": true,
    "tonality": "D major",
    "tonality_confidence": 0.5708885788917542,
    "loop": false,
    "tempo": 129,
    "tempo_confidence": 0.0,
    "note_midi": 36,
    "note_name": "C2",
    "note_frequency": 63.708499908447266,
    "note_confidence": 0.35726624727249146,
    "hardness": 41.484622657851475,
    "depth": 64.0886860098518,
    "brightness": 37.67677325848283,
    "roughness": 36.98487275559242,
    "warmth": 59.72992134373106,
    "sharpness": 26.306125875243207,
    "boominess": 51.21781238176315,
    "reverb": false,
    "genre": "Genre A",
    "mood": "Mood A"
}