{
    "duration": 1.8461250066757202,
    "lossless": 1.0,
    "codec": "pcm_s16le",
    "bitrate": 256000.0,
    "samplerate": 16000.0,
    "channels": 1.0,
    "audio_md5": "9dc05b7fdd4327f3cc3119b0a55e16a3",
    "loudness": -33.493534088134766,
    "dynamic_range": 0.0,
    "temporal_centroid": 0.5197941064834595,
    "log_attack_time": -0.08655859529972076,
    "filesize": 59120,
    "single_event": true,
    "tonality": "B minor",
    "tonality_confidence": 0.47251975536346436,
    "loop": false,
    "tempo": 134,
    "tempo_confidence": 0.0,
    "note_midi": 35,
    "note_name": "B1",
    "note_frequency": 63.53525924682617,
    "note_confidence": 0.7368636727333069,
    "hardness": 32.424283324098866,
    "depth": 64.15735687375728,
    "brightness": 43.397001441418595,
    "roughness": 35.97687173807345,
    "warmth": 58.07381210023082,
    "sharpness": 25.93635848024835,
    "boominess": 49.497691244724514,
    "reverb": false,
    "genre": "Genre A",
    "mood": "Mood A"
}