{
    "duration": 1.8461250066757202,
    "lossless": 1.0,
    "codec": "pcm_s16le",
    "bitrate": 256000.0,
    "samplerate": 16000.0,
    "channels": 1.0,
    "audio_md5": "55c3463d808e3b3cc93bbe89cf0d4169",
    "loudness": -34.976646423339844,
    "dynamic_range": 0.0,
    "temporal_centroid": 0.2639790177345276,
    "log_attack_time": -2.0750646591186523,
    "filesize": 59120,
    "single_event": true,
    "tonality": "F# minor",
    "tonality_confidence": 0.5392231345176697,
    "loop": true,
    "tempo": 98,
    "tempo_confidence": 0.9764444231987,
    "note_midi": 36,
    "note_name": "C2",
    "note_frequency": 64.11947631835938,
    "note_confidence": 0.4310104250907898,
    "hardness": 44.516978169452216,
    "depth": 64.94492315281974,
    "brightness": 40.27157640600073,
    "roughness": 32.4766549680121,
    "warmth": 49.155011694469025,
    "sharpness": 34.20174803442108,
    "boominess": 47.70514364331749,
    "reverb": false,
    "genre": "Genre A",
    "mood": "Mood A"
}