{
    "duration": 1.8461250066757202,
    "lossless": 1.0,
    "codec": "pcm_s16le",
    "bitrate": 256000.0,
    "samplerate": 16000.0,
    "channels": 1.0,
    "audio_md5": "14c6b2661e56703919980d4e80e3ca61",
    "loudness": -34.05064010620117,
    "dynamic_range": 0.0,
    "temporal_centroid": 0.47423696517944336,
    "log_attack_time": -0.14954687654972076,
    "filesize": 59120,
    "single_event": true,
    "tonality": "B minor",
    "tonality_confidence": 0.7421128749847412,
    "loop": false,
    "tempo": 129,
    "tempo_confidence": 0.0,
    "note_midi": 45,
    "note_name": "A2",
    "note_frequency": 109.3749008178711,
    "note_confidence": 0.48391515016555786,
    "hardness": 42.09267781325475,
    "depth": 52.536683925276805,
    "brightness": 41.4895309784157,
    "roughness": 38.37015733370811,
    "warmth": 57.329173262370745,
    "sharpness": 27.830958619025576,
    "boominess": 44.64420150992939,
    "reverb": false,
    "genre": "Genre A",
    "mood": "Mood A"
}