{
    "duration": 1.8461250066757202,
    "lossless": 1.0,
    "codec": "pcm_s16le",
    "bitrate": 256000.0,
    "samplerate": 16000.0,
    "channels": 1.0,
    "audio_md5": "88c964de494961e99489a59b5f5d5221",
    "loudness": -31.548738479614258,
    "dynamic_range": 0.0,
    "temporal_centroid": 0.22696028649806976,
    "log_attack_time": -1.982625961303711,
    "filesize": 59120,
    "single_event": true,
    "tonality": "G major",
    "tonality_confidence": 0.6595565676689148,
    "loop": true,
    "tempo": 98,
    "tempo_confidence": 0.9784444570541382,
    "note_midi": 38,
    "note_name": "D2",
    "note_frequency": 72.85868072509766,
    "note_confidence": 0.3732619881629944,
    "hardness": 40.82150083448737,
    "depth": 64.78252113301193,
    "brightness": 39.12276887403243,
    "roughness": 29.888885864584623,
    "warmth": 48.65131422166972,
    "sharpness": 29.348634105814078,
    "boominess": 50.33992009808453,
    "reverb": false,
    "genre": "Genre A",
    "mood": "Mood A"
}