{
    "duration": 1.8461250066757202,
    "lossless": 1.0,
    "codec": "pcm_s16le",
    "bitrate": 256000.0,
    "samplerate": 16000.0,
    "channels": 1.0,
    "audio_md5": "03895b4a8ce9efc316d6b3578783ef72",
    "loudness": -35.41521453857422,
    "dynamic_range": 0.0,
    "temporal_centroid": 0.522210419178009,
    "log_attack_time": -0.14221636950969696,
    "filesize": 59120,
    "single_event": true,
    "tonality": "G major",
    "tonality_confidence": 0.591673731803894,
    "loop": false,
    "tempo": 128,
    "tempo_confidence": 0.0,
    "note_midi": 44,
    "note_name": "G#2",
    "note_frequency": 104.36337280273438,
    "note_confidence": 0.5037793517112732,
    "hardness": 42.969785417005795,
    "depth": 56.66538459513899,
    "brightness": 40.16527413416736,
    "roughness": 37.81040621308118,
    "warmth": 58.3913633875209,
    "sharpness": 21.331873301380377,
    "boominess": 44.65147613828412,
    "reverb": false,
    "genre": "Genre A",
    "mood": "Mood A"
}