{
    "duration": 1.8461250066757202,
    "lossless": 1.0,
    "codec": "pcm_s16le",
    "bitrate": 256000.0,
    "samplerate": 16000.0,
    "channels": 1.0,
    "audio_md5": "fd5b30b2a6e18b06f0d291807d0c37eb",
    "loudness": -34.32850646972656,
    "dynamic_range": 0.0,
    "temporal_centroid": 0.46624040603637695,
    "log_attack_time": -0.14806252717971802,
    "filesize": 59120,
    "single_event": true,
    "tonality": "E major",
    "tonality_confidence": 0.8067877888679504,
    "loop": false,
    "tempo": 129,
    "tempo_confidence": 0.0,
    "note_midi": 46,
    "note_name": "A#2",
    "note_frequency": 113.63301849365234,
    "note_confidence": 0.49599581956863403,
    "hardness": 46.17944425722669,
    "depth": 52.499298699938066,
    "brightness": 41.609505698781206,
    "roughness": 39.229510398758734,
    "warmth": 57.63885001017944,
    "sharpness": 27.66202713613224,
    "boominess": 44.73085866859275,
    "reverb": false,
    "genre": "Genre A",
    "mood": "Mood A"
}