{
    "duration": 1.8461250066757202,
    "lossless": 1.0,
    "codec": "pcm_s16le",
    "bitrate": 256000.0,
    "samplerate": 16000.0,
    "channels": 1.0,
    "audio_md5": "9b0a447b588d4e28bc1581f708fbbdad",
    "loudness": -23.89896011352539,
    "dynamic_range": 0.0,
    "temporal_centroid": 0.4261225461959839,
    "log_attack_time": -0.09644246846437454,
    "filesize": 59120,
    "single_event": true,
    "tonality": "E major",
    "tonality_confidence": 0.5941509008407593,
    "loop": false,
    "tempo": 123,
    "tempo_confidence": 0.0,
    "note_midi": 32,
    "note_name": "G#1",
    "note_frequency": 53.24190902709961,
    "note_confidence": 0.7814548015594482,
    "hardness": 31.963488838850083,
    "depth": 73.0997612374447,
    "brightness": 30.96192217296681,
    "roughness": 34.80500740532288,
    "warmth": 61.05329153729645,
    "sharpness": 29.89469536389806,
    "boominess": 55.098138300796634,
    "reverb": false,
    "genre": "Genre A",
    "mood": "Mood A"
}