{
    "duration": 1.8461250066757202,
    "lossless": 1.0,
    "codec": "pcm_s16le",
    "bitrate": 256000.0,
    "samplerate": 16000.0,
    "channels": 1.0,
    "audio_md5": "d4c2d462bf36fa2642b1c6a39d7eaf84",
    "loudness": -34.620994567871094,
    "dynamic_range": 0.0,
    "temporal_centroid": 0.4758177101612091,
    "log_attack_time": -0.3283213973045349,
    "filesize": 59120,
    "single_event": true,
    "tonality": "D major",
    "tonality_confidence": 0.577152669429779,
    "loop": false,
    "tempo": 129,
    "tempo_confidence": 0.0,
    "note_midi": 38,
    "note_name": "D2",
    "note_frequency": 71.85270690917969,
    "note_confidence": 0.3488338589668274,
    "hardness": 40.46272809491333,
    "depth": 62.905540787045574,
    "brightness": 38.41586969120249,
    "roughness": 37.38043331444857,
    "warmth": 60.24463306506971,
    "sharpness": 17.629139712086484,
    "boominess": 52.65099964699279,
    "reverb": false,
    "genre": "Genre A",
    "mood": "Mood A"
}