{
    "duration": 1.8461250066757202,
    "lossless": 1.0,
    "codec": "pcm_s16le",
    "bitrate": 256000.0,
    "samplerate": 16000.0,
    "channels": 1.0,
    "audio_md5": "e8ad42d56bd6ad1d912499181e100b61",
    "loudness": -34.30768585205078,
    "dynamic_range": 0.0,
    "temporal_centroid": 0.455399751663208,
    "log_attack_time": -1.8520467281341553,
    "filesize": 59120,
    "single_event": true,
    "tonality": "B major",
    "tonality_confidence": 0.5079531073570251,
    "loop": false,
    "tempo": 129,
    "tempo_confidence": 0.0,
    "note_midi": 47,
    "note_name": "B2",
    "note_frequency": 120.558349609375,
    "note_confidence": 0.5014733672142029,
    "hardness": 43.50808891635904,
    "depth": 53.346425436755695,
    "brightness": 41.48835387905511,
    "roughness": 38.034269112034906,
    "warmth": 57.559514445569654,
    "sharpness": 25.81295647850917,
    "boominess": 45.40128663434854,
    "reverb": false,
    "genre": "Genre A",
    "mood": "Mood A"
}