{
    "duration": 1.8461250066757202,
    "lossless": 1.0,
    "codec": "pcm_s16le",
    "bitrate": 256000.0,
    "samplerate": 16000.0,
    "channels": 1.0,
    "audio_md5": "4442b9e978e65a479cd0bee8c14fa2e8",
    "loudness": -32.51811599731445,
    "dynamic_range": 0.0,
    "temporal_centroid": 0.4744343161582947,
    "log_attack_time": -0.32779738306999207,
    "filesize": 59120,
    "single_event": true,
    "tonality": "G major",
    "tonality_confidence": 0.597376823425293,
    "loop": false,
    "tempo": 128,
    "tempo_confidence": 0.0,
    "note_midi": 40,
    "note_name": "E2",
    "note_frequency": 82.63092803955078,
    "note_confidence": 0.3539520502090454,
    "hardness": 37.891799119465375,
    "depth": 63.48109864678648,
    "brightness": 37.15557969427003,
    "roughness": 33.9101376236761,
    "warmth": 57.43248551927968,
    "sharpness": 23.523342293838546,
    "boominess": 54.277861740822225,
    "reverb": false,
    "genre": "Genre A",
    "mood": "Mood A"
}