{
    "duration": 1.8461250066757202,
    "lossless": 1.0,
    "codec": "pcm_s16le",
    "bitrate": 256000.0,
    "samplerate": 16000.0,
    "channels": 1.0,
    "audio_md5": "e071c4933607ecc4d0dcbbb2511dc799",
    "loudness": -21.669042587280273,
    "dynamic_range": 0.0,
    "temporal_centroid": 0.25440722703933716,
    "log_attack_time": -1.4011523723602295,
    "filesize": 59120,
    "single_event": true,
    "tonality": "F major",
    "tonality_confidence": 0.6428042650222778,
    "loop": false,
    "tempo": 131,
    "tempo_confidence": 0.0,
    "note_midi": 41,
    "note_name": "F2",
    "note_frequency": 84.8242416381836,
    "note_confidence": 0.19277507066726685,
    "hardness": 32.89383156740273,
    "depth": 67.38390506196862,
    "brightness": 29.756116855017655,
    "roughness": 26.476168572596706,
    "warmth": 56.21373152608886,
    "sharpness": 25.439658628451564,
    "boominess": 59.86621791849415,
    "reverb": false,
    "genre": "Genre A",
    "mood": "Mood A"
}