{
    "duration": 1.8461250066757202,
    "lossless": 1.0,
    "codec": "pcm_s16le",
    "bitrate": 256000.0,
    "samplerate": 16000.0,
    "channels": 1.0,
    "audio_md5": "d9a87e56a8a6b6ae22d72a9c1fe47e76",
    "loudness": -22.691619873046875,
    "dynamic_range": 0.0,
    "temporal_centroid": 0.43241333961486816,
    "log_attack_time": -0.0930740013718605,
    "filesize": 59120,
    "single_event": true,
    "tonality": "E major",
    "tonality_confidence": 0.4066759943962097,
    "loop": false,
    "tempo": 81,
    "tempo_confidence": 0.0,
    "note_midi": 35,
    "note_name": "B1",
    "note_frequency": 62.983726501464844,
    "note_confidence": 0.8344328999519348,
    "hardness": 25.80895340662333,
    "depth": 74.1032006181319,
    "brightness": 27.796814232812178,
    "roughness": 35.46808778259715,
    "warmth": 58.31773086653321,
    "sharpness": 28.54471189235214,
    "boominess": 56.78180265452009,
    "reverb": false,
    "genre": "Genre A",
    "mood": "Mood A"
}