{
    "duration": 1.8461250066757202,
    "lossless": 1.0,
    "codec": "pcm_s16le",
    "bitrate": 256000.0,
    "samplerate": 16000.0,
    "channels": 1.0,
    "audio_md5": "8bbdcac7c88193970cfe383d7495a76b",
    "loudness": -41.07667541503906,
    "dynamic_range": 0.0,
    "temporal_centroid": 0.4565398395061493,
    "log_attack_time": -1.3564131259918213,
    "filesize": 59120,
    "single_event": true,
    "tonality": "E major",
    "tonality_confidence": 0.5596536993980408,
    "loop": false,
    "tempo": 129,
    "tempo_confidence": 0.0,
    "note_midi": 35,
    "note_name": "B1",
    "note_frequency": 62.36711120605469,
    "note_confidence": 0.658286452293396,
    "hardness": 35.916639268482726,
    "depth": 68.843022902823,
    "brightness": 43.368352856077635,
    "roughness": 42.19009739744128,
    "warmth": 61.907249013000936,
    "sharpness": 25.82961939254635,
    "boominess": 53.14175195198256,
    "reverb": false,
    "genre": "Genre A",
    "mood": "Mood A"
}