{
    "duration": 1.8461250066757202,
    "lossless": 1.0,
    "codec": "pcm_s16le",
    "bitrate": 256000.0,
    "samplerate": 16000.0,
    "channels": 1.0,
    "audio_md5": "d265eb31be8d035246185278d9766434",
    "loudness": -32.691341400146484,
    "dynamic_range": 0.0,
    "temporal_centroid": 0.49762097001075745,
    "log_attack_time": -0.6192556619644165,
    "filesize": 59120,
    "single_event": true,
    "tonality": "D# major",
    "tonality_confidence": 0.3595842123031616,
    "loop": false,
    "tempo": 123,
    "tempo_confidence": 0.0,
    "note_midi": 37,
    "note_name": "C#2",
    "note_frequency": 68.42628479003906,
    "note_confidence": 0.41235578060150146,
    "hardness": 36.616483071157745,
    "depth": 64.49572278629833,
    "brightness": 35.90867018466149,
    "roughness": 30.754177670340695,
    "warmth": 58.196937721936976,
    "sharpness": 31.536633186931816,
    "boominess": 50.34617573937789,
    "reverb": false,
    "genre": "Genre A",
    "mood": "Mood A"
}