{
    "duration": 1.8461250066757202,
    "lossless": 1.0,
    "codec": "pcm_s16le",
    "bitrate": 256000.0,
    "samplerate": 16000.0,
    "channels": 1.0,
    "audio_md5": "2313e00fb2e97f931e95e56cba3fe0cf",
    "loudness": -21.48285675048828,
    "dynamic_range": 0.0,
    "temporal_centroid": 0.4844903349876404,
    "log_attack_time": -0.09698385000228882,
    "filesize": 59120,
    "single_event": true,
    "tonality": "A minor",
    "tonality_confidence": 0.6599511504173279,
    "loop": false,
    "tempo": 152,
    "tempo_confidence": 0.0,
    "note_midi": 35,
    "note_name": "B1",
    "note_frequency": 61.69503402709961,
    "note_confidence": 0.7092298269271851,
    "hardness": 20.852964130423217,
    "depth": 73.72386551617353,
    "brightness": 27.014126065027043,
    "roughness": 33.82547276989513,
    "warmth": 59.891676321372124,
    "sharpness": 27.20462794501477,
    "boominess": 57.28232010139148,
    "reverb": false,
    "genre": "Genre A",
    "mood": "Mood A"
}