{
    "duration": 1.8461250066757202,
    "lossless": 1.0,
    "codec": "pcm_s16le",
    "bitrate": 256000.0,
    "samplerate": 16000.0,
    "channels": 1.0,
    "audio_md5": "05de9801e68c51e86d9652c75bb9021b",
    "loudness": -32.992347717285156,
    "dynamic_range": 0.0,
    "temporal_centroid": 0.5385566353797913,
    "log_attack_time": -0.14217539131641388,
    "filesize": 59120,
    "single_event": true,
    "tonality": "D# minor",
    "tonality_confidence": 0.33958983421325684,
    "loop": false,
    "tempo": 129,
    "tempo_confidence": 0.0,
    "note_midi": 34,
    "note_name": "A#1",
    "note_frequency": 58.75959777832031,
    "note_confidence": 0.315507173538208,
    "hardness": 39.79747256108226,
    "depth": 67.00153171844663,
    "brightness": 38.73948498639839,
    "roughness": 38.23953548358968,
    "warmth": 57.89461764166396,
    "sharpness": 32.68249491750806,
    "boominess": 47.678538324071425,
    "reverb": false,
    "genre": "Genre A",
    "mood": "Mood A"
}