{
    "duration": 1.8461250066757202,
    "lossless": 1.0,
    "codec": "pcm_s16le",
    "bitrate": 256000.0,
    "samplerate": 16000.0,
    "channels": 1.0,
    "audio_md5": "1435558931480dbca39a3da64eba478b",
    "loudness": -37.01401901245117,
    "dynamic_range": 0.0,
    "temporal_centroid": 0.47188979387283325,
    "log_attack_time": 0.08952866494655609,
    "filesize": 59120,
    "single_event": true,
    "tonality": "C# major",
    "tonality_confidence": 0.45750710368156433,
    "loop": true,
    "tempo": 98,
    "tempo_confidence": 0.973111093044281,
    "note_midi": 36,
    "note_name": "C2",
    "note_frequency": 64.49473571777344,
    "note_confidence": 0.5176398754119873,
    "hardness": 37.45634889090917,
    "depth": 65.92190204461825,
    "brightness": 41.40387552959115,
    "roughness": 47.012606870062356,
    "warmth": 61.87671941888537,
    "sharpness": 24.53144376328231,
    "boominess": 46.46171501179644,
    "reverb": false,
    "genre": "Genre A",
    "mood": "Mood A"
}