{
    "duration": 1.8461250066757202,
    "lossless": 1.0,
    "codec": "pcm_s16le",
    "bitrate": 256000.0,
    "samplerate": 16000.0,
    "channels": 1.0,
    "audio_md5": "a97b93b243b5d15cd73ec5b9b211c357",
    "loudness": -37.66681671142578,
    "dynamic_range": 0.0,
    "temporal_centroid": 0.41602811217308044,
    "log_attack_time": -2.033778429031372,
    "filesize": 59120,
    "single_event": true,
    "tonality": "D# minor",
    "tonality_confidence": 0.669392466545105,
    "loop": false,
    "tempo": 86,
    "tempo_confidence": 0.0,
    "note_midi": 40,
    "note_name": "E2",
    "note_frequency": 83.24452209472656,
    "note_confidence": 0.37028855085372925,
    "hardness": 44.02726762245581,
    "depth": 50.86780110855495,
    "brightness": 42.76015959919401,
    "roughness": 29.553436217258547,
    "warmth": 53.041181765274644,
    "sharpness": 19.993649690212244,
    "boominess": 48.95445677040722,
    "reverb": false,
    "genre": "Genre A",
    "mood": "Mood A"
}