{
    "duration": 1.8461250066757202,
    "lossless": 1.0,
    "codec": "pcm_s16le",
    "bitrate": 256000.0,
    "samplerate": 16000.0,
    "channels": 1.0,
    "audio_md5": "d058a282b7069a8cf5aa16a686299fd0",
    "loudness": -20.64838981628418,
    "dynamic_range": 0.0,
    "temporal_centroid": 0.2942083179950714,
    "log_attack_time": -1.3595569133758545,
    "filesize": 59120,
    "single_event": true,
    "tonality": "A# major",
    "tonality_confidence": 0.6504533290863037,
    "loop": false,
    "tempo": 131,
    "tempo_confidence": 0.0,
    "note_midi": 43,
    "note_name": "G2",
    "note_frequency": 96.27342987060547,
    "note_confidence": 0.22755533456802368,
    "hardness": 29.540155630081415,
    "depth": 67.73852851259005,
    "brightness": 27.247057766551077,
    "roughness": 22.494895694906806,
    "warmth": 56.24098040696315,
    "sharpness": 27.419565076271645,
    "boominess": 58.940935697731234,
    "reverb": false,
    "genre": "Genre A",
    "mood": "Mood A"
}