{
    "duration": 1.8461250066757202,
    "lossless": 1.0,
    "codec": "pcm_s16le",
    "bitrate": 256000.0,
    "samplerate": 16000.0,
    "channels": 1.0,
    "audio_md5": "625b5dd0fecc0a154e2c5c25a2db8309",
    "loudness": -39.24113845825195,
    "dynamic_range": 0.0,
    "temporal_centroid": 0.5079481601715088,
    "log_attack_time": -0.11121322959661484,
    "filesize": 59120,
    "single_event": true,
    "tonality": "B major",
    "tonality_confidence": 0.40906062722206116,
    "loop": false,
    "tempo": 154,
    "tempo_confidence": 0.0,
    "note_midi": 34,
    "note_name": "A#1",
    "note_frequency": 57.11915969848633,
    "note_confidence": 0.7496146559715271,
    "hardness": 35.49999438550995,
    "depth": 68.92944330894674,
    "brightness": 40.351984929975146,
    "roughness": 40.09781179328353,
    "warmth": 60.79487769631322,
    "sharpness": 30.318016678798376,
    "boominess": 52.238644097972255,
    "reverb": false,
    "genre": "Genre A",
    "mood": "Mood A"
}