{
    "duration": 1.8461250066757202,
    "lossless": 1.0,
    "codec": "pcm_s16le",
    "bitrate": 256000.0,
    "samplerate": 16000.0,
    "channels": 1.0,
    "audio_md5": "055c307b344a5861a34089543c62d005",
    "loudness": -30.119367599487305,
    "dynamic_range": 0.0,
    "temporal_centroid": 0.23851628601551056,
    "log_attack_time": -1.9507116079330444,
    "filesize": 59120,
    "single_event": true,
    "tonality": "D# minor",
    "tonality_confidence": 0.5696399807929993,
    "loop": false,
    "tempo": 129,
    "tempo_confidence": 0.0,
    "note_midi": 40,
    "note_name": "E2",
    "note_frequency": 81.09613800048828,
    "note_confidence": 0.3823310136795044,
    "hardness": 41.53795620245923,
    "depth": 62.38420200672408,
    "brightness": 39.54881896366301,
    "roughness": 30.982650059674544,
    "warmth": 51.95678276985289,
    "sharpness": 31.09884183833354,
    "boominess": 48.114737982688894,
    "reverb": false,
    "genre": "Genre A",
    "mood": "Mood A"
}