{
    "duration": 1.8461250066757202,
    "lossless": 1.0,
    "codec": "pcm_s16le",
    "bitrate": 256000.0,
    "samplerate": 16000.0,
    "channels": 1.0,
    "audio_md5": "c0127997c13fc52c1f3d53d0974801ba",
    "loudness": -28.40648078918457,
    "dynamic_range": 0.0,
    "temporal_centroid": 0.49377527832984924,
    "log_attack_time": -0.6170482039451599,
    "filesize": 59120,
    "single_event": true,
    "tonality": "B minor",
    "tonality_confidence": 0.4398447573184967,
    "loop": false,
    "tempo": 131,
    "tempo_confidence": 0.0,
    "note_midi": 38,
    "note_name": "D2",
    "note_frequency": 71.65865325927734,
    "note_confidence": 0.30438363552093506,
    "hardness": 35.85476121393083,
    "depth": 65.16078222939322,
    "brightness": 33.7312692566573,
    "roughness": 24.082404516423374,
    "warmth": 54.529388495661706,
    "sharpness": 32.247198367424396,
    "boominess": 54.75235808907963,
    "reverb": false,
    "genre": "Genre A",
    "mood": "Mood A"
}