{
    "duration": 1.8461250066757202,
    "lossless": 1.0,
    "codec": "pcm_s16le",
    "bitrate": 256000.0,
    "samplerate": 16000.0,
    "channels": 1.0,
    "audio_md5": "4aa92d2cb515ae6d083684330e5ff36a",
    "loudness": -34.700435638427734,
    "dynamic_range": 0.0,
    "temporal_centroid": 0.488693505525589,
    "log_attack_time": 0.055321104824543,
    "filesize": 59120,
    "single_event": true,
    "tonality": "D# minor",
    "tonality_confidence": 0.8094342350959778,
    "loop": false,
    "tempo": 152,
    "tempo_confidence": 0.0,
    "note_midi": 33,
    "note_name": "A1",
    "note_frequency": 55.521881103515625,
    "note_confidence": 0.6387635469436646,
    "hardness": 36.556922770810814,
    "depth": 67.90258885798885,
    "brightness": 41.0780964375581,
    "roughness": 43.97117399707627,
    "warmth": 63.36075199179618,
    "sharpness": 22.10936706782774,
    "boominess": 49.8625983133622,
    "reverb": false,
    "genre": "Genre A",
    "mood": "Mood A"
}