{
    "duration": 1.8461250066757202,
    "lossless": 1.0,
    "codec": "pcm_s16le",
    "bitrate": 256000.0,
    "samplerate": 16000.0,
    "channels": 1.0,
    "audio_md5": "8e9d038511480ee2c352e2cbab136ca7",
    "loudness": -24.03828239440918,
    "dynamic_range": 0.0,
    "temporal_centroid": 0.4776897132396698,
    "log_attack_time": -0.5545688271522522,
    "filesize": 59120,
    "single_event": true,
    "tonality": "E minor",
    "tonality_confidence": 0.40305954217910767,
    "loop": false,
    "tempo": 134,
    "tempo_confidence": 0.0,
    "note_midi": 30,
    "note_name": "F#1",
    "note_frequency": 46.452720642089844,
    "note_confidence": 0.6399184465408325,
    "hardness": 28.94702531962554,
    "depth": 72.86888414194729,
    "brightness": 29.240153060049167,
    "roughness": 38.409137248691486,
    "warmth": 62.07735569603709,
    "sharpness": 34.200052602055116,
    "boominess": 52.91268499441984,
    "reverb": false,
    "genre": "Genre A",
    "mood": "Mood A"
}