{
    "duration": 1.8461250066757202,
    "lossless": 1.0,
    "codec": "pcm_s16le",
    "bitrate": 256000.0,
    "samplerate": 16000.0,
    "channels": 1.0,
    "audio_md5": "4e4dbcdcac268fa1b4a360aa8aece9f2",
    "loudness": -37.56192398071289,
    "dynamic_range": 0.0,
    "temporal_centroid": 0.46538373827934265,
    "log_attack_time": -0.11084447056055069,
    "filesize": 59120,
    "single_event": true,
    "tonality": "D# minor",
    "tonality_confidence": 0.35459989309310913,
    "loop": false,
    "tempo": 125,
    "tempo_confidence": 0.0,
    "note_midi": 39,
    "note_name": "D#2",
    "note_frequency": 75.58379364013672,
    "note_confidence": 0.44693028926849365,
    "hardness": 37.79218558359929,
    "depth": 68.78557982799276,
    "brightness": 38.32909633134055,
    "roughness": 37.01189826587241,
    "warmth": 61.256052719109945,
    "sharpness": 12.049335356481286,
    "boominess": 55.45188686463257,
    "reverb": false,
    "genre": "Genre A",
    "mood": "Mood A"
}