{
    "duration": 1.8461250066757202,
    "lossless": 1.0,
    "codec": "pcm_s16le",
    "bitrate": 256000.0,
    "samplerate": 16000.0,
    "channels": 1.0,
    "audio_md5": "74d153195893d690f135707ecd546fb7",
    "loudness": -34.538612365722656,
    "dynamic_range": 0.0,
    "temporal_centroid": 0.46598631143569946,
    "log_attack_time": -0.1494635045528412,
    "filesize": 59120,
    "single_event": true,
    "tonality": "B major",
    "tonality_confidence": 0.8931794762611389,
    "loop": true,
    "tempo": 131,
    "tempo_confidence": 0.9510853886604309,
    "note_midi": 45,
    "note_name": "A2",
    "note_frequency": 112.05569458007812,
    "note_confidence": 0.49113672971725464,
    "hardness": 43.71960310035939,
    "depth": 53.01381541727306,
    "brightness": 41.3308347859086,
    "roughness": 38.87586691366254,
    "warmth": 57.53223013267264,
    "sharpness": 27.470859284164995,
    "boominess": 44.597580923900864,
    "reverb": false,
    "genre": "Genre A",
    "mood": "Mood A"
}