{
    "duration": 1.8461250066757202,
    "lossless": 1.0,
    "codec": "pcm_s16le",
    "bitrate": 256000.0,
    "samplerate": 16000.0,
    "channels": 1.0,
    "audio_md5": "3087541d482140c92099d595e2f2c412",
    "loudness": -25.03653335571289,
    "dynamic_range": 0.0,
    "temporal_centroid": 0.39536964893341064,
    "log_attack_time": -0.10055672377347946,
    "filesize": 59120,
    "single_event": true,
    "tonality": "D minor",
    "tonality_confidence": 0.46387436985969543,
    "loop": false,
    "tempo": 149,
    "tempo_confidence": 0.0,
    "note_midi": 35,
    "note_name": "B1",
    "note_frequency": 61.61870574951172,
    "note_confidence": 0.7042093276977539,
    "hardness": 25.043958925141823,
    "depth": 70.78324546071893,
    "brightness": 14.441083485488079,
    "roughness": 32.03095718238066,
    "warmth": 60.72129556684845,
    "sharpness": 30.779654882329744,
    "boominess": 56.01474030601267,
    "reverb": false,
    "genre": "Genre A",
    "mood": "Mood A"
}