{
    "duration": 1.8461250066757202,
    "lossless": 1.0,
    "codec": "pcm_s16le",
    "bitrate": 256000.0,
    "samplerate": 16000.0,
    "channels": 1.0,
    "audio_md5": "4b44b7540766c260f26478e3342d1291",
    "loudness": -39.31688690185547,
    "dynamic_range": 0.0,
    "temporal_centroid": 0.47155892848968506,
    "log_attack_time": -1.112831950187683,
    "filesize": 59120,
    "single_event": true,
    "tonality": "E major",
    "tonality_confidence": 0.7207686901092529,
    "loop": false,
    "tempo": 78,
    "tempo_confidence": 0.0,
    "note_midi": 37,
    "note_name": "C#2",
    "note_frequency": 68.85408782958984,
    "note_confidence": 0.6642453670501709,
    "hardness": 36.94744123371177,
    "depth": 65.97305533715888,
    "brightness": 42.85396503953134,
    "roughness": 42.55176274896191,
    "warmth": 60.46848706957512,
    "sharpness": 27.311747172556643,
    "boominess": 52.70317058934448,
    "reverb": false,
    "genre": "Genre A",
    "mood": "Mood A"
}