{
    "duration": 1.8461250066757202,
    "lossless": 1.0,
    "codec": "pcm_s16le",
    "bitrate": 256000.0,
    "samplerate": 16000.0,
    "channels": 1.0,
    "audio_md5": "66dcf63c3aa42a146022e0deff1c06ad",
    "loudness": -34.118804931640625,
    "dynamic_range": 0.0,
    "temporal_centroid": 0.48275360465049744,
    "log_attack_time": -0.12155114859342575,
    "filesize": 59120,
    "single_event": true,
    "tonality": "D# major",
    "tonality_confidence": 0.44002199172973633,
    "loop": false,
    "tempo": 129,
    "tempo_confidence": 0.0,
    "note_midi": 42,
    "note_name": "F#2",
    "note_frequency": 92.31165313720703,
    "note_confidence": 0.6072463989257812,
    "hardness": 34.2780301520627,
    "depth": 67.67454008182169,
    "brightness": 36.43030225288355,
    "roughness": 44.5469779484191,
    "warmth": 64.6044476485427,
    "sharpness": 18.99741897113162,
    "boominess": 49.21110395953744,
    "reverb": false,
    "genre": "Genre A",
    "mood": "Mood A"
}