{
    "duration": 1.8461250066757202,
    "lossless": 1.0,
    "codec": "pcm_s16le",
    "bitrate": 256000.0,
    "samplerate": 16000.0,
    "channels": 1.0,
    "audio_md5": "3b99da3beb596f68d68defc550dd5a5c",
    "loudness": -24.646135330200195,
    "dynamic_range": 0.0,
    "temporal_centroid": 0.30767807364463806,
    "log_attack_time": -1.3714373111724854,
    "filesize": 59120,
    "single_event": true,
    "tonality": "F major",
    "tonality_confidence": 0.7228516340255737,
    "loop": false,
    "tempo": 129,
    "tempo_confidence": 0.0,
    "note_midi": 33,
    "note_name": "A1",
    "note_frequency": 55.49531173706055,
    "note_confidence": 0.21693265438079834,
    "hardness": 22.14343292083103,
    "depth": 71.10384075440916,
    "brightness": 25.104643274024447,
    "roughness": 29.086117962724373,
    "warmth": 57.952236081506456,
    "sharpness": 24.439215798646668,
    "boominess": 58.57729182360171,
    "reverb": false,
    "genre": "Genre A",
    "mood": "Mood A"
}