{
    "duration": 1.8461250066757202,
    "lossless": 1.0,
    "codec": "pcm_s16le",
    "bitrate": 256000.0,
    "samplerate": 16000.0,
    "channels": 1.0,
    "audio_md5": "aff133d3fbc87f48b3d89dfc5067638a",
    "loudness": -39.06499099731445,
    "dynamic_range": 0.0,
    "temporal_centroid": 0.4750139117240906,
    "log_attack_time": -1.2182527780532837,
    "filesize": 59120,
    "single_event": true,
    "tonality": "E major",
    "tonality_confidence": 0.7721121907234192,
    "loop": false,
    "tempo": 152,
    "tempo_confidence": 0.0,
    "note_midi": 36,
    "note_name": "C2",
    "note_frequency": 66.64970397949219,
    "note_confidence": 0.6416155099868774,
    "hardness": 35.21284952481898,
    "depth": 65.92276678887073,
    "brightness": 42.60170510914365,
    "roughness": 42.651078054053016,
    "warmth": 60.29829342112187,
    "sharpness": 24.925936071221777,
    "boominess": 53.40259358492332,
    "reverb": false,
    "genre": "Genre A",
    "mood": "Mood A"
}