{
    "duration": 1.8461250066757202,
    "lossless": 1.0,
    "codec": "pcm_s16le",
    "bitrate": 256000.0,
    "samplerate": 16000.0,
    "channels": 1.0,
    "audio_md5": "4a288e11664dad5cf4514e12a5c85d6b",
    "loudness": -20.99712562561035,
    "dynamic_range": 0.0,
    "temporal_centroid": 0.48729151487350464,
    "log_attack_time": -0.09736574441194534,
    "filesize": 59120,
    "single_event": true,
    "tonality": "F major",
    "tonality_confidence": 0.5093315243721008,
    "loop": false,
    "tempo": 152,
    "tempo_confidence": 0.0,
    "note_midi": 34,
    "note_name": "A#1",
    "note_frequency": 57.17344665527344,
    "note_confidence": 0.8678586483001709,
    "hardness": 25.15395651228303,
    "depth": 74.70575475935449,
    "brightness": 26.559304839621337,
    "roughness": 28.942001099683196,
    "warmth": 60.617103886429,
    "sharpness": 30.780028632398,
    "boominess": 55.654077405574306,
    "reverb": false,
    "genre": "Genre A",
    "mood": "Mood A"
}