{
    "duration": 1.8461250066757202,
    "lossless": 1.0,
    "codec": "pcm_s16le",
    "bitrate": 256000.0,
    "samplerate": 16000.0,
    "channels": 1.0,
    "audio_md5": "2b339f389870b4e22f901ee99e562fe8",
    "loudness": -24.86542510986328,
    "dynamic_range": 0.0,
    "temporal_centroid": 0.4323568642139435,
    "log_attack_time": -1.5902087688446045,
    "filesize": 59120,
    "single_event": true,
    "tonality": "C minor",
    "tonality_confidence": 0.8636170029640198,
    "loop": false,
    "tempo": 119,
    "tempo_confidence": 0.0,
    "note_midi": 31,
    "note_name": "G1",
    "note_frequency": 49.60285186767578,
    "note_confidence": 0.7756153345108032,
    "hardness": 30.517114991774037,
    "depth": 75.52581502357329,
    "brightness": 30.4414464399325,
    "roughness": 36.954518910968105,
    "warmth": 59.315132142144904,
    "sharpness": 30.16982160700602,
    "boominess": 55.118449252658976,
    "reverb": false,
    "genre": "Genre A",
    "mood": "Mood A"
}