{
    "duration": 1.8461250066757202,
    "lossless": 1.0,
    "codec": "pcm_s16le",
    "bitrate": 256000.0,
    "samplerate": 16000.0,
    "channels": 1.0,
    "audio_md5": "39711298310d805117e53e5e3d66fd4a",
    "loudness": -21.8585262298584,
    "dynamic_range": 0.0,
    "temporal_centroid": 0.269308477640152,
    "log_attack_time": -1.3544039726257324,
    "filesize": 59120,
    "single_event": true,
    "tonality": "E minor",
    "tonality_confidence": 0.6797534823417664,
    "loop": false,
    "tempo": 131,
    "tempo_confidence": 0.0,
    "note_midi": 40,
    "note_name": "E2",
    "note_frequency": 83.27484130859375,
    "note_confidence": 0.3112916350364685,
    "hardness": 31.5518206388344,
    "depth": 68.16538624185908,
    "brightness": 29.366530824831017,
    "roughness": 0,
    "warmth": 55.81452045622119,
    "sharpness": 25.59841807816438,
    "boominess": 59.07389643632867,
    "reverb": false,
    "genre": "Genre A",
    "mood": "Mood A"
}