{
    "duration": 1.8461250066757202,
    "lossless": 1.0,
    "codec": "pcm_s16le",
    "bitrate": 256000.0,
    "samplerate": 16000.0,
    "channels": 1.0,
    "audio_md5": "21c7c7eca2dd6b91d293202b3074140f",
    "loudness": -24.064027786254883,
    "dynamic_range": 0.0,
    "temporal_centroid": 0.23213165998458862,
    "log_attack_time": -1.4091627597808838,
    "filesize": 59120,
    "single_event": true,
    "tonality": "F minor",
    "tonality_confidence": 0.7420036792755127,
    "loop": false,
    "tempo": 129,
    "tempo_confidence": 0.0,
    "note_midi": 45,
    "note_name": "A2",
    "note_frequency": 110.98177337646484,
    "note_confidence": 0.24606162309646606,
    "hardness": 28.65512679674633,
    "depth": 67.41584761478714,
    "brightness": 30.365046535867585,
    "roughness": 27.456704484392628,
    "warmth": 56.293102646154686,
    "sharpness": 17.78868797460413,
    "boominess": 60.938099939646776,
    "reverb": false,
    "genre": "Genre A",
    "mood": "Mood A"
}