{
    "duration": 1.8461250066757202,
    "lossless": 1.0,
    "codec": "pcm_s16le",
    "bitrate": 256000.0,
    "samplerate": 16000.0,
    "channels": 1.0,
    "audio_md5": "ba97710cd5bffb32f75c0c647dad2676",
    "loudness": -22.39690399169922,
    "dynamic_range": 0.0,
    "temporal_centroid": 0.2596472501754761,
    "log_attack_time": -1.273740530014038,
    "filesize": 59120,
    "single_event": true,
    "tonality": "A# major",
    "tonality_confidence": 0.601959228515625,
    "loop": false,
    "tempo": 129,
    "tempo_confidence": 0.0,
    "note_midi": 40,
    "note_name": "E2",
    "note_frequency": 83.2580795288086,
    "note_confidence": 0.25105810165405273,
    "hardness": 29.617676091864354,
    "depth": 68.06712281151628,
    "brightness": 29.987602849206176,
    "roughness": 22.267045610515815,
    "warmth": 57.45151233829184,
    "sharpness": 21.391058564152374,
    "boominess": 60.30788774208046,
    "reverb": false,
    "genre": "Genre A",
    "mood": "Mood A"
}