{
    "duration": 1.8461250066757202,
    "lossless": 1.0,
    "codec": "pcm_s16le",
    "bitrate": 256000.0,
    "samplerate": 16000.0,
    "channels": 1.0,
    "audio_md5": "09b46ce1d0c98573ee697250ec974293",
    "loudness": -20.984468460083008,
    "dynamic_range": 0.0,
    "temporal_centroid": 0.25024864077568054,
    "log_attack_time": -1.2437279224395752,
    "filesize": 59120,
    "single_event": true,
    "tonality": "A minor",
    "tonality_confidence": 0.42693421244621277,
    "loop": false,
    "tempo": 131,
    "tempo_confidence": 0.0,
    "note_midi": 43,
    "note_name": "G2",
    "note_frequency": 97.72442626953125,
    "note_confidence": 0.2833704352378845,
    "hardness": 28.84033235627382,
    "depth": 69.143157778426,
    "brightness": 29.03903735888228,
    "roughness": 27.094887015983097,
    "warmth": 57.10299715820832,
    "sharpness": 28.62515279089488,
    "boominess": 58.61355827940247,
    "reverb": false,
    "genre": "Genre A",
    "mood": "Mood A"
}