{
    "duration": 1.8461250066757202,
    "lossless": 1.0,
    "codec": "pcm_s16le",
    "bitrate": 256000.0,
    "samplerate": 16000.0,
    "channels": 1.0,
    "audio_md5": "fd49c2fd3f6043d112a582dfe23e8c8b",
    "loudness": -21.74492645263672,
    "dynamic_range": 0.0,
    "temporal_centroid": 0.518085241317749,
    "log_attack_time": -0.3289930820465088,
    "filesize": 59120,
    "single_event": true,
    "tonality": "D# minor",
    "tonality_confidence": 0.5408684611320496,
    "loop": true,
    "tempo": 130,
    "tempo_confidence": 0.9999017119407654,
    "note_midi": 35,
    "note_name": "B1",
    "note_frequency": 62.458168029785156,
    "note_confidence": 0.33617180585861206,
    "hardness": 34.08917479460702,
    "depth": 68.41687802194996,
    "brightness": 30.677279884788042,
    "roughness": 29.81791859792435,
    "warmth": 59.73407325723356,
    "sharpness": 25.33127029393932,
    "boominess": 55.614491743143844,
    "reverb": false,
    "genre": "Genre A",
    "mood": "Mood A"
}