{
    "duration": 1.8461250066757202,
    "lossless": 1.0,
    "codec": "pcm_s16le",
    "bitrate": 256000.0,
    "samplerate": 16000.0,
    "channels": 1.0,
    "audio_md5": "a97be97896df5df6c806e016adb69976",
    "loudness": -32.73862075805664,
    "dynamic_range": 0.0,
    "temporal_centroid": 0.4985164999961853,
    "log_attack_time": -0.3260413408279419,
    "filesize": 59120,
    "single_event": true,
    "tonality": "D# minor",
    "tonality_confidence": 0.5703176856040955,
    "loop": true,
    "tempo": 130,
    "tempo_confidence": 0.9999017119407654,
    "note_midi": 38,
    "note_name": "D2",
    "note_frequency": 71.32662963867188,
    "note_confidence": 0.5033048391342163,
    "hardness": 41.258059930471845,
    "depth": 61.85629302375822,
    "brightness": 41.10868588464575,
    "roughness": 37.8768635707699,
    "warmth": 58.69308569686495,
    "sharpness": 16.480730187659784,
    "boominess": 49.850725104003416,
    "reverb": false,
    "genre": "Genre A",
    "mood": "Mood A"
}