{
    "duration": 1.8461250066757202,
    "lossless": 1.0,
    "codec": "pcm_s16le",
    "bitrate": 256000.0,
    "samplerate": 16000.0,
    "channels": 1.0,
    "audio_md5": "5f5e519ef9e5e4be822a237e09251c6e",
    "loudness": -32.850379943847656,
    "dynamic_range": 0.0,
    "temporal_centroid": 0.5090735554695129,
    "log_attack_time": -0.324812114238739,
    "filesize": 59120,
    "single_event": true,
    "tonality": "C# major",
    "tonality_confidence": 0.5331465601921082,
    "loop": true,
    "tempo": 130,
    "tempo_confidence": 0.9999017119407654,
    "note_midi": 38,
    "note_name": "D2",
    "note_frequency": 71.69970703125,
    "note_confidence": 0.541022002696991,
    "hardness": 38.73088600732069,
    "depth": 63.9632113149947,
    "brightness": 40.41930358778881,
    "roughness": 35.2012287361109,
    "warmth": 58.99702457613598,
    "sharpness": 18.55328355385009,
    "boominess": 50.062155063765076,
    "reverb": false,
    "genre": "Genre A",
    "mood": "Mood A"
}