{
    "duration": 1.8461250066757202,
    "lossless": 1.0,
    "codec": "pcm_s16le",
    "bitrate": 256000.0,
    "samplerate": 16000.0,
    "channels": 1.0,
    "audio_md5": "401020f5bdbbe96c50a9af9a2af2486e",
    "loudness": -22.12589454650879,
    "dynamic_range": 0.0,
    "temporal_centroid": 0.49081823229789734,
    "log_attack_time": 0.14758172631263733,
    "filesize": 59120,
    "single_event": true,
    "tonality": "G# major",
    "tonality_confidence": 0.501986563205719,
    "loop": false,
    "tempo": 129,
    "tempo_confidence": 0.0,
    "note_midi": 39,
    "note_name": "D#2",
    "note_frequency": 77.85441589355469,
    "note_confidence": 0.4004715085029602,
    "hardness": 30.470133964642912,
    "depth": 66.9273717121933,
    "brightness": 30.781484389690164,
    "roughness": 28.610510424943712,
    "warmth": 58.75809351601024,
    "sharpness": 20.112027500996426,
    "boominess": 57.870164582456596,
    "reverb": false,
    "genre": "Genre A",
    "mood": "Mood A"
}