{
    "duration": 1.8461250066757202,
    "lossless": 1.0,
    "codec": "pcm_s16le",
    "bitrate": 256000.0,
    "samplerate": 16000.0,
    "channels": 1.0,
    "audio_md5": "456e8ffd1cdc6605d97df5d53a8d5f09",
    "loudness": -21.530128479003906,
    "dynamic_range": 0.0,
    "temporal_centroid": 0.4086858332157135,
    "log_attack_time": -1.099131464958191,
    "filesize": 59120,
    "single_event": true,
    "tonality": "B major",
    "tonality_confidence": 0.21752575039863586,
    "loop": true,
    "tempo": 130,
    "tempo_confidence": 0.9999017119407654,
    "note_midi": 31,
    "note_name": "G1",
    "note_frequency": 49.504356384277344,
    "note_confidence": 0.4222922921180725,
    "hardness": 32.88400785522417,
    "depth": 66.3544195394869,
    "brightness": 31.674287453717334,
    "roughness": 36.999781906825405,
    "warmth": 59.23478502330546,
    "sharpness": 33.259979770430355,
    "boominess": 52.05806956381102,
    "reverb": false,
    "genre": "Genre A",
    "mood": "Mood A"
}