{
    "duration": 1.8461250066757202,
    "lossless": 1.0,
    "codec": "pcm_s16le",
    "bitrate": 256000.0,
    "samplerate": 16000.0,
    "channels": 1.0,
    "audio_md5": "5de50fcdc23605c1d95a6bf5b16a8167",
    "loudness": -26.054664611816406,
    "dynamic_range": 0.0,
    "temporal_centroid": 0.49841922521591187,
    "log_attack_time": 0.028074854984879494,
    "filesize": 59120,
    "single_event": true,
    "tonality": "B minor",
    "tonality_confidence": 0.3522327244281769,
    "loop": false,
    "tempo": 129,
    "tempo_confidence": 0.0,
    "note_midi": 45,
    "note_name": "A2",
    "note_frequency": 112.85244750976562,
    "note_confidence": 0.0,
    "hardness": 44.74282471151943,
    "depth": 67.69355121956333,
    "brightness": 37.69374647098824,
    "roughness": 33.54131020130822,
    "warmth": 62.07746637408899,
    "sharpness": 47.98320048812756,
    "boominess": 38.994650829452894,
    "reverb": false,
    "genre": "Genre A",
    "mood": "Mood A"
}