{
    "duration": 1.8461250066757202,
    "lossless": 1.0,
    "codec": "pcm_s16le",
    "bitrate": 256000.0,
    "samplerate": 16000.0,
    "channels": 1.0,
    "audio_md5": "760d7cdbd3242483b78a7f520ab6057a",
    "loudness": -32.74931716918945,
    "dynamic_range": 0.0,
    "temporal_centroid": 0.49384087324142456,
    "log_attack_time": -0.32393917441368103,
    "filesize": 59120,
    "single_event": true,
    "tonality": "D# major",
    "tonality_confidence": 0.663906455039978,
    "loop": true,
    "tempo": 130,
    "tempo_confidence": 0.9999017119407654,
    "note_midi": 37,
    "note_name": "C#2",
    "note_frequency": 70.51481628417969,
    "note_confidence": 0.48870396614074707,
    "hardness": 40.835007079608104,
    "depth": 61.75896537706513,
    "brightness": 41.30532669949797,
    "roughness": 37.76324586923002,
    "warmth": 57.70812899535957,
    "sharpness": 16.376731845889843,
    "boominess": 49.86100557800601,
    "reverb": false,
    "genre": "Genre A",
    "mood": "Mood A"
}