{
    "duration": 1.8461250066757202,
    "lossless": 1.0,
    "codec": "pcm_s16le",
    "bitrate": 256000.0,
    "samplerate": 16000.0,
    "channels": 1.0,
    "audio_md5": "3c4ac1b619e0bd510793239eb0895655",
    "loudness": -20.43213653564453,
    "dynamic_range": 0.0,
    "temporal_centroid": 0.5016886591911316,
    "log_attack_time": -0.31955966353416443,
    "filesize": 59120,
    "single_event": true,
    "tonality": "D major",
    "tonality_confidence": 0.40455615520477295,
    "loop": true,
    "tempo": 130,
    "tempo_confidence": 0.9999017119407654,
    "note_midi": 32,
    "note_name": "G#1",
    "note_frequency": 51.74853515625,
    "note_confidence": 0.25897616147994995,
    "hardness": 30.96439893735841,
    "depth": 68.85213822666717,
    "brightness": 27.011096484539774,
    "roughness": 30.617344513169666,
    "warmth": 59.33787877372123,
    "sharpness": 34.08022586571729,
    "boominess": 53.14347718296105,
    "reverb": false,
    "genre": "Genre A",
    "mood": "Mood A"
}