{
    "duration": 1.8461250066757202,
    "lossless": 1.0,
    "codec": "pcm_s16le",
    "bitrate": 256000.0,
    "samplerate": 16000.0,
    "channels": 1.0,
    "audio_md5": "6603d81837572eaabd7c8460d2787ab0",
    "loudness": -33.34840393066406,
    "dynamic_range": 0.0,
    "temporal_centroid": 0.46499255299568176,
    "log_attack_time": -0.3218678832054138,
    "filesize": 59120,
    "single_event": true,
    "tonality": "D# major",
    "tonality_confidence": 0.8530613780021667,
    "loop": true,
    "tempo": 130,
    "tempo_confidence": 0.9999017119407654,
    "note_midi": 38,
    "note_name": "D2",
    "note_frequency": 73.00702667236328,
    "note_confidence": 0.4821820855140686,
    "hardness": 43.19547051077362,
    "depth": 62.08658396882537,
    "brightness": 41.34397112396509,
    "roughness": 38.50323364206586,
    "warmth": 57.863206061879715,
    "sharpness": 16.054726020855902,
    "boominess": 50.135760765437226,
    "reverb": false,
    "genre": "Genre A",
    "mood": "Mood A"
}