{
    "duration": 1.8461250066757202,
    "lossless": 1.0,
    "codec": "pcm_s16le",
    "bitrate": 256000.0,
    "samplerate": 16000.0,
    "channels": 1.0,
    "audio_md5": "2c88be641cc1c3cbd743e78b633d0bd9",
    "loudness": -25.236080169677734,
    "dynamic_range": 0.0,
    "temporal_centroid": 0.49675896763801575,
    "log_attack_time": 0.028185684233903885,
    "filesize": 59120,
    "single_event": true,
    "tonality": "E minor",
    "tonality_confidence": 0.2807210087776184,
    "loop": false,
    "tempo": 126,
    "tempo_confidence": 0.0,
    "note_midi": 48,
    "note_name": "C3",
    "note_frequency": 134.13558959960938,
    "note_confidence": 0.09741300344467163,
    "hardness": 46.29548249492325,
    "depth": 67.08739194383844,
    "brightness": 37.876567984796,
    "roughness": 32.599313948051275,
    "warmth": 62.528667988190755,
    "sharpness": 48.143784873393344,
    "boominess": 38.77151917743534,
    "reverb": false,
    "genre": "Genre A",
    "mood": "Mood A"
}