{
    "duration": 1.8461250066757202,
    "lossless": 1.0,
    "codec": "pcm_s16le",
    "bitrate": 256000.0,
    "samplerate": 16000.0,
    "channels": 1.0,
    "audio_md5": "01db22644a0a3694dfdd77db44a5bc31",
    "loudness": -25.161216735839844,
    "dynamic_range": 0.0,
    "temporal_centroid": 0.4904390275478363,
    "log_attack_time": -0.8159075975418091,
    "filesize": 59120,
    "single_event": true,
    "tonality": "F# minor",
    "tonality_confidence": 0.4536784291267395,
    "loop": true,
    "tempo": 130,
    "tempo_confidence": 0.9999017119407654,
    "note_midi": 49,
    "note_name": "C#3",
    "note_frequency": 136.8759002685547,
    "note_confidence": 0.29594212770462036,
    "hardness": 47.12614351067728,
    "depth": 66.25769315787018,
    "brightness": 37.83453519713756,
    "roughness": 33.1996442463546,
    "warmth": 62.93325297501947,
    "sharpness": 47.762420749730325,
    "boominess": 38.97939116598681,
    "reverb": false,
    "genre": "Genre A",
    "mood": "Mood A"
}