{
    "duration": 1.8461250066757202,
    "lossless": 1.0,
    "codec": "pcm_s16le",
    "bitrate": 256000.0,
    "samplerate": 16000.0,
    "channels": 1.0,
    "audio_md5": "6bed7ab41a737a90cb662879b67235c2",
    "loudness": -31.474599838256836,
    "dynamic_range": 0.0,
    "temporal_centroid": 0.46096566319465637,
    "log_attack_time": -1.270240306854248,
    "filesize": 59120,
    "single_event": true,
    "tonality": "F# major",
    "tonality_confidence": 0.5863057971000671,
    "loop": false,
    "tempo": 123,
    "tempo_confidence": 0.0,
    "note_midi": 137,
    "note_name": "F10",
    "note_frequency": 22028.48828125,
    "note_confidence": 0.0,
    "hardness": 42.801154989833606,
    "depth": 70.41409459188361,
    "brightness": 38.63174041853679,
    "roughness": 0,
    "warmth": 63.09203673657655,
    "sharpness": 48.346863549270445,
    "boominess": 39.99251512043911,
    "reverb": false,
    "genre": "Genre A",
    "mood": "Mood A"
}