{
    "duration": 1.8461250066757202,
    "lossless": 1.0,
    "codec": "pcm_s16le",
    "bitrate": 256000.0,
    "samplerate": 16000.0,
    "channels": 1.0,
    "audio_md5": "d953e15a016e3c61d6356adf24379eb0",
    "loudness": -25.621572494506836,
    "dynamic_range": 0.0,
    "temporal_centroid": 0.49636104702949524,
    "log_attack_time": -0.8181045651435852,
    "filesize": 59120,
    "single_event": true,
    "tonality": "B minor",
    "tonality_confidence": 0.6077689528465271,
    "loop": false,
    "tempo": 129,
    "tempo_confidence": 0.0,
    "note_midi": 44,
    "note_name": "G#2",
    "note_frequency": 106.19102478027344,
    "note_confidence": 0.13376355171203613,
    "hardness": 46.13150693358861,
    "depth": 67.47967695307491,
    "brightness": 38.3527794545963,
    "roughness": 30.606902554843042,
    "warmth": 63.27097396300725,
    "sharpness": 47.614630885768314,
    "boominess": 39.076965052418856,
    "reverb": false,
    "genre": "Genre A",
    "mood": "Mood A"
}