{
    "duration": 1.8461250066757202,
    "lossless": 1.0,
    "codec": "pcm_s16le",
    "bitrate": 256000.0,
    "samplerate": 16000.0,
    "channels": 1.0,
    "audio_md5": "8ae86208e4509deb9e4765cf9f3d5a4a",
    "loudness": -30.437353134155273,
    "dynamic_range": 0.0,
    "temporal_centroid": 0.4990665316581726,
    "log_attack_time": 0.1414106786251068,
    "filesize": 59120,
    "single_event": true,
    "tonality": "C minor",
    "tonality_confidence": 0.4050150513648987,
    "loop": true,
    "tempo": 131,
    "tempo_confidence": 0.9605910778045654,
    "note_midi": 39,
    "note_name": "D#2",
    "note_frequency": 78.85199737548828,
    "note_confidence": 0.4684944152832031,
    "hardness": 41.64245580564534,
    "depth": 59.137833876991095,
    "brightness": 42.28717437652303,
    "roughness": 41.58798350433127,
    "warmth": 57.450519083597,
    "sharpness": 30.26895754040441,
    "boominess": 45.983748397555985,
    "reverb": false,
    "genre": "Genre A",
    "mood": "Mood A"
}