{
    "duration": 1.8461250066757202,
    "lossless": 1.0,
    "codec": "pcm_s16le",
    "bitrate": 256000.0,
    "samplerate": 16000.0,
    "channels": 1.0,
    "audio_md5": "81f45ebf720e4fa38d43228d9c1f368f",
    "loudness": -22.549137115478516,
    "dynamic_range": 0.0,
    "temporal_centroid": 0.5023122429847717,
    "log_attack_time": -0.32170259952545166,
    "filesize": 59120,
    "single_event": true,
    "tonality": "D# major",
    "tonality_confidence": 0.7126508951187134,
    "loop": false,
    "tempo": 123,
    "tempo_confidence": 0.0,
    "note_midi": 36,
    "note_name": "C2",
    "note_frequency": 64.33197021484375,
    "note_confidence": 0.3397812247276306,
    "hardness": 28.74428947470618,
    "depth": 68.89272405815997,
    "brightness": 31.387976991900942,
    "roughness": 33.297322141685214,
    "warmth": 60.705320560665015,
    "sharpness": 23.35931205412014,
    "boominess": 56.18862985796002,
    "reverb": false,
    "genre": "Genre A",
    "mood": "Mood A"
}