{
    "duration": 1.8461250066757202,
    "lossless": 1.0,
    "codec": "pcm_s16le",
    "bitrate": 256000.0,
    "samplerate": 16000.0,
    "channels": 1.0,
    "audio_md5": "8383561bcf6d0299213403028273ccad",
    "loudness": -27.38409996032715,
    "dynamic_range": 0.0,
    "temporal_centroid": 0.49065083265304565,
    "log_attack_time": -0.8921595811843872,
    "filesize": 59120,
    "single_event": true,
    "tonality": "E minor",
    "tonality_confidence": 0.646429181098938,
    "loop": true,
    "tempo": 130,
    "tempo_confidence": 0.9999017119407654,
    "note_midi": 44,
    "note_name": "G#2",
    "note_frequency": 101.26331329345703,
    "note_confidence": 0.0,
    "hardness": 45.33288444493044,
    "depth": 71.87837506748748,
    "brightness": 37.3935868555638,
    "roughness": 33.57215747422204,
    "warmth": 63.71875582570919,
    "sharpness": 47.51682663893483,
    "boominess": 39.47698433138922,
    "reverb": false,
    "genre": "Genre A",
    "mood": "Mood A"
}