{
    "duration": 1.8461250066757202,
    "lossless": 1.0,
    "codec": "pcm_s16le",
    "bitrate": 256000.0,
    "samplerate": 16000.0,
    "channels": 1.0,
    "audio_md5": "44a28464840ec21b9c46aa1bdf9b3e04",
    "loudness": -32.502742767333984,
    "dynamic_range": 0.0,
    "temporal_centroid": 0.5050272345542908,
    "log_attack_time": 0.1433051973581314,
    "filesize": 59120,
    "single_event": true,
    "tonality": "F major",
    "tonality_confidence": 0.5339164137840271,
    "loop": true,
    "tempo": 130,
    "tempo_confidence": 0.9999017119407654,
    "note_midi": 33,
    "note_name": "A1",
    "note_frequency": 53.78050231933594,
    "note_confidence": 0.5249976515769958,
    "hardness": 41.75317959241701,
    "depth": 64.3516770334968,
    "brightness": 42.68068798571537,
    "roughness": 41.40398304436633,
    "warmth": 57.70344502135315,
    "sharpness": 27.94309348376654,
    "boominess": 47.609308627075535,
    "reverb": false,
    "genre": "Genre A",
    "mood": "Mood A"
}