{
    "duration": 1.8461250066757202,
    "lossless": 1.0,
    "codec": "pcm_s16le",
    "bitrate": 256000.0,
    "samplerate": 16000.0,
    "channels": 1.0,
    "audio_md5": "20f0f5b84c5c5a37a86b2556cff3cac2",
    "loudness": -25.82277488708496,
    "dynamic_range": 0.0,
    "temporal_centroid": 0.5001499056816101,
    "log_attack_time": -0.9130915999412537,
    "filesize": 59120,
    "single_event": true,
    "tonality": "B minor",
    "tonality_confidence": 0.5989087820053101,
    "loop": true,
    "tempo": 130,
    "tempo_confidence": 0.9999017119407654,
    "note_midi": 44,
    "note_name": "G#2",
    "note_frequency": 102.21065521240234,
    "note_confidence": 0.0,
    "hardness": 45.358871203531464,
    "depth": 70.55481927007283,
    "brightness": 37.35816925808574,
    "roughness": 34.06119359920979,
    "warmth": 63.50589908626687,
    "sharpness": 46.733845609206924,
    "boominess": 39.88068016131105,
    "reverb": false,
    "genre": "Genre A",
    "mood": "Mood A"
}