{
    "duration": 1.8461250066757202,
    "lossless": 1.0,
    "codec": "pcm_s16le",
    "bitrate": 256000.0,
    "samplerate": 16000.0,
    "channels": 1.0,
    "audio_md5": "8a78d7bdfd33a6e641aba37086e73dea",
    "loudness": -32.70533752441406,
    "dynamic_range": 0.0,
    "temporal_centroid": 0.482515811920166,
    "log_attack_time": -0.3225295841693878,
    "filesize": 59120,
    "single_event": true,
    "tonality": "D# minor",
    "tonality_confidence": 0.8104747533798218,
    "loop": true,
    "tempo": 130,
    "tempo_confidence": 0.9999017119407654,
    "note_midi": 38,
    "note_name": "D2",
    "note_frequency": 71.39661407470703,
    "note_confidence": 0.46694135665893555,
    "hardness": 40.87723790660209,
    "depth": 62.03159178842005,
    "brightness": 40.871935269354836,
    "roughness": 38.5111315970902,
    "warmth": 56.908913295487494,
    "sharpness": 16.85349185577185,
    "boominess": 50.22128739652928,
    "reverb": false,
    "genre": "Genre A",
    "mood": "Mood A"
}