{
    "duration": 1.8461250066757202,
    "lossless": 1.0,
    "codec": "pcm_s16le",
    "bitrate": 256000.0,
    "samplerate": 16000.0,
    "channels": 1.0,
    "audio_md5": "c2640681f9e78a58198fff36f2e1068f",
    "loudness": -22.34053611755371,
    "dynamic_range": 0.0,
    "temporal_centroid": 0.4360300600528717,
    "log_attack_time": -0.7760292887687683,
    "filesize": 59120,
    "single_event": true,
    "tonality": "F# minor",
    "tonality_confidence": 0.3467482626438141,
    "loop": true,
    "tempo": 98,
    "tempo_confidence": 0.9825184941291809,
    "note_midi": 35,
    "note_name": "B1",
    "note_frequency": 60.463287353515625,
    "note_confidence": 0.16532498598098755,
    "hardness": 37.057828969316915,
    "depth": 67.09800609243499,
    "brightness": 32.86287506049354,
    "roughness": 35.417281397346066,
    "warmth": 62.26347246322077,
    "sharpness": 43.45554593266956,
    "boominess": 44.56356928387528,
    "reverb": false,
    "genre": "Genre A",
    "mood": "Mood A"
}