{
    "duration": 1.8461250066757202,
    "lossless": 1.0,
    "codec": "pcm_s16le",
    "bitrate": 256000.0,
    "samplerate": 16000.0,
    "channels": 1.0,
    "audio_md5": "6b8870753526830307205665771adf86",
    "loudness": -30.57206916809082,
    "dynamic_range": 0.0,
    "temporal_centroid": 0.5068520903587341,
    "log_attack_time": 0.13240057229995728,
    "filesize": 59120,
    "single_event": true,
    "tonality": "B major",
    "tonality_confidence": 0.8322884440422058,
    "loop": false,
    "tempo": 129,
    "tempo_confidence": 0.0,
    "note_midi": 41,
    "note_name": "F2",
    "note_frequency": 88.17940521240234,
    "note_confidence": 0.4852313995361328,
    "hardness": 42.444288494876986,
    "depth": 58.24515761614214,
    "brightness": 42.83941745198923,
    "roughness": 37.640284500376396,
    "warmth": 55.610137753029406,
    "sharpness": 25.534909731660235,
    "boominess": 46.87334943566465,
    "reverb": false,
    "genre": "Genre A",
    "mood": "Mood A"
}