{
    "duration": 1.8461250066757202,
    "lossless": 1.0,
    "codec": "pcm_s16le",
    "bitrate": 256000.0,
    "samplerate": 16000.0,
    "channels": 1.0,
    "audio_md5": "aab7ebe26e6f900a7e61c31fdb59ef7b",
    "loudness": -36.53058624267578,
    "dynamic_range": 0.0,
    "temporal_centroid": 0.4206404685974121,
    "log_attack_time": -1.2693238258361816,
    "filesize": 59120,
    "single_event": true,
    "tonality": "A# minor",
    "tonality_confidence": 0.49646538496017456,
    "loop": true,
    "tempo": 130,
    "tempo_confidence": 0.9999017119407654,
    "note_midi": 33,
    "note_name": "A1",
    "note_frequency": 55.609619140625,
    "note_confidence": 0.42231130599975586,
    "hardness": 44.98837887770242,
    "depth": 65.1796049478175,
    "brightness": 41.457833122584574,
    "roughness": 38.65413636048058,
    "warmth": 59.032153946598235,
    "sharpness": 27.58515472799916,
    "boominess": 48.76970678020767,
    "reverb": false,
    "genre": "Genre A",
    "mood": "Mood A"
}