{
    "duration": 1.8461250066757202,
    "lossless": 1.0,
    "codec": "pcm_s16le",
    "bitrate": 256000.0,
    "samplerate": 16000.0,
    "channels": 1.0,
    "audio_md5": "ca29df06765dfa4b0a629997e14b762d",
    "loudness": -22.5454044342041,
    "dynamic_range": 0.0,
    "temporal_centroid": 0.47663336992263794,
    "log_attack_time": -0.31335562467575073,
    "filesize": 59120,
    "single_event": true,
    "tonality": "A major",
    "tonality_confidence": 0.7230626344680786,
    "loop": false,
    "tempo": 129,
    "tempo_confidence": 0.0,
    "note_midi": 35,
    "note_name": "B1",
    "note_frequency": 63.446083068847656,
    "note_confidence": 0.3979960083961487,
    "hardness": 26.02895250585128,
    "depth": 68.34939675453474,
    "brightness": 30.456021327539485,
    "roughness": 29.90532939685377,
    "warmth": 59.45771652136211,
    "sharpness": 17.45361295834483,
    "boominess": 58.804238693008074,
    "reverb": false,
    "genre": "Genre A",
    "mood": "Mood A"
}