{
    "duration": 1.8461250066757202,
    "lossless": 1.0,
    "codec": "pcm_s16le",
    "bitrate": 256000.0,
    "samplerate": 16000.0,
    "channels": 1.0,
    "audio_md5": "81a5b6f41b1b25e208a5fdada7efb668",
    "loudness": -28.551746368408203,
    "dynamic_range": 0.0,
    "temporal_centroid": 0.4881785809993744,
    "log_attack_time": -0.815392255783081,
    "filesize": 59120,
    "single_event": true,
    "tonality": "B major",
    "tonality_confidence": 0.5562024116516113,
    "loop": true,
    "tempo": 130,
    "tempo_confidence": 0.9999017119407654,
    "note_midi": 50,
    "note_name": "D3",
    "note_frequency": 150.11378479003906,
    "note_confidence": 0.0,
    "hardness": 45.890361272591235,
    "depth": 68.78387882923408,
    "brightness": 37.38834977065831,
    "roughness": 29.418215365012838,
    "warmth": 63.11699164005664,
    "sharpness": 48.530621572790324,
    "boominess": 38.628322974122334,
    "reverb": false,
    "genre": "Genre A",
    "mood": "Mood A"
}