{
    "duration": 1.8461250066757202,
    "lossless": 1.0,
    "codec": "pcm_s16le",
    "bitrate": 256000.0,
    "samplerate": 16000.0,
    "channels": 1.0,
    "audio_md5": "b6336f24bdd49830922fc4333d2d2d55",
    "loudness": -26.550012588500977,
    "dynamic_range": 0.0,
    "temporal_centroid": 0.5198189616203308,
    "log_attack_time": 0.13548243045806885,
    "filesize": 59120,
    "single_event": true,
    "tonality": "A major",
    "tonality_confidence": 0.7396678924560547,
    "loop": true,
    "tempo": 131,
    "tempo_confidence": 0.9924746751785278,
    "note_midi": 40,
    "note_name": "E2",
    "note_frequency": 81.5274887084961,
    "note_confidence": 0.5027397871017456,
    "hardness": 39.000902826876356,
    "depth": 57.225958947303326,
    "brightness": 41.97864913647085,
    "roughness": 34.30373785742367,
    "warmth": 55.65982779340159,
    "sharpness": 22.29888009652488,
    "boominess": 47.53949137672451,
    "reverb": false,
    "genre": "Genre A",
    "mood": "Mood A"
}