{
    "duration": 1.8461250066757202,
    "lossless": 1.0,
    "codec": "pcm_s16le",
    "bitrate": 256000.0,
    "samplerate": 16000.0,
    "channels": 1.0,
    "audio_md5": "67544c81d1ff35c4fa7a5df86606592c",
    "loudness": -22.62324333190918,
    "dynamic_range": 0.0,
    "temporal_centroid": 0.48470261693000793,
    "log_attack_time": -0.32520756125450134,
    "filesize": 59120,
    "single_event": true,
    "tonality": "G minor",
    "tonality_confidence": 0.41831955313682556,
    "loop": false,
    "tempo": 129,
    "tempo_confidence": 0.0,
    "note_midi": 38,
    "note_name": "D2",
    "note_frequency": 72.58186340332031,
    "note_confidence": 0.3895832300186157,
    "hardness": 28.678788550758412,
    "depth": 68.21433247973566,
    "brightness": 30.814771319497588,
    "roughness": 26.230778846779746,
    "warmth": 56.052186474750904,
    "sharpness": 13.540423936186343,
    "boominess": 59.87992912928702,
    "reverb": false,
    "genre": "Genre A",
    "mood": "Mood A"
}