{
    "duration": 1.8461250066757202,
    "lossless": 1.0,
    "codec": "pcm_s16le",
    "bitrate": 256000.0,
    "samplerate": 16000.0,
    "channels": 1.0,
    "audio_md5": "30af6d98a6a0d01f0d55eaf60322771d",
    "loudness": -22.97171974182129,
    "dynamic_range": 0.0,
    "temporal_centroid": 0.4994778633117676,
    "log_attack_time": -0.3216612637042999,
    "filesize": 59120,
    "single_event": true,
    "tonality": "D# major",
    "tonality_confidence": 0.7757058143615723,
    "loop": true,
    "tempo": 130,
    "tempo_confidence": 0.9999017119407654,
    "note_midi": 35,
    "note_name": "B1",
    "note_frequency": 62.48171615600586,
    "note_confidence": 0.39225172996520996,
    "hardness": 30.519285914850045,
    "depth": 68.97898491527188,
    "brightness": 31.746408367904568,
    "roughness": 30.29077487456162,
    "warmth": 60.84301660549899,
    "sharpness": 23.330837909346762,
    "boominess": 56.06236788032014,
    "reverb": false,
    "genre": "Genre A",
    "mood": "Mood A"
}