{
    "duration": 1.8461250066757202,
    "lossless": 1.0,
    "codec": "pcm_s16le",
    "bitrate": 256000.0,
    "samplerate": 16000.0,
    "channels": 1.0,
    "audio_md5": "d545fd3032370856570eb5d60b9fe9d4",
    "loudness": -22.467639923095703,
    "dynamic_range": 0.0,
    "temporal_centroid": 0.5121786594390869,
    "log_attack_time": -0.32019731402397156,
    "filesize": 59120,
    "single_event": true,
    "tonality": "D# major",
    "tonality_confidence": 0.7378512620925903,
    "loop": true,
    "tempo": 130,
    "tempo_confidence": 0.9999017119407654,
    "note_midi": 36,
    "note_name": "C2",
    "note_frequency": 64.8944091796875,
    "note_confidence": 0.3658145070075989,
    "hardness": 33.93599597794521,
    "depth": 68.66615106643349,
    "brightness": 31.07676814735761,
    "roughness": 32.9651208260951,
    "warmth": 60.99770474894194,
    "sharpness": 20.182334217935335,
    "boominess": 57.165874278245,
    "reverb": false,
    "genre": "Genre A",
    "mood": "Mood A"
}