{
    "duration": 1.8461250066757202,
    "lossless": 1.0,
    "codec": "pcm_s16le",
    "bitrate": 256000.0,
    "samplerate": 16000.0,
    "channels": 1.0,
    "audio_md5": "1ffd0c9fe1918b6386e492fb360ae961",
    "loudness": -30.883752822875977,
    "dynamic_range": 0.0,
    "temporal_centroid": 0.47234177589416504,
    "log_attack_time": 0.13995756208896637,
    "filesize": 59120,
    "single_event": true,
    "tonality": "B minor",
    "tonality_confidence": 0.2903425395488739,
    "loop": false,
    "tempo": 126,
    "tempo_confidence": 0.0,
    "note_midi": 43,
    "note_name": "G2",
    "note_frequency": 100.19590759277344,
    "note_confidence": 0.5029716491699219,
    "hardness": 42.84653467355318,
    "depth": 54.08854016058254,
    "brightness": 43.582083086122,
    "roughness": 40.22506341011923,
    "warmth": 58.0145699122658,
    "sharpness": 27.915422351172676,
    "boominess": 44.74128661012833,
    "reverb": false,
    "genre": "Genre A",
    "mood": "Mood A"
}