{
    "duration": 1.8461250066757202,
    "lossless": 1.0,
    "codec": "pcm_s16le",
    "bitrate": 256000.0,
    "samplerate": 16000.0,
    "channels": 1.0,
    "audio_md5": "824c4fcb6c6f233d879efb6c8d6bd05c",
    "loudness": -31.49874496459961,
    "dynamic_range": 0.0,
    "temporal_centroid": 0.5230033993721008,
    "log_attack_time": 0.14175188541412354,
    "filesize": 59120,
    "single_event": true,
    "tonality": "E minor",
    "tonality_confidence": 0.7304624319076538,
    "loop": false,
    "tempo": 126,
    "tempo_confidence": 0.0,
    "note_midi": 43,
    "note_name": "G2",
    "note_frequency": 98.49227905273438,
    "note_confidence": 0.4877246022224426,
    "hardness": 41.68327362240542,
    "depth": 55.64269051427311,
    "brightness": 43.25001291690262,
    "roughness": 38.936181711253624,
    "warmth": 57.85979427648495,
    "sharpness": 29.893702506051714,
    "boominess": 44.608389295751536,
    "reverb": false,
    "genre": "Genre A",
    "mood": "Mood A"
}