{
    "duration": 1.8461250066757202,
    "lossless": 1.0,
    "codec": "pcm_s16le",
    "bitrate": 256000.0,
    "samplerate": 16000.0,
    "channels": 1.0,
    "audio_md5": "b8d9a563314fc1eb1c93a862e53e3776",
    "loudness": -34.1978759765625,
    "dynamic_range": 0.0,
    "temporal_centroid": 0.487085223197937,
    "log_attack_time": -1.312808871269226,
    "filesize": 59120,
    "single_event": true,
    "tonality": "F minor",
    "tonality_confidence": 0.5831294655799866,
    "loop": true,
    "tempo": 130,
    "tempo_confidence": 0.9999017119407654,
    "note_midi": 34,
    "note_name": "A#1",
    "note_frequency": 58.68583297729492,
    "note_confidence": 0.44084274768829346,
    "hardness": 37.32243172643477,
    "depth": 63.52714372228257,
    "brightness": 41.17326114024357,
    "roughness": 41.909754565543395,
    "warmth": 60.98133741011216,
    "sharpness": 24.785166168720664,
    "boominess": 47.35407108639792,
    "reverb": false,
    "genre": "Genre A",
    "mood": "Mood A"
}