{
    "duration": 1.8461250066757202,
    "lossless": 1.0,
    "codec": "pcm_s16le",
    "bitrate": 256000.0,
    "samplerate": 16000.0,
    "channels": 1.0,
    "audio_md5": "087066dc6295b38c4763b7463e7e6675",
    "loudness": -22.75934600830078,
    "dynamic_range": 0.0,
    "temporal_centroid": 0.42854422330856323,
    "log_attack_time": -0.7664915919303894,
    "filesize": 59120,
    "single_event": true,
    "tonality": "F minor",
    "tonality_confidence": 0.8034546971321106,
    "loop": false,
    "tempo": 111,
    "tempo_confidence": 0.0,
    "note_midi": 33,
    "note_name": "A1",
    "note_frequency": 55.382293701171875,
    "note_confidence": 0.23759812116622925,
    "hardness": 37.60964479402689,
    "depth": 70.35089348120322,
    "brightness": 32.39808316038071,
    "roughness": 36.97728433168997,
    "warmth": 62.81380503828274,
    "sharpness": 42.0248701391359,
    "boominess": 46.18810379303331,
    "reverb": false,
    "genre": "Genre A",
    "mood": "Mood A"
}