{
    "duration": 1.8461250066757202,
    "lossless": 1.0,
    "codec": "pcm_s16le",
    "bitrate": 256000.0,
    "samplerate": 16000.0,
    "channels": 1.0,
    "audio_md5": "32b1c7a7a6be53e7023bb2b4a79ebbb5",
    "loudness": -32.86872482299805,
    "dynamic_range": 0.0,
    "temporal_centroid": 0.5004115104675293,
    "log_attack_time": -0.34070268273353577,
    "filesize": 59120,
    "single_event": true,
    "tonality": "D# major",
    "tonality_confidence": 0.6027663350105286,
    "loop": false,
    "tempo": 128,
    "tempo_confidence": 0.0,
    "note_midi": 43,
    "note_name": "G2",
    "note_frequency": 99.10952758789062,
    "note_confidence": 0.49142009019851685,
    "hardness": 38.951780355734556,
    "depth": 60.265211912316126,
    "brightness": 40.71367363574092,
    "roughness": 41.438043547385945,
    "warmth": 60.09131027161456,
    "sharpness": 15.45396869062995,
    "boominess": 47.74150932876964,
    "reverb": false,
    "genre": "Genre A",
    "mood": "Mood A"
}