{
    "duration": 1.8461250066757202,
    "lossless": 1.0,
    "codec": "pcm_s16le",
    "bitrate": 256000.0,
    "samplerate": 16000.0,
    "channels": 1.0,
    "audio_md5": "c420fbf1915bf7470c067cc106a943d2",
    "loudness": -33.379188537597656,
    "dynamic_range": 0.0,
    "temporal_centroid": 0.48812583088874817,
    "log_attack_time": -0.3282584846019745,
    "filesize": 59120,
    "single_event": true,
    "tonality": "D# major",
    "tonality_confidence": 0.6463481783866882,
    "loop": true,
    "tempo": 130,
    "tempo_confidence": 0.9999017119407654,
    "note_midi": 38,
    "note_name": "D2",
    "note_frequency": 73.31309509277344,
    "note_confidence": 0.4636915326118469,
    "hardness": 41.16267254134577,
    "depth": 61.91079134451544,
    "brightness": 41.34354016898998,
    "roughness": 38.61971324761112,
    "warmth": 57.62822708240624,
    "sharpness": 16.51227299715581,
    "boominess": 50.015496332755106,
    "reverb": false,
    "genre": "Genre A",
    "mood": "Mood A"
}