{
    "duration": 1.8461250066757202,
    "lossless": 1.0,
    "codec": "pcm_s16le",
    "bitrate": 256000.0,
    "samplerate": 16000.0,
    "channels": 1.0,
    "audio_md5": "d900db88c4ebb7393ce1dc3aca2254e7",
    "loudness": -25.4849910736084,
    "dynamic_range": 0.0,
    "temporal_centroid": 0.5057967305183411,
    "log_attack_time": -0.02073453739285469,
    "filesize": 59120,
    "single_event": true,
    "tonality": "D# major",
    "tonality_confidence": 0.7273488640785217,
    "loop": false,
    "tempo": 129,
    "tempo_confidence": 0.0,
    "note_midi": 35,
    "note_name": "B1",
    "note_frequency": 62.58424377441406,
    "note_confidence": 0.418168306350708,
    "hardness": 32.04735926594324,
    "depth": 66.01340506187178,
    "brightness": 34.45519249392315,
    "roughness": 33.95137814029569,
    "warmth": 59.431946670745674,
    "sharpness": 21.76540841874986,
    "boominess": 55.05204808261509,
    "reverb": false,
    "genre": "Genre A",
    "mood": "Mood A"
}