{
    "duration": 1.8461250066757202,
    "lossless": 1.0,
    "codec": "pcm_s16le",
    "bitrate": 256000.0,
    "samplerate": 16000.0,
    "channels": 1.0,
    "audio_md5": "ab5149496809efbdc1159ec3d3e851d4",
    "loudness": -25.029891967773438,
    "dynamic_range": 0.0,
    "temporal_centroid": 0.4793265759944916,
    "log_attack_time": -0.8165525794029236,
    "filesize": 59120,
    "single_event": true,
    "tonality": "C# minor",
    "tonality_confidence": 0.296033650636673,
    "loop": true,
    "tempo": 130,
    "tempo_confidence": 0.9999017119407654,
    "note_midi": 46,
    "note_name": "A#2",
    "note_frequency": 117.8542251586914,
    "note_confidence": 0.24475008249282837,
    "hardness": 47.428535567865026,
    "depth": 65.40885602749789,
    "brightness": 37.49225661830346,
    "roughness": 34.24017110164252,
    "warmth": 63.324264364435145,
    "sharpness": 47.292626948702164,
    "boominess": 39.79256683503915,
    "reverb": false,
    "genre": "Genre A",
    "mood": "Mood A"
}