{
    "duration": 1.8461250066757202,
    "lossless": 1.0,
    "codec": "pcm_s16le",
    "bitrate": 256000.0,
    "samplerate": 16000.0,
    "channels": 1.0,
    "audio_md5": "b7edb9283517142c5a13461f095251c7",
    "loudness": -28.625587463378906,
    "dynamic_range": 0.0,
    "temporal_centroid": 0.4083154797554016,
    "log_attack_time": -1.3865201473236084,
    "filesize": 59120,
    "single_event": true,
    "tonality": "G# minor",
    "tonality_confidence": 0.4898761212825775,
    "loop": true,
    "tempo": 130,
    "tempo_confidence": 0.9999017119407654,
    "note_midi": 33,
    "note_name": "A1",
    "note_frequency": 53.64654541015625,
    "note_confidence": 0.3298269510269165,
    "hardness": 35.36211079835421,
    "depth": 68.34133393173909,
    "brightness": 33.52276161549328,
    "roughness": 33.66980994404743,
    "warmth": 60.330346597279494,
    "sharpness": 25.864816018856125,
    "boominess": 52.24508992072535,
    "reverb": false,
    "genre": "Genre A",
    "mood": "Mood A"
}