{
    "duration": 1.8461250066757202,
    "lossless": 1.0,
    "codec": "pcm_s16le",
    "bitrate": 256000.0,
    "samplerate": 16000.0,
    "channels": 1.0,
    "audio_md5": "c22ce3d104dfc1e700e2d83c7e0e04bc",
    "loudness": -31.089120864868164,
    "dynamic_range": 0.0,
    "temporal_centroid": 0.5109583735466003,
    "log_attack_time": 0.139800563454628,
    "filesize": 59120,
    "single_event": true,
    "tonality": "B minor",
    "tonality_confidence": 0.513515293598175,
    "loop": false,
    "tempo": 129,
    "tempo_confidence": 0.0,
    "note_midi": 43,
    "note_name": "G2",
    "note_frequency": 96.68838500976562,
    "note_confidence": 0.493485689163208,
    "hardness": 41.51486205972154,
    "depth": 54.58461639408967,
    "brightness": 43.52240460580532,
    "roughness": 39.26402002025281,
    "warmth": 57.465431955385306,
    "sharpness": 30.307320263116868,
    "boominess": 43.925615433826515,
    "reverb": false,
    "genre": "Genre A",
    "mood": "Mood A"
}