{
    "duration": 1.8461250066757202,
    "lossless": 1.0,
    "codec": "pcm_s16le",
    "bitrate": 256000.0,
    "samplerate": 16000.0,
    "channels": 1.0,
    "audio_md5": "5bc712179363c4eb641ecff14a3632e6",
    "loudness": -22.261165618896484,
    "dynamic_range": 0.0,
    "temporal_centroid": 0.4939071834087372,
    "log_attack_time": -0.3293924033641815,
    "filesize": 59120,
    "single_event": true,
    "tonality": "C major",
    "tonality_confidence": 0.5510158538818359,
    "loop": false,
    "tempo": 123,
    "tempo_confidence": 0.0,
    "note_midi": 35,
    "note_name": "B1",
    "note_frequency": 61.140682220458984,
    "note_confidence": 0.3152167797088623,
    "hardness": 31.883436708261783,
    "depth": 68.84411028411004,
    "brightness": 30.304298120747944,
    "roughness": 33.17819794663054,
    "warmth": 59.86536220497928,
    "sharpness": 25.630881113060063,
    "boominess": 56.37101187722209,
    "reverb": false,
    "genre": "Genre A",
    "mood": "Mood A"
}