{
    "duration": 1.8461250066757202,
    "lossless": 1.0,
    "codec": "pcm_s16le",
    "bitrate": 256000.0,
    "samplerate": 16000.0,
    "channels": 1.0,
    "audio_md5": "7245caa5505704978234e886093f539a",
    "loudness": -32.338375091552734,
    "dynamic_range": 0.0,
    "temporal_centroid": 0.48838311433792114,
    "log_attack_time": -0.3239392042160034,
    "filesize": 59120,
    "single_event": true,
    "tonality": "D# minor",
    "tonality_confidence": 0.8920202255249023,
    "loop": true,
    "tempo": 130,
    "tempo_confidence": 0.9999017119407654,
    "note_midi": 39,
    "note_name": "D#2",
    "note_frequency": 75.61460876464844,
    "note_confidence": 0.5314689874649048,
    "hardness": 40.2795432036056,
    "depth": 61.47927843541411,
    "brightness": 41.118710440541264,
    "roughness": 38.17114184387655,
    "warmth": 57.50167170258405,
    "sharpness": 15.692172710526684,
    "boominess": 50.16415285204024,
    "reverb": false,
    "genre": "Genre A",
    "mood": "Mood A"
}