{
    "duration": 1.8461250066757202,
    "lossless": 1.0,
    "codec": "pcm_s16le",
    "bitrate": 256000.0,
    "samplerate": 16000.0,
    "channels": 1.0,
    "audio_md5": "3b26e8c730e9b8f48aacc7bc8e34ad7a",
    "loudness": -33.3548469543457,
    "dynamic_range": 0.0,
    "temporal_centroid": 0.5096533894538879,
    "log_attack_time": -0.32689759135246277,
    "filesize": 59120,
    "single_event": true,
    "tonality": "D# minor",
    "tonality_confidence": 0.5447668433189392,
    "loop": true,
    "tempo": 130,
    "tempo_confidence": 0.9999017119407654,
    "note_midi": 37,
    "note_name": "C#2",
    "note_frequency": 70.81827545166016,
    "note_confidence": 0.5128148794174194,
    "hardness": 39.981125147774605,
    "depth": 61.60061148898636,
    "brightness": 41.7478147152688,
    "roughness": 38.44536199897853,
    "warmth": 58.86087700048231,
    "sharpness": 17.845072697658026,
    "boominess": 49.18757964460622,
    "reverb": false,
    "genre": "Genre A",
    "mood": "Mood A"
}