{
    "duration": 1.8461250066757202,
    "lossless": 1.0,
    "codec": "pcm_s16le",
    "bitrate": 256000.0,
    "samplerate": 16000.0,
    "channels": 1.0,
    "audio_md5": "af0423d3d48ba4ea9d429e824e1148b6",
    "loudness": -24.47116470336914,
    "dynamic_range": 0.0,
    "temporal_centroid": 0.5482399463653564,
    "log_attack_time": 0.15174706280231476,
    "filesize": 59120,
    "single_event": true,
    "tonality": "D# major",
    "tonality_confidence": 0.6418649554252625,
    "loop": true,
    "tempo": 130,
    "tempo_confidence": 0.9999017119407654,
    "note_midi": 35,
    "note_name": "B1",
    "note_frequency": 62.31440353393555,
    "note_confidence": 0.42385178804397583,
    "hardness": 29.772861969816134,
    "depth": 67.63160089737362,
    "brightness": 32.8041277602706,
    "roughness": 28.49065510651891,
    "warmth": 59.34868464033091,
    "sharpness": 22.135310112384932,
    "boominess": 56.362993796403664,
    "reverb": false,
    "genre": "Genre A",
    "mood": "Mood A"
}