{
    "duration": 1.8461250066757202,
    "lossless": 1.0,
    "codec": "pcm_s16le",
    "bitrate": 256000.0,
    "samplerate": 16000.0,
    "channels": 1.0,
    "audio_md5": "682ff53bcfa66acdc5b828f31fe627e6",
    "loudness": -32.78324508666992,
    "dynamic_range": 0.0,
    "temporal_centroid": 0.5056904554367065,
    "log_attack_time": 0.10158032178878784,
    "filesize": 59120,
    "single_event": true,
    "tonality": "G# major",
    "tonality_confidence": 0.7883214354515076,
    "loop": true,
    "tempo": 130,
    "tempo_confidence": 0.9999017119407654,
    "note_midi": 40,
    "note_name": "E2",
    "note_frequency": 83.33490753173828,
    "note_confidence": 0.5562900900840759,
    "hardness": 43.51956538653127,
    "depth": 60.16707725984254,
    "brightness": 42.94617703454708,
    "roughness": 38.28479521044383,
    "warmth": 57.82404668442607,
    "sharpness": 24.7108828033112,
    "boominess": 45.373859425788034,
    "reverb": false,
    "genre": "Genre A",
    "mood": "Mood A"
}