{
    "duration": 1.8461250066757202,
    "lossless": 1.0,
    "codec": "pcm_s16le",
    "bitrate": 256000.0,
    "samplerate": 16000.0,
    "channels": 1.0,
    "audio_md5": "85be5de10a6c8ddc9756b42a6ff4a5ed",
    "loudness": -23.361474990844727,
    "dynamic_range": 0.0,
    "temporal_centroid": 0.4700701832771301,
    "log_attack_time": -0.9270177483558655,
    "filesize": 59120,
    "single_event": true,
    "tonality": "G major",
    "tonality_confidence": 0.655596137046814,
    "loop": true,
    "tempo": 131,
    "tempo_confidence": 0.9959402680397034,
    "note_midi": 34,
    "note_name": "A#1",
    "note_frequency": 59.551544189453125,
    "note_confidence": 0.19536232948303223,
    "hardness": 44.05240931717259,
    "depth": 70.26110760198016,
    "brightness": 34.813349810730685,
    "roughness": 32.603088826580276,
    "warmth": 62.62398133370425,
    "sharpness": 46.069078769307076,
    "boominess": 41.645854660852365,
    "reverb": false,
    "genre": "Genre A",
    "mood": "Mood A"
}