{
    "duration": 1.8461250066757202,
    "lossless": 1.0,
    "codec": "pcm_s16le",
    "bitrate": 256000.0,
    "samplerate": 16000.0,
    "channels": 1.0,
    "audio_md5": "6d72e0e255006d3780531d35b78e53df",
    "loudness": -33.346214294433594,
    "dynamic_range": 0.0,
    "temporal_centroid": 0.4647296965122223,
    "log_attack_time": -1.5461410284042358,
    "filesize": 59120,
    "single_event": true,
    "tonality": "B major",
    "tonality_confidence": 0.44842517375946045,
    "loop": false,
    "tempo": 129,
    "tempo_confidence": 0.0,
    "note_midi": 36,
    "note_name": "C2",
    "note_frequency": 65.10929870605469,
    "note_confidence": 0.4690172076225281,
    "hardness": 38.624273558604386,
    "depth": 63.37685707114139,
    "brightness": 40.004757660663074,
    "roughness": 42.991438499144216,
    "warmth": 61.78516530584007,
    "sharpness": 23.64872356212546,
    "boominess": 46.50068743291041,
    "reverb": false,
    "genre": "Genre A",
    "mood": "Mood A"
}