{
    "duration": 1.8461250066757202,
    "lossless": 1.0,
    "codec": "pcm_s16le",
    "bitrate": 256000.0,
    "samplerate": 16000.0,
    "channels": 1.0,
    "audio_md5": "9913cea2a3f50e0b7806db09542f40f6",
    "loudness": -24.679943084716797,
    "dynamic_range": 0.0,
    "temporal_centroid": 0.5020264387130737,
    "log_attack_time": -0.018817514181137085,
    "filesize": 59120,
    "single_event": true,
    "tonality": "D# major",
    "tonality_confidence": 0.742173969745636,
    "loop": true,
    "tempo": 130,
    "tempo_confidence": 0.9999017119407654,
    "note_midi": 35,
    "note_name": "B1",
    "note_frequency": 61.2534065246582,
    "note_confidence": 0.30533379316329956,
    "hardness": 33.95429034635198,
    "depth": 66.00562352451242,
    "brightness": 33.806052048288095,
    "roughness": 31.41767933113006,
    "warmth": 59.58055866278309,
    "sharpness": 20.37317420423225,
    "boominess": 55.27496352022144,
    "reverb": false,
    "genre": "Genre A",
    "mood": "Mood A"
}