{
    "duration": 1.8461250066757202,
    "lossless": 1.0,
    "codec": "pcm_s16le",
    "bitrate": 256000.0,
    "samplerate": 16000.0,
    "channels": 1.0,
    "audio_md5": "30da5673b213a446af488553bb59ad4d",
    "loudness": -24.952184677124023,
    "dynamic_range": 0.0,
    "temporal_centroid": 0.5277083516120911,
    "log_attack_time": 0.1388430893421173,
    "filesize": 59120,
    "single_event": true,
    "tonality": "F# major",
    "tonality_confidence": 0.6506097316741943,
    "loop": true,
    "tempo": 131,
    "tempo_confidence": 0.9691065549850464,
    "note_midi": 43,
    "note_name": "G2",
    "note_frequency": 96.84547424316406,
    "note_confidence": 0.5488666296005249,
    "hardness": 34.15363613355824,
    "depth": 58.9034566935318,
    "brightness": 38.2712408620623,
    "roughness": 39.39929927524262,
    "warmth": 58.7496293903922,
    "sharpness": 28.87075985291945,
    "boominess": 45.48683608823967,
    "reverb": false,
    "genre": "Genre A",
    "mood": "Mood A"
}