{
    "duration": 1.8461250066757202,
    "lossless": 1.0,
    "codec": "pcm_s16le",
    "bitrate": 256000.0,
    "samplerate": 16000.0,
    "channels": 1.0,
    "audio_md5": "bf9a3f0f3af515df8831514746f21bb4",
    "loudness": -23.671510696411133,
    "dynamic_range": 0.0,
    "temporal_centroid": 0.47927939891815186,
    "log_attack_time": -0.3360876441001892,
    "filesize": 59120,
    "single_event": true,
    "tonality": "D# major",
    "tonality_confidence": 0.7362470030784607,
    "loop": false,
    "tempo": 120,
    "tempo_confidence": 0.0,
    "note_midi": 33,
    "note_name": "A1",
    "note_frequency": 53.86896514892578,
    "note_confidence": 0.37834203243255615,
    "hardness": 33.90879447619335,
    "depth": 69.93786806144017,
    "brightness": 32.18127574710309,
    "roughness": 32.93290502085909,
    "warmth": 59.61409135632517,
    "sharpness": 27.539034235567193,
    "boominess": 54.92293528940224,
    "reverb": false,
    "genre": "Genre A",
    "mood": "Mood A"
}