{
    "duration": 1.8461250066757202,
    "lossless": 1.0,
    "codec": "pcm_s16le",
    "bitrate": 256000.0,
    "samplerate": 16000.0,
    "channels": 1.0,
    "audio_md5": "19440bbe813600e93d954f97e6d22653",
    "loudness": -33.00035858154297,
    "dynamic_range": 0.0,
    "temporal_centroid": 0.4939759373664856,
    "log_attack_time": -0.33017095923423767,
    "filesize": 59120,
    "single_event": true,
    "tonality": "D minor",
    "tonality_confidence": 0.5399729013442993,
    "loop": true,
    "tempo": 130,
    "tempo_confidence": 0.9999017119407654,
    "note_midi": 38,
    "note_name": "D2",
    "note_frequency": 74.74178314208984,
    "note_confidence": 0.5543707609176636,
    "hardness": 40.6367544550496,
    "depth": 59.02718370314574,
    "brightness": 40.855542170312006,
    "roughness": 38.7194731697353,
    "warmth": 57.63192196473581,
    "sharpness": 17.007427730137717,
    "boominess": 47.91450665677183,
    "reverb": false,
    "genre": "Genre A",
    "mood": "Mood A"
}