{
    "duration": 1.8461250066757202,
    "lossless": 1.0,
    "codec": "pcm_s16le",
    "bitrate": 256000.0,
    "samplerate": 16000.0,
    "channels": 1.0,
    "audio_md5": "5117b278d344123b54a89dc93a415aeb",
    "loudness": -33.12311553955078,
    "dynamic_range": 0.0,
    "temporal_centroid": 0.46656909584999084,
    "log_attack_time": -0.034556176513433456,
    "filesize": 59120,
    "single_event": true,
    "tonality": "F minor",
    "tonality_confidence": 0.6688991189002991,
    "loop": true,
    "tempo": 130,
    "tempo_confidence": 0.9999017119407654,
    "note_midi": 35,
    "note_name": "B1",
    "note_frequency": 62.482879638671875,
    "note_confidence": 0.44021546840667725,
    "hardness": 44.016307921597786,
    "depth": 61.1990863008924,
    "brightness": 42.92854717913134,
    "roughness": 38.625038977114734,
    "warmth": 56.77094707112212,
    "sharpness": 13.478716930953716,
    "boominess": 50.40924300364822,
    "reverb": false,
    "genre": "Genre A",
    "mood": "Mood A"
}