{
    "duration": 1.8461250066757202,
    "lossless": 1.0,
    "codec": "pcm_s16le",
    "bitrate": 256000.0,
    "samplerate": 16000.0,
    "channels": 1.0,
    "audio_md5": "97d1ae58a3db51ee09d63166b407c2fe",
    "loudness": -25.62982177734375,
    "dynamic_range": 0.0,
    "temporal_centroid": 0.5120179057121277,
    "log_attack_time": -0.3209802508354187,
    "filesize": 59120,
    "single_event": true,
    "tonality": "A# minor",
    "tonality_confidence": 0.6868042349815369,
    "loop": true,
    "tempo": 130,
    "tempo_confidence": 0.9999017119407654,
    "note_midi": 33,
    "note_name": "A1",
    "note_frequency": 54.3381462097168,
    "note_confidence": 0.47096359729766846,
    "hardness": 33.10856090942788,
    "depth": 69.29771065528817,
    "brightness": 32.534104402447575,
    "roughness": 32.3327352810416,
    "warmth": 59.615036430572836,
    "sharpness": 28.83700184899199,
    "boominess": 53.247122632439954,
    "reverb": false,
    "genre": "Genre A",
    "mood": "Mood A"
}