{
    "duration": 1.8461250066757202,
    "lossless": 1.0,
    "codec": "pcm_s16le",
    "bitrate": 256000.0,
    "samplerate": 16000.0,
    "channels": 1.0,
    "audio_md5": "7ba49e8d93c580dde394936c14481666",
    "loudness": -23.663705825805664,
    "dynamic_range": 0.0,
    "temporal_centroid": 0.49655622243881226,
    "log_attack_time": -0.34262755513191223,
    "filesize": 59120,
    "single_event": true,
    "tonality": "G minor",
    "tonality_confidence": 0.6784149408340454,
    "loop": false,
    "tempo": 129,
    "tempo_confidence": 0.0,
    "note_midi": 34,
    "note_name": "A#1",
    "note_frequency": 58.762882232666016,
    "note_confidence": 0.40002530813217163,
    "hardness": 33.15394814336206,
    "depth": 69.217314642067,
    "brightness": 32.260335917361324,
    "roughness": 34.54584732367142,
    "warmth": 59.42445971388695,
    "sharpness": 30.10164260080826,
    "boominess": 53.28056092827336,
    "reverb": false,
    "genre": "Genre A",
    "mood": "Mood A"
}