{
    "duration": 1.8461250066757202,
    "lossless": 1.0,
    "codec": "pcm_s16le",
    "bitrate": 256000.0,
    "samplerate": 16000.0,
    "channels": 1.0,
    "audio_md5": "6b32b46c8f315dcb62802717b29769d6",
    "loudness": -25.848051071166992,
    "dynamic_range": 0.0,
    "temporal_centroid": 0.4311051368713379,
    "log_attack_time": -0.8816100358963013,
    "filesize": 59120,
    "single_event": true,
    "tonality": "G# major",
    "tonality_confidence": 0.6960828304290771,
    "loop": true,
    "tempo": 131,
    "tempo_confidence": 0.9577195644378662,
    "note_midi": 41,
    "note_name": "F2",
    "note_frequency": 89.43537902832031,
    "note_confidence": 0.030570387840270996,
    "hardness": 40.65600990183887,
    "depth": 67.91003162056592,
    "brightness": 36.797032231038244,
    "roughness": 33.005018153860064,
    "warmth": 61.96281384540915,
    "sharpness": 44.79370793221139,
    "boominess": 43.33278303364533,
    "reverb": false,
    "genre": "Genre A",
    "mood": "Mood A"
}