{
    "duration": 1.8461250066757202,
    "lossless": 1.0,
    "codec": "pcm_s16le",
    "bitrate": 256000.0,
    "samplerate": 16000.0,
    "channels": 1.0,
    "audio_md5": "2e5fcd5f4afaeba3dad8dae5ab238af4",
    "loudness": -21.966941833496094,
    "dynamic_range": 0.0,
    "temporal_centroid": 0.3560676574707031,
    "log_attack_time": -1.4891026020050049,
    "filesize": 59120,
    "single_event": true,
    "tonality": "G# major",
    "tonality_confidence": 0.6819038391113281,
    "loop": true,
    "tempo": 98,
    "tempo_confidence": 0.977481484413147,
    "note_midi": 35,
    "note_name": "B1",
    "note_frequency": 61.23597717285156,
    "note_confidence": 0.3803257942199707,
    "hardness": 32.83655551443832,
    "depth": 67.13878712292585,
    "brightness": 33.10024711245683,
    "roughness": 31.374769509817018,
    "warmth": 58.39889197016538,
    "sharpness": 28.56803438243,
    "boominess": 55.94927385695618,
    "reverb": false,
    "genre": "Genre A",
    "mood": "Mood A"
}