{
    "duration": 1.8461250066757202,
    "lossless": 1.0,
    "codec": "pcm_s16le",
    "bitrate": 256000.0,
    "samplerate": 16000.0,
    "channels": 1.0,
    "audio_md5": "017fd88b42cb696ff2fc7ba53e57350b",
    "loudness": -32.706233978271484,
    "dynamic_range": 0.0,
    "temporal_centroid": 0.47696995735168457,
    "log_attack_time": -0.33274829387664795,
    "filesize": 59120,
    "single_event": true,
    "tonality": "D# major",
    "tonality_confidence": 0.7760056257247925,
    "loop": true,
    "tempo": 130,
    "tempo_confidence": 0.9999017119407654,
    "note_midi": 37,
    "note_name": "C#2",
    "note_frequency": 71.2837142944336,
    "note_confidence": 0.4787682890892029,
    "hardness": 42.98358183032016,
    "depth": 58.88295527901361,
    "brightness": 42.53589435716573,
    "roughness": 41.901624753780915,
    "warmth": 58.225204998549096,
    "sharpness": 17.3578541095078,
    "boominess": 47.963584632371806,
    "reverb": false,
    "genre": "Genre A",
    "mood": "Mood A"
}