{
    "duration": 1.8461250066757202,
    "lossless": 1.0,
    "codec": "pcm_s16le",
    "bitrate": 256000.0,
    "samplerate": 16000.0,
    "channels": 1.0,
    "audio_md5": "0086e0ee1254084351ef2993fae85fc8",
    "loudness": -30.557985305786133,
    "dynamic_range": 0.0,
    "temporal_centroid": 0.5201826095581055,
    "log_attack_time": 0.14165949821472168,
    "filesize": 59120,
    "single_event": true,
    "tonality": "B minor",
    "tonality_confidence": 0.865069568157196,
    "loop": false,
    "tempo": 126,
    "tempo_confidence": 0.0,
    "note_midi": 44,
    "note_name": "G#2",
    "note_frequency": 105.42501068115234,
    "note_confidence": 0.4885648488998413,
    "hardness": 41.43219388721643,
    "depth": 55.026974628384245,
    "brightness": 43.17844241891458,
    "roughness": 37.98775697586112,
    "warmth": 57.03623363680542,
    "sharpness": 30.33712283028876,
    "boominess": 44.421499856642,
    "reverb": false,
    "genre": "Genre A",
    "mood": "Mood A"
}