{
    "duration": 1.8461250066757202,
    "lossless": 1.0,
    "codec": "pcm_s16le",
    "bitrate": 256000.0,
    "samplerate": 16000.0,
    "channels": 1.0,
    "audio_md5": "b7904d2f429fd45acbe71a6613fdb3f6",
    "loudness": -29.926021575927734,
    "dynamic_range": 0.0,
    "temporal_centroid": 0.5294988751411438,
    "log_attack_time": 0.13964353501796722,
    "filesize": 59120,
    "single_event": true,
    "tonality": "B minor",
    "tonality_confidence": 0.8162829875946045,
    "loop": false,
    "tempo": 126,
    "tempo_confidence": 0.0,
    "note_midi": 42,
    "note_name": "F#2",
    "note_frequency": 92.30427551269531,
    "note_confidence": 0.48530077934265137,
    "hardness": 42.53805564501408,
    "depth": 54.274377288152465,
    "brightness": 42.99245915241371,
    "roughness": 38.53922546913589,
    "warmth": 57.29742291884659,
    "sharpness": 30.1158251811787,
    "boominess": 44.5179851597909,
    "reverb": false,
    "genre": "Genre A",
    "mood": "Mood A"
}