{
    "duration": 1.8461250066757202,
    "lossless": 1.0,
    "codec": "pcm_s16le",
    "bitrate": 256000.0,
    "samplerate": 16000.0,
    "channels": 1.0,
    "audio_md5": "dba2cb400e6b57cd446548a0d900af49",
    "loudness": -32.192020416259766,
    "dynamic_range": 0.0,
    "temporal_centroid": 0.4867897629737854,
    "log_attack_time": -0.03259850665926933,
    "filesize": 59120,
    "single_event": true,
    "tonality": "F major",
    "tonality_confidence": 0.5425049662590027,
    "loop": true,
    "tempo": 130,
    "tempo_confidence": 0.9999017119407654,
    "note_midi": 33,
    "note_name": "A1",
    "note_frequency": 53.47904586791992,
    "note_confidence": 0.4003308415412903,
    "hardness": 40.56354614023459,
    "depth": 61.41956079110864,
    "brightness": 42.17074032707821,
    "roughness": 39.63535734340056,
    "warmth": 57.02538581764034,
    "sharpness": 24.95777587444098,
    "boominess": 48.285637944589716,
    "reverb": false,
    "genre": "Genre A",
    "mood": "Mood A"
}