{
    "duration": 1.8461250066757202,
    "lossless": 1.0,
    "codec": "pcm_s16le",
    "bitrate": 256000.0,
    "samplerate": 16000.0,
    "channels": 1.0,
    "audio_md5": "1bdde36ac3a3b3a584a07baafec2dfd0",
    "loudness": -33.97454833984375,
    "dynamic_range": 0.0,
    "temporal_centroid": 0.5298401713371277,
    "log_attack_time": -0.3325576186180115,
    "filesize": 59120,
    "single_event": true,
    "tonality": "G minor",
    "tonality_confidence": 0.380158007144928,
    "loop": true,
    "tempo": 131,
    "tempo_confidence": 0.974651575088501,
    "note_midi": 38,
    "note_name": "D2",
    "note_frequency": 72.33169555664062,
    "note_confidence": 0.5553690791130066,
    "hardness": 39.584566921460976,
    "depth": 62.44503655522938,
    "brightness": 42.278278102728606,
    "roughness": 41.12193797378457,
    "warmth": 58.23698295089231,
    "sharpness": 21.483701660966496,
    "boominess": 47.41117873583711,
    "reverb": false,
    "genre": "Genre A",
    "mood": "Mood A"
}