{
    "duration": 1.8461250066757202,
    "lossless": 1.0,
    "codec": "pcm_s16le",
    "bitrate": 256000.0,
    "samplerate": 16000.0,
    "channels": 1.0,
    "audio_md5": "1326286ad9d23cd074231c799a64ea23",
    "loudness": -34.631561279296875,
    "dynamic_range": 0.0,
    "temporal_centroid": 0.508493959903717,
    "log_attack_time": 0.14624756574630737,
    "filesize": 59120,
    "single_event": true,
    "tonality": "E minor",
    "tonality_confidence": 0.6006036996841431,
    "loop": true,
    "tempo": 130,
    "tempo_confidence": 0.9999017119407654,
    "note_midi": 42,
    "note_name": "F#2",
    "note_frequency": 92.0363998413086,
    "note_confidence": 0.4589040279388428,
    "hardness": 44.42455856786191,
    "depth": 58.608709449986726,
    "brightness": 44.12758587454385,
    "roughness": 40.53152240081893,
    "warmth": 56.56048616269232,
    "sharpness": 29.543013590173338,
    "boominess": 44.42058052086456,
    "reverb": false,
    "genre": "Genre A",
    "mood": "Mood A"
}