{
    "duration": 1.8461250066757202,
    "lossless": 1.0,
    "codec": "pcm_s16le",
    "bitrate": 256000.0,
    "samplerate": 16000.0,
    "channels": 1.0,
    "audio_md5": "dcf0b44e55c70049cb1925d6e3bd2447",
    "loudness": -30.614233016967773,
    "dynamic_range": 0.0,
    "temporal_centroid": 0.5095611214637756,
    "log_attack_time": 0.14013591408729553,
    "filesize": 59120,
    "single_event": true,
    "tonality": "B major",
    "tonality_confidence": 0.6201701164245605,
    "loop": false,
    "tempo": 126,
    "tempo_confidence": 0.0,
    "note_midi": 45,
    "note_name": "A2",
    "note_frequency": 109.56822967529297,
    "note_confidence": 0.4999632239341736,
    "hardness": 43.21906922733393,
    "depth": 54.9249949314396,
    "brightness": 43.327914928899,
    "roughness": 38.69765182480133,
    "warmth": 57.99450671501958,
    "sharpness": 30.3870871553957,
    "boominess": 44.028045529929436,
    "reverb": false,
    "genre": "Genre A",
    "mood": "Mood A"
}