{
    "duration": 1.8461250066757202,
    "lossless": 1.0,
    "codec": "pcm_s16le",
    "bitrate": 256000.0,
    "samplerate": 16000.0,
    "channels": 1.0,
    "audio_md5": "60d370cb252096fa70d59968e692010c",
    "loudness": -31.15338897705078,
    "dynamic_range": 0.0,
    "temporal_centroid": 0.42710739374160767,
    "log_attack_time": -2.3964662551879883,
    "filesize": 59120,
    "single_event": true,
    "tonality": "C major",
    "tonality_confidence": 0.43068811297416687,
    "loop": false,
    "tempo": 85,
    "tempo_confidence": 0.0,
    "note_midi": 36,
    "note_name": "C2",
    "note_frequency": 64.4404525756836,
    "note_confidence": 0.4557749629020691,
    "hardness": 41.87809258260461,
    "depth": 62.27856251360013,
    "brightness": 42.57924699337255,
    "roughness": 38.423239090572515,
    "warmth": 55.83207407601505,
    "sharpness": 12.857312749712673,
    "boominess": 53.37499039592025,
    "reverb": false,
    "genre": "Genre A",
    "mood": "Mood A"
}