{
    "duration": 1.8461250066757202,
    "lossless": 1.0,
    "codec": "pcm_s16le",
    "bitrate": 256000.0,
    "samplerate": 16000.0,
    "channels": 1.0,
    "audio_md5": "6f4c32ecde917f9104f4641a391fde97",
    "loudness": -25.689767837524414,
    "dynamic_range": 0.0,
    "temporal_centroid": 0.4694572985172272,
    "log_attack_time": -1.7269335985183716,
    "filesize": 59120,
    "single_event": true,
    "tonality": "B major",
    "tonality_confidence": 0.38862624764442444,
    "loop": false,
    "tempo": 172,
    "tempo_confidence": 0.0,
    "note_midi": 44,
    "note_name": "G#2",
    "note_frequency": 105.43229675292969,
    "note_confidence": 0.5442811250686646,
    "hardness": 39.709066684544496,
    "depth": 60.83300929574983,
    "brightness": 37.666077129831976,
    "roughness": 37.73655037868346,
    "warmth": 55.81384858408838,
    "sharpness": 24.428927220300572,
    "boominess": 47.884789916476265,
    "reverb": false,
    "genre": "Genre A",
    "mood": "Mood A"
}