{
    "duration": 1.8461250066757202,
    "lossless": 1.0,
    "codec": "pcm_s16le",
    "bitrate": 256000.0,
    "samplerate": 16000.0,
    "channels": 1.0,
    "audio_md5": "80fd7d463a64625c4b3ee9bb422fbb00",
    "loudness": -24.207216262817383,
    "dynamic_range": 0.0,
    "temporal_centroid": 0.36452946066856384,
    "log_attack_time": -1.3659136295318604,
    "filesize": 59120,
    "single_event": true,
    "tonality": "C# major",
    "tonality_confidence": 0.7271150946617126,
    "loop": false,
    "tempo": 129,
    "tempo_confidence": 0.0,
    "note_midi": 35,
    "note_name": "B1",
    "note_frequency": 63.344276428222656,
    "note_confidence": 0.3118002414703369,
    "hardness": 38.357970566893925,
    "depth": 66.91340084591434,
    "brightness": 37.06888457459934,
    "roughness": 32.15945060364606,
    "warmth": 55.99337786009176,
    "sharpness": 33.094995037098506,
    "boominess": 54.74946592111239,
    "reverb": false,
    "genre": "Genre A",
    "mood": "Mood A"
}