{
    "duration": 1.8461250066757202,
    "lossless": 1.0,
    "codec": "pcm_s16le",
    "bitrate": 256000.0,
    "samplerate": 16000.0,
    "channels": 1.0,
    "audio_md5": "f8d00644feaa362bea9ca683eab9593a",
    "loudness": -31.442352294921875,
    "dynamic_range": 0.0,
    "temporal_centroid": 0.4130531847476959,
    "log_attack_time": -2.0391337871551514,
    "filesize": 59120,
    "single_event": true,
    "tonality": "D minor",
    "tonality_confidence": 0.5830987691879272,
    "loop": false,
    "tempo": 165,
    "tempo_confidence": 0.0,
    "note_midi": 41,
    "note_name": "F2",
    "note_frequency": 86.76111602783203,
    "note_confidence": 0.42849206924438477,
    "hardness": 48.14358278792176,
    "depth": 62.84164207737552,
    "brightness": 43.56875252961362,
    "roughness": 37.44399305781119,
    "warmth": 54.13743913007273,
    "sharpness": 22.760284193674877,
    "boominess": 52.235162580498454,
    "reverb": false,
    "genre": "Genre A",
    "mood": "Mood A"
}