{
    "duration": 1.8461250066757202,
    "lossless": 1.0,
    "codec": "pcm_s16le",
    "bitrate": 256000.0,
    "samplerate": 16000.0,
    "channels": 1.0,
    "audio_md5": "9e6cabda822ca93f5d7b5eb28d5ff237",
    "loudness": -19.08285903930664,
    "dynamic_range": 0.0,
    "temporal_centroid": 0.42213165760040283,
    "log_attack_time": -1.223328709602356,
    "filesize": 59120,
    "single_event": true,
    "tonality": "D minor",
    "tonality_confidence": 0.44734635949134827,
    "loop": true,
    "tempo": 88,
    "tempo_confidence": 0.9509115815162659,
    "note_midi": 35,
    "note_name": "B1",
    "note_frequency": 62.502288818359375,
    "note_confidence": 0.2868027091026306,
    "hardness": 32.494011025633355,
    "depth": 67.78890455369695,
    "brightness": 32.04648182830415,
    "roughness": 26.501538542989785,
    "warmth": 57.8549475378838,
    "sharpness": 23.639505203357132,
    "boominess": 59.52602669231544,
    "reverb": false,
    "genre": "Genre A",
    "mood": "Mood A"
}