{
    "duration": 1.8461250066757202,
    "lossless": 1.0,
    "codec": "pcm_s16le",
    "bitrate": 256000.0,
    "samplerate": 16000.0,
    "channels": 1.0,
    "audio_md5": "866949b07036c586f0dc16dc1d8de2e7",
    "loudness": -19.784238815307617,
    "dynamic_range": 0.0,
    "temporal_centroid": 0.4003099799156189,
    "log_attack_time": -1.314024806022644,
    "filesize": 59120,
    "single_event": true,
    "tonality": "C major",
    "tonality_confidence": 0.6884052157402039,
    "loop": false,
    "tempo": 167,
    "tempo_confidence": 0.0,
    "note_midi": 35,
    "note_name": "B1",
    "note_frequency": 62.459739685058594,
    "note_confidence": 0.29303503036499023,
    "hardness": 34.21199017723279,
    "depth": 67.86451070292517,
    "brightness": 32.79038552407329,
    "roughness": 25.96978457424051,
    "warmth": 54.68896113015604,
    "sharpness": 26.8539237495,
    "boominess": 58.613647758454306,
    "reverb": false,
    "genre": "Genre A",
    "mood": "Mood A"
}