{
    "duration": 1.8461250066757202,
    "lossless": 1.0,
    "codec": "pcm_s16le",
    "bitrate": 256000.0,
    "samplerate": 16000.0,
    "channels": 1.0,
    "audio_md5": "c19ed63d9531e540ae63b8f7c71000d4",
    "loudness": -18.43349838256836,
    "dynamic_range": 0.0,
    "temporal_centroid": 0.4154350757598877,
    "log_attack_time": -1.2251437902450562,
    "filesize": 59120,
    "single_event": true,
    "tonality": "F# minor",
    "tonality_confidence": 0.8007736206054688,
    "loop": true,
    "tempo": 87,
    "tempo_confidence": 0.9954625964164734,
    "note_midi": 35,
    "note_name": "B1",
    "note_frequency": 62.46078109741211,
    "note_confidence": 0.2766371965408325,
    "hardness": 33.90557274023848,
    "depth": 67.46023976009701,
    "brightness": 31.858295208582135,
    "roughness": 23.17370961937568,
    "warmth": 57.484611959017194,
    "sharpness": 29.86856442834717,
    "boominess": 58.26080208092563,
    "reverb": false,
    "genre": "Genre A",
    "mood": "Mood A"
}