{
    "duration": 1.8461250066757202,
    "lossless": 1.0,
    "codec": "pcm_s16le",
    "bitrate": 256000.0,
    "samplerate": 16000.0,
    "channels": 1.0,
    "audio_md5": "c668a20941c52358be2cee353bc20e23",
    "loudness": -19.246828079223633,
    "dynamic_range": 0.0,
    "temporal_centroid": 0.4157157242298126,
    "log_attack_time": -1.2216843366622925,
    "filesize": 59120,
    "single_event": true,
    "tonality": "D minor",
    "tonality_confidence": 0.8472291827201843,
    "loop": true,
    "tempo": 87,
    "tempo_confidence": 0.9963831901550293,
    "note_midi": 35,
    "note_name": "B1",
    "note_frequency": 62.43400573730469,
    "note_confidence": 0.2946348786354065,
    "hardness": 32.82240866162989,
    "depth": 68.73508879406523,
    "brightness": 32.90354226521846,
    "roughness": 27.012910478124226,
    "warmth": 58.14836185489079,
    "sharpness": 23.793923054165624,
    "boominess": 58.9030996242601,
    "reverb": false,
    "genre": "Genre A",
    "mood": "Mood A"
}