{
    "duration": 1.8461250066757202,
    "lossless": 1.0,
    "codec": "pcm_s16le",
    "bitrate": 256000.0,
    "samplerate": 16000.0,
    "channels": 1.0,
    "audio_md5": "c9c758913b5b1ae09446b6f2cedf5ddc",
    "loudness": -25.622587203979492,
    "dynamic_range": 0.0,
    "temporal_centroid": 0.42150986194610596,
    "log_attack_time": -1.6384010314941406,
    "filesize": 59120,
    "single_event": true,
    "tonality": "C# major",
    "tonality_confidence": 0.6122981905937195,
    "loop": false,
    "tempo": 131,
    "tempo_confidence": 0.0,
    "note_midi": 34,
    "note_name": "A#1",
    "note_frequency": 59.475372314453125,
    "note_confidence": 0.2839488387107849,
    "hardness": 32.744607349433835,
    "depth": 65.28776568562068,
    "brightness": 34.7155628711254,
    "roughness": 32.930604285175036,
    "warmth": 59.53007045901849,
    "sharpness": 20.830294244231595,
    "boominess": 57.63827576571688,
    "reverb": false,
    "genre": "Genre A",
    "mood": "Mood A"
}