{
    "duration": 1.8461250066757202,
    "lossless": 1.0,
    "codec": "pcm_s16le",
    "bitrate": 256000.0,
    "samplerate": 16000.0,
    "channels": 1.0,
    "audio_md5": "71f922d6b9c4736b7aca60412eb445c8",
    "loudness": -20.54157257080078,
    "dynamic_range": 0.0,
    "temporal_centroid": 0.40183067321777344,
    "log_attack_time": -1.3183075189590454,
    "filesize": 59120,
    "single_event": true,
    "tonality": "C major",
    "tonality_confidence": 0.6533529162406921,
    "loop": false,
    "tempo": 164,
    "tempo_confidence": 0.0,
    "note_midi": 35,
    "note_name": "B1",
    "note_frequency": 60.23344802856445,
    "note_confidence": 0.2775772213935852,
    "hardness": 31.01579342074075,
    "depth": 68.58628809232789,
    "brightness": 33.609899601055865,
    "roughness": 27.43405210876264,
    "warmth": 56.20592055543919,
    "sharpness": 16.420230931209478,
    "boominess": 60.574245294937285,
    "reverb": false,
    "genre": "Genre A",
    "mood": "Mood A"
}