{
    "duration": 1.8461250066757202,
    "lossless": 1.0,
    "codec": "pcm_s16le",
    "bitrate": 256000.0,
    "samplerate": 16000.0,
    "channels": 1.0,
    "audio_md5": "6253b5e9182385a949e7c4395eb24033",
    "loudness": -26.987167358398438,
    "dynamic_range": 0.0,
    "temporal_centroid": 0.4342297315597534,
    "log_attack_time": -1.7551372051239014,
    "filesize": 59120,
    "single_event": true,
    "tonality": "C# minor",
    "tonality_confidence": 0.23125824332237244,
    "loop": false,
    "tempo": 167,
    "tempo_confidence": 0.0,
    "note_midi": 36,
    "note_name": "C2",
    "note_frequency": 64.43502044677734,
    "note_confidence": 0.4628009796142578,
    "hardness": 40.5349712418373,
    "depth": 59.82714588788734,
    "brightness": 41.2383418806864,
    "roughness": 35.845717756121125,
    "warmth": 53.4235801124717,
    "sharpness": 27.640112713399034,
    "boominess": 48.12119173832639,
    "reverb": false,
    "genre": "Genre A",
    "mood": "Mood A"
}