{
    "duration": 1.8461250066757202,
    "lossless": 1.0,
    "codec": "pcm_s16le",
    "bitrate": 256000.0,
    "samplerate": 16000.0,
    "channels": 1.0,
    "audio_md5": "ee45de0e3b860d92271d825bbe684203",
    "loudness": -19.235475540161133,
    "dynamic_range": 0.0,
    "temporal_centroid": 0.42020657658576965,
    "log_attack_time": -1.1671726703643799,
    "filesize": 59120,
    "single_event": true,
    "tonality": "C major",
    "tonality_confidence": 0.5288776159286499,
    "loop": false,
    "tempo": 167,
    "tempo_confidence": 0.0,
    "note_midi": 35,
    "note_name": "B1",
    "note_frequency": 61.342185974121094,
    "note_confidence": 0.16596823930740356,
    "hardness": 32.59592389388058,
    "depth": 68.82087321076023,
    "brightness": 32.82663810717874,
    "roughness": 28.546509444264004,
    "warmth": 56.2980369985993,
    "sharpness": 29.120871791702456,
    "boominess": 57.521230444833115,
    "reverb": false,
    "genre": "Genre A",
    "mood": "Mood A"
}