{
    "duration": 1.8461250066757202,
    "lossless": 1.0,
    "codec": "pcm_s16le",
    "bitrate": 256000.0,
    "samplerate": 16000.0,
    "channels": 1.0,
    "audio_md5": "fe0b98e3a25cac42b7cbbae7d6a5bd40",
    "loudness": -30.541505813598633,
    "dynamic_range": 0.0,
    "temporal_centroid": 0.40618589520454407,
    "log_attack_time": -2.40388822555542,
    "filesize": 59120,
    "single_event": true,
    "tonality": "D minor",
    "tonality_confidence": 0.45371004939079285,
    "loop": false,
    "tempo": 167,
    "tempo_confidence": 0.0,
    "note_midi": 37,
    "note_name": "C#2",
    "note_frequency": 70.41436767578125,
    "note_confidence": 0.4561867117881775,
    "hardness": 40.60964884182502,
    "depth": 62.342391713332916,
    "brightness": 42.67379004716117,
    "roughness": 36.64700143881183,
    "warmth": 55.179443798918975,
    "sharpness": 10.015879483348805,
    "boominess": 53.89954352759871,
    "reverb": false,
    "genre": "Genre A",
    "mood": "Mood A"
}