{
    "duration": 1.8461250066757202,
    "lossless": 1.0,
    "codec": "pcm_s16le",
    "bitrate": 256000.0,
    "samplerate": 16000.0,
    "channels": 1.0,
    "audio_md5": "3bd37ddd3c56687f00b2e5284fa28187",
    "loudness": -18.838499069213867,
    "dynamic_range": 0.0,
    "temporal_centroid": 0.3914673626422882,
    "log_attack_time": -1.4692165851593018,
    "filesize": 59120,
    "single_event": true,
    "tonality": "D# minor",
    "tonality_confidence": 0.36490970849990845,
    "loop": true,
    "tempo": 93,
    "tempo_confidence": 0.9650635123252869,
    "note_midi": 39,
    "note_name": "D#2",
    "note_frequency": 77.88256072998047,
    "note_confidence": 0.23075169324874878,
    "hardness": 31.522257498888223,
    "depth": 67.7611740818794,
    "brightness": 29.878920430853398,
    "roughness": 28.710909202415003,
    "warmth": 55.106036162396364,
    "sharpness": 34.625696785022036,
    "boominess": 57.43005344430814,
    "reverb": false,
    "genre": "Genre A",
    "mood": "Mood A"
}