{
    "duration": 1.8461250066757202,
    "lossless": 1.0,
    "codec": "pcm_s16le",
    "bitrate": 256000.0,
    "samplerate": 16000.0,
    "channels": 1.0,
    "audio_md5": "ac09ba3a172483c8a9c02c9dcbfe73b2",
    "loudness": -18.820341110229492,
    "dynamic_range": 0.0,
    "temporal_centroid": 0.424495130777359,
    "log_attack_time": -1.2346742153167725,
    "filesize": 59120,
    "single_event": true,
    "tonality": "A minor",
    "tonality_confidence": 0.6171616315841675,
    "loop": true,
    "tempo": 86,
    "tempo_confidence": 0.9951897263526917,
    "note_midi": 38,
    "note_name": "D2",
    "note_frequency": 74.82716369628906,
    "note_confidence": 0.32570934295654297,
    "hardness": 31.742937279620804,
    "depth": 68.12740460319719,
    "brightness": 30.971622415100516,
    "roughness": 22.035280958599433,
    "warmth": 55.64296553917528,
    "sharpness": 28.59573000928775,
    "boominess": 58.20437084155838,
    "reverb": false,
    "genre": "Genre A",
    "mood": "Mood A"
}