{
    "duration": 1.8461250066757202,
    "lossless": 1.0,
    "codec": "pcm_s16le",
    "bitrate": 256000.0,
    "samplerate": 16000.0,
    "channels": 1.0,
    "audio_md5": "561676880025cf6b2bef8c201b6daac3",
    "loudness": -19.206642150878906,
    "dynamic_range": 0.0,
    "temporal_centroid": 0.41995713114738464,
    "log_attack_time": -1.2151708602905273,
    "filesize": 59120,
    "single_event": true,
    "tonality": "D major",
    "tonality_confidence": 0.4534977972507477,
    "loop": true,
    "tempo": 88,
    "tempo_confidence": 0.9521088600158691,
    "note_midi": 34,
    "note_name": "A#1",
    "note_frequency": 58.92080307006836,
    "note_confidence": 0.31954246759414673,
    "hardness": 32.20693211051099,
    "depth": 68.45600581891816,
    "brightness": 32.414291382241046,
    "roughness": 29.171163728558657,
    "warmth": 57.57082191598402,
    "sharpness": 21.58159471618803,
    "boominess": 59.20959950272663,
    "reverb": false,
    "genre": "Genre A",
    "mood": "Mood A"
}