{
    "duration": 1.8461250066757202,
    "lossless": 1.0,
    "codec": "pcm_s16le",
    "bitrate": 256000.0,
    "samplerate": 16000.0,
    "channels": 1.0,
    "audio_md5": "a9b722a532c88b32019355eb0e2f169a",
    "loudness": -30.120737075805664,
    "dynamic_range": 0.0,
    "temporal_centroid": 0.40402668714523315,
    "log_attack_time": -2.3940157890319824,
    "filesize": 59120,
    "single_event": true,
    "tonality": "C# minor",
    "tonality_confidence": 0.5901646018028259,
    "loop": false,
    "tempo": 167,
    "tempo_confidence": 0.0,
    "note_midi": 37,
    "note_name": "C#2",
    "note_frequency": 70.0262680053711,
    "note_confidence": 0.49693870544433594,
    "hardness": 41.84882007703284,
    "depth": 61.52527482951518,
    "brightness": 42.02101167949452,
    "roughness": 35.70963452507335,
    "warmth": 54.58327703350507,
    "sharpness": 19.57525355888675,
    "boominess": 52.28875328806058,
    "reverb": false,
    "genre": "Genre A",
    "mood": "Mood A"
}