{
    "duration": 1.8461250066757202,
    "lossless": 1.0,
    "codec": "pcm_s16le",
    "bitrate": 256000.0,
    "samplerate": 16000.0,
    "channels": 1.0,
    "audio_md5": "32f7ad7ede33f2c451908b53df2d1fba",
    "loudness": -29.152130126953125,
    "dynamic_range": 0.0,
    "temporal_centroid": 0.4167386591434479,
    "log_attack_time": -2.408909797668457,
    "filesize": 59120,
    "single_event": true,
    "tonality": "D# minor",
    "tonality_confidence": 0.5828761458396912,
    "loop": false,
    "tempo": 167,
    "tempo_confidence": 0.0,
    "note_midi": 35,
    "note_name": "B1",
    "note_frequency": 63.434574127197266,
    "note_confidence": 0.44070684909820557,
    "hardness": 42.25792960695527,
    "depth": 61.581660575596764,
    "brightness": 42.349555250042215,
    "roughness": 36.49076173120245,
    "warmth": 55.505448069288605,
    "sharpness": 8.234087079066693,
    "boominess": 54.108435205163445,
    "reverb": false,
    "genre": "Genre A",
    "mood": "Mood A"
}