{
    "duration": 1.8461250066757202,
    "lossless": 1.0,
    "codec": "pcm_s16le",
    "bitrate": 256000.0,
    "samplerate": 16000.0,
    "channels": 1.0,
    "audio_md5": "873a5316ee0120ae48d61989bddc7e87",
    "loudness": -31.226232528686523,
    "dynamic_range": 0.0,
    "temporal_centroid": 0.4092804491519928,
    "log_attack_time": -2.3940157890319824,
    "filesize": 59120,
    "single_event": true,
    "tonality": "D minor",
    "tonality_confidence": 0.4892175793647766,
    "loop": true,
    "tempo": 129,
    "tempo_confidence": 0.9521247148513794,
    "note_midi": 36,
    "note_name": "C2",
    "note_frequency": 65.90702819824219,
    "note_confidence": 0.47236907482147217,
    "hardness": 40.99596030428026,
    "depth": 61.717392125890974,
    "brightness": 43.1975799474861,
    "roughness": 37.32138553409427,
    "warmth": 53.534844045938144,
    "sharpness": 26.399497090981587,
    "boominess": 50.42714495490384,
    "reverb": false,
    "genre": "Genre A",
    "mood": "Mood A"
}