{
    "duration": 1.8461250066757202,
    "lossless": 1.0,
    "codec": "pcm_s16le",
    "bitrate": 256000.0,
    "samplerate": 16000.0,
    "channels": 1.0,
    "audio_md5": "afa493943453fc00fc200c147f544161",
    "loudness": -28.939748764038086,
    "dynamic_range": 0.0,
    "temporal_centroid": 0.4431191682815552,
    "log_attack_time": -2.477121591567993,
    "filesize": 59120,
    "single_event": true,
    "tonality": "B major",
    "tonality_confidence": 0.6580109596252441,
    "loop": false,
    "tempo": 86,
    "tempo_confidence": 0.0,
    "note_midi": 59,
    "note_name": "B3",
    "note_frequency": 247.1686553955078,
    "note_confidence": 0.5151203870773315,
    "hardness": 41.0090419107359,
    "depth": 60.59760793495664,
    "brightness": 41.33837998846974,
    "roughness": 38.75784059612914,
    "warmth": 55.49725607226227,
    "sharpness": 20.94487586702463,
    "boominess": 48.6640000864565,
    "reverb": false,
    "genre": "Genre A",
    "mood": "Mood A"
}