{
    "duration": 1.8461250066757202,
    "lossless": 1.0,
    "codec": "pcm_s16le",
    "bitrate": 256000.0,
    "samplerate": 16000.0,
    "channels": 1.0,
    "audio_md5": "040a7c681769558995402bfcd0f25550",
    "loudness": -29.414846420288086,
    "dynamic_range": 0.0,
    "temporal_centroid": 0.4090222418308258,
    "log_attack_time": -1.9999991655349731,
    "filesize": 59120,
    "single_event": true,
    "tonality": "F minor",
    "tonality_confidence": 0.5762808322906494,
    "loop": true,
    "tempo": 129,
    "tempo_confidence": 0.9576825499534607,
    "note_midi": 35,
    "note_name": "B1",
    "note_frequency": 62.4470100402832,
    "note_confidence": 0.3906043767929077,
    "hardness": 42.82866011660798,
    "depth": 62.441909750267016,
    "brightness": 42.82180165600094,
    "roughness": 37.16817843162912,
    "warmth": 53.35596753030211,
    "sharpness": 20.470816814624634,
    "boominess": 52.995672001347806,
    "reverb": false,
    "genre": "Genre A",
    "mood": "Mood A"
}