{
    "duration": 1.8461250066757202,
    "lossless": 1.0,
    "codec": "pcm_s16le",
    "bitrate": 256000.0,
    "samplerate": 16000.0,
    "channels": 1.0,
    "audio_md5": "eb7ae71113588dd56891f7f04562182f",
    "loudness": -18.864110946655273,
    "dynamic_range": 0.0,
    "temporal_centroid": 0.4139327108860016,
    "log_attack_time": -1.238580346107483,
    "filesize": 59120,
    "single_event": true,
    "tonality": "A major",
    "tonality_confidence": 0.35086217522621155,
    "loop": true,
    "tempo": 88,
    "tempo_confidence": 0.9539047479629517,
    "note_midi": 38,
    "note_name": "D2",
    "note_frequency": 72.38005065917969,
    "note_confidence": 0.28431862592697144,
    "hardness": 32.06906047608358,
    "depth": 67.36595501930829,
    "brightness": 31.974087890105753,
    "roughness": 21.58227152562993,
    "warmth": 57.67768698856358,
    "sharpness": 27.033952191070625,
    "boominess": 58.968231642959005,
    "reverb": false,
    "genre": "Genre A",
    "mood": "Mood A"
}