{
    "duration": 1.8461250066757202,
    "lossless": 1.0,
    "codec": "pcm_s16le",
    "bitrate": 256000.0,
    "samplerate": 16000.0,
    "channels": 1.0,
    "audio_md5": "7abd4c12593c1f975672fd1050761a32",
    "loudness": -19.164413452148438,
    "dynamic_range": 0.0,
    "temporal_centroid": 0.4084116220474243,
    "log_attack_time": -1.157583236694336,
    "filesize": 59120,
    "single_event": true,
    "tonality": "D major",
    "tonality_confidence": 0.49848347902297974,
    "loop": false,
    "tempo": 164,
    "tempo_confidence": 0.0,
    "note_midi": 35,
    "note_name": "B1",
    "note_frequency": 62.538719177246094,
    "note_confidence": 0.3090878129005432,
    "hardness": 33.79883431514267,
    "depth": 67.65640097625236,
    "brightness": 31.828709589382772,
    "roughness": 23.556291203513897,
    "warmth": 55.78641975935274,
    "sharpness": 35.23691725636069,
    "boominess": 56.13424448230434,
    "reverb": false,
    "genre": "Genre A",
    "mood": "Mood A"
}