{
    "duration": 1.8461250066757202,
    "lossless": 1.0,
    "codec": "pcm_s16le",
    "bitrate": 256000.0,
    "samplerate": 16000.0,
    "channels": 1.0,
    "audio_md5": "8f5a743052d5963209ed18f2977384c5",
    "loudness": -30.020586013793945,
    "dynamic_range": 0.0,
    "temporal_centroid": 0.4016723930835724,
    "log_attack_time": -2.3181021213531494,
    "filesize": 59120,
    "single_event": true,
    "tonality": "D# minor",
    "tonality_confidence": 0.6608494520187378,
    "loop": true,
    "tempo": 129,
    "tempo_confidence": 0.9501745700836182,
    "note_midi": 37,
    "note_name": "C#2",
    "note_frequency": 67.53570556640625,
    "note_confidence": 0.4496155381202698,
    "hardness": 42.296591259819735,
    "depth": 61.42865887775002,
    "brightness": 42.00670769478922,
    "roughness": 37.14137112344161,
    "warmth": 54.0946830481194,
    "sharpness": 20.368805455849305,
    "boominess": 52.12871428250176,
    "reverb": false,
    "genre": "Genre A",
    "mood": "Mood A"
}