{
    "duration": 1.8461250066757202,
    "lossless": 1.0,
    "codec": "pcm_s16le",
    "bitrate": 256000.0,
    "samplerate": 16000.0,
    "channels": 1.0,
    "audio_md5": "f047b51b2ecce83e66bf8c28a1e331d7",
    "loudness": -28.679073333740234,
    "dynamic_range": 0.0,
    "temporal_centroid": 0.43406444787979126,
    "log_attack_time": 0.05892162397503853,
    "filesize": 59120,
    "single_event": true,
    "tonality": "D major",
    "tonality_confidence": 0.5892561674118042,
    "loop": false,
    "tempo": 157,
    "tempo_confidence": 0.0,
    "note_midi": 48,
    "note_name": "C3",
    "note_frequency": 127.69556427001953,
    "note_confidence": 0.5548399686813354,
    "hardness": 41.43429490925028,
    "depth": 59.87146945658561,
    "brightness": 39.923443052112134,
    "roughness": 41.06201796393414,
    "warmth": 55.69707113548722,
    "sharpness": 23.653164132519038,
    "boominess": 46.801006714236955,
    "reverb": false,
    "genre": "Genre A",
    "mood": "Mood A"
}