{
    "duration": 1.8461250066757202,
    "lossless": 1.0,
    "codec": "pcm_s16le",
    "bitrate": 256000.0,
    "samplerate": 16000.0,
    "channels": 1.0,
    "audio_md5": "36315e208320633914f48e5d80a5836a",
    "loudness": -19.067628860473633,
    "dynamic_range": 0.0,
    "temporal_centroid": 0.4114987850189209,
    "log_attack_time": -1.217927098274231,
    "filesize": 59120,
    "single_event": true,
    "tonality": "A major",
    "tonality_confidence": 0.5036385655403137,
    "loop": false,
    "tempo": 167,
    "tempo_confidence": 0.0,
    "note_midi": 36,
    "note_name": "C2",
    "note_frequency": 65.22187042236328,
    "note_confidence": 0.289534330368042,
    "hardness": 33.803432020098555,
    "depth": 67.65788745478885,
    "brightness": 32.24654766650204,
    "roughness": 25.491318050421473,
    "warmth": 57.97006748722187,
    "sharpness": 30.275776315532756,
    "boominess": 57.72958989872761,
    "reverb": false,
    "genre": "Genre A",
    "mood": "Mood A"
}