{
    "duration": 1.8461250066757202,
    "lossless": 1.0,
    "codec": "pcm_s16le",
    "bitrate": 256000.0,
    "samplerate": 16000.0,
    "channels": 1.0,
    "audio_md5": "1aa839304662cfab309a6b8ab70960f6",
    "loudness": -18.74873161315918,
    "dynamic_range": 0.0,
    "temporal_centroid": 0.40852952003479004,
    "log_attack_time": -1.3638601303100586,
    "filesize": 59120,
    "single_event": true,
    "tonality": "C minor",
    "tonality_confidence": 0.5682734847068787,
    "loop": true,
    "tempo": 88,
    "tempo_confidence": 0.9522418975830078,
    "note_midi": 36,
    "note_name": "C2",
    "note_frequency": 64.42524719238281,
    "note_confidence": 0.19982224702835083,
    "hardness": 26.977330107059572,
    "depth": 68.94682720059271,
    "brightness": 30.068176155303842,
    "roughness": 26.893064655956422,
    "warmth": 59.02057524009397,
    "sharpness": 15.496279759544553,
    "boominess": 61.719426045848444,
    "reverb": false,
    "genre": "Genre A",
    "mood": "Mood A"
}