{
    "duration": 1.8461250066757202,
    "lossless": 1.0,
    "codec": "pcm_s16le",
    "bitrate": 256000.0,
    "samplerate": 16000.0,
    "channels": 1.0,
    "audio_md5": "18f03cf6ca44bcfbea4cef71a5b27125",
    "loudness": -30.141483306884766,
    "dynamic_range": 0.0,
    "temporal_centroid": 0.41319870948791504,
    "log_attack_time": -2.3725969791412354,
    "filesize": 59120,
    "single_event": true,
    "tonality": "D minor",
    "tonality_confidence": 0.3571281433105469,
    "loop": false,
    "tempo": 167,
    "tempo_confidence": 0.0,
    "note_midi": 37,
    "note_name": "C#2",
    "note_frequency": 67.68512725830078,
    "note_confidence": 0.4415746331214905,
    "hardness": 41.40124105496881,
    "depth": 62.09240616731189,
    "brightness": 42.90008031094266,
    "roughness": 37.51918636836339,
    "warmth": 54.72073810426576,
    "sharpness": 14.392584443972797,
    "boominess": 53.143334378576085,
    "reverb": false,
    "genre": "Genre A",
    "mood": "Mood A"
}