{
    "duration": 1.8461250066757202,
    "lossless": 1.0,
    "codec": "pcm_s16le",
    "bitrate": 256000.0,
    "samplerate": 16000.0,
    "channels": 1.0,
    "audio_md5": "416779e986c98c5ef3a92949fdd9f86a",
    "loudness": -18.426939010620117,
    "dynamic_range": 0.0,
    "temporal_centroid": 0.43366965651512146,
    "log_attack_time": -1.0997505187988281,
    "filesize": 59120,
    "single_event": true,
    "tonality": "F minor",
    "tonality_confidence": 0.43491601943969727,
    "loop": false,
    "tempo": 172,
    "tempo_confidence": 0.0,
    "note_midi": 33,
    "note_name": "A1",
    "note_frequency": 53.43795394897461,
    "note_confidence": 0.3037629723548889,
    "hardness": 29.654556756760115,
    "depth": 70.34751367355977,
    "brightness": 28.115505822267295,
    "roughness": 27.335991378059504,
    "warmth": 58.37399885380577,
    "sharpness": 30.05337232757156,
    "boominess": 57.49944357968973,
    "reverb": false,
    "genre": "Genre A",
    "mood": "Mood A"
}