{
    "duration": 1.8461250066757202,
    "lossless": 1.0,
    "codec": "pcm_s16le",
    "bitrate": 256000.0,
    "samplerate": 16000.0,
    "channels": 1.0,
    "audio_md5": "4be48e86af1a8012fed7f41299aeff33",
    "loudness": -28.529260635375977,
    "dynamic_range": 0.0,
    "temporal_centroid": 0.39387932419776917,
    "log_attack_time": -1.6174970865249634,
    "filesize": 59120,
    "single_event": true,
    "tonality": "D# minor",
    "tonality_confidence": 0.8017992377281189,
    "loop": false,
    "tempo": 167,
    "tempo_confidence": 0.0,
    "note_midi": 36,
    "note_name": "C2",
    "note_frequency": 65.07546997070312,
    "note_confidence": 0.3758702278137207,
    "hardness": 45.359736787927744,
    "depth": 62.34226666536815,
    "brightness": 41.99043362202988,
    "roughness": 35.567777160317675,
    "warmth": 53.77681519192904,
    "sharpness": 10.358386134099344,
    "boominess": 54.399931036646244,
    "reverb": false,
    "genre": "Genre A",
    "mood": "Mood A"
}