{
    "duration": 1.8461250066757202,
    "lossless": 1.0,
    "codec": "pcm_s16le",
    "bitrate": 256000.0,
    "samplerate": 16000.0,
    "channels": 1.0,
    "audio_md5": "9bd6e27d6beb939683d05a1be0e0296b",
    "loudness": -20.00733184814453,
    "dynamic_range": 0.0,
    "temporal_centroid": 0.3853134214878082,
    "log_attack_time": -1.2328189611434937,
    "filesize": 59120,
    "single_event": true,
    "tonality": "A minor",
    "tonality_confidence": 0.5580654144287109,
    "loop": true,
    "tempo": 94,
    "tempo_confidence": 0.955735445022583,
    "note_midi": 40,
    "note_name": "E2",
    "note_frequency": 83.3260726928711,
    "note_confidence": 0.27093762159347534,
    "hardness": 32.868397909680596,
    "depth": 66.77058517661392,
    "brightness": 31.446902781897098,
    "roughness": 0,
    "warmth": 56.72195004771403,
    "sharpness": 32.9177805776896,
    "boominess": 58.54400009529886,
    "reverb": false,
    "genre": "Genre A",
    "mood": "Mood A"
}