{
    "duration": 1.8461250066757202,
    "lossless": 1.0,
    "codec": "pcm_s16le",
    "bitrate": 256000.0,
    "samplerate": 16000.0,
    "channels": 1.0,
    "audio_md5": "30008ab4cba04f07e8760e3007931af4",
    "loudness": -29.827617645263672,
    "dynamic_range": 0.0,
    "temporal_centroid": 0.41681626439094543,
    "log_attack_time": -2.358881950378418,
    "filesize": 59120,
    "single_event": true,
    "tonality": "A major",
    "tonality_confidence": 0.6534971594810486,
    "loop": false,
    "tempo": 164,
    "tempo_confidence": 0.0,
    "note_midi": 38,
    "note_name": "D2",
    "note_frequency": 71.54933166503906,
    "note_confidence": 0.4731168746948242,
    "hardness": 41.9064467629631,
    "depth": 62.74471487899852,
    "brightness": 42.288367098335826,
    "roughness": 35.415704851107236,
    "warmth": 54.78000551073567,
    "sharpness": 15.69552996820683,
    "boominess": 54.06841100994587,
    "reverb": false,
    "genre": "Genre A",
    "mood": "Mood A"
}