{
    "duration": 1.8461250066757202,
    "lossless": 1.0,
    "codec": "pcm_s16le",
    "bitrate": 256000.0,
    "samplerate": 16000.0,
    "channels": 1.0,
    "audio_md5": "8e75932e19d44edfca3d445e8b48acef",
    "loudness": -21.60898780822754,
    "dynamic_range": 0.0,
    "temporal_centroid": 0.42343413829803467,
    "log_attack_time": -1.2976946830749512,
    "filesize": 59120,
    "single_event": true,
    "tonality": "F# major",
    "tonality_confidence": 0.37229371070861816,
    "loop": false,
    "tempo": 165,
    "tempo_confidence": 0.0,
    "note_midi": 34,
    "note_name": "A#1",
    "note_frequency": 59.45957946777344,
    "note_confidence": 0.34216511249542236,
    "hardness": 35.58107287400196,
    "depth": 66.91854623749565,
    "brightness": 33.38425567794858,
    "roughness": 28.39766820514926,
    "warmth": 57.4148895960014,
    "sharpness": 28.30882748962744,
    "boominess": 56.613452461162325,
    "reverb": false,
    "genre": "Genre A",
    "mood": "Mood A"
}