{
    "duration": 1.8461250066757202,
    "lossless": 1.0,
    "codec": "pcm_s16le",
    "bitrate": 256000.0,
    "samplerate": 16000.0,
    "channels": 1.0,
    "audio_md5": "a8f424118d1b70c20df1cf82ee0b71fc",
    "loudness": -30.627859115600586,
    "dynamic_range": 0.0,
    "temporal_centroid": 0.4099693298339844,
    "log_attack_time": -2.4013988971710205,
    "filesize": 59120,
    "single_event": true,
    "tonality": "D minor",
    "tonality_confidence": 0.6380742788314819,
    "loop": false,
    "tempo": 167,
    "tempo_confidence": 0.0,
    "note_midi": 37,
    "note_name": "C#2",
    "note_frequency": 69.66033172607422,
    "note_confidence": 0.45222383737564087,
    "hardness": 40.69266103318601,
    "depth": 62.344615444198475,
    "brightness": 42.69571334837492,
    "roughness": 36.71244448748875,
    "warmth": 54.787375455394596,
    "sharpness": 9.677203785567631,
    "boominess": 54.001500024222054,
    "reverb": false,
    "genre": "Genre A",
    "mood": "Mood A"
}