{
    "duration": 1.8461250066757202,
    "lossless": 1.0,
    "codec": "pcm_s16le",
    "bitrate": 256000.0,
    "samplerate": 16000.0,
    "channels": 1.0,
    "audio_md5": "ee2f34866116b60715a41d6b21944976",
    "loudness": -31.046579360961914,
    "dynamic_range": 0.0,
    "temporal_centroid": 0.41690492630004883,
    "log_attack_time": -2.396462917327881,
    "filesize": 59120,
    "single_event": true,
    "tonality": "F major",
    "tonality_confidence": 0.44484373927116394,
    "loop": false,
    "tempo": 85,
    "tempo_confidence": 0.0,
    "note_midi": 39,
    "note_name": "D#2",
    "note_frequency": 76.97168731689453,
    "note_confidence": 0.5037381052970886,
    "hardness": 40.54398760090254,
    "depth": 62.58860033612558,
    "brightness": 42.04190798143089,
    "roughness": 36.201107736803095,
    "warmth": 54.55563331273222,
    "sharpness": 14.8778560282021,
    "boominess": 53.16187078189269,
    "reverb": false,
    "genre": "Genre A",
    "mood": "Mood A"
}