{
    "duration": 1.8461250066757202,
    "lossless": 1.0,
    "codec": "pcm_s16le",
    "bitrate": 256000.0,
    "samplerate": 16000.0,
    "channels": 1.0,
    "audio_md5": "cbdf66a26ade1d5a7f755d85bdf43f2c",
    "loudness": -19.315134048461914,
    "dynamic_range": 0.0,
    "temporal_centroid": 0.41341784596443176,
    "log_attack_time": -1.1722674369812012,
    "filesize": 59120,
    "single_event": true,
    "tonality": "C# minor",
    "tonality_confidence": 0.4551045894622803,
    "loop": true,
    "tempo": 87,
    "tempo_confidence": 0.9921088218688965,
    "note_midi": 40,
    "note_name": "E2",
    "note_frequency": 83.32605743408203,
    "note_confidence": 0.27232468128204346,
    "hardness": 30.428500490001625,
    "depth": 67.52748851244993,
    "brightness": 31.143672647340082,
    "roughness": 0,
    "warmth": 56.139192624707725,
    "sharpness": 33.22650300803576,
    "boominess": 57.836481500462206,
    "reverb": false,
    "genre": "Genre A",
    "mood": "Mood A"
}