{
    "duration": 1.8461250066757202,
    "lossless": 1.0,
    "codec": "pcm_s16le",
    "bitrate": 256000.0,
    "samplerate": 16000.0,
    "channels": 1.0,
    "audio_md5": "175ef0eb5e51ece94e7c316a9cf87da0",
    "loudness": -30.989198684692383,
    "dynamic_range": 0.0,
    "temporal_centroid": 0.41223567724227905,
    "log_attack_time": -2.4063916206359863,
    "filesize": 59120,
    "single_event": true,
    "tonality": "D major",
    "tonality_confidence": 0.7292552590370178,
    "loop": false,
    "tempo": 85,
    "tempo_confidence": 0.0,
    "note_midi": 35,
    "note_name": "B1",
    "note_frequency": 62.446712493896484,
    "note_confidence": 0.5036141872406006,
    "hardness": 42.097810336573275,
    "depth": 62.08247231832592,
    "brightness": 42.83983026548836,
    "roughness": 37.22790024109677,
    "warmth": 53.84590591815661,
    "sharpness": 19.268434214305287,
    "boominess": 51.45161181806177,
    "reverb": false,
    "genre": "Genre A",
    "mood": "Mood A"
}