{
    "duration": 1.8461250066757202,
    "lossless": 1.0,
    "codec": "pcm_s16le",
    "bitrate": 256000.0,
    "samplerate": 16000.0,
    "channels": 1.0,
    "audio_md5": "9662ccd663d2af7c8412cf8b37f7319e",
    "loudness": -29.613248825073242,
    "dynamic_range": 0.0,
    "temporal_centroid": 0.10958702862262726,
    "log_attack_time": -1.4089101552963257,
    "filesize": 59120,
    "single_event": true,
    "tonality": "A minor",
    "tonality_confidence": 0.5252403020858765,
    "loop": false,
    "tempo": 133,
    "tempo_confidence": 0.0,
    "note_midi": 39,
    "note_name": "D#2",
    "note_frequency": 76.85578155517578,
    "note_confidence": 0.24712228775024414,
    "hardness": 35.086072187188876,
    "depth": 64.91609675127457,
    "brightness": 35.04480792113865,
    "roughness": 28.036694170163123,
    "warmth": 54.2637258732352,
    "sharpness": 13.97946512094721,
    "boominess": 59.19340388587243,
    "reverb": false,
    "genre": "Genre A",
    "mood": "Mood A"
}