{
    "duration": 1.8461250066757202,
    "lossless": 1.0,
    "codec": "pcm_s16le",
    "bitrate": 256000.0,
    "samplerate": 16000.0,
    "channels": 1.0,
    "audio_md5": "fa4eb3241a176bed5cb70d31329a3437",
    "loudness": -34.020362854003906,
    "dynamic_range": 0.0,
    "temporal_centroid": 0.32224786281585693,
    "log_attack_time": -1.7201592922210693,
    "filesize": 59120,
    "single_event": true,
    "tonality": "A minor",
    "tonality_confidence": 0.4427065849304199,
    "loop": true,
    "tempo": 130,
    "tempo_confidence": 0.9999017119407654,
    "note_midi": 39,
    "note_name": "D#2",
    "note_frequency": 79.11292266845703,
    "note_confidence": 0.24527382850646973,
    "hardness": 38.37940328563178,
    "depth": 65.29152665036904,
    "brightness": 38.556522945720225,
    "roughness": 29.505268980456798,
    "warmth": 55.85668778124738,
    "sharpness": 1.9409063900657202,
    "boominess": 59.94650248774951,
    "reverb": false,
    "genre": "Genre A",
    "mood": "Mood A"
}