{
    "duration": 1.8461250066757202,
    "lossless": 1.0,
    "codec": "pcm_s16le",
    "bitrate": 256000.0,
    "samplerate": 16000.0,
    "channels": 1.0,
    "audio_md5": "5d3e88d6c0580c96ed01cc7aa8b61c4e",
    "loudness": -31.964204788208008,
    "dynamic_range": 0.0,
    "temporal_centroid": 0.5398523807525635,
    "log_attack_time": 0.1443941742181778,
    "filesize": 59120,
    "single_event": true,
    "tonality": "B major",
    "tonality_confidence": 0.7834308743476868,
    "loop": true,
    "tempo": 130,
    "tempo_confidence": 0.9999017119407654,
    "note_midi": 46,
    "note_name": "A#2",
    "note_frequency": 116.96454620361328,
    "note_confidence": 0.5055742263793945,
    "hardness": 41.847686493567295,
    "depth": 52.547268175020186,
    "brightness": 43.124882843353674,
    "roughness": 37.29492699741003,
    "warmth": 53.24993620954203,
    "sharpness": 32.92514636333721,
    "boominess": 44.12231177122814,
    "reverb": false,
    "genre": "Genre A",
    "mood": "Mood A"
}