{
    "duration": 1.8461250066757202,
    "lossless": 1.0,
    "codec": "pcm_s16le",
    "bitrate": 256000.0,
    "samplerate": 16000.0,
    "channels": 1.0,
    "audio_md5": "5f99921baeddc29f39020e1616f35a69",
    "loudness": -32.24962615966797,
    "dynamic_range": 0.0,
    "temporal_centroid": 0.4363429546356201,
    "log_attack_time": 0.14119726419448853,
    "filesize": 59120,
    "single_event": true,
    "tonality": "F minor",
    "tonality_confidence": 0.48300105333328247,
    "loop": false,
    "tempo": 172,
    "tempo_confidence": 0.0,
    "note_midi": 43,
    "note_name": "G2",
    "note_frequency": 95.42999267578125,
    "note_confidence": 0.4532531499862671,
    "hardness": 35.17466983363599,
    "depth": 62.5047873397367,
    "brightness": 29.348682727311584,
    "roughness": 27.68933755356469,
    "warmth": 57.977277788656664,
    "sharpness": 11.97588107011089,
    "boominess": 51.96138987019751,
    "reverb": false,
    "genre": "Genre A",
    "mood": "Mood A"
}