{
    "duration": 1.8461250066757202,
    "lossless": 1.0,
    "codec": "pcm_s16le",
    "bitrate": 256000.0,
    "samplerate": 16000.0,
    "channels": 1.0,
    "audio_md5": "0cb9b97ce027c34dae1cd5a3e9aa5e69",
    "loudness": -31.19797134399414,
    "dynamic_range": 0.0,
    "temporal_centroid": 0.2973760962486267,
    "log_attack_time": -1.9185270071029663,
    "filesize": 59120,
    "single_event": true,
    "tonality": "F# major",
    "tonality_confidence": 0.5244721174240112,
    "loop": false,
    "tempo": 129,
    "tempo_confidence": 0.0,
    "note_midi": 40,
    "note_name": "E2",
    "note_frequency": 83.28079223632812,
    "note_confidence": 0.3578540086746216,
    "hardness": 40.70401016346919,
    "depth": 61.44497707463267,
    "brightness": 44.312505185172334,
    "roughness": 35.693878740420104,
    "warmth": 53.52189632312796,
    "sharpness": 29.457630437429373,
    "boominess": 47.98747166705853,
    "reverb": false,
    "genre": "Genre A",
    "mood": "Mood A"
}