{
    "duration": 1.8461250066757202,
    "lossless": 1.0,
    "codec": "pcm_s16le",
    "bitrate": 256000.0,
    "samplerate": 16000.0,
    "channels": 1.0,
    "audio_md5": "f7f39c4124ea6640c779ad0926815641",
    "loudness": -31.505455017089844,
    "dynamic_range": 0.0,
    "temporal_centroid": 0.3104589283466339,
    "log_attack_time": -1.657666802406311,
    "filesize": 59120,
    "single_event": true,
    "tonality": "B major",
    "tonality_confidence": 0.5262145400047302,
    "loop": true,
    "tempo": 131,
    "tempo_confidence": 0.954848051071167,
    "note_midi": 40,
    "note_name": "E2",
    "note_frequency": 83.08544158935547,
    "note_confidence": 0.3117113709449768,
    "hardness": 36.72893287514607,
    "depth": 66.81924970722466,
    "brightness": 35.6632041011096,
    "roughness": 30.670929069436227,
    "warmth": 57.40894737288511,
    "sharpness": 8.386412062939964,
    "boominess": 59.23207584449251,
    "reverb": false,
    "genre": "Genre A",
    "mood": "Mood A"
}