{
    "duration": 1.8461250066757202,
    "lossless": 1.0,
    "codec": "pcm_s16le",
    "bitrate": 256000.0,
    "samplerate": 16000.0,
    "channels": 1.0,
    "audio_md5": "b308be85e5ee7fd66ece2aa8d9e6d7ca",
    "loudness": -22.50565528869629,
    "dynamic_range": 0.0,
    "temporal_centroid": 0.4345296025276184,
    "log_attack_time": -0.14829804003238678,
    "filesize": 59120,
    "single_event": true,
    "tonality": "A minor",
    "tonality_confidence": 0.4101215898990631,
    "loop": false,
    "tempo": 167,
    "tempo_confidence": 0.0,
    "note_midi": 32,
    "note_name": "G#1",
    "note_frequency": 53.09141159057617,
    "note_confidence": 0.2757134437561035,
    "hardness": 27.329030421225838,
    "depth": 68.02925548487005,
    "brightness": 21.732889835798687,
    "roughness": 25.599662829262,
    "warmth": 57.96081046479998,
    "sharpness": 18.97227683843882,
    "boominess": 61.38150425491463,
    "reverb": false,
    "genre": "Genre A",
    "mood": "Mood A"
}