{
    "duration": 1.8461250066757202,
    "lossless": 1.0,
    "codec": "pcm_s16le",
    "bitrate": 256000.0,
    "samplerate": 16000.0,
    "channels": 1.0,
    "audio_md5": "7b2a495f39bc3ed6c6dc91a1f6c58190",
    "loudness": -21.386133193969727,
    "dynamic_range": 0.0,
    "temporal_centroid": 0.4585871696472168,
    "log_attack_time": -0.14442178606987,
    "filesize": 59120,
    "single_event": true,
    "tonality": "C# minor",
    "tonality_confidence": 0.5752454996109009,
    "loop": false,
    "tempo": 152,
    "tempo_confidence": 0.0,
    "note_midi": 41,
    "note_name": "F2",
    "note_frequency": 89.15838623046875,
    "note_confidence": 0.3263797163963318,
    "hardness": 29.475831619838345,
    "depth": 66.61633192905266,
    "brightness": 19.266250785167074,
    "roughness": 22.875874597526042,
    "warmth": 57.54296309402999,
    "sharpness": 23.060964003939937,
    "boominess": 59.58997119479936,
    "reverb": false,
    "genre": "Genre A",
    "mood": "Mood A"
}