{
    "duration": 1.8461250066757202,
    "lossless": 1.0,
    "codec": "pcm_s16le",
    "bitrate": 256000.0,
    "samplerate": 16000.0,
    "channels": 1.0,
    "audio_md5": "02e82564b2e26b2aeb6874e6bc12dd20",
    "loudness": -26.196279525756836,
    "dynamic_range": 0.0,
    "temporal_centroid": 0.15663421154022217,
    "log_attack_time": -1.3245002031326294,
    "filesize": 59120,
    "single_event": true,
    "tonality": "F# major",
    "tonality_confidence": 0.6611020565032959,
    "loop": false,
    "tempo": 129,
    "tempo_confidence": 0.0,
    "note_midi": 38,
    "note_name": "D2",
    "note_frequency": 71.36250305175781,
    "note_confidence": 0.2526710033416748,
    "hardness": 39.22197384213247,
    "depth": 67.38229760283616,
    "brightness": 35.85828529934798,
    "roughness": 25.987088668792424,
    "warmth": 53.92062505937796,
    "sharpness": 28.474836287601065,
    "boominess": 56.98012693209004,
    "reverb": false,
    "genre": "Genre A",
    "mood": "Mood A"
}