{
    "duration": 1.8461250066757202,
    "lossless": 1.0,
    "codec": "pcm_s16le",
    "bitrate": 256000.0,
    "samplerate": 16000.0,
    "channels": 1.0,
    "audio_md5": "b3f8756ff1b192465feb026c1505f286",
    "loudness": -33.92537307739258,
    "dynamic_range": 0.0,
    "temporal_centroid": 0.515975832939148,
    "log_attack_time": 0.14454244077205658,
    "filesize": 59120,
    "single_event": true,
    "tonality": "E major",
    "tonality_confidence": 0.6130281686782837,
    "loop": true,
    "tempo": 130,
    "tempo_confidence": 0.9999017119407654,
    "note_midi": 44,
    "note_name": "G#2",
    "note_frequency": 105.7406234741211,
    "note_confidence": 0.4482089877128601,
    "hardness": 42.571393012274456,
    "depth": 59.643106112613935,
    "brightness": 42.40740101213996,
    "roughness": 31.517543595337035,
    "warmth": 52.7182411346314,
    "sharpness": 32.5658302118149,
    "boominess": 46.31740589882271,
    "reverb": false,
    "genre": "Genre A",
    "mood": "Mood A"
}