{
    "duration": 1.8461250066757202,
    "lossless": 1.0,
    "codec": "pcm_s16le",
    "bitrate": 256000.0,
    "samplerate": 16000.0,
    "channels": 1.0,
    "audio_md5": "edc7f60e39285b34e619e0c481231836",
    "loudness": -43.417728424072266,
    "dynamic_range": 0.0,
    "temporal_centroid": 0.6052911877632141,
    "log_attack_time": -0.6439611315727234,
    "filesize": 59120,
    "single_event": true,
    "tonality": "B major",
    "tonality_confidence": 0.681911826133728,
    "loop": true,
    "tempo": 130,
    "tempo_confidence": 0.9999017119407654,
    "note_midi": 39,
    "note_name": "D#2",
    "note_frequency": 76.48001098632812,
    "note_confidence": 0.0,
    "hardness": 44.19802543359799,
    "depth": 66.25054920323518,
    "brightness": 44.370576216825086,
    "roughness": 30.340146313142327,
    "warmth": 57.49470911929903,
    "sharpness": 38.62253210174073,
    "boominess": 43.86493845424445,
    "reverb": false,
    "genre": "Genre A",
    "mood": "Mood A"
}