{
    "duration": 1.8461250066757202,
    "lossless": 1.0,
    "codec": "pcm_s16le",
    "bitrate": 256000.0,
    "samplerate": 16000.0,
    "channels": 1.0,
    "audio_md5": "e36c168494ceb6bdf4b5e80a65d0e70b",
    "loudness": -24.945520401000977,
    "dynamic_range": 0.0,
    "temporal_centroid": 0.1629427969455719,
    "log_attack_time": -1.371669054031372,
    "filesize": 59120,
    "single_event": true,
    "tonality": "F major",
    "tonality_confidence": 0.34488973021507263,
    "loop": false,
    "tempo": 133,
    "tempo_confidence": 0.0,
    "note_midi": 42,
    "note_name": "F#2",
    "note_frequency": 90.68528747558594,
    "note_confidence": 0.3408167362213135,
    "hardness": 40.787905744613184,
    "depth": 67.2787038131485,
    "brightness": 35.577098397366015,
    "roughness": 24.648892461396727,
    "warmth": 52.474229408104634,
    "sharpness": 34.4166977577781,
    "boominess": 54.656244199703316,
    "reverb": false,
    "genre": "Genre A",
    "mood": "Mood A"
}