{
    "duration": 1.8461250066757202,
    "lossless": 1.0,
    "codec": "pcm_s16le",
    "bitrate": 256000.0,
    "samplerate": 16000.0,
    "channels": 1.0,
    "audio_md5": "0552a0625124daade6816c63c99edcf3",
    "loudness": -32.689178466796875,
    "dynamic_range": 0.0,
    "temporal_centroid": 0.30173325538635254,
    "log_attack_time": -1.5656194686889648,
    "filesize": 59120,
    "single_event": true,
    "tonality": "B major",
    "tonality_confidence": 0.3942300081253052,
    "loop": true,
    "tempo": 131,
    "tempo_confidence": 0.9737603664398193,
    "note_midi": 40,
    "note_name": "E2",
    "note_frequency": 83.23059844970703,
    "note_confidence": 0.30781859159469604,
    "hardness": 36.46907323018446,
    "depth": 66.49706681833828,
    "brightness": 37.94491507955385,
    "roughness": 28.237737581975896,
    "warmth": 57.03511014362279,
    "sharpness": 0.0,
    "boominess": 60.50357502594934,
    "reverb": false,
    "genre": "Genre A",
    "mood": "Mood A"
}