{
    "duration": 1.8461250066757202,
    "lossless": 1.0,
    "codec": "pcm_s16le",
    "bitrate": 256000.0,
    "samplerate": 16000.0,
    "channels": 1.0,
    "audio_md5": "2e39e4102b9a2c7264c947a9db457b35",
    "loudness": -22.256254196166992,
    "dynamic_range": 0.0,
    "temporal_centroid": 0.4482497274875641,
    "log_attack_time": -1.4124596118927002,
    "filesize": 59120,
    "single_event": true,
    "tonality": "D minor",
    "tonality_confidence": 0.4113696217536926,
    "loop": false,
    "tempo": 164,
    "tempo_confidence": 0.0,
    "note_midi": 40,
    "note_name": "E2",
    "note_frequency": 81.10370635986328,
    "note_confidence": 0.2983406186103821,
    "hardness": 29.330538783606812,
    "depth": 67.93826896504368,
    "brightness": 20.977898815781437,
    "roughness": 23.75870882375483,
    "warmth": 58.571940063602305,
    "sharpness": 21.478500136842033,
    "boominess": 59.29834850250455,
    "reverb": false,
    "genre": "Genre A",
    "mood": "Mood A"
}