{
    "duration": 1.8461250066757202,
    "lossless": 1.0,
    "codec": "pcm_s16le",
    "bitrate": 256000.0,
    "samplerate": 16000.0,
    "channels": 1.0,
    "audio_md5": "0207fa3cfc20268ca5baeaa1be29dc42",
    "loudness": -25.841995239257812,
    "dynamic_range": 0.0,
    "temporal_centroid": 0.18192581832408905,
    "log_attack_time": -1.2724477052688599,
    "filesize": 59120,
    "single_event": true,
    "tonality": "D# minor",
    "tonality_confidence": 0.4161958396434784,
    "loop": false,
    "tempo": 133,
    "tempo_confidence": 0.0,
    "note_midi": 38,
    "note_name": "D2",
    "note_frequency": 71.33330535888672,
    "note_confidence": 0.3232390880584717,
    "hardness": 38.200322688527805,
    "depth": 68.29849581613794,
    "brightness": 35.81762129810293,
    "roughness": 28.63606742930935,
    "warmth": 54.03912392537369,
    "sharpness": 30.588362643254523,
    "boominess": 55.60318324539794,
    "reverb": false,
    "genre": "Genre A",
    "mood": "Mood A"
}