{
    "duration": 1.8461250066757202,
    "lossless": 1.0,
    "codec": "pcm_s16le",
    "bitrate": 256000.0,
    "samplerate": 16000.0,
    "channels": 1.0,
    "audio_md5": "d3447db398eea0c796af6bfd5617b4ac",
    "loudness": -45.25395202636719,
    "dynamic_range": 0.0,
    "temporal_centroid": 0.4593745172023773,
    "log_attack_time": 0.15530158579349518,
    "filesize": 59120,
    "single_event": true,
    "tonality": "C# major",
    "tonality_confidence": 0.6311551928520203,
    "loop": false,
    "tempo": 129,
    "tempo_confidence": 0.0,
    "note_midi": 39,
    "note_name": "D#2",
    "note_frequency": 77.81898498535156,
    "note_confidence": 0.39039552211761475,
    "hardness": 52.20091823104363,
    "depth": 57.06688688612424,
    "brightness": 53.06195592358385,
    "roughness": 46.78574380244079,
    "warmth": 47.49823441769228,
    "sharpness": 34.01634172568524,
    "boominess": 45.51048360420363,
    "reverb": false,
    "genre": "Genre A",
    "mood": "Mood A"
}