{
    "duration": 1.8461250066757202,
    "lossless": 1.0,
    "codec": "pcm_s16le",
    "bitrate": 256000.0,
    "samplerate": 16000.0,
    "channels": 1.0,
    "audio_md5": "fb7faa99d1244349eb3d913766bb9a31",
    "loudness": -23.854032516479492,
    "dynamic_range": 0.0,
    "temporal_centroid": 0.4630749821662903,
    "log_attack_time": -0.1429959088563919,
    "filesize": 59120,
    "single_event": true,
    "tonality": "D minor",
    "tonality_confidence": 0.4526289701461792,
    "loop": false,
    "tempo": 167,
    "tempo_confidence": 0.0,
    "note_midi": 40,
    "note_name": "E2",
    "note_frequency": 83.49749755859375,
    "note_confidence": 0.12968307733535767,
    "hardness": 26.391648033427842,
    "depth": 66.4558605002715,
    "brightness": 19.414991212325255,
    "roughness": 27.416759199474345,
    "warmth": 58.35375270565785,
    "sharpness": 13.642992692495028,
    "boominess": 62.30029163316469,
    "reverb": false,
    "genre": "Genre A",
    "mood": "Mood A"
}