{
    "duration": 1.8461250066757202,
    "lossless": 1.0,
    "codec": "pcm_s16le",
    "bitrate": 256000.0,
    "samplerate": 16000.0,
    "channels": 1.0,
    "audio_md5": "7fa91201eb35213d70d6e017bbbe7da0",
    "loudness": -38.371803283691406,
    "dynamic_range": 0.0,
    "temporal_centroid": 0.5684754848480225,
    "log_attack_time": -0.17691925168037415,
    "filesize": 59120,
    "single_event": true,
    "tonality": "B major",
    "tonality_confidence": 0.6068669557571411,
    "loop": true,
    "tempo": 130,
    "tempo_confidence": 0.9999017119407654,
    "note_midi": 40,
    "note_name": "E2",
    "note_frequency": 83.28199768066406,
    "note_confidence": 0.24488478899002075,
    "hardness": 41.896487709966635,
    "depth": 65.22499632807795,
    "brightness": 44.82322262970807,
    "roughness": 35.22625455035353,
    "warmth": 54.13404882227678,
    "sharpness": 33.039879675869,
    "boominess": 48.30826900590824,
    "reverb": false,
    "genre": "Genre A",
    "mood": "Mood A"
}