{
    "duration": 1.8461250066757202,
    "lossless": 1.0,
    "codec": "pcm_s16le",
    "bitrate": 256000.0,
    "samplerate": 16000.0,
    "channels": 1.0,
    "audio_md5": "f5819ffbfa08d617fa8aa2adca8d93f0",
    "loudness": -34.5653076171875,
    "dynamic_range": 0.0,
    "temporal_centroid": 0.4705338776111603,
    "log_attack_time": 0.13976487517356873,
    "filesize": 59120,
    "single_event": true,
    "tonality": "B minor",
    "tonality_confidence": 0.7143335342407227,
    "loop": false,
    "tempo": 167,
    "tempo_confidence": 0.0,
    "note_midi": 42,
    "note_name": "F#2",
    "note_frequency": 90.872802734375,
    "note_confidence": 0.4987032413482666,
    "hardness": 34.38924650446499,
    "depth": 62.43245609205366,
    "brightness": 29.620964579006895,
    "roughness": 30.769419693869413,
    "warmth": 56.56060989816237,
    "sharpness": 17.181359428959393,
    "boominess": 49.725764656294444,
    "reverb": false,
    "genre": "Genre A",
    "mood": "Mood A"
}