{
    "duration": 1.8461250066757202,
    "lossless": 1.0,
    "codec": "pcm_s16le",
    "bitrate": 256000.0,
    "samplerate": 16000.0,
    "channels": 1.0,
    "audio_md5": "d6597ba71a84197e895c6a0cbe3d36df",
    "loudness": -29.159456253051758,
    "dynamic_range": 0.0,
    "temporal_centroid": 0.35534313321113586,
    "log_attack_time": -0.03019542619585991,
    "filesize": 59120,
    "single_event": true,
    "tonality": "A# minor",
    "tonality_confidence": 0.3768593668937683,
    "loop": false,
    "tempo": 131,
    "tempo_confidence": 0.0,
    "note_midi": 38,
    "note_name": "D2",
    "note_frequency": 71.34940338134766,
    "note_confidence": 0.3615858554840088,
    "hardness": 37.4889119490507,
    "depth": 63.4219267657274,
    "brightness": 41.56681189530192,
    "roughness": 29.95633555068221,
    "warmth": 54.43854538142566,
    "sharpness": 30.52286034521905,
    "boominess": 47.58244455693128,
    "reverb": false,
    "genre": "Genre A",
    "mood": "Mood A"
}