{
    "duration": 1.8461250066757202,
    "lossless": 1.0,
    "codec": "pcm_s16le",
    "bitrate": 256000.0,
    "samplerate": 16000.0,
    "channels": 1.0,
    "audio_md5": "ff4970a61264ff7c9f08e8015b45d73d",
    "loudness": -38.7170295715332,
    "dynamic_range": 0.0,
    "temporal_centroid": 0.3675591051578522,
    "log_attack_time": -2.0905556678771973,
    "filesize": 59120,
    "single_event": true,
    "tonality": "B minor",
    "tonality_confidence": 0.42349517345428467,
    "loop": false,
    "tempo": 129,
    "tempo_confidence": 0.0,
    "note_midi": 43,
    "note_name": "G2",
    "note_frequency": 98.21747589111328,
    "note_confidence": 0.39172643423080444,
    "hardness": 47.179539059826794,
    "depth": 54.09665272776835,
    "brightness": 47.09928372079172,
    "roughness": 36.81648046676448,
    "warmth": 52.49571557138152,
    "sharpness": 15.2113681530546,
    "boominess": 52.608657967308886,
    "reverb": false,
    "genre": "Genre A",
    "mood": "Mood A"
}