{
    "duration": 1.8461250066757202,
    "lossless": 1.0,
    "codec": "pcm_s16le",
    "bitrate": 256000.0,
    "samplerate": 16000.0,
    "channels": 1.0,
    "audio_md5": "7c5c6efc49e12d6dcc123c2253d469a5",
    "loudness": -33.364662170410156,
    "dynamic_range": 0.0,
    "temporal_centroid": 0.4534056782722473,
    "log_attack_time": -0.33065569400787354,
    "filesize": 59120,
    "single_event": true,
    "tonality": "B major",
    "tonality_confidence": 0.7262041568756104,
    "loop": true,
    "tempo": 130,
    "tempo_confidence": 0.9999017119407654,
    "note_midi": 42,
    "note_name": "F#2",
    "note_frequency": 92.41123962402344,
    "note_confidence": 0.4611520767211914,
    "hardness": 42.37853794864807,
    "depth": 61.27199481869721,
    "brightness": 43.10447913490597,
    "roughness": 38.38316983617116,
    "warmth": 54.75678191470203,
    "sharpness": 30.24806328761624,
    "boominess": 46.603733402294196,
    "reverb": false,
    "genre": "Genre A",
    "mood": "Mood A"
}