{
    "duration": 1.8461250066757202,
    "lossless": 1.0,
    "codec": "pcm_s16le",
    "bitrate": 256000.0,
    "samplerate": 16000.0,
    "channels": 1.0,
    "audio_md5": "69135eaf5d53c2b3a4dd4c996f575290",
    "loudness": -33.670433044433594,
    "dynamic_range": 0.0,
    "temporal_centroid": 0.32217440009117126,
    "log_attack_time": -1.699955940246582,
    "filesize": 59120,
    "single_event": true,
    "tonality": "B major",
    "tonality_confidence": 0.7553287148475647,
    "loop": true,
    "tempo": 131,
    "tempo_confidence": 0.9743545055389404,
    "note_midi": 45,
    "note_name": "A2",
    "note_frequency": 109.2170639038086,
    "note_confidence": 0.204207181930542,
    "hardness": 33.10432185617012,
    "depth": 65.16652262523127,
    "brightness": 37.00352760398101,
    "roughness": 26.669339515420003,
    "warmth": 56.9868410636171,
    "sharpness": 0.0,
    "boominess": 61.1782103901113,
    "reverb": false,
    "genre": "Genre A",
    "mood": "Mood A"
}