{
    "duration": 1.8461250066757202,
    "lossless": 1.0,
    "codec": "pcm_s16le",
    "bitrate": 256000.0,
    "samplerate": 16000.0,
    "channels": 1.0,
    "audio_md5": "234724a41da3e1bd4594f64f3b048576",
    "loudness": -31.985933303833008,
    "dynamic_range": 0.0,
    "temporal_centroid": 0.30380547046661377,
    "log_attack_time": -0.029541384428739548,
    "filesize": 59120,
    "single_event": true,
    "tonality": "F# minor",
    "tonality_confidence": 0.4648517966270447,
    "loop": false,
    "tempo": 131,
    "tempo_confidence": 0.0,
    "note_midi": 42,
    "note_name": "F#2",
    "note_frequency": 92.95719146728516,
    "note_confidence": 0.4058995842933655,
    "hardness": 37.77592450020836,
    "depth": 64.7328500951247,
    "brightness": 43.254392932914826,
    "roughness": 34.38833738876067,
    "warmth": 55.36993050684423,
    "sharpness": 32.73465756285605,
    "boominess": 47.76590158451688,
    "reverb": false,
    "genre": "Genre A",
    "mood": "Mood A"
}