{
    "duration": 1.8461250066757202,
    "lossless": 1.0,
    "codec": "pcm_s16le",
    "bitrate": 256000.0,
    "samplerate": 16000.0,
    "channels": 1.0,
    "audio_md5": "281ac8b37940d341a4ca266aa69b133d",
    "loudness": -32.470420837402344,
    "dynamic_range": 0.0,
    "temporal_centroid": 0.4290544092655182,
    "log_attack_time": 0.1412968635559082,
    "filesize": 59120,
    "single_event": true,
    "tonality": "C# major",
    "tonality_confidence": 0.5225082039833069,
    "loop": false,
    "tempo": 167,
    "tempo_confidence": 0.0,
    "note_midi": 41,
    "note_name": "F2",
    "note_frequency": 88.55453491210938,
    "note_confidence": 0.4636037349700928,
    "hardness": 36.41246681623561,
    "depth": 62.531920512860324,
    "brightness": 29.45445348915188,
    "roughness": 29.752000423661457,
    "warmth": 57.641592367295885,
    "sharpness": 12.382595237564349,
    "boominess": 51.70234523383806,
    "reverb": false,
    "genre": "Genre A",
    "mood": "Mood A"
}