{
    "duration": 1.8461250066757202,
    "lossless": 1.0,
    "codec": "pcm_s16le",
    "bitrate": 256000.0,
    "samplerate": 16000.0,
    "channels": 1.0,
    "audio_md5": "d139d5c91c8e15807a00d12a3103a40f",
    "loudness": -35.73108673095703,
    "dynamic_range": 0.0,
    "temporal_centroid": 0.40306317806243896,
    "log_attack_time": -1.9480822086334229,
    "filesize": 59120,
    "single_event": true,
    "tonality": "D# minor",
    "tonality_confidence": 0.40454190969467163,
    "loop": true,
    "tempo": 131,
    "tempo_confidence": 0.9607890844345093,
    "note_midi": 44,
    "note_name": "G#2",
    "note_frequency": 105.79696655273438,
    "note_confidence": 0.49101322889328003,
    "hardness": 43.897783977282984,
    "depth": 59.768908270231044,
    "brightness": 44.158278915223136,
    "roughness": 40.18251154703113,
    "warmth": 55.17842098535287,
    "sharpness": 22.538426934562857,
    "boominess": 48.58805838886323,
    "reverb": false,
    "genre": "Genre A",
    "mood": "Mood A"
}