{
    "duration": 1.8461250066757202,
    "lossless": 1.0,
    "codec": "pcm_s16le",
    "bitrate": 256000.0,
    "samplerate": 16000.0,
    "channels": 1.0,
    "audio_md5": "2d0018ba4060f7aa3a3facbbdf36798b",
    "loudness": -31.997072219848633,
    "dynamic_range": 0.0,
    "temporal_centroid": 0.27179214358329773,
    "log_attack_time": -2.0423786640167236,
    "filesize": 59120,
    "single_event": true,
    "tonality": "A major",
    "tonality_confidence": 0.4795617461204529,
    "loop": false,
    "tempo": 131,
    "tempo_confidence": 0.0,
    "note_midi": 59,
    "note_name": "B3",
    "note_frequency": 253.16807556152344,
    "note_confidence": 0.5177059173583984,
    "hardness": 40.9984708926786,
    "depth": 59.15606328156038,
    "brightness": 42.43326417984487,
    "roughness": 38.78161738404978,
    "warmth": 53.970273990691126,
    "sharpness": 27.733409213864626,
    "boominess": 44.86722768339058,
    "reverb": false,
    "genre": "Genre A",
    "mood": "Mood A"
}