{
    "duration": 1.8461250066757202,
    "lossless": 1.0,
    "codec": "pcm_s16le",
    "bitrate": 256000.0,
    "samplerate": 16000.0,
    "channels": 1.0,
    "audio_md5": "1de72ba0d66a660feee2c55f634f3272",
    "loudness": -28.249601364135742,
    "dynamic_range": 0.0,
    "temporal_centroid": 0.33186963200569153,
    "log_attack_time": -0.02334541641175747,
    "filesize": 59120,
    "single_event": true,
    "tonality": "C# major",
    "tonality_confidence": 0.7737787961959839,
    "loop": false,
    "tempo": 131,
    "tempo_confidence": 0.0,
    "note_midi": 49,
    "note_name": "C#3",
    "note_frequency": 137.86488342285156,
    "note_confidence": 0.4486868381500244,
    "hardness": 37.37071323589669,
    "depth": 60.424336949364616,
    "brightness": 43.16444482470433,
    "roughness": 37.03725603701774,
    "warmth": 52.093468576760436,
    "sharpness": 28.920288295396755,
    "boominess": 47.15745594740119,
    "reverb": false,
    "genre": "Genre A",
    "mood": "Mood A"
}