{
    "duration": 1.8461250066757202,
    "lossless": 1.0,
    "codec": "pcm_s16le",
    "bitrate": 256000.0,
    "samplerate": 16000.0,
    "channels": 1.0,
    "audio_md5": "4a9d957d8aea52d71ec00ea6c433a4ea",
    "loudness": -36.010066986083984,
    "dynamic_range": 0.0,
    "temporal_centroid": 0.26106855273246765,
    "log_attack_time": -1.8626832962036133,
    "filesize": 59120,
    "single_event": true,
    "tonality": "B minor",
    "tonality_confidence": 0.5014982223510742,
    "loop": false,
    "tempo": 129,
    "tempo_confidence": 0.0,
    "note_midi": 40,
    "note_name": "E2",
    "note_frequency": 83.26407623291016,
    "note_confidence": 0.4232445955276489,
    "hardness": 45.52606696228341,
    "depth": 58.744511125603644,
    "brightness": 47.64211644686708,
    "roughness": 38.23390398749178,
    "warmth": 51.04868805316597,
    "sharpness": 28.372999419543376,
    "boominess": 48.00997524430977,
    "reverb": false,
    "genre": "Genre A",
    "mood": "Mood A"
}