{
    "duration": 1.8461250066757202,
    "lossless": 1.0,
    "codec": "pcm_s16le",
    "bitrate": 256000.0,
    "samplerate": 16000.0,
    "channels": 1.0,
    "audio_md5": "de1ab0251e1f05b397e69b4153c22f8d",
    "loudness": -38.092838287353516,
    "dynamic_range": 0.0,
    "temporal_centroid": 0.2180580198764801,
    "log_attack_time": -1.717581868171692,
    "filesize": 59120,
    "single_event": true,
    "tonality": "E major",
    "tonality_confidence": 0.7097505927085876,
    "loop": false,
    "tempo": 129,
    "tempo_confidence": 0.0,
    "note_midi": 35,
    "note_name": "B1",
    "note_frequency": 62.44042205810547,
    "note_confidence": 0.36221182346343994,
    "hardness": 51.624801815234605,
    "depth": 61.667179552320064,
    "brightness": 50.6079163224986,
    "roughness": 42.195511629535176,
    "warmth": 50.980976615936974,
    "sharpness": 31.927143383350018,
    "boominess": 48.33246396779312,
    "reverb": false,
    "genre": "Genre A",
    "mood": "Mood A"
}