{
    "duration": 1.8461250066757202,
    "lossless": 1.0,
    "codec": "pcm_s16le",
    "bitrate": 256000.0,
    "samplerate": 16000.0,
    "channels": 1.0,
    "audio_md5": "acf39e322124f28e5851a4c2026fd8c0",
    "loudness": -30.084880828857422,
    "dynamic_range": 0.0,
    "temporal_centroid": 0.25179508328437805,
    "log_attack_time": -1.5826092958450317,
    "filesize": 59120,
    "single_event": true,
    "tonality": "C# major",
    "tonality_confidence": 0.7406349778175354,
    "loop": true,
    "tempo": 131,
    "tempo_confidence": 0.974651575088501,
    "note_midi": 55,
    "note_name": "G3",
    "note_frequency": 197.9750213623047,
    "note_confidence": 0.042540132999420166,
    "hardness": 26.821791586555648,
    "depth": 63.72578257307198,
    "brightness": 33.7560410686535,
    "roughness": 0,
    "warmth": 55.63445847834123,
    "sharpness": 0.0,
    "boominess": 65.9031763842301,
    "reverb": false,
    "genre": "Genre A",
    "mood": "Mood A"
}