{
    "duration": 1.8461250066757202,
    "lossless": 1.0,
    "codec": "pcm_s16le",
    "bitrate": 256000.0,
    "samplerate": 16000.0,
    "channels": 1.0,
    "audio_md5": "7a3140201c32e0c2825fca9f8bd0c2e3",
    "loudness": -24.696670532226562,
    "dynamic_range": 0.0,
    "temporal_centroid": 0.4327571988105774,
    "log_attack_time": -1.6965149641036987,
    "filesize": 59120,
    "single_event": true,
    "tonality": "G# minor",
    "tonality_confidence": 0.676140308380127,
    "loop": false,
    "tempo": 172,
    "tempo_confidence": 0.0,
    "note_midi": 37,
    "note_name": "C#2",
    "note_frequency": 69.25821685791016,
    "note_confidence": 0.19492429494857788,
    "hardness": 32.68546802038122,
    "depth": 68.594587753103,
    "brightness": 24.01252330596154,
    "roughness": 25.962679916968064,
    "warmth": 58.97965720336327,
    "sharpness": 17.337683081210148,
    "boominess": 60.49964715631596,
    "reverb": false,
    "genre": "Genre A",
    "mood": "Mood A"
}