{
    "duration": 1.8461250066757202,
    "lossless": 1.0,
    "codec": "pcm_s16le",
    "bitrate": 256000.0,
    "samplerate": 16000.0,
    "channels": 1.0,
    "audio_md5": "8b62a7248fa83ea4cba9b8446586779a",
    "loudness": -32.21553421020508,
    "dynamic_range": 0.0,
    "temporal_centroid": 0.42777153849601746,
    "log_attack_time": 0.1413324624300003,
    "filesize": 59120,
    "single_event": true,
    "tonality": "C minor",
    "tonality_confidence": 0.5345758199691772,
    "loop": false,
    "tempo": 178,
    "tempo_confidence": 0.0,
    "note_midi": 42,
    "note_name": "F#2",
    "note_frequency": 92.82623291015625,
    "note_confidence": 0.4851878881454468,
    "hardness": 36.601324819956886,
    "depth": 62.353569570019296,
    "brightness": 29.340862417054158,
    "roughness": 32.32935935587628,
    "warmth": 57.32159461461973,
    "sharpness": 11.716063725632914,
    "boominess": 51.778256015171415,
    "reverb": false,
    "genre": "Genre A",
    "mood": "Mood A"
}