{
    "duration": 1.8461250066757202,
    "lossless": 1.0,
    "codec": "pcm_s16le",
    "bitrate": 256000.0,
    "samplerate": 16000.0,
    "channels": 1.0,
    "audio_md5": "08829d7cddb3e0430fa77379c75bfe34",
    "loudness": -28.963842391967773,
    "dynamic_range": 0.0,
    "temporal_centroid": 0.341003954410553,
    "log_attack_time": -0.02852007746696472,
    "filesize": 59120,
    "single_event": true,
    "tonality": "D major",
    "tonality_confidence": 0.34864455461502075,
    "loop": false,
    "tempo": 131,
    "tempo_confidence": 0.0,
    "note_midi": 40,
    "note_name": "E2",
    "note_frequency": 83.39545440673828,
    "note_confidence": 0.40439289808273315,
    "hardness": 39.28235884523036,
    "depth": 64.17063918575775,
    "brightness": 42.08091157314714,
    "roughness": 31.736449992804012,
    "warmth": 55.81479730405445,
    "sharpness": 34.091215488923794,
    "boominess": 46.27947052278862,
    "reverb": false,
    "genre": "Genre A",
    "mood": "Mood A"
}