{
    "duration": 1.8461250066757202,
    "lossless": 1.0,
    "codec": "pcm_s16le",
    "bitrate": 256000.0,
    "samplerate": 16000.0,
    "channels": 1.0,
    "audio_md5": "7c3a98dd1c34c93f9243bcf55e6f434d",
    "loudness": -28.89153289794922,
    "dynamic_range": 0.0,
    "temporal_centroid": 0.3342169225215912,
    "log_attack_time": -0.02835187315940857,
    "filesize": 59120,
    "single_event": true,
    "tonality": "B major",
    "tonality_confidence": 0.7245349884033203,
    "loop": false,
    "tempo": 129,
    "tempo_confidence": 0.0,
    "note_midi": 40,
    "note_name": "E2",
    "note_frequency": 83.16627502441406,
    "note_confidence": 0.3490173816680908,
    "hardness": 37.30591408740831,
    "depth": 64.39173781631156,
    "brightness": 42.198161428618434,
    "roughness": 30.290934506754173,
    "warmth": 55.881616609001114,
    "sharpness": 31.198785644229677,
    "boominess": 47.0424758594031,
    "reverb": false,
    "genre": "Genre A",
    "mood": "Mood A"
}