{
    "duration": 1.8461250066757202,
    "lossless": 1.0,
    "codec": "pcm_s16le",
    "bitrate": 256000.0,
    "samplerate": 16000.0,
    "channels": 1.0,
    "audio_md5": "4ed31868c0d877fa14bd28e0c179f28f",
    "loudness": -31.537439346313477,
    "dynamic_range": 0.0,
    "temporal_centroid": 0.30150631070137024,
    "log_attack_time": -1.5971636772155762,
    "filesize": 59120,
    "single_event": true,
    "tonality": "C# minor",
    "tonality_confidence": 0.45633652806282043,
    "loop": true,
    "tempo": 132,
    "tempo_confidence": 0.9970067739486694,
    "note_midi": 36,
    "note_name": "C2",
    "note_frequency": 63.60126495361328,
    "note_confidence": 0.3644474744796753,
    "hardness": 33.37984874640611,
    "depth": 65.69641676438759,
    "brightness": 35.650055822003225,
    "roughness": 29.30044634900827,
    "warmth": 58.50550563895807,
    "sharpness": 0.0,
    "boominess": 60.57895575413063,
    "reverb": false,
    "genre": "Genre A",
    "mood": "Mood A"
}