{
    "duration": 1.8461250066757202,
    "lossless": 1.0,
    "codec": "pcm_s16le",
    "bitrate": 256000.0,
    "samplerate": 16000.0,
    "channels": 1.0,
    "audio_md5": "c574b605e482c876936000f2f9deb652",
    "loudness": -33.43167495727539,
    "dynamic_range": 0.0,
    "temporal_centroid": 0.46273303031921387,
    "log_attack_time": 0.1508295238018036,
    "filesize": 59120,
    "single_event": true,
    "tonality": "B major",
    "tonality_confidence": 0.4965082108974457,
    "loop": true,
    "tempo": 130,
    "tempo_confidence": 0.9999017119407654,
    "note_midi": 44,
    "note_name": "G#2",
    "note_frequency": 104.1736831665039,
    "note_confidence": 0.47370195388793945,
    "hardness": 43.661746102969545,
    "depth": 59.949954546013785,
    "brightness": 42.932505806685384,
    "roughness": 37.71229216811395,
    "warmth": 54.36014030251976,
    "sharpness": 30.47932730970884,
    "boominess": 46.83207592067655,
    "reverb": false,
    "genre": "Genre A",
    "mood": "Mood A"
}