{
    "duration": 1.8461250066757202,
    "lossless": 1.0,
    "codec": "pcm_s16le",
    "bitrate": 256000.0,
    "samplerate": 16000.0,
    "channels": 1.0,
    "audio_md5": "382d3b3ed9b6bfb5b3820e46dfc43400",
    "loudness": -30.287395477294922,
    "dynamic_range": 0.0,
    "temporal_centroid": 0.15342554450035095,
    "log_attack_time": -1.2855523824691772,
    "filesize": 59120,
    "single_event": true,
    "tonality": "G# major",
    "tonality_confidence": 0.5310150980949402,
    "loop": false,
    "tempo": 129,
    "tempo_confidence": 0.0,
    "note_midi": 35,
    "note_name": "B1",
    "note_frequency": 62.378379821777344,
    "note_confidence": 0.25494903326034546,
    "hardness": 35.08501217509675,
    "depth": 69.34717129380637,
    "brightness": 37.02277884624426,
    "roughness": 27.734928004667783,
    "warmth": 54.33765935501695,
    "sharpness": 30.86419326070611,
    "boominess": 55.086842880639324,
    "reverb": false,
    "genre": "Genre A",
    "mood": "Mood A"
}