{
    "duration": 1.8461250066757202,
    "lossless": 1.0,
    "codec": "pcm_s16le",
    "bitrate": 256000.0,
    "samplerate": 16000.0,
    "channels": 1.0,
    "audio_md5": "6beb21660f0942c595399fde307e5458",
    "loudness": -30.566600799560547,
    "dynamic_range": 0.0,
    "temporal_centroid": 0.43988698720932007,
    "log_attack_time": 0.14111191034317017,
    "filesize": 59120,
    "single_event": true,
    "tonality": "A# minor",
    "tonality_confidence": 0.38839486241340637,
    "loop": false,
    "tempo": 167,
    "tempo_confidence": 0.0,
    "note_midi": 41,
    "note_name": "F2",
    "note_frequency": 88.51616668701172,
    "note_confidence": 0.48462748527526855,
    "hardness": 35.23185411551741,
    "depth": 61.081304234089906,
    "brightness": 28.845894810723856,
    "roughness": 32.3691323020406,
    "warmth": 57.07091223096533,
    "sharpness": 9.466941379104721,
    "boominess": 51.49539663626182,
    "reverb": false,
    "genre": "Genre A",
    "mood": "Mood A"
}