{
    "duration": 1.8461250066757202,
    "lossless": 1.0,
    "codec": "pcm_s16le",
    "bitrate": 256000.0,
    "samplerate": 16000.0,
    "channels": 1.0,
    "audio_md5": "3bebb9ab0f7cb47c75eb411525f02f2b",
    "loudness": -31.764263153076172,
    "dynamic_range": 0.0,
    "temporal_centroid": 0.3003912568092346,
    "log_attack_time": -1.768798589706421,
    "filesize": 59120,
    "single_event": true,
    "tonality": "C# minor",
    "tonality_confidence": 0.6697330474853516,
    "loop": false,
    "tempo": 172,
    "tempo_confidence": 0.0,
    "note_midi": 45,
    "note_name": "A2",
    "note_frequency": 112.94847869873047,
    "note_confidence": 0.5229120850563049,
    "hardness": 38.866491532299634,
    "depth": 62.36896501792213,
    "brightness": 27.309857057853705,
    "roughness": 31.601859156448896,
    "warmth": 58.54383297855139,
    "sharpness": 4.216799739503955,
    "boominess": 53.653028686080646,
    "reverb": false,
    "genre": "Genre A",
    "mood": "Mood A"
}