{
    "duration": 1.8461250066757202,
    "lossless": 1.0,
    "codec": "pcm_s16le",
    "bitrate": 256000.0,
    "samplerate": 16000.0,
    "channels": 1.0,
    "audio_md5": "a0e1a792b4e036a3db90ad62d49cdf5b",
    "loudness": -23.049095153808594,
    "dynamic_range": 0.0,
    "temporal_centroid": 0.3819824159145355,
    "log_attack_time": -1.6244919300079346,
    "filesize": 59120,
    "single_event": true,
    "tonality": "A major",
    "tonality_confidence": 0.6466182470321655,
    "loop": false,
    "tempo": 148,
    "tempo_confidence": 0.0,
    "note_midi": 43,
    "note_name": "G2",
    "note_frequency": 99.90243530273438,
    "note_confidence": 0.3329150676727295,
    "hardness": 29.739370857820887,
    "depth": 66.94692500470653,
    "brightness": 20.887140894914545,
    "roughness": 22.557140934057507,
    "warmth": 58.98311360412901,
    "sharpness": 10.194761449014258,
    "boominess": 62.024441980128046,
    "reverb": false,
    "genre": "Genre A",
    "mood": "Mood A"
}