{
    "duration": 1.8461250066757202,
    "lossless": 1.0,
    "codec": "pcm_s16le",
    "bitrate": 256000.0,
    "samplerate": 16000.0,
    "channels": 1.0,
    "audio_md5": "8c3d6b0f460abd1a0429323cc94c4b50",
    "loudness": -28.606229782104492,
    "dynamic_range": 0.0,
    "temporal_centroid": 0.35320547223091125,
    "log_attack_time": -0.02921471744775772,
    "filesize": 59120,
    "single_event": true,
    "tonality": "A# major",
    "tonality_confidence": 0.46193549036979675,
    "loop": false,
    "tempo": 131,
    "tempo_confidence": 0.0,
    "note_midi": 40,
    "note_name": "E2",
    "note_frequency": 83.24642181396484,
    "note_confidence": 0.3867453932762146,
    "hardness": 36.075149325836776,
    "depth": 64.2855696034872,
    "brightness": 41.77162097239196,
    "roughness": 30.974493352194763,
    "warmth": 53.05738174984607,
    "sharpness": 31.636217600322894,
    "boominess": 46.72458875896303,
    "reverb": false,
    "genre": "Genre A",
    "mood": "Mood A"
}