{
    "duration": 1.8461250066757202,
    "lossless": 1.0,
    "codec": "pcm_s16le",
    "bitrate": 256000.0,
    "samplerate": 16000.0,
    "channels": 1.0,
    "audio_md5": "778682fade6b73e6a086f346b05ad882",
    "loudness": -33.15546417236328,
    "dynamic_range": 0.0,
    "temporal_centroid": 0.46194466948509216,
    "log_attack_time": 0.14517034590244293,
    "filesize": 59120,
    "single_event": true,
    "tonality": "A# minor",
    "tonality_confidence": 0.4478819966316223,
    "loop": true,
    "tempo": 131,
    "tempo_confidence": 0.9546500444412231,
    "note_midi": 56,
    "note_name": "G#3",
    "note_frequency": 212.6134490966797,
    "note_confidence": 0.5068989992141724,
    "hardness": 41.48647034516699,
    "depth": 60.39505120430301,
    "brightness": 41.533713130708605,
    "roughness": 35.73415933756323,
    "warmth": 55.8349044431703,
    "sharpness": 25.816280416687846,
    "boominess": 48.02580217761462,
    "reverb": false,
    "genre": "Genre A",
    "mood": "Mood A"
}