{
    "duration": 1.8461250066757202,
    "lossless": 1.0,
    "codec": "pcm_s16le",
    "bitrate": 256000.0,
    "samplerate": 16000.0,
    "channels": 1.0,
    "audio_md5": "51afd795707f7d7f444afd1437fd0dd2",
    "loudness": -21.738954544067383,
    "dynamic_range": 0.0,
    "temporal_centroid": 0.45208439230918884,
    "log_attack_time": -0.14051176607608795,
    "filesize": 59120,
    "single_event": true,
    "tonality": "A minor",
    "tonality_confidence": 0.7739900946617126,
    "loop": false,
    "tempo": 172,
    "tempo_confidence": 0.0,
    "note_midi": 43,
    "note_name": "G2",
    "note_frequency": 99.90243530273438,
    "note_confidence": 0.5178481936454773,
    "hardness": 28.17710114852862,
    "depth": 66.78950460329797,
    "brightness": 19.099006020704294,
    "roughness": 23.46210337572562,
    "warmth": 58.38448413413067,
    "sharpness": 22.996577687909138,
    "boominess": 59.39460821279507,
    "reverb": false,
    "genre": "Genre A",
    "mood": "Mood A"
}