{
    "duration": 1.8461250066757202,
    "lossless": 1.0,
    "codec": "pcm_s16le",
    "bitrate": 256000.0,
    "samplerate": 16000.0,
    "channels": 1.0,
    "audio_md5": "edd0bf1685f6e704d3f1377f37ff8722",
    "loudness": -26.99668312072754,
    "dynamic_range": 0.0,
    "temporal_centroid": 0.19838003814220428,
    "log_attack_time": -1.3213928937911987,
    "filesize": 59120,
    "single_event": true,
    "tonality": "A# minor",
    "tonality_confidence": 0.5825192928314209,
    "loop": false,
    "tempo": 133,
    "tempo_confidence": 0.0,
    "note_midi": 39,
    "note_name": "D#2",
    "note_frequency": 77.17672729492188,
    "note_confidence": 0.3965109586715698,
    "hardness": 37.3423572747207,
    "depth": 68.19802416830468,
    "brightness": 36.56130270950068,
    "roughness": 29.27875053584775,
    "warmth": 55.38428279866489,
    "sharpness": 30.411138562753827,
    "boominess": 55.36513810621922,
    "reverb": false,
    "genre": "Genre A",
    "mood": "Mood A"
}