{
    "duration": 1.8461250066757202,
    "lossless": 1.0,
    "codec": "pcm_s16le",
    "bitrate": 256000.0,
    "samplerate": 16000.0,
    "channels": 1.0,
    "audio_md5": "06cdbe37fbceb719d80d35cb047005bf",
    "loudness": -33.517181396484375,
    "dynamic_range": 0.0,
    "temporal_centroid": 0.4495282769203186,
    "log_attack_time": 0.1409054696559906,
    "filesize": 59120,
    "single_event": true,
    "tonality": "F minor",
    "tonality_confidence": 0.6315920352935791,
    "loop": false,
    "tempo": 172,
    "tempo_confidence": 0.0,
    "note_midi": 39,
    "note_name": "D#2",
    "note_frequency": 75.63980102539062,
    "note_confidence": 0.4245002269744873,
    "hardness": 35.17072691417103,
    "depth": 64.03535301608858,
    "brightness": 28.35054004459467,
    "roughness": 29.825389368827835,
    "warmth": 57.54560750472977,
    "sharpness": 13.080948970051256,
    "boominess": 51.944817659847885,
    "reverb": false,
    "genre": "Genre A",
    "mood": "Mood A"
}