{
    "duration": 1.8461250066757202,
    "lossless": 1.0,
    "codec": "pcm_s16le",
    "bitrate": 256000.0,
    "samplerate": 16000.0,
    "channels": 1.0,
    "audio_md5": "40e2a3cdc0013a780a5293ff6ec53502",
    "loudness": -31.660951614379883,
    "dynamic_range": 0.0,
    "temporal_centroid": 0.4629056751728058,
    "log_attack_time": 0.1460295468568802,
    "filesize": 59120,
    "single_event": true,
    "tonality": "E major",
    "tonality_confidence": 0.8106025457382202,
    "loop": true,
    "tempo": 131,
    "tempo_confidence": 0.9619773030281067,
    "note_midi": 44,
    "note_name": "G#2",
    "note_frequency": 103.90238952636719,
    "note_confidence": 0.47008687257766724,
    "hardness": 41.5665065532435,
    "depth": 60.76678409266563,
    "brightness": 41.78289425149988,
    "roughness": 36.78424360399712,
    "warmth": 55.57160704267852,
    "sharpness": 30.911078134605606,
    "boominess": 44.680233458686445,
    "reverb": false,
    "genre": "Genre A",
    "mood": "Mood A"
}