{
    "duration": 1.8461250066757202,
    "lossless": 1.0,
    "codec": "pcm_s16le",
    "bitrate": 256000.0,
    "samplerate": 16000.0,
    "channels": 1.0,
    "audio_md5": "179d80b717a0aef9557ce0895bbe4235",
    "loudness": -21.985137939453125,
    "dynamic_range": 0.0,
    "temporal_centroid": 0.45938244462013245,
    "log_attack_time": -0.14721857011318207,
    "filesize": 59120,
    "single_event": true,
    "tonality": "G major",
    "tonality_confidence": 0.5206195116043091,
    "loop": false,
    "tempo": 172,
    "tempo_confidence": 0.0,
    "note_midi": 41,
    "note_name": "F2",
    "note_frequency": 84.97211456298828,
    "note_confidence": 0.34351056814193726,
    "hardness": 28.26958795739094,
    "depth": 66.63545727184191,
    "brightness": 20.023983744337542,
    "roughness": 21.179825483762755,
    "warmth": 58.665268386547496,
    "sharpness": 21.755745208422976,
    "boominess": 59.565827139247716,
    "reverb": false,
    "genre": "Genre A",
    "mood": "Mood A"
}