{
    "duration": 1.8461250066757202,
    "lossless": 1.0,
    "codec": "pcm_s16le",
    "bitrate": 256000.0,
    "samplerate": 16000.0,
    "channels": 1.0,
    "audio_md5": "05885818ce4d27e273bfe10d8d3fb80d",
    "loudness": -21.99470329284668,
    "dynamic_range": 0.0,
    "temporal_centroid": 0.44126424193382263,
    "log_attack_time": -0.14546678960323334,
    "filesize": 59120,
    "single_event": true,
    "tonality": "C minor",
    "tonality_confidence": 0.6899336576461792,
    "loop": false,
    "tempo": 157,
    "tempo_confidence": 0.0,
    "note_midi": 43,
    "note_name": "G2",
    "note_frequency": 99.90247344970703,
    "note_confidence": 0.7380207180976868,
    "hardness": 28.43414646476826,
    "depth": 66.89529273519886,
    "brightness": 19.37291648858556,
    "roughness": 28.025616923782867,
    "warmth": 57.317946677634055,
    "sharpness": 20.984590567492106,
    "boominess": 59.99040346925837,
    "reverb": false,
    "genre": "Genre A",
    "mood": "Mood A"
}