{
    "duration": 1.8461250066757202,
    "lossless": 1.0,
    "codec": "pcm_s16le",
    "bitrate": 256000.0,
    "samplerate": 16000.0,
    "channels": 1.0,
    "audio_md5": "f6dee9022fc52a4fae5c610231bed192",
    "loudness": -32.481292724609375,
    "dynamic_range": 0.0,
    "temporal_centroid": 0.4295106828212738,
    "log_attack_time": 0.14128264784812927,
    "filesize": 59120,
    "single_event": true,
    "tonality": "F minor",
    "tonality_confidence": 0.44941070675849915,
    "loop": false,
    "tempo": 167,
    "tempo_confidence": 0.0,
    "note_midi": 44,
    "note_name": "G#2",
    "note_frequency": 101.05989074707031,
    "note_confidence": 0.4810035824775696,
    "hardness": 36.302905797318914,
    "depth": 62.55464545739129,
    "brightness": 29.48352588305381,
    "roughness": 28.343207471794464,
    "warmth": 57.86467389609588,
    "sharpness": 12.712947867387445,
    "boominess": 51.67375261002343,
    "reverb": false,
    "genre": "Genre A",
    "mood": "Mood A"
}