{
    "duration": 1.8461250066757202,
    "lossless": 1.0,
    "codec": "pcm_s16le",
    "bitrate": 256000.0,
    "samplerate": 16000.0,
    "channels": 1.0,
    "audio_md5": "8297bb0bcd7234c07d3953b7f3b84385",
    "loudness": -29.061933517456055,
    "dynamic_range": 0.0,
    "temporal_centroid": 0.32585832476615906,
    "log_attack_time": -1.878025770187378,
    "filesize": 59120,
    "single_event": true,
    "tonality": "F# minor",
    "tonality_confidence": 0.4829609990119934,
    "loop": false,
    "tempo": 129,
    "tempo_confidence": 0.0,
    "note_midi": 46,
    "note_name": "A#2",
    "note_frequency": 115.79633331298828,
    "note_confidence": 0.4453030824661255,
    "hardness": 39.142833977945,
    "depth": 61.3375868954182,
    "brightness": 42.42321087084758,
    "roughness": 32.32949800312266,
    "warmth": 54.853903038521,
    "sharpness": 30.93193405199657,
    "boominess": 46.087739113019666,
    "reverb": false,
    "genre": "Genre A",
    "mood": "Mood A"
}