{
    "duration": 1.8461250066757202,
    "lossless": 1.0,
    "codec": "pcm_s16le",
    "bitrate": 256000.0,
    "samplerate": 16000.0,
    "channels": 1.0,
    "audio_md5": "48df775e4a3341639e5770a08c32deb4",
    "loudness": -24.417232513427734,
    "dynamic_range": 0.0,
    "temporal_centroid": 0.1428345888853073,
    "log_attack_time": -1.3089807033538818,
    "filesize": 59120,
    "single_event": true,
    "tonality": "C# major",
    "tonality_confidence": 0.44092512130737305,
    "loop": false,
    "tempo": 133,
    "tempo_confidence": 0.0,
    "note_midi": 40,
    "note_name": "E2",
    "note_frequency": 82.31641387939453,
    "note_confidence": 0.13713723421096802,
    "hardness": 34.34558868486796,
    "depth": 65.76416009131323,
    "brightness": 33.959684575090854,
    "roughness": 21.267121933033238,
    "warmth": 54.91740303633047,
    "sharpness": 29.2791545486476,
    "boominess": 57.281039618089224,
    "reverb": false,
    "genre": "Genre A",
    "mood": "Mood A"
}