{
    "duration": 1.8461250066757202,
    "lossless": 1.0,
    "codec": "pcm_s16le",
    "bitrate": 256000.0,
    "samplerate": 16000.0,
    "channels": 1.0,
    "audio_md5": "c1c33d3a5a46032352f9ef12dc1b18ce",
    "loudness": -22.213552474975586,
    "dynamic_range": 0.0,
    "temporal_centroid": 0.43705829977989197,
    "log_attack_time": -0.147329181432724,
    "filesize": 59120,
    "single_event": true,
    "tonality": "C minor",
    "tonality_confidence": 0.40328240394592285,
    "loop": false,
    "tempo": 178,
    "tempo_confidence": 0.0,
    "note_midi": 43,
    "note_name": "G2",
    "note_frequency": 99.90258026123047,
    "note_confidence": 0.3349645733833313,
    "hardness": 28.29400033435394,
    "depth": 66.65625552161384,
    "brightness": 18.11840299944999,
    "roughness": 0,
    "warmth": 59.09370260661304,
    "sharpness": 18.164964780168365,
    "boominess": 61.01009100420741,
    "reverb": false,
    "genre": "Genre A",
    "mood": "Mood A"
}