{
    "duration": 1.8461250066757202,
    "lossless": 1.0,
    "codec": "pcm_s16le",
    "bitrate": 256000.0,
    "samplerate": 16000.0,
    "channels": 1.0,
    "audio_md5": "549741a60636975fadd859bb2eb903b8",
    "loudness": -28.243654251098633,
    "dynamic_range": 0.0,
    "temporal_centroid": 0.4600529670715332,
    "log_attack_time": -1.5055046081542969,
    "filesize": 59120,
    "single_event": true,
    "tonality": "C minor",
    "tonality_confidence": 0.7235158681869507,
    "loop": false,
    "tempo": 167,
    "tempo_confidence": 0.0,
    "note_midi": 29,
    "note_name": "F1",
    "note_frequency": 43.024391174316406,
    "note_confidence": 0.3845266103744507,
    "hardness": 33.58558010346542,
    "depth": 68.23842385926126,
    "brightness": 16.303418135037028,
    "roughness": 35.559018884241425,
    "warmth": 59.993323823194515,
    "sharpness": 30.373350948580182,
    "boominess": 56.3631717355201,
    "reverb": false,
    "genre": "Genre A",
    "mood": "Mood A"
}