{
    "duration": 1.8461250066757202,
    "lossless": 1.0,
    "codec": "pcm_s16le",
    "bitrate": 256000.0,
    "samplerate": 16000.0,
    "channels": 1.0,
    "audio_md5": "75d4843ee3dbe4b4cae859b319e01aed",
    "loudness": -25.437400817871094,
    "dynamic_range": 0.0,
    "temporal_centroid": 0.23462317883968353,
    "log_attack_time": -1.2452843189239502,
    "filesize": 59120,
    "single_event": true,
    "tonality": "C major",
    "tonality_confidence": 0.725548505783081,
    "loop": false,
    "tempo": 167,
    "tempo_confidence": 0.0,
    "note_midi": 29,
    "note_name": "F1",
    "note_frequency": 43.05726623535156,
    "note_confidence": 0.4030134677886963,
    "hardness": 32.570175795258706,
    "depth": 72.08561083721716,
    "brightness": 29.05459002234103,
    "roughness": 30.472588627639116,
    "warmth": 56.192226879985796,
    "sharpness": 37.62523520467294,
    "boominess": 51.04906044451959,
    "reverb": false,
    "genre": "Genre A",
    "mood": "Mood A"
}