{
    "duration": 1.8461250066757202,
    "lossless": 1.0,
    "codec": "pcm_s16le",
    "bitrate": 256000.0,
    "samplerate": 16000.0,
    "channels": 1.0,
    "audio_md5": "289f6e1cbdbebbcdd8530c3a929ea5d0",
    "loudness": -32.983802795410156,
    "dynamic_range": 0.0,
    "temporal_centroid": 0.4764578640460968,
    "log_attack_time": 0.1503351777791977,
    "filesize": 59120,
    "single_event": true,
    "tonality": "B major",
    "tonality_confidence": 0.6376187205314636,
    "loop": true,
    "tempo": 130,
    "tempo_confidence": 0.9999017119407654,
    "note_midi": 42,
    "note_name": "F#2",
    "note_frequency": 91.37466430664062,
    "note_confidence": 0.4750518202781677,
    "hardness": 42.88123067629516,
    "depth": 61.28949632279041,
    "brightness": 42.98404807675662,
    "roughness": 36.81785876017565,
    "warmth": 53.2123951784617,
    "sharpness": 30.37210979129092,
    "boominess": 46.79044777154895,
    "reverb": false,
    "genre": "Genre A",
    "mood": "Mood A"
}