{
    "duration": 1.8461250066757202,
    "lossless": 1.0,
    "codec": "pcm_s16le",
    "bitrate": 256000.0,
    "samplerate": 16000.0,
    "channels": 1.0,
    "audio_md5": "e135da666ecba3e8177d7db8dcd5ea09",
    "loudness": -46.283050537109375,
    "dynamic_range": 0.0,
    "temporal_centroid": 0.556243896484375,
    "log_attack_time": 0.1428518444299698,
    "filesize": 59120,
    "single_event": true,
    "tonality": "C# minor",
    "tonality_confidence": 0.5007510781288147,
    "loop": true,
    "tempo": 130,
    "tempo_confidence": 0.9999017119407654,
    "note_midi": 42,
    "note_name": "F#2",
    "note_frequency": 94.41624450683594,
    "note_confidence": 0.351490318775177,
    "hardness": 55.07185411022627,
    "depth": 50.03463348050606,
    "brightness": 55.659948976792926,
    "roughness": 46.94757198614214,
    "warmth": 42.133725513837994,
    "sharpness": 42.48655168870025,
    "boominess": 33.45429712728526,
    "reverb": false,
    "genre": "Genre A",
    "mood": "Mood A"
}