{
    "duration": 1.8461250066757202,
    "lossless": 1.0,
    "codec": "pcm_s16le",
    "bitrate": 256000.0,
    "samplerate": 16000.0,
    "channels": 1.0,
    "audio_md5": "946fd0cafd9b946171c1c84041411dc1",
    "loudness": -32.27268600463867,
    "dynamic_range": 0.0,
    "temporal_centroid": 0.3175014555454254,
    "log_attack_time": -1.5852539539337158,
    "filesize": 59120,
    "single_event": true,
    "tonality": "B major",
    "tonality_confidence": 0.6772029995918274,
    "loop": true,
    "tempo": 131,
    "tempo_confidence": 0.977721095085144,
    "note_midi": 40,
    "note_name": "E2",
    "note_frequency": 80.3959732055664,
    "note_confidence": 0.25742459297180176,
    "hardness": 35.47315226937022,
    "depth": 66.73243644837358,
    "brightness": 37.552166208332736,
    "roughness": 27.072318772565623,
    "warmth": 58.322574502596936,
    "sharpness": 4.246166659886736,
    "boominess": 59.838348386315346,
    "reverb": false,
    "genre": "Genre A",
    "mood": "Mood A"
}