{
    "duration": 1.8461250066757202,
    "lossless": 1.0,
    "codec": "pcm_s16le",
    "bitrate": 256000.0,
    "samplerate": 16000.0,
    "channels": 1.0,
    "audio_md5": "42ef3f65ff8560de910c2dc1f78e5148",
    "loudness": -24.946237564086914,
    "dynamic_range": 0.0,
    "temporal_centroid": 0.1762082427740097,
    "log_attack_time": -1.3138219118118286,
    "filesize": 59120,
    "single_event": true,
    "tonality": "A# major",
    "tonality_confidence": 0.48189374804496765,
    "loop": false,
    "tempo": 133,
    "tempo_confidence": 0.0,
    "note_midi": 40,
    "note_name": "E2",
    "note_frequency": 83.26494598388672,
    "note_confidence": 0.30590397119522095,
    "hardness": 39.30056557680848,
    "depth": 67.73117816152352,
    "brightness": 35.74737711776126,
    "roughness": 28.5395321475301,
    "warmth": 54.59857489447921,
    "sharpness": 31.322319255492232,
    "boominess": 55.41236151962371,
    "reverb": false,
    "genre": "Genre A",
    "mood": "Mood A"
}