{
    "duration": 1.8461250066757202,
    "lossless": 1.0,
    "codec": "pcm_s16le",
    "bitrate": 256000.0,
    "samplerate": 16000.0,
    "channels": 1.0,
    "audio_md5": "315f5fc0253d046e3fb1e567c03ed0f9",
    "loudness": -23.88318634033203,
    "dynamic_range": 0.0,
    "temporal_centroid": 0.16016140580177307,
    "log_attack_time": -0.9501844644546509,
    "filesize": 59120,
    "single_event": true,
    "tonality": "D# minor",
    "tonality_confidence": 0.6566206216812134,
    "loop": false,
    "tempo": 133,
    "tempo_confidence": 0.0,
    "note_midi": 38,
    "note_name": "D2",
    "note_frequency": 74.66617584228516,
    "note_confidence": 0.3091462254524231,
    "hardness": 37.264175825792506,
    "depth": 67.35908745595275,
    "brightness": 34.525123080592664,
    "roughness": 27.94713900246744,
    "warmth": 53.96926887218277,
    "sharpness": 33.497153308858884,
    "boominess": 55.300677828785,
    "reverb": false,
    "genre": "Genre A",
    "mood": "Mood A"
}