{
    "duration": 1.8461250066757202,
    "lossless": 1.0,
    "codec": "pcm_s16le",
    "bitrate": 256000.0,
    "samplerate": 16000.0,
    "channels": 1.0,
    "audio_md5": "06b49f77ecaedfd336318d6ce6e000fc",
    "loudness": -34.46220016479492,
    "dynamic_range": 0.0,
    "temporal_centroid": 0.43177172541618347,
    "log_attack_time": 0.14128975570201874,
    "filesize": 59120,
    "single_event": true,
    "tonality": "C major",
    "tonality_confidence": 0.5548431873321533,
    "loop": false,
    "tempo": 172,
    "tempo_confidence": 0.0,
    "note_midi": 36,
    "note_name": "C2",
    "note_frequency": 64.9934310913086,
    "note_confidence": 0.4804553985595703,
    "hardness": 36.256042092467666,
    "depth": 64.29547533229055,
    "brightness": 31.94889491327598,
    "roughness": 31.45003718781598,
    "warmth": 57.61892463225344,
    "sharpness": 15.917387979655082,
    "boominess": 50.949382666659204,
    "reverb": false,
    "genre": "Genre A",
    "mood": "Mood A"
}