{
    "duration": 1.8461250066757202,
    "lossless": 1.0,
    "codec": "pcm_s16le",
    "bitrate": 256000.0,
    "samplerate": 16000.0,
    "channels": 1.0,
    "audio_md5": "b88f5e6770a86085fce8e63d9f555a49",
    "loudness": -34.02302932739258,
    "dynamic_range": 0.0,
    "temporal_centroid": 0.4004151225090027,
    "log_attack_time": -1.5630912780761719,
    "filesize": 59120,
    "single_event": true,
    "tonality": "D# minor",
    "tonality_confidence": 0.7062236666679382,
    "loop": true,
    "tempo": 130,
    "tempo_confidence": 0.9999017119407654,
    "note_midi": 47,
    "note_name": "B2",
    "note_frequency": 124.92290496826172,
    "note_confidence": 0.4463416337966919,
    "hardness": 41.49893927507024,
    "depth": 60.62728575414094,
    "brightness": 42.55944989991981,
    "roughness": 37.24867731097216,
    "warmth": 55.1822327439873,
    "sharpness": 24.199011241077464,
    "boominess": 48.983096941345394,
    "reverb": false,
    "genre": "Genre A",
    "mood": "Mood A"
}