{
    "duration": 1.8461250066757202,
    "lossless": 1.0,
    "codec": "pcm_s16le",
    "bitrate": 256000.0,
    "samplerate": 16000.0,
    "channels": 1.0,
    "audio_md5": "a8fb9d129de881cdfae013c65d243e65",
    "loudness": -20.97637939453125,
    "dynamic_range": 0.0,
    "temporal_centroid": 0.39659857749938965,
    "log_attack_time": -1.4395051002502441,
    "filesize": 59120,
    "single_event": true,
    "tonality": "F# minor",
    "tonality_confidence": 0.36246493458747864,
    "loop": false,
    "tempo": 172,
    "tempo_confidence": 0.0,
    "note_midi": 42,
    "note_name": "F#2",
    "note_frequency": 93.59846496582031,
    "note_confidence": 0.4840850234031677,
    "hardness": 24.259777163312975,
    "depth": 67.2815031572209,
    "brightness": 18.158760628082213,
    "roughness": 23.208821174874302,
    "warmth": 59.262399335048215,
    "sharpness": 2.529510306811776,
    "boominess": 64.51739541606719,
    "reverb": false,
    "genre": "Genre A",
    "mood": "Mood A"
}