{
    "duration": 1.8461250066757202,
    "lossless": 1.0,
    "codec": "pcm_s16le",
    "bitrate": 256000.0,
    "samplerate": 16000.0,
    "channels": 1.0,
    "audio_md5": "2a535de467a6a12aa284655390ab4190",
    "loudness": -35.760955810546875,
    "dynamic_range": 0.0,
    "temporal_centroid": 0.3932224214076996,
    "log_attack_time": 0.14050661027431488,
    "filesize": 59120,
    "single_event": true,
    "tonality": "A minor",
    "tonality_confidence": 0.6656119227409363,
    "loop": false,
    "tempo": 157,
    "tempo_confidence": 0.0,
    "note_midi": 37,
    "note_name": "C#2",
    "note_frequency": 69.27376556396484,
    "note_confidence": 0.47672027349472046,
    "hardness": 38.40042753588624,
    "depth": 62.63306652681046,
    "brightness": 30.52745723711498,
    "roughness": 34.01078367842567,
    "warmth": 58.185425970643806,
    "sharpness": 9.802088268804539,
    "boominess": 52.376389902844515,
    "reverb": false,
    "genre": "Genre A",
    "mood": "Mood A"
}