{
    "duration": 1.8461250066757202,
    "lossless": 1.0,
    "codec": "pcm_s16le",
    "bitrate": 256000.0,
    "samplerate": 16000.0,
    "channels": 1.0,
    "audio_md5": "7ef8a5c81f452e8375e32c2e4551c5a6",
    "loudness": -27.030864715576172,
    "dynamic_range": 0.0,
    "temporal_centroid": 0.382416307926178,
    "log_attack_time": -0.027679603546857834,
    "filesize": 59120,
    "single_event": true,
    "tonality": "F# minor",
    "tonality_confidence": 0.7670275568962097,
    "loop": false,
    "tempo": 133,
    "tempo_confidence": 0.0,
    "note_midi": 37,
    "note_name": "C#2",
    "note_frequency": 71.27644348144531,
    "note_confidence": 0.3725244998931885,
    "hardness": 31.021770014775413,
    "depth": 63.93158224178088,
    "brightness": 40.06736941953147,
    "roughness": 30.872227960871808,
    "warmth": 53.92022677166466,
    "sharpness": 23.706866625407976,
    "boominess": 49.932557734795765,
    "reverb": false,
    "genre": "Genre A",
    "mood": "Mood A"
}