{
    "duration": 1.8461250066757202,
    "lossless": 1.0,
    "codec": "pcm_s16le",
    "bitrate": 256000.0,
    "samplerate": 16000.0,
    "channels": 1.0,
    "audio_md5": "69be74936baa20397a529d990c83c172",
    "loudness": -38.39963150024414,
    "dynamic_range": 0.0,
    "temporal_centroid": 0.39072364568710327,
    "log_attack_time": -1.7993406057357788,
    "filesize": 59120,
    "single_event": true,
    "tonality": "B major",
    "tonality_confidence": 0.7150856256484985,
    "loop": true,
    "tempo": 131,
    "tempo_confidence": 0.9612842202186584,
    "note_midi": 40,
    "note_name": "E2",
    "note_frequency": 83.231201171875,
    "note_confidence": 0.2255457043647766,
    "hardness": 41.26772891803982,
    "depth": 65.00066089836636,
    "brightness": 43.11872328926574,
    "roughness": 37.461774753849994,
    "warmth": 58.15814617041365,
    "sharpness": 11.479566689950836,
    "boominess": 57.19566240392737,
    "reverb": false,
    "genre": "Genre A",
    "mood": "Mood A"
}