{
    "duration": 1.8461250066757202,
    "lossless": 1.0,
    "codec": "pcm_s16le",
    "bitrate": 256000.0,
    "samplerate": 16000.0,
    "channels": 1.0,
    "audio_md5": "382308829a19020e2f4969c96506cfb4",
    "loudness": -21.315946578979492,
    "dynamic_range": 0.0,
    "temporal_centroid": 0.453792929649353,
    "log_attack_time": -0.1450677365064621,
    "filesize": 59120,
    "single_event": true,
    "tonality": "C# major",
    "tonality_confidence": 0.41568633913993835,
    "loop": false,
    "tempo": 167,
    "tempo_confidence": 0.0,
    "note_midi": 42,
    "note_name": "F#2",
    "note_frequency": 93.78548431396484,
    "note_confidence": 0.4713587760925293,
    "hardness": 27.738043253170915,
    "depth": 66.36220650422221,
    "brightness": 19.158777895565763,
    "roughness": 25.084156645534932,
    "warmth": 57.60489501133716,
    "sharpness": 19.967162728966624,
    "boominess": 60.531942886217365,
    "reverb": false,
    "genre": "Genre A",
    "mood": "Mood A"
}