{
    "duration": 1.8461250066757202,
    "lossless": 1.0,
    "codec": "pcm_s16le",
    "bitrate": 256000.0,
    "samplerate": 16000.0,
    "channels": 1.0,
    "audio_md5": "a02dfd562debc082e16b8f683d5f901f",
    "loudness": -31.328447341918945,
    "dynamic_range": 0.0,
    "temporal_centroid": 0.30599188804626465,
    "log_attack_time": -1.7551369667053223,
    "filesize": 59120,
    "single_event": true,
    "tonality": "B minor",
    "tonality_confidence": 0.7306011915206909,
    "loop": false,
    "tempo": 129,
    "tempo_confidence": 0.0,
    "note_midi": 36,
    "note_name": "C2",
    "note_frequency": 66.33152770996094,
    "note_confidence": 0.27424854040145874,
    "hardness": 33.32452118304394,
    "depth": 67.4255201013349,
    "brightness": 37.429609389035605,
    "roughness": 28.475890606033015,
    "warmth": 59.03520324416518,
    "sharpness": 0.0,
    "boominess": 60.32396078525839,
    "reverb": false,
    "genre": "Genre A",
    "mood": "Mood A"
}