{
    "duration": 1.8461250066757202,
    "lossless": 1.0,
    "codec": "pcm_s16le",
    "bitrate": 256000.0,
    "samplerate": 16000.0,
    "channels": 1.0,
    "audio_md5": "6993506ef59c69121c8fcd2ea2420a44",
    "loudness": -29.281152725219727,
    "dynamic_range": 0.0,
    "temporal_centroid": 0.18975017964839935,
    "log_attack_time": -1.3265841007232666,
    "filesize": 59120,
    "single_event": true,
    "tonality": "A# minor",
    "tonality_confidence": 0.3056785762310028,
    "loop": false,
    "tempo": 129,
    "tempo_confidence": 0.0,
    "note_midi": 31,
    "note_name": "G1",
    "note_frequency": 48.44160079956055,
    "note_confidence": 0.38892388343811035,
    "hardness": 38.05023544783663,
    "depth": 69.69794868936395,
    "brightness": 36.2155173884622,
    "roughness": 32.778111433876134,
    "warmth": 55.52302307054339,
    "sharpness": 32.69842823015893,
    "boominess": 53.277565429126696,
    "reverb": false,
    "genre": "Genre A",
    "mood": "Mood A"
}