{
    "duration": 1.8461250066757202,
    "lossless": 1.0,
    "codec": "pcm_s16le",
    "bitrate": 256000.0,
    "samplerate": 16000.0,
    "channels": 1.0,
    "audio_md5": "9f72ea06d11ecf0c4c7d1d3a0959a37a",
    "loudness": -32.32114791870117,
    "dynamic_range": 0.0,
    "temporal_centroid": 0.30714285373687744,
    "log_attack_time": -1.6492422819137573,
    "filesize": 59120,
    "single_event": true,
    "tonality": "B major",
    "tonality_confidence": 0.7833996415138245,
    "loop": true,
    "tempo": 131,
    "tempo_confidence": 0.9759387969970703,
    "note_midi": 40,
    "note_name": "E2",
    "note_frequency": 83.28465270996094,
    "note_confidence": 0.28241509199142456,
    "hardness": 33.784968926912995,
    "depth": 66.9984214970154,
    "brightness": 37.75277859505824,
    "roughness": 28.56107714417976,
    "warmth": 58.467007732791814,
    "sharpness": 0.0,
    "boominess": 60.31359764644378,
    "reverb": false,
    "genre": "Genre A",
    "mood": "Mood A"
}