{
    "duration": 1.8461250066757202,
    "lossless": 1.0,
    "codec": "pcm_s16le",
    "bitrate": 256000.0,
    "samplerate": 16000.0,
    "channels": 1.0,
    "audio_md5": "b94a1cb1c5a5f48c23048918f5259006",
    "loudness": -25.94279670715332,
    "dynamic_range": 0.0,
    "temporal_centroid": 0.18107841908931732,
    "log_attack_time": -1.3111928701400757,
    "filesize": 59120,
    "single_event": true,
    "tonality": "D# minor",
    "tonality_confidence": 0.5329832434654236,
    "loop": false,
    "tempo": 133,
    "tempo_confidence": 0.0,
    "note_midi": 42,
    "note_name": "F#2",
    "note_frequency": 93.82870483398438,
    "note_confidence": 0.3374186158180237,
    "hardness": 37.5792825814319,
    "depth": 67.64581907974731,
    "brightness": 35.98457233912778,
    "roughness": 27.276201817144415,
    "warmth": 54.55788074425395,
    "sharpness": 32.160103464583095,
    "boominess": 54.84955801313409,
    "reverb": false,
    "genre": "Genre A",
    "mood": "Mood A"
}