{
    "duration": 1.8461250066757202,
    "lossless": 1.0,
    "codec": "pcm_s16le",
    "bitrate": 256000.0,
    "samplerate": 16000.0,
    "channels": 1.0,
    "audio_md5": "b465369511fd7813a8cd8c8614271bdf",
    "loudness": -32.44276809692383,
    "dynamic_range": 0.0,
    "temporal_centroid": 0.40657928586006165,
    "log_attack_time": 0.14128975570201874,
    "filesize": 59120,
    "single_event": true,
    "tonality": "C# minor",
    "tonality_confidence": 0.7203408479690552,
    "loop": false,
    "tempo": 167,
    "tempo_confidence": 0.0,
    "note_midi": 41,
    "note_name": "F2",
    "note_frequency": 85.10890197753906,
    "note_confidence": 0.485324501991272,
    "hardness": 35.81044264958226,
    "depth": 62.01546136018205,
    "brightness": 30.013190040944263,
    "roughness": 30.888873243354052,
    "warmth": 56.41630534206073,
    "sharpness": 12.256131569057118,
    "boominess": 51.333825118868575,
    "reverb": false,
    "genre": "Genre A",
    "mood": "Mood A"
}