{
    "duration": 1.8461250066757202,
    "lossless": 1.0,
    "codec": "pcm_s16le",
    "bitrate": 256000.0,
    "samplerate": 16000.0,
    "channels": 1.0,
    "audio_md5": "006f352ddcc9ed3e39f1891d9b62304d",
    "loudness": -42.56488800048828,
    "dynamic_range": 0.0,
    "temporal_centroid": 0.5402802228927612,
    "log_attack_time": -0.03365069255232811,
    "filesize": 59120,
    "single_event": true,
    "tonality": "B major",
    "tonality_confidence": 0.5713790059089661,
    "loop": true,
    "tempo": 130,
    "tempo_confidence": 0.9999017119407654,
    "note_midi": 36,
    "note_name": "C2",
    "note_frequency": 65.12916564941406,
    "note_confidence": 0.3137494921684265,
    "hardness": 48.165055583336084,
    "depth": 53.423049406351936,
    "brightness": 46.93163477691648,
    "roughness": 42.748329442807915,
    "warmth": 51.5774278246473,
    "sharpness": 37.85336329700895,
    "boominess": 39.51039951863802,
    "reverb": false,
    "genre": "Genre A",
    "mood": "Mood A"
}