{
    "duration": 1.8461250066757202,
    "lossless": 1.0,
    "codec": "pcm_s16le",
    "bitrate": 256000.0,
    "samplerate": 16000.0,
    "channels": 1.0,
    "audio_md5": "3e8ee6df0c199cbc89150fa6d30433c1",
    "loudness": -37.799137115478516,
    "dynamic_range": 0.0,
    "temporal_centroid": 0.20358280837535858,
    "log_attack_time": -1.7835019826889038,
    "filesize": 59120,
    "single_event": true,
    "tonality": "G major",
    "tonality_confidence": 0.23950549960136414,
    "loop": false,
    "tempo": 126,
    "tempo_confidence": 0.0,
    "note_midi": 36,
    "note_name": "C2",
    "note_frequency": 65.9054946899414,
    "note_confidence": 0.3563969135284424,
    "hardness": 49.87992970891568,
    "depth": 63.393080397518844,
    "brightness": 47.71233581156178,
    "roughness": 37.33280253864684,
    "warmth": 49.56722985535281,
    "sharpness": 30.397510591469846,
    "boominess": 49.73742467636626,
    "reverb": false,
    "genre": "Genre A",
    "mood": "Mood A"
}