{
    "duration": 1.8461250066757202,
    "lossless": 1.0,
    "codec": "pcm_s16le",
    "bitrate": 256000.0,
    "samplerate": 16000.0,
    "channels": 1.0,
    "audio_md5": "b4cf3ee662d7acb0654f2a6f2ebf8a11",
    "loudness": -27.007966995239258,
    "dynamic_range": 0.0,
    "temporal_centroid": 0.346883088350296,
    "log_attack_time": -0.03853049501776695,
    "filesize": 59120,
    "single_event": true,
    "tonality": "F# minor",
    "tonality_confidence": 0.6700361967086792,
    "loop": false,
    "tempo": 131,
    "tempo_confidence": 0.0,
    "note_midi": 43,
    "note_name": "G2",
    "note_frequency": 99.85974884033203,
    "note_confidence": 0.4078633785247803,
    "hardness": 30.027308407723424,
    "depth": 64.81056126160651,
    "brightness": 41.17478840574866,
    "roughness": 26.83160966124032,
    "warmth": 54.33730221511122,
    "sharpness": 27.114127554054015,
    "boominess": 48.42694857578162,
    "reverb": false,
    "genre": "Genre A",
    "mood": "Mood A"
}