{
    "duration": 1.8461250066757202,
    "lossless": 1.0,
    "codec": "pcm_s16le",
    "bitrate": 256000.0,
    "samplerate": 16000.0,
    "channels": 1.0,
    "audio_md5": "dd83354568167afcb63e342d6b375c4b",
    "loudness": -29.48032569885254,
    "dynamic_range": 0.0,
    "temporal_centroid": 0.3280866742134094,
    "log_attack_time": -1.5991156101226807,
    "filesize": 59120,
    "single_event": true,
    "tonality": "A# minor",
    "tonality_confidence": 0.6974347829818726,
    "loop": false,
    "tempo": 128,
    "tempo_confidence": 0.0,
    "note_midi": 40,
    "note_name": "E2",
    "note_frequency": 83.30497741699219,
    "note_confidence": 0.15370696783065796,
    "hardness": 32.80543855507817,
    "depth": 66.74343463078964,
    "brightness": 32.84286771582373,
    "roughness": 28.360780809122446,
    "warmth": 58.91400468301798,
    "sharpness": 10.574185276124933,
    "boominess": 60.45905448330336,
    "reverb": false,
    "genre": "Genre A",
    "mood": "Mood A"
}