{
    "duration": 1.8461250066757202,
    "lossless": 1.0,
    "codec": "pcm_s16le",
    "bitrate": 256000.0,
    "samplerate": 16000.0,
    "channels": 1.0,
    "audio_md5": "a960891a8c630f98b5a2b320d2d558b2",
    "loudness": -33.31349563598633,
    "dynamic_range": 0.0,
    "temporal_centroid": 0.4681948125362396,
    "log_attack_time": 0.1507042497396469,
    "filesize": 59120,
    "single_event": true,
    "tonality": "B minor",
    "tonality_confidence": 0.655526876449585,
    "loop": true,
    "tempo": 130,
    "tempo_confidence": 0.9999017119407654,
    "note_midi": 44,
    "note_name": "G#2",
    "note_frequency": 101.16117095947266,
    "note_confidence": 0.4570956826210022,
    "hardness": 41.29672786621916,
    "depth": 60.95626635554457,
    "brightness": 42.72710945103336,
    "roughness": 36.45918240385367,
    "warmth": 55.106945352633296,
    "sharpness": 29.570419985323145,
    "boominess": 47.276903331627835,
    "reverb": false,
    "genre": "Genre A",
    "mood": "Mood A"
}