{
    "duration": 1.8461250066757202,
    "lossless": 1.0,
    "codec": "pcm_s16le",
    "bitrate": 256000.0,
    "samplerate": 16000.0,
    "channels": 1.0,
    "audio_md5": "bf53c08081f776aa06b1e2475ee11147",
    "loudness": -29.739347457885742,
    "dynamic_range": 0.0,
    "temporal_centroid": 0.2082892805337906,
    "log_attack_time": -1.3207740783691406,
    "filesize": 59120,
    "single_event": true,
    "tonality": "D# minor",
    "tonality_confidence": 0.45670971274375916,
    "loop": false,
    "tempo": 133,
    "tempo_confidence": 0.0,
    "note_midi": 40,
    "note_name": "E2",
    "note_frequency": 83.24019622802734,
    "note_confidence": 0.3010028600692749,
    "hardness": 34.34752319557744,
    "depth": 66.22308065590671,
    "brightness": 37.68035597265664,
    "roughness": 31.15617797678076,
    "warmth": 54.47220032160202,
    "sharpness": 27.974229890419373,
    "boominess": 55.412321291661854,
    "reverb": false,
    "genre": "Genre A",
    "mood": "Mood A"
}