{
    "duration": 1.8461250066757202,
    "lossless": 1.0,
    "codec": "pcm_s16le",
    "bitrate": 256000.0,
    "samplerate": 16000.0,
    "channels": 1.0,
    "audio_md5": "b0e809a862a04911bae19bfb9447b631",
    "loudness": -32.49814987182617,
    "dynamic_range": 0.0,
    "temporal_centroid": 0.38097819685935974,
    "log_attack_time": -1.4881923198699951,
    "filesize": 59120,
    "single_event": true,
    "tonality": "A major",
    "tonality_confidence": 0.5277301669120789,
    "loop": false,
    "tempo": 157,
    "tempo_confidence": 0.0,
    "note_midi": 32,
    "note_name": "G#1",
    "note_frequency": 51.092525482177734,
    "note_confidence": 0.15685343742370605,
    "hardness": 36.62187158132481,
    "depth": 69.32361467527602,
    "brightness": 31.10040137166633,
    "roughness": 30.686800213297087,
    "warmth": 58.21556986936754,
    "sharpness": 20.948932351832465,
    "boominess": 58.16584138474639,
    "reverb": false,
    "genre": "Genre A",
    "mood": "Mood A"
}