{
    "duration": 1.8461250066757202,
    "lossless": 1.0,
    "codec": "pcm_s16le",
    "bitrate": 256000.0,
    "samplerate": 16000.0,
    "channels": 1.0,
    "audio_md5": "ea8d6230204eea8a699b37e353a14d9d",
    "loudness": -22.474008560180664,
    "dynamic_range": 0.0,
    "temporal_centroid": 0.4999959170818329,
    "log_attack_time": 0.15298129618167877,
    "filesize": 59120,
    "single_event": true,
    "tonality": "G minor",
    "tonality_confidence": 0.703552782535553,
    "loop": false,
    "tempo": 172,
    "tempo_confidence": 0.0,
    "note_midi": 32,
    "note_name": "G#1",
    "note_frequency": 53.09541702270508,
    "note_confidence": 0.20919936895370483,
    "hardness": 29.597421841664186,
    "depth": 67.70989336982888,
    "brightness": 20.46625891481952,
    "roughness": 32.67572521943693,
    "warmth": 58.31389312753295,
    "sharpness": 29.647990156780853,
    "boominess": 56.16369692437879,
    "reverb": false,
    "genre": "Genre A",
    "mood": "Mood A"
}