{
    "duration": 1.8461250066757202,
    "lossless": 1.0,
    "codec": "pcm_s16le",
    "bitrate": 256000.0,
    "samplerate": 16000.0,
    "channels": 1.0,
    "audio_md5": "7a4535051bf1d1847929b4b8e8c606f4",
    "loudness": -33.18317794799805,
    "dynamic_range": 0.0,
    "temporal_centroid": 0.387662798166275,
    "log_attack_time": 0.14119017124176025,
    "filesize": 59120,
    "single_event": true,
    "tonality": "C minor",
    "tonality_confidence": 0.5932869911193848,
    "loop": false,
    "tempo": 167,
    "tempo_confidence": 0.0,
    "note_midi": 35,
    "note_name": "B1",
    "note_frequency": 63.479026794433594,
    "note_confidence": 0.41813522577285767,
    "hardness": 40.40758443454263,
    "depth": 63.15433906586163,
    "brightness": 30.724180082727536,
    "roughness": 27.33059558867567,
    "warmth": 57.721387721472894,
    "sharpness": 10.467182987356313,
    "boominess": 51.950756474832396,
    "reverb": false,
    "genre": "Genre A",
    "mood": "Mood A"
}