{
    "duration": 1.8461250066757202,
    "lossless": 1.0,
    "codec": "pcm_s16le",
    "bitrate": 256000.0,
    "samplerate": 16000.0,
    "channels": 1.0,
    "audio_md5": "92666dfe634dad7d7dfcc137bc7eede3",
    "loudness": -30.072938919067383,
    "dynamic_range": 0.0,
    "temporal_centroid": 0.2758314311504364,
    "log_attack_time": -1.4872841835021973,
    "filesize": 59120,
    "single_event": true,
    "tonality": "A# minor",
    "tonality_confidence": 0.36557695269584656,
    "loop": false,
    "tempo": 152,
    "tempo_confidence": 0.0,
    "note_midi": 40,
    "note_name": "E2",
    "note_frequency": 83.27459716796875,
    "note_confidence": 0.27655667066574097,
    "hardness": 29.19094573112666,
    "depth": 65.72537146471477,
    "brightness": 35.74561830765134,
    "roughness": 27.475872364180137,
    "warmth": 55.90497388796824,
    "sharpness": 0.0,
    "boominess": 63.52272372523612,
    "reverb": false,
    "genre": "Genre A",
    "mood": "Mood A"
}