{
    "duration": 1.8461250066757202,
    "lossless": 1.0,
    "codec": "pcm_s16le",
    "bitrate": 256000.0,
    "samplerate": 16000.0,
    "channels": 1.0,
    "audio_md5": "d58af38c1044989fc549c9948cdfb108",
    "loudness": -32.74077224731445,
    "dynamic_range": 0.0,
    "temporal_centroid": 0.30861106514930725,
    "log_attack_time": -1.6518850326538086,
    "filesize": 59120,
    "single_event": true,
    "tonality": "B major",
    "tonality_confidence": 0.7395777702331543,
    "loop": true,
    "tempo": 131,
    "tempo_confidence": 0.9749485850334167,
    "note_midi": 43,
    "note_name": "G2",
    "note_frequency": 97.20756530761719,
    "note_confidence": 0.2878471612930298,
    "hardness": 34.143961021968195,
    "depth": 66.55341256992469,
    "brightness": 37.992710400766,
    "roughness": 29.38198632621034,
    "warmth": 58.38383977810418,
    "sharpness": 0.0,
    "boominess": 60.206956692589316,
    "reverb": false,
    "genre": "Genre A",
    "mood": "Mood A"
}