{
    "duration": 1.8461250066757202,
    "lossless": 1.0,
    "codec": "pcm_s16le",
    "bitrate": 256000.0,
    "samplerate": 16000.0,
    "channels": 1.0,
    "audio_md5": "a4f7da216a229bf3e13944d65220d512",
    "loudness": -21.320186614990234,
    "dynamic_range": 0.0,
    "temporal_centroid": 0.4578968286514282,
    "log_attack_time": -0.14532911777496338,
    "filesize": 59120,
    "single_event": true,
    "tonality": "F major",
    "tonality_confidence": 0.546123206615448,
    "loop": false,
    "tempo": 164,
    "tempo_confidence": 0.0,
    "note_midi": 43,
    "note_name": "G2",
    "note_frequency": 99.90274810791016,
    "note_confidence": 0.6162224411964417,
    "hardness": 29.047258291200762,
    "depth": 66.57105228179435,
    "brightness": 19.98468744638808,
    "roughness": 24.526008821731917,
    "warmth": 58.09623248428498,
    "sharpness": 25.392236838696157,
    "boominess": 59.29982276861507,
    "reverb": false,
    "genre": "Genre A",
    "mood": "Mood A"
}