{
    "duration": 1.8461250066757202,
    "lossless": 1.0,
    "codec": "pcm_s16le",
    "bitrate": 256000.0,
    "samplerate": 16000.0,
    "channels": 1.0,
    "audio_md5": "d62872793f3dc09aec458302b7b8ed79",
    "loudness": -32.96550369262695,
    "dynamic_range": 0.0,
    "temporal_centroid": 0.4779157042503357,
    "log_attack_time": 0.15038394927978516,
    "filesize": 59120,
    "single_event": true,
    "tonality": "B major",
    "tonality_confidence": 0.46114709973335266,
    "loop": true,
    "tempo": 130,
    "tempo_confidence": 0.9999017119407654,
    "note_midi": 43,
    "note_name": "G2",
    "note_frequency": 99.91627502441406,
    "note_confidence": 0.46596235036849976,
    "hardness": 41.331897840453536,
    "depth": 61.046445479590105,
    "brightness": 42.61692372892381,
    "roughness": 36.50252996452408,
    "warmth": 55.28707212780652,
    "sharpness": 29.822999935149937,
    "boominess": 47.63116852282838,
    "reverb": false,
    "genre": "Genre A",
    "mood": "Mood A"
}