{
    "duration": 1.8461250066757202,
    "lossless": 1.0,
    "codec": "pcm_s16le",
    "bitrate": 256000.0,
    "samplerate": 16000.0,
    "channels": 1.0,
    "audio_md5": "fe92caa875fd2a875b85e36a9aaf19b4",
    "loudness": -39.83823013305664,
    "dynamic_range": 0.0,
    "temporal_centroid": 0.4706985056400299,
    "log_attack_time": 0.1444435864686966,
    "filesize": 59120,
    "single_event": true,
    "tonality": "D# minor",
    "tonality_confidence": 0.5946778655052185,
    "loop": true,
    "tempo": 131,
    "tempo_confidence": 0.9666311144828796,
    "note_midi": 45,
    "note_name": "A2",
    "note_frequency": 109.00119018554688,
    "note_confidence": 0.4461256265640259,
    "hardness": 45.37731432575325,
    "depth": 55.57874671881737,
    "brightness": 46.81219664046613,
    "roughness": 40.39872019439319,
    "warmth": 50.606443410974165,
    "sharpness": 33.435446180116,
    "boominess": 42.43268445285474,
    "reverb": false,
    "genre": "Genre A",
    "mood": "Mood A"
}