{
    "duration": 1.8461250066757202,
    "lossless": 1.0,
    "codec": "pcm_s16le",
    "bitrate": 256000.0,
    "samplerate": 16000.0,
    "channels": 1.0,
    "audio_md5": "6a497fb401e2ab180db4d6107cd16c1e",
    "loudness": -32.12990951538086,
    "dynamic_range": 0.0,
    "temporal_centroid": 0.31065133213996887,
    "log_attack_time": -1.6603615283966064,
    "filesize": 59120,
    "single_event": true,
    "tonality": "B minor",
    "tonality_confidence": 0.6389951705932617,
    "loop": true,
    "tempo": 131,
    "tempo_confidence": 0.9530657529830933,
    "note_midi": 40,
    "note_name": "E2",
    "note_frequency": 80.18927001953125,
    "note_confidence": 0.256356418132782,
    "hardness": 40.75664319087889,
    "depth": 66.55769068629998,
    "brightness": 37.5941381785624,
    "roughness": 28.218850938052544,
    "warmth": 57.21555581536227,
    "sharpness": 26.442227206495144,
    "boominess": 55.890117467236394,
    "reverb": false,
    "genre": "Genre A",
    "mood": "Mood A"
}