{
    "duration": 1.8461250066757202,
    "lossless": 1.0,
    "codec": "pcm_s16le",
    "bitrate": 256000.0,
    "samplerate": 16000.0,
    "channels": 1.0,
    "audio_md5": "2e6b3b94b7357741807943b44f0ff85d",
    "loudness": -31.877788543701172,
    "dynamic_range": 0.0,
    "temporal_centroid": 0.1419738382101059,
    "log_attack_time": -1.329939365386963,
    "filesize": 59120,
    "single_event": true,
    "tonality": "B major",
    "tonality_confidence": 0.34714481234550476,
    "loop": false,
    "tempo": 129,
    "tempo_confidence": 0.0,
    "note_midi": 40,
    "note_name": "E2",
    "note_frequency": 83.15564727783203,
    "note_confidence": 0.25860100984573364,
    "hardness": 36.10890791076707,
    "depth": 66.15048014353921,
    "brightness": 36.25563811808385,
    "roughness": 24.361771197916333,
    "warmth": 55.1614254036714,
    "sharpness": 22.09891202679338,
    "boominess": 58.61389424412339,
    "reverb": false,
    "genre": "Genre A",
    "mood": "Mood A"
}