{
    "duration": 1.8461250066757202,
    "lossless": 1.0,
    "codec": "pcm_s16le",
    "bitrate": 256000.0,
    "samplerate": 16000.0,
    "channels": 1.0,
    "audio_md5": "c4b0cf426ab53a7344bf666795b283fc",
    "loudness": -32.15760803222656,
    "dynamic_range": 0.0,
    "temporal_centroid": 0.40725797414779663,
    "log_attack_time": -0.1518038958311081,
    "filesize": 59120,
    "single_event": true,
    "tonality": "F minor",
    "tonality_confidence": 0.5222834944725037,
    "loop": false,
    "tempo": 172,
    "tempo_confidence": 0.0,
    "note_midi": 42,
    "note_name": "F#2",
    "note_frequency": 90.09502410888672,
    "note_confidence": 0.47184258699417114,
    "hardness": 36.45891591047884,
    "depth": 62.387656248365566,
    "brightness": 29.14215580605411,
    "roughness": 29.87773357493837,
    "warmth": 57.867953851045975,
    "sharpness": 10.414714592489137,
    "boominess": 52.694608199412514,
    "reverb": false,
    "genre": "Genre A",
    "mood": "Mood A"
}