{
    "duration": 1.8461250066757202,
    "lossless": 1.0,
    "codec": "pcm_s16le",
    "bitrate": 256000.0,
    "samplerate": 16000.0,
    "channels": 1.0,
    "audio_md5": "444088b4adcf5f02569aa32b300721cb",
    "loudness": -24.745107650756836,
    "dynamic_range": 0.0,
    "temporal_centroid": 0.10481283068656921,
    "log_attack_time": -1.2901380062103271,
    "filesize": 59120,
    "single_event": true,
    "tonality": "G minor",
    "tonality_confidence": 0.4659101665019989,
    "loop": false,
    "tempo": 133,
    "tempo_confidence": 0.0,
    "note_midi": 40,
    "note_name": "E2",
    "note_frequency": 83.25279998779297,
    "note_confidence": 0.2547188997268677,
    "hardness": 36.701169392016965,
    "depth": 65.34993330085379,
    "brightness": 32.909591250702356,
    "roughness": 27.102824288488318,
    "warmth": 52.11934524321107,
    "sharpness": 33.56618864103492,
    "boominess": 57.37826027915316,
    "reverb": false,
    "genre": "Genre A",
    "mood": "Mood A"
}