{
    "duration": 1.8461250066757202,
    "lossless": 1.0,
    "codec": "pcm_s16le",
    "bitrate": 256000.0,
    "samplerate": 16000.0,
    "channels": 1.0,
    "audio_md5": "f6a40a66c6dec59aa1c4567ee6486a66",
    "loudness": -32.9904670715332,
    "dynamic_range": 0.0,
    "temporal_centroid": 0.42921310663223267,
    "log_attack_time": 0.14117591083049774,
    "filesize": 59120,
    "single_event": true,
    "tonality": "F major",
    "tonality_confidence": 0.3134961426258087,
    "loop": false,
    "tempo": 172,
    "tempo_confidence": 0.0,
    "note_midi": 41,
    "note_name": "F2",
    "note_frequency": 85.37049865722656,
    "note_confidence": 0.433407187461853,
    "hardness": 33.083724222421296,
    "depth": 62.470988893391635,
    "brightness": 32.044552268700926,
    "roughness": 35.91949064854947,
    "warmth": 58.24467707920446,
    "sharpness": 14.304783364749884,
    "boominess": 50.95861527784249,
    "reverb": false,
    "genre": "Genre A",
    "mood": "Mood A"
}