{
    "duration": 1.8461250066757202,
    "lossless": 1.0,
    "codec": "pcm_s16le",
    "bitrate": 256000.0,
    "samplerate": 16000.0,
    "channels": 1.0,
    "audio_md5": "32d7e5a6754f63dee342d38c525d58fe",
    "loudness": -31.638504028320312,
    "dynamic_range": 0.0,
    "temporal_centroid": 0.39164987206459045,
    "log_attack_time": 0.14175188541412354,
    "filesize": 59120,
    "single_event": true,
    "tonality": "F major",
    "tonality_confidence": 0.6582558155059814,
    "loop": false,
    "tempo": 167,
    "tempo_confidence": 0.0,
    "note_midi": 42,
    "note_name": "F#2",
    "note_frequency": 92.36180877685547,
    "note_confidence": 0.48705101013183594,
    "hardness": 35.38716477437113,
    "depth": 60.89573647425281,
    "brightness": 29.04087293714218,
    "roughness": 34.46117890573074,
    "warmth": 57.862885555759235,
    "sharpness": 10.106363222258011,
    "boominess": 51.06687377734633,
    "reverb": false,
    "genre": "Genre A",
    "mood": "Mood A"
}