{
    "duration": 1.8461250066757202,
    "lossless": 1.0,
    "codec": "pcm_s16le",
    "bitrate": 256000.0,
    "samplerate": 16000.0,
    "channels": 1.0,
    "audio_md5": "981782040d2f2f0687205b01a75e37a2",
    "loudness": -19.789165496826172,
    "dynamic_range": 0.0,
    "temporal_centroid": 0.45962560176849365,
    "log_attack_time": -1.421722173690796,
    "filesize": 59120,
    "single_event": true,
    "tonality": "A major",
    "tonality_confidence": 0.571208655834198,
    "loop": false,
    "tempo": 129,
    "tempo_confidence": 0.0,
    "note_midi": 31,
    "note_name": "G1",
    "note_frequency": 49.0533447265625,
    "note_confidence": 0.7571641802787781,
    "hardness": 29.192900395510378,
    "depth": 69.64562379731801,
    "brightness": 29.10289006804817,
    "roughness": 37.60758368733513,
    "warmth": 61.822495060252805,
    "sharpness": 27.23085204221442,
    "boominess": 54.455892717005256,
    "reverb": false,
    "genre": "Genre A",
    "mood": "Mood A"
}