{
    "duration": 1.8461250066757202,
    "lossless": 1.0,
    "codec": "pcm_s16le",
    "bitrate": 256000.0,
    "samplerate": 16000.0,
    "channels": 1.0,
    "audio_md5": "2c01d9caea4b277b93d12fa3b7f8a010",
    "loudness": -30.506309509277344,
    "dynamic_range": 0.0,
    "temporal_centroid": 0.4610527455806732,
    "log_attack_time": 0.05937708169221878,
    "filesize": 59120,
    "single_event": true,
    "tonality": "C minor",
    "tonality_confidence": 0.3086419403553009,
    "loop": false,
    "tempo": 128,
    "tempo_confidence": 0.0,
    "note_midi": 44,
    "note_name": "G#2",
    "note_frequency": 103.25210571289062,
    "note_confidence": 0.5732734203338623,
    "hardness": 32.56429210293899,
    "depth": 57.46279423814718,
    "brightness": 35.360585746550036,
    "roughness": 37.38823093355397,
    "warmth": 61.584601470702744,
    "sharpness": 10.024696890035528,
    "boominess": 49.25612083050647,
    "reverb": false,
    "genre": "Genre A",
    "mood": "Mood A"
}