{
    "duration": 1.8461250066757202,
    "lossless": 1.0,
    "codec": "pcm_s16le",
    "bitrate": 256000.0,
    "samplerate": 16000.0,
    "channels": 1.0,
    "audio_md5": "ab3568f40b252e25dbcbb0bd9cb5f71e",
    "loudness": -36.44416427612305,
    "dynamic_range": 0.0,
    "temporal_centroid": 0.3716588318347931,
    "log_attack_time": -0.15632519125938416,
    "filesize": 59120,
    "single_event": true,
    "tonality": "D minor",
    "tonality_confidence": 0.3566855490207672,
    "loop": false,
    "tempo": 129,
    "tempo_confidence": 0.0,
    "note_midi": 37,
    "note_name": "C#2",
    "note_frequency": 67.6989974975586,
    "note_confidence": 0.4727957844734192,
    "hardness": 39.45740065589011,
    "depth": 59.142333372959584,
    "brightness": 42.478250209876265,
    "roughness": 35.46554462317478,
    "warmth": 56.91776451550366,
    "sharpness": 14.711406177971163,
    "boominess": 50.02751283463333,
    "reverb": false,
    "genre": "Genre A",
    "mood": "Mood A"
}