{
    "duration": 1.8461250066757202,
    "lossless": 1.0,
    "codec": "pcm_s16le",
    "bitrate": 256000.0,
    "samplerate": 16000.0,
    "channels": 1.0,
    "audio_md5": "f8190c7c519dabe393e878ad8e280459",
    "loudness": -37.55192565917969,
    "dynamic_range": 0.0,
    "temporal_centroid": 0.5111911296844482,
    "log_attack_time": -1.6174966096878052,
    "filesize": 59120,
    "single_event": true,
    "tonality": "A minor",
    "tonality_confidence": 0.34631556272506714,
    "loop": true,
    "tempo": 130,
    "tempo_confidence": 0.9999017119407654,
    "note_midi": 29,
    "note_name": "F1",
    "note_frequency": 43.024391174316406,
    "note_confidence": 0.3746287226676941,
    "hardness": 40.24948595386532,
    "depth": 65.73018664399795,
    "brightness": 41.84347271380073,
    "roughness": 41.76892871276605,
    "warmth": 56.198378055165435,
    "sharpness": 28.687915774224557,
    "boominess": 47.185703368764194,
    "reverb": false,
    "genre": "Genre A",
    "mood": "Mood A"
}