{
    "duration": 1.8461250066757202,
    "lossless": 1.0,
    "codec": "pcm_s16le",
    "bitrate": 256000.0,
    "samplerate": 16000.0,
    "channels": 1.0,
    "audio_md5": "07e8a3dbd8623b292a552c1da3a21e7f",
    "loudness": -22.097362518310547,
    "dynamic_range": 0.0,
    "temporal_centroid": 0.5376948714256287,
    "log_attack_time": -1.4043890237808228,
    "filesize": 59120,
    "single_event": true,
    "tonality": "F minor",
    "tonality_confidence": 0.5585220456123352,
    "loop": false,
    "tempo": 136,
    "tempo_confidence": 0.0,
    "note_midi": 29,
    "note_name": "F1",
    "note_frequency": 43.024391174316406,
    "note_confidence": 0.30265289545059204,
    "hardness": 33.009626459203986,
    "depth": 73.32070365216504,
    "brightness": 24.753379965592693,
    "roughness": 36.216923533311096,
    "warmth": 58.18524730490378,
    "sharpness": 39.98876964054397,
    "boominess": 50.79118458265507,
    "reverb": false,
    "genre": "Genre A",
    "mood": "Mood A"
}