{
    "duration": 1.8461250066757202,
    "lossless": 1.0,
    "codec": "pcm_s16le",
    "bitrate": 256000.0,
    "samplerate": 16000.0,
    "channels": 1.0,
    "audio_md5": "214addd7c8c903bdc46d2181a8ca18da",
    "loudness": -31.523706436157227,
    "dynamic_range": 0.0,
    "temporal_centroid": 0.4345760643482208,
    "log_attack_time": -0.03337414190173149,
    "filesize": 59120,
    "single_event": true,
    "tonality": "F# minor",
    "tonality_confidence": 0.4218071401119232,
    "loop": false,
    "tempo": 89,
    "tempo_confidence": 0.0,
    "note_midi": 34,
    "note_name": "A#1",
    "note_frequency": 58.072147369384766,
    "note_confidence": 0.8022751808166504,
    "hardness": 35.36441065931545,
    "depth": 62.606744122747585,
    "brightness": 39.76643712633612,
    "roughness": 33.522745647737565,
    "warmth": 56.86610519220611,
    "sharpness": 23.032732039430698,
    "boominess": 50.1003341428938,
    "reverb": false,
    "genre": "Genre A",
    "mood": "Mood A"
}