{
    "duration": 1.8461250066757202,
    "lossless": 1.0,
    "codec": "pcm_s16le",
    "bitrate": 256000.0,
    "samplerate": 16000.0,
    "channels": 1.0,
    "audio_md5": "f19a28f87a6c95e371ba2b1b5e8263cf",
    "loudness": -16.43526268005371,
    "dynamic_range": 0.0,
    "temporal_centroid": 0.3740847408771515,
    "log_attack_time": -0.015426777303218842,
    "filesize": 59120,
    "single_event": true,
    "tonality": "F# minor",
    "tonality_confidence": 0.6089986562728882,
    "loop": false,
    "tempo": 128,
    "tempo_confidence": 0.0,
    "note_midi": 33,
    "note_name": "A1",
    "note_frequency": 53.46303176879883,
    "note_confidence": 0.7375850677490234,
    "hardness": 26.23854801054435,
    "depth": 68.10157603500788,
    "brightness": 25.96927830692284,
    "roughness": 32.43978112212412,
    "warmth": 57.93598682543181,
    "sharpness": 32.73737718001018,
    "boominess": 54.424023423717045,
    "reverb": false,
    "genre": "Genre A",
    "mood": "Mood A"
}