{
    "duration": 1.8461250066757202,
    "lossless": 1.0,
    "codec": "pcm_s16le",
    "bitrate": 256000.0,
    "samplerate": 16000.0,
    "channels": 1.0,
    "audio_md5": "2a63eca191cbe4b060efc823565fddd0",
    "loudness": -22.896093368530273,
    "dynamic_range": 0.0,
    "temporal_centroid": 0.5263469815254211,
    "log_attack_time": -1.340163230895996,
    "filesize": 59120,
    "single_event": true,
    "tonality": "C major",
    "tonality_confidence": 0.7507990598678589,
    "loop": true,
    "tempo": 130,
    "tempo_confidence": 0.9999017119407654,
    "note_midi": 29,
    "note_name": "F1",
    "note_frequency": 43.024391174316406,
    "note_confidence": 0.28879284858703613,
    "hardness": 35.3069703145527,
    "depth": 74.22019732111765,
    "brightness": 26.587199936868448,
    "roughness": 36.18527188770458,
    "warmth": 59.20781414260884,
    "sharpness": 44.06940241249287,
    "boominess": 47.71759040651443,
    "reverb": false,
    "genre": "Genre A",
    "mood": "Mood A"
}