{
    "duration": 1.8461250066757202,
    "lossless": 1.0,
    "codec": "pcm_s16le",
    "bitrate": 256000.0,
    "samplerate": 16000.0,
    "channels": 1.0,
    "audio_md5": "1754bcd26471c7ce0bb659447aea12b5",
    "loudness": -22.1549129486084,
    "dynamic_range": 0.0,
    "temporal_centroid": 0.44644710421562195,
    "log_attack_time": -1.433318018913269,
    "filesize": 59120,
    "single_event": true,
    "tonality": "G# minor",
    "tonality_confidence": 0.525945782661438,
    "loop": false,
    "tempo": 128,
    "tempo_confidence": 0.0,
    "note_midi": 33,
    "note_name": "A1",
    "note_frequency": 53.7688102722168,
    "note_confidence": 0.7037959098815918,
    "hardness": 30.11598667483713,
    "depth": 68.95355639187403,
    "brightness": 31.62950667091625,
    "roughness": 36.40045267235112,
    "warmth": 60.705107298639774,
    "sharpness": 25.762573289569268,
    "boominess": 55.119616561752366,
    "reverb": false,
    "genre": "Genre A",
    "mood": "Mood A"
}