{
    "duration": 1.8461250066757202,
    "lossless": 1.0,
    "codec": "pcm_s16le",
    "bitrate": 256000.0,
    "samplerate": 16000.0,
    "channels": 1.0,
    "audio_md5": "708759b345cd1911f8a0206e51e54227",
    "loudness": -43.42902374267578,
    "dynamic_range": 0.0,
    "temporal_centroid": 0.5386701822280884,
    "log_attack_time": -0.3423025608062744,
    "filesize": 59120,
    "single_event": true,
    "tonality": "A# minor",
    "tonality_confidence": 0.6985077261924744,
    "loop": true,
    "tempo": 130,
    "tempo_confidence": 0.9999017119407654,
    "note_midi": 29,
    "note_name": "F1",
    "note_frequency": 43.024391174316406,
    "note_confidence": 0.45153552293777466,
    "hardness": 40.50361694512965,
    "depth": 67.22643675601924,
    "brightness": 46.02225710933159,
    "roughness": 39.649755399252385,
    "warmth": 56.13301421733364,
    "sharpness": 38.322877491841396,
    "boominess": 44.833807736878214,
    "reverb": false,
    "genre": "Genre B",
    "mood": "Mood B"
}