{
    "duration": 1.8461250066757202,
    "lossless": 1.0,
    "codec": "pcm_s16le",
    "bitrate": 256000.0,
    "samplerate": 16000.0,
    "channels": 1.0,
    "audio_md5": "6ef314503960dfd95a41790cb8defd54",
    "loudness": -36.01271057128906,
    "dynamic_range": 0.0,
    "temporal_centroid": 0.3754274547100067,
    "log_attack_time": -0.15611356496810913,
    "filesize": 59120,
    "single_event": true,
    "tonality": "C# minor",
    "tonality_confidence": 0.7094208598136902,
    "loop": false,
    "tempo": 129,
    "tempo_confidence": 0.0,
    "note_midi": 38,
    "note_name": "D2",
    "note_frequency": 71.33564758300781,
    "note_confidence": 0.49171119928359985,
    "hardness": 39.64357505665512,
    "depth": 60.31641291748682,
    "brightness": 41.52478738257141,
    "roughness": 38.22794516154663,
    "warmth": 57.83478860706708,
    "sharpness": 16.66868450384481,
    "boominess": 49.63846494134222,
    "reverb": false,
    "genre": "Genre A",
    "mood": "Mood A"
}