{
    "duration": 1.8461250066757202,
    "lossless": 1.0,
    "codec": "pcm_s16le",
    "bitrate": 256000.0,
    "samplerate": 16000.0,
    "channels": 1.0,
    "audio_md5": "d6da15b9f7c96089ca6c97753bb0f8a4",
    "loudness": -19.637784957885742,
    "dynamic_range": 0.0,
    "temporal_centroid": 0.4684218168258667,
    "log_attack_time": -1.33310866355896,
    "filesize": 59120,
    "single_event": true,
    "tonality": "C major",
    "tonality_confidence": 0.3662634789943695,
    "loop": false,
    "tempo": 128,
    "tempo_confidence": 0.0,
    "note_midi": 32,
    "note_name": "G#1",
    "note_frequency": 52.62361526489258,
    "note_confidence": 0.830207109451294,
    "hardness": 29.363685874591354,
    "depth": 67.8296526100981,
    "brightness": 28.717794947358154,
    "roughness": 34.66715297912953,
    "warmth": 60.900204912493926,
    "sharpness": 27.073830308177044,
    "boominess": 54.7040705686568,
    "reverb": false,
    "genre": "Genre A",
    "mood": "Mood A"
}