{
    "duration": 1.8461250066757202,
    "lossless": 1.0,
    "codec": "pcm_s16le",
    "bitrate": 256000.0,
    "samplerate": 16000.0,
    "channels": 1.0,
    "audio_md5": "1bca8d97325fb97319d48d69c21ba94f",
    "loudness": -18.91737937927246,
    "dynamic_range": 0.0,
    "temporal_centroid": 0.5524373650550842,
    "log_attack_time": -0.5983728766441345,
    "filesize": 59120,
    "single_event": true,
    "tonality": "C minor",
    "tonality_confidence": 0.6710358262062073,
    "loop": true,
    "tempo": 130,
    "tempo_confidence": 0.9999017119407654,
    "note_midi": 29,
    "note_name": "F1",
    "note_frequency": 43.024391174316406,
    "note_confidence": 0.3609325885772705,
    "hardness": 34.85928659713545,
    "depth": 72.24911163920132,
    "brightness": 26.044944070321424,
    "roughness": 35.635638888485275,
    "warmth": 56.8823433089849,
    "sharpness": 43.37772951306751,
    "boominess": 47.878848207157446,
    "reverb": false,
    "genre": "Genre A",
    "mood": "Mood A"
}