{
    "duration": 1.8461250066757202,
    "lossless": 1.0,
    "codec": "pcm_s16le",
    "bitrate": 256000.0,
    "samplerate": 16000.0,
    "channels": 1.0,
    "audio_md5": "e456bd58c3480ed604bca5214b557534",
    "loudness": -28.068632125854492,
    "dynamic_range": 0.0,
    "temporal_centroid": 0.4189789891242981,
    "log_attack_time": -0.03235441446304321,
    "filesize": 59120,
    "single_event": true,
    "tonality": "A major",
    "tonality_confidence": 0.888672411441803,
    "loop": false,
    "tempo": 128,
    "tempo_confidence": 0.0,
    "note_midi": 34,
    "note_name": "A#1",
    "note_frequency": 59.417335510253906,
    "note_confidence": 0.6251528859138489,
    "hardness": 38.21352973049031,
    "depth": 62.19609584336354,
    "brightness": 38.927459418583595,
    "roughness": 34.349180311655104,
    "warmth": 55.81150068293561,
    "sharpness": 23.654806085288705,
    "boominess": 50.129738230367025,
    "reverb": false,
    "genre": "Genre A",
    "mood": "Mood A"
}