{
    "duration": 1.8461250066757202,
    "lossless": 1.0,
    "codec": "pcm_s16le",
    "bitrate": 256000.0,
    "samplerate": 16000.0,
    "channels": 1.0,
    "audio_md5": "c3e8ca9b55da99c996c57e0ebee4a76d",
    "loudness": -22.938316345214844,
    "dynamic_range": 0.0,
    "temporal_centroid": 0.4233992397785187,
    "log_attack_time": -1.3055838346481323,
    "filesize": 59120,
    "single_event": true,
    "tonality": "A major",
    "tonality_confidence": 0.7341679930686951,
    "loop": false,
    "tempo": 131,
    "tempo_confidence": 0.0,
    "note_midi": 32,
    "note_name": "G#1",
    "note_frequency": 52.83100891113281,
    "note_confidence": 0.6448521614074707,
    "hardness": 31.83569930773797,
    "depth": 69.25719338052112,
    "brightness": 30.894374022575352,
    "roughness": 34.38190937156544,
    "warmth": 61.54239443103736,
    "sharpness": 25.170892839165838,
    "boominess": 55.41218731734754,
    "reverb": false,
    "genre": "Genre A",
    "mood": "Mood A"
}