{
    "duration": 1.8461250066757202,
    "lossless": 1.0,
    "codec": "pcm_s16le",
    "bitrate": 256000.0,
    "samplerate": 16000.0,
    "channels": 1.0,
    "audio_md5": "cf3d2644c0320bb6448b5270a7f36793",
    "loudness": -20.491199493408203,
    "dynamic_range": 0.0,
    "temporal_centroid": 0.4496248960494995,
    "log_attack_time": -1.3358741998672485,
    "filesize": 59120,
    "single_event": true,
    "tonality": "G# major",
    "tonality_confidence": 0.5008087754249573,
    "loop": false,
    "tempo": 126,
    "tempo_confidence": 0.0,
    "note_midi": 34,
    "note_name": "A#1",
    "note_frequency": 58.723209381103516,
    "note_confidence": 0.7160705327987671,
    "hardness": 28.963234449988263,
    "depth": 69.35694006604753,
    "brightness": 30.34769065736555,
    "roughness": 30.832899158834163,
    "warmth": 59.96682505943075,
    "sharpness": 23.166724823843737,
    "boominess": 57.39178207097817,
    "reverb": false,
    "genre": "Genre A",
    "mood": "Mood A"
}