{
    "duration": 1.8461250066757202,
    "lossless": 1.0,
    "codec": "pcm_s16le",
    "bitrate": 256000.0,
    "samplerate": 16000.0,
    "channels": 1.0,
    "audio_md5": "4ccc3dd0b507fb23612e0bfc306e6115",
    "loudness": -33.535552978515625,
    "dynamic_range": 0.0,
    "temporal_centroid": 0.42145904898643494,
    "log_attack_time": -1.8684642314910889,
    "filesize": 59120,
    "single_event": true,
    "tonality": "A minor",
    "tonality_confidence": 0.5614275336265564,
    "loop": false,
    "tempo": 133,
    "tempo_confidence": 0.0,
    "note_midi": 33,
    "note_name": "A1",
    "note_frequency": 55.03528594970703,
    "note_confidence": 0.730317234992981,
    "hardness": 36.60888533946277,
    "depth": 64.88544329220738,
    "brightness": 42.15569993214292,
    "roughness": 41.028296204412584,
    "warmth": 61.2788201509605,
    "sharpness": 18.880177549539212,
    "boominess": 49.93570396963439,
    "reverb": false,
    "genre": "Genre A",
    "mood": "Mood A"
}