{
    "duration": 1.8461250066757202,
    "lossless": 1.0,
    "codec": "pcm_s16le",
    "bitrate": 256000.0,
    "samplerate": 16000.0,
    "channels": 1.0,
    "audio_md5": "c7fc4be04cb3581fa53ec043f0c3da30",
    "loudness": -19.61516761779785,
    "dynamic_range": 0.0,
    "temporal_centroid": 0.3822486698627472,
    "log_attack_time": -0.020920515060424805,
    "filesize": 59120,
    "single_event": true,
    "tonality": "A# major",
    "tonality_confidence": 0.5061337351799011,
    "loop": false,
    "tempo": 185,
    "tempo_confidence": 0.0,
    "note_midi": 33,
    "note_name": "A1",
    "note_frequency": 54.83141326904297,
    "note_confidence": 0.6004217863082886,
    "hardness": 31.439511015567717,
    "depth": 66.6274272441837,
    "brightness": 28.42451593037824,
    "roughness": 34.03989841876037,
    "warmth": 57.31862755924486,
    "sharpness": 33.248865687655915,
    "boominess": 53.87946922933053,
    "reverb": true,
    "genre": "Genre A",
    "mood": "Mood A"
}