{
    "duration": 1.8461250066757202,
    "lossless": 1.0,
    "codec": "pcm_s16le",
    "bitrate": 256000.0,
    "samplerate": 16000.0,
    "channels": 1.0,
    "audio_md5": "f89f93331401cccd9835e313da9018b0",
    "loudness": -33.470890045166016,
    "dynamic_range": 0.0,
    "temporal_centroid": 0.4324885606765747,
    "log_attack_time": -1.9507116079330444,
    "filesize": 59120,
    "single_event": true,
    "tonality": "E major",
    "tonality_confidence": 0.7114469408988953,
    "loop": false,
    "tempo": 129,
    "tempo_confidence": 0.0,
    "note_midi": 34,
    "note_name": "A#1",
    "note_frequency": 59.37343215942383,
    "note_confidence": 0.6326112747192383,
    "hardness": 40.66534918435124,
    "depth": 63.67760216257918,
    "brightness": 42.12314246769356,
    "roughness": 40.150829954196624,
    "warmth": 61.26987173323053,
    "sharpness": 21.815199547082713,
    "boominess": 48.42078114522816,
    "reverb": false,
    "genre": "Genre A",
    "mood": "Mood A"
}