{
    "duration": 1.8461250066757202,
    "lossless": 1.0,
    "codec": "pcm_s16le",
    "bitrate": 256000.0,
    "samplerate": 16000.0,
    "channels": 1.0,
    "audio_md5": "88134339845b9252369a9403a61097d3",
    "loudness": -38.14775848388672,
    "dynamic_range": 0.0,
    "temporal_centroid": 0.5192351937294006,
    "log_attack_time": -1.492150068283081,
    "filesize": 59120,
    "single_event": true,
    "tonality": "D minor",
    "tonality_confidence": 0.3766508102416992,
    "loop": true,
    "tempo": 130,
    "tempo_confidence": 0.9999017119407654,
    "note_midi": 29,
    "note_name": "F1",
    "note_frequency": 43.024391174316406,
    "note_confidence": 0.36519694328308105,
    "hardness": 42.13908132662549,
    "depth": 66.04218806380345,
    "brightness": 40.33966076976961,
    "roughness": 41.81337589370969,
    "warmth": 56.874824805612405,
    "sharpness": 30.74520413123451,
    "boominess": 47.38649334210656,
    "reverb": false,
    "genre": "Genre A",
    "mood": "Mood A"
}