{
    "duration": 1.8461250066757202,
    "lossless": 1.0,
    "codec": "pcm_s16le",
    "bitrate": 256000.0,
    "samplerate": 16000.0,
    "channels": 1.0,
    "audio_md5": "03ff7868d615124ecdfa0dced7dd0494",
    "loudness": -25.34615135192871,
    "dynamic_range": 0.0,
    "temporal_centroid": 0.2953583896160126,
    "log_attack_time": -1.5451033115386963,
    "filesize": 59120,
    "single_event": true,
    "tonality": "G# minor",
    "tonality_confidence": 0.7478717565536499,
    "loop": false,
    "tempo": 172,
    "tempo_confidence": 0.0,
    "note_midi": 32,
    "note_name": "G#1",
    "note_frequency": 51.013736724853516,
    "note_confidence": 0.4381086826324463,
    "hardness": 29.129360846719024,
    "depth": 66.88874112883852,
    "brightness": 31.12954576738574,
    "roughness": 28.099386802835063,
    "warmth": 58.13641693411838,
    "sharpness": 11.012191330399453,
    "boominess": 59.548065695093364,
    "reverb": false,
    "genre": "Genre A",
    "mood": "Mood A"
}