{
    "duration": 1.8461250066757202,
    "lossless": 1.0,
    "codec": "pcm_s16le",
    "bitrate": 256000.0,
    "samplerate": 16000.0,
    "channels": 1.0,
    "audio_md5": "12a8780c50877d3ab91ddad247d24672",
    "loudness": -34.97245788574219,
    "dynamic_range": 0.0,
    "temporal_centroid": 0.4093966782093048,
    "log_attack_time": 0.06235596165060997,
    "filesize": 59120,
    "single_event": true,
    "tonality": "G minor",
    "tonality_confidence": 0.39167356491088867,
    "loop": true,
    "tempo": 130,
    "tempo_confidence": 0.9999017119407654,
    "note_midi": 39,
    "note_name": "D#2",
    "note_frequency": 79.13345336914062,
    "note_confidence": 0.47581541538238525,
    "hardness": 36.49895322886269,
    "depth": 60.35264137082248,
    "brightness": 38.623048245396646,
    "roughness": 42.759100298212,
    "warmth": 61.58298368761311,
    "sharpness": 18.763822103278002,
    "boominess": 50.13772487394857,
    "reverb": false,
    "genre": "Genre A",
    "mood": "Mood A"
}