{
    "duration": 1.8461250066757202,
    "lossless": 1.0,
    "codec": "pcm_s16le",
    "bitrate": 256000.0,
    "samplerate": 16000.0,
    "channels": 1.0,
    "audio_md5": "8c084d007e087746c2998ab16b8a1bd5",
    "loudness": -32.79238510131836,
    "dynamic_range": 0.0,
    "temporal_centroid": 0.33191874623298645,
    "log_attack_time": -1.9009288549423218,
    "filesize": 59120,
    "single_event": true,
    "tonality": "A major",
    "tonality_confidence": 0.7202309370040894,
    "loop": false,
    "tempo": 131,
    "tempo_confidence": 0.0,
    "note_midi": 29,
    "note_name": "F1",
    "note_frequency": 43.19082260131836,
    "note_confidence": 0.4484149217605591,
    "hardness": 39.527394272739485,
    "depth": 61.608280760551,
    "brightness": 41.58062461988463,
    "roughness": 37.656186741202774,
    "warmth": 59.4372020945905,
    "sharpness": 8.71447190914914,
    "boominess": 52.52937599665381,
    "reverb": false,
    "genre": "Genre A",
    "mood": "Mood A"
}