{
    "duration": 1.8461250066757202,
    "lossless": 1.0,
    "codec": "pcm_s16le",
    "bitrate": 256000.0,
    "samplerate": 16000.0,
    "channels": 1.0,
    "audio_md5": "18d7f5396877d081ed05a970150b334e",
    "loudness": -18.616552352905273,
    "dynamic_range": 0.0,
    "temporal_centroid": 0.3665824830532074,
    "log_attack_time": -0.9763323664665222,
    "filesize": 59120,
    "single_event": true,
    "tonality": "A# minor",
    "tonality_confidence": 0.8421307802200317,
    "loop": false,
    "tempo": 178,
    "tempo_confidence": 0.0,
    "note_midi": 31,
    "note_name": "G1",
    "note_frequency": 49.64580154418945,
    "note_confidence": 0.4328826069831848,
    "hardness": 30.888361070868626,
    "depth": 69.80938619729535,
    "brightness": 25.722752716259794,
    "roughness": 38.582629386843124,
    "warmth": 59.73031070138039,
    "sharpness": 37.43833012745156,
    "boominess": 51.99988161836695,
    "reverb": false,
    "genre": "Genre A",
    "mood": "Mood A"
}