{
    "duration": 1.8461250066757202,
    "lossless": 1.0,
    "codec": "pcm_s16le",
    "bitrate": 256000.0,
    "samplerate": 16000.0,
    "channels": 1.0,
    "audio_md5": "2d2dfdfe3c96a0c2aeb975ad4bf77ffb",
    "loudness": -19.29970359802246,
    "dynamic_range": 0.0,
    "temporal_centroid": 0.39432278275489807,
    "log_attack_time": -0.007770199328660965,
    "filesize": 59120,
    "single_event": true,
    "tonality": "C major",
    "tonality_confidence": 0.5608524084091187,
    "loop": true,
    "tempo": 98,
    "tempo_confidence": 0.9693333506584167,
    "note_midi": 29,
    "note_name": "F1",
    "note_frequency": 43.024391174316406,
    "note_confidence": 0.39697879552841187,
    "hardness": 32.72711595687447,
    "depth": 70.08168142088196,
    "brightness": 22.57392029746399,
    "roughness": 37.04996684099776,
    "warmth": 58.41238326222077,
    "sharpness": 45.920909055465756,
    "boominess": 46.151267125779675,
    "reverb": false,
    "genre": "Genre A",
    "mood": "Mood A"
}