{
    "duration": 1.8461250066757202,
    "lossless": 1.0,
    "codec": "pcm_s16le",
    "bitrate": 256000.0,
    "samplerate": 16000.0,
    "channels": 1.0,
    "audio_md5": "6950b634c6e2d9a0b9560b0f328bcf8d",
    "loudness": -20.083005905151367,
    "dynamic_range": 0.0,
    "temporal_centroid": 0.5610194802284241,
    "log_attack_time": -1.2802629470825195,
    "filesize": 59120,
    "single_event": true,
    "tonality": "F minor",
    "tonality_confidence": 0.4154038429260254,
    "loop": false,
    "tempo": 136,
    "tempo_confidence": 0.0,
    "note_midi": 31,
    "note_name": "G1",
    "note_frequency": 49.85541915893555,
    "note_confidence": 0.662781298160553,
    "hardness": 28.83497229110263,
    "depth": 71.94080748762778,
    "brightness": 26.780598317160084,
    "roughness": 28.56808690681841,
    "warmth": 59.68816747354253,
    "sharpness": 32.06165324889505,
    "boominess": 56.12980629878365,
    "reverb": false,
    "genre": "Genre A",
    "mood": "Mood A"
}