{
    "duration": 1.8461250066757202,
    "lossless": 1.0,
    "codec": "pcm_s16le",
    "bitrate": 256000.0,
    "samplerate": 16000.0,
    "channels": 1.0,
    "audio_md5": "b7001f6aed2d0ce1bb9cc85db3b68bdd",
    "loudness": -48.2568244934082,
    "dynamic_range": 0.0,
    "temporal_centroid": 0.5128641724586487,
    "log_attack_time": -0.570830225944519,
    "filesize": 59120,
    "single_event": true,
    "tonality": "C# major",
    "tonality_confidence": 0.5695580840110779,
    "loop": false,
    "tempo": 129,
    "tempo_confidence": 0.0,
    "note_midi": 29,
    "note_name": "F1",
    "note_frequency": 43.024391174316406,
    "note_confidence": 0.42185288667678833,
    "hardness": 46.9896142340674,
    "depth": 71.35165332062334,
    "brightness": 45.44929021254932,
    "roughness": 42.04907673938382,
    "warmth": 58.55732672304227,
    "sharpness": 40.9473726733447,
    "boominess": 45.83336826470459,
    "reverb": false,
    "genre": "Genre B",
    "mood": "Mood B"
}