{
    "duration": 1.8461250066757202,
    "lossless": 1.0,
    "codec": "pcm_s16le",
    "bitrate": 256000.0,
    "samplerate": 16000.0,
    "channels": 1.0,
    "audio_md5": "74fce66a51a317e997071613ee881a9f",
    "loudness": -33.572696685791016,
    "dynamic_range": 0.0,
    "temporal_centroid": 0.467108815908432,
    "log_attack_time": -1.6174969673156738,
    "filesize": 59120,
    "single_event": true,
    "tonality": "F# minor",
    "tonality_confidence": 0.6224160194396973,
    "loop": false,
    "tempo": 129,
    "tempo_confidence": 0.0,
    "note_midi": 33,
    "note_name": "A1",
    "note_frequency": 55.47175598144531,
    "note_confidence": 0.6502093076705933,
    "hardness": 38.89812823846435,
    "depth": 63.974470347126285,
    "brightness": 43.20854807821299,
    "roughness": 43.209503629243414,
    "warmth": 62.847271669711645,
    "sharpness": 20.43024339581755,
    "boominess": 47.325765759730686,
    "reverb": false,
    "genre": "Genre A",
    "mood": "Mood A"
}