{
    "duration": 1.8461250066757202,
    "lossless": 1.0,
    "codec": "pcm_s16le",
    "bitrate": 256000.0,
    "samplerate": 16000.0,
    "channels": 1.0,
    "audio_md5": "8cb033fd85ca43976dd4ff9e885a9059",
    "loudness": -39.29669189453125,
    "dynamic_range": 0.0,
    "temporal_centroid": 0.5262487530708313,
    "log_attack_time": -0.033970076590776443,
    "filesize": 59120,
    "single_event": true,
    "tonality": "C major",
    "tonality_confidence": 0.6569563746452332,
    "loop": true,
    "tempo": 130,
    "tempo_confidence": 0.9999017119407654,
    "note_midi": 29,
    "note_name": "F1",
    "note_frequency": 43.024391174316406,
    "note_confidence": 0.37514543533325195,
    "hardness": 41.6720075585433,
    "depth": 66.52252131619512,
    "brightness": 40.95444001989621,
    "roughness": 41.137539037280064,
    "warmth": 57.38468672106571,
    "sharpness": 32.65606189511044,
    "boominess": 46.80756113224524,
    "reverb": false,
    "genre": "Genre A",
    "mood": "Mood A"
}