{
    "duration": 1.8461250066757202,
    "lossless": 1.0,
    "codec": "pcm_s16le",
    "bitrate": 256000.0,
    "samplerate": 16000.0,
    "channels": 1.0,
    "audio_md5": "92f51e592394cc11a3af4e5695c1f990",
    "loudness": -38.6766471862793,
    "dynamic_range": 0.0,
    "temporal_centroid": 0.500212550163269,
    "log_attack_time": -0.8627551794052124,
    "filesize": 59120,
    "single_event": true,
    "tonality": "E major",
    "tonality_confidence": 0.6702126264572144,
    "loop": true,
    "tempo": 130,
    "tempo_confidence": 0.9999017119407654,
    "note_midi": 35,
    "note_name": "B1",
    "note_frequency": 62.655399322509766,
    "note_confidence": 0.12031573057174683,
    "hardness": 42.70507825158262,
    "depth": 66.08640826566213,
    "brightness": 39.308351390586544,
    "roughness": 35.031436961607106,
    "warmth": 59.6219971103087,
    "sharpness": 35.03975371906394,
    "boominess": 47.52408568736962,
    "reverb": false,
    "genre": "Genre A",
    "mood": "Mood A"
}