{
    "duration": 1.8461250066757202,
    "lossless": 1.0,
    "codec": "pcm_s16le",
    "bitrate": 256000.0,
    "samplerate": 16000.0,
    "channels": 1.0,
    "audio_md5": "37975cb83b000263fab60fbbb426b530",
    "loudness": -22.684389114379883,
    "dynamic_range": 0.0,
    "temporal_centroid": 0.4672899544239044,
    "log_attack_time": -1.2615214586257935,
    "filesize": 59120,
    "single_event": true,
    "tonality": "E major",
    "tonality_confidence": 0.6820481419563293,
    "loop": false,
    "tempo": 129,
    "tempo_confidence": 0.0,
    "note_midi": 32,
    "note_name": "G#1",
    "note_frequency": 51.77424621582031,
    "note_confidence": 0.8018096685409546,
    "hardness": 30.678473289157296,
    "depth": 68.68882714103313,
    "brightness": 32.09090615873971,
    "roughness": 33.90225978442429,
    "warmth": 60.00466987536515,
    "sharpness": 31.526522915604474,
    "boominess": 52.57667223546549,
    "reverb": false,
    "genre": "Genre A",
    "mood": "Mood A"
}