{
    "duration": 1.8461250066757202,
    "lossless": 1.0,
    "codec": "pcm_s16le",
    "bitrate": 256000.0,
    "samplerate": 16000.0,
    "channels": 1.0,
    "audio_md5": "50e180c54cc5f810fdec057b30cbe484",
    "loudness": -21.928190231323242,
    "dynamic_range": 0.0,
    "temporal_centroid": 0.5480446815490723,
    "log_attack_time": -0.9079623222351074,
    "filesize": 59120,
    "single_event": true,
    "tonality": "G# major",
    "tonality_confidence": 0.8537891507148743,
    "loop": false,
    "tempo": 133,
    "tempo_confidence": 0.0,
    "note_midi": 29,
    "note_name": "F1",
    "note_frequency": 43.024391174316406,
    "note_confidence": 0.383522093296051,
    "hardness": 32.00016009528855,
    "depth": 72.7404156665371,
    "brightness": 26.396980998311516,
    "roughness": 30.424684660707467,
    "warmth": 59.40728719433288,
    "sharpness": 38.109710134383135,
    "boominess": 52.050952070383254,
    "reverb": false,
    "genre": "Genre A",
    "mood": "Mood A"
}