{
    "duration": 1.8461250066757202,
    "lossless": 1.0,
    "codec": "pcm_s16le",
    "bitrate": 256000.0,
    "samplerate": 16000.0,
    "channels": 1.0,
    "audio_md5": "2510206b174f6b2610ffdb0f26b960d1",
    "loudness": -40.17173767089844,
    "dynamic_range": 0.0,
    "temporal_centroid": 0.5006313920021057,
    "log_attack_time": -1.4900144338607788,
    "filesize": 59120,
    "single_event": true,
    "tonality": "E major",
    "tonality_confidence": 0.619138240814209,
    "loop": true,
    "tempo": 130,
    "tempo_confidence": 0.9999017119407654,
    "note_midi": 29,
    "note_name": "F1",
    "note_frequency": 43.024391174316406,
    "note_confidence": 0.41287559270858765,
    "hardness": 39.5752760203268,
    "depth": 67.15762335067089,
    "brightness": 41.35193343433227,
    "roughness": 41.53930418614585,
    "warmth": 55.3908886748351,
    "sharpness": 32.0483601349142,
    "boominess": 47.3360353949905,
    "reverb": false,
    "genre": "Genre A",
    "mood": "Mood A"
}