{
    "duration": 1.8461250066757202,
    "lossless": 1.0,
    "codec": "pcm_s16le",
    "bitrate": 256000.0,
    "samplerate": 16000.0,
    "channels": 1.0,
    "audio_md5": "20196f3848a78e3382c8c2dfa253cb0f",
    "loudness": -32.71512222290039,
    "dynamic_range": 0.0,
    "temporal_centroid": 0.41689735651016235,
    "log_attack_time": -1.954242467880249,
    "filesize": 59120,
    "single_event": true,
    "tonality": "A minor",
    "tonality_confidence": 0.7288604378700256,
    "loop": false,
    "tempo": 133,
    "tempo_confidence": 0.0,
    "note_midi": 33,
    "note_name": "A1",
    "note_frequency": 54.170188903808594,
    "note_confidence": 0.7190508842468262,
    "hardness": 34.199196042147975,
    "depth": 64.41870557570384,
    "brightness": 42.31742331495782,
    "roughness": 40.176693939384194,
    "warmth": 60.63494522367695,
    "sharpness": 18.79700593443711,
    "boominess": 50.172016074587326,
    "reverb": false,
    "genre": "Genre A",
    "mood": "Mood A"
}