{
    "duration": 1.8461250066757202,
    "lossless": 1.0,
    "codec": "pcm_s16le",
    "bitrate": 256000.0,
    "samplerate": 16000.0,
    "channels": 1.0,
    "audio_md5": "04a9d5fd249ffce0847b5547a60551ba",
    "loudness": -41.27707290649414,
    "dynamic_range": 0.0,
    "temporal_centroid": 0.5049859881401062,
    "log_attack_time": -2.253502130508423,
    "filesize": 59120,
    "single_event": true,
    "tonality": "C major",
    "tonality_confidence": 0.825515627861023,
    "loop": true,
    "tempo": 130,
    "tempo_confidence": 0.9999017119407654,
    "note_midi": 29,
    "note_name": "F1",
    "note_frequency": 44.00074005126953,
    "note_confidence": 0.3571280241012573,
    "hardness": 38.9084369882537,
    "depth": 67.07674758987768,
    "brightness": 41.997512875147386,
    "roughness": 42.00036210581378,
    "warmth": 57.14757102029584,
    "sharpness": 32.233370426723134,
    "boominess": 47.63952825352141,
    "reverb": false,
    "genre": "Genre A",
    "mood": "Mood A"
}