{
    "duration": 1.8461250066757202,
    "lossless": 1.0,
    "codec": "pcm_s16le",
    "bitrate": 256000.0,
    "samplerate": 16000.0,
    "channels": 1.0,
    "audio_md5": "c497edd4b41091b3de55d1b6203a5c44",
    "loudness": -36.621299743652344,
    "dynamic_range": 0.0,
    "temporal_centroid": 0.3294884264469147,
    "log_attack_time": -0.15502861142158508,
    "filesize": 59120,
    "single_event": true,
    "tonality": "G minor",
    "tonality_confidence": 0.522799551486969,
    "loop": false,
    "tempo": 129,
    "tempo_confidence": 0.0,
    "note_midi": 35,
    "note_name": "B1",
    "note_frequency": 61.77256774902344,
    "note_confidence": 0.4581539034843445,
    "hardness": 39.08746955766014,
    "depth": 61.047424595284006,
    "brightness": 40.65480521279065,
    "roughness": 38.06795266777394,
    "warmth": 58.472515668457824,
    "sharpness": 11.389819478503117,
    "boominess": 50.95048113673368,
    "reverb": false,
    "genre": "Genre A",
    "mood": "Mood A"
}