{
    "duration": 1.8461250066757202,
    "lossless": 1.0,
    "codec": "pcm_s16le",
    "bitrate": 256000.0,
    "samplerate": 16000.0,
    "channels": 1.0,
    "audio_md5": "0c1f617113e8b0c96e8afdce4ef346e9",
    "loudness": -35.86574935913086,
    "dynamic_range": 0.0,
    "temporal_centroid": 0.3487577438354492,
    "log_attack_time": -0.15656521916389465,
    "filesize": 59120,
    "single_event": true,
    "tonality": "C# major",
    "tonality_confidence": 0.6186801791191101,
    "loop": false,
    "tempo": 129,
    "tempo_confidence": 0.0,
    "note_midi": 36,
    "note_name": "C2",
    "note_frequency": 64.17570495605469,
    "note_confidence": 0.5179808139801025,
    "hardness": 39.76922846437172,
    "depth": 60.17276177321331,
    "brightness": 41.770063557849944,
    "roughness": 38.38706946609113,
    "warmth": 57.363599158124565,
    "sharpness": 17.759769933792704,
    "boominess": 49.25590665075359,
    "reverb": false,
    "genre": "Genre A",
    "mood": "Mood A"
}