{
    "duration": 1.8461250066757202,
    "lossless": 1.0,
    "codec": "pcm_s16le",
    "bitrate": 256000.0,
    "samplerate": 16000.0,
    "channels": 1.0,
    "audio_md5": "88932abbb2768bad96d542caddd993cb",
    "loudness": -32.25642013549805,
    "dynamic_range": 0.0,
    "temporal_centroid": 0.4095291793346405,
    "log_attack_time": -1.7579479217529297,
    "filesize": 59120,
    "single_event": true,
    "tonality": "C# minor",
    "tonality_confidence": 0.4611038565635681,
    "loop": false,
    "tempo": 129,
    "tempo_confidence": 0.0,
    "note_midi": 33,
    "note_name": "A1",
    "note_frequency": 54.857330322265625,
    "note_confidence": 0.7351033687591553,
    "hardness": 36.769549051610824,
    "depth": 64.9159467638915,
    "brightness": 41.64576915301238,
    "roughness": 37.298800997913524,
    "warmth": 60.28421754846333,
    "sharpness": 19.261242178218975,
    "boominess": 51.172880320046175,
    "reverb": false,
    "genre": "Genre A",
    "mood": "Mood A"
}