{
    "duration": 1.8461250066757202,
    "lossless": 1.0,
    "codec": "pcm_s16le",
    "bitrate": 256000.0,
    "samplerate": 16000.0,
    "channels": 1.0,
    "audio_md5": "dedac48a27c32e21a870cbf834f4c3d6",
    "loudness": -19.37114143371582,
    "dynamic_range": 0.0,
    "temporal_centroid": 0.4755292236804962,
    "log_attack_time": -1.409415364265442,
    "filesize": 59120,
    "single_event": true,
    "tonality": "C major",
    "tonality_confidence": 0.44425609707832336,
    "loop": false,
    "tempo": 131,
    "tempo_confidence": 0.0,
    "note_midi": 32,
    "note_name": "G#1",
    "note_frequency": 52.31166458129883,
    "note_confidence": 0.8097541332244873,
    "hardness": 29.21182818763417,
    "depth": 70.33770103312635,
    "brightness": 28.9207762716772,
    "roughness": 34.468157591149954,
    "warmth": 60.37134267827756,
    "sharpness": 28.970951254778868,
    "boominess": 53.817540604333544,
    "reverb": false,
    "genre": "Genre A",
    "mood": "Mood A"
}