{
    "duration": 1.8461250066757202,
    "lossless": 1.0,
    "codec": "pcm_s16le",
    "bitrate": 256000.0,
    "samplerate": 16000.0,
    "channels": 1.0,
    "audio_md5": "fc69c011782f4e96f876839ed94d8fdd",
    "loudness": -25.21702003479004,
    "dynamic_range": 0.0,
    "temporal_centroid": 0.30815112590789795,
    "log_attack_time": -1.3324729204177856,
    "filesize": 59120,
    "single_event": true,
    "tonality": "A# minor",
    "tonality_confidence": 0.6373722553253174,
    "loop": false,
    "tempo": 172,
    "tempo_confidence": 0.0,
    "note_midi": 34,
    "note_name": "A#1",
    "note_frequency": 57.53367233276367,
    "note_confidence": 0.34851229190826416,
    "hardness": 33.455907743714675,
    "depth": 67.38679577521513,
    "brightness": 31.8310001987587,
    "roughness": 30.80772436490153,
    "warmth": 58.231120307673834,
    "sharpness": 22.00690016438559,
    "boominess": 57.70455857515315,
    "reverb": false,
    "genre": "Genre A",
    "mood": "Mood A"
}