{
    "duration": 1.8461250066757202,
    "lossless": 1.0,
    "codec": "pcm_s16le",
    "bitrate": 256000.0,
    "samplerate": 16000.0,
    "channels": 1.0,
    "audio_md5": "6bc2d5870ae6e4133a134b5f22603b0d",
    "loudness": -23.904006958007812,
    "dynamic_range": 0.0,
    "temporal_centroid": 0.5259866714477539,
    "log_attack_time": -1.311798095703125,
    "filesize": 59120,
    "single_event": true,
    "tonality": "C major",
    "tonality_confidence": 0.7019326686859131,
    "loop": false,
    "tempo": 88,
    "tempo_confidence": 0.0,
    "note_midi": 29,
    "note_name": "F1",
    "note_frequency": 43.024391174316406,
    "note_confidence": 0.31219762563705444,
    "hardness": 35.94060560163224,
    "depth": 72.8160970869575,
    "brightness": 24.73841703276219,
    "roughness": 37.795337259436785,
    "warmth": 57.50154616600484,
    "sharpness": 40.97426082214242,
    "boominess": 50.034518938828185,
    "reverb": false,
    "genre": "Genre A",
    "mood": "Mood A"
}