{
    "duration": 1.8461250066757202,
    "lossless": 1.0,
    "codec": "pcm_s16le",
    "bitrate": 256000.0,
    "samplerate": 16000.0,
    "channels": 1.0,
    "audio_md5": "2469ae064b351af9e1d276b2b58f1ee6",
    "loudness": -40.01464080810547,
    "dynamic_range": 0.0,
    "temporal_centroid": 0.5273851752281189,
    "log_attack_time": -1.5461410284042358,
    "filesize": 59120,
    "single_event": true,
    "tonality": "A minor",
    "tonality_confidence": 0.5082782506942749,
    "loop": true,
    "tempo": 130,
    "tempo_confidence": 0.9999017119407654,
    "note_midi": 29,
    "note_name": "F1",
    "note_frequency": 43.024391174316406,
    "note_confidence": 0.42391300201416016,
    "hardness": 42.38575718203603,
    "depth": 68.3245170384461,
    "brightness": 40.78065920871133,
    "roughness": 41.8726236886769,
    "warmth": 57.75837160933369,
    "sharpness": 31.92125166657414,
    "boominess": 47.89121913902021,
    "reverb": false,
    "genre": "Genre A",
    "mood": "Mood A"
}