{
    "duration": 1.8461250066757202,
    "lossless": 1.0,
    "codec": "pcm_s16le",
    "bitrate": 256000.0,
    "samplerate": 16000.0,
    "channels": 1.0,
    "audio_md5": "4350567bc0d256b97c08857170e7d3dc",
    "loudness": -32.79983901977539,
    "dynamic_range": 0.0,
    "temporal_centroid": 0.4183076322078705,
    "log_attack_time": -0.08785872906446457,
    "filesize": 59120,
    "single_event": true,
    "tonality": "F# minor",
    "tonality_confidence": 0.6318862438201904,
    "loop": true,
    "tempo": 130,
    "tempo_confidence": 0.9999017119407654,
    "note_midi": 38,
    "note_name": "D2",
    "note_frequency": 73.25328063964844,
    "note_confidence": 0.31114035844802856,
    "hardness": 39.28905698282853,
    "depth": 65.45640973434789,
    "brightness": 37.20795364602359,
    "roughness": 33.61428594320448,
    "warmth": 57.043688057341484,
    "sharpness": 26.778943798643397,
    "boominess": 52.08713933751855,
    "reverb": false,
    "genre": "Genre A",
    "mood": "Mood A"
}