{
    "duration": 1.8461250066757202,
    "lossless": 1.0,
    "codec": "pcm_s16le",
    "bitrate": 256000.0,
    "samplerate": 16000.0,
    "channels": 1.0,
    "audio_md5": "7dc2c9450ae7ac666c2774d88f3ba2ca",
    "loudness": -22.901670455932617,
    "dynamic_range": 0.0,
    "temporal_centroid": 0.4401525557041168,
    "log_attack_time": -0.017082970589399338,
    "filesize": 59120,
    "single_event": true,
    "tonality": "A major",
    "tonality_confidence": 0.42278826236724854,
    "loop": false,
    "tempo": 126,
    "tempo_confidence": 0.0,
    "note_midi": 32,
    "note_name": "G#1",
    "note_frequency": 52.97736358642578,
    "note_confidence": 0.7224370837211609,
    "hardness": 30.70666237591628,
    "depth": 68.84786604089469,
    "brightness": 29.700420400764255,
    "roughness": 34.9202866476897,
    "warmth": 58.58476344467413,
    "sharpness": 32.923749617774114,
    "boominess": 54.09507580855501,
    "reverb": false,
    "genre": "Genre A",
    "mood": "Mood A"
}