{
    "duration": 1.8461250066757202,
    "lossless": 1.0,
    "codec": "pcm_s16le",
    "bitrate": 256000.0,
    "samplerate": 16000.0,
    "channels": 1.0,
    "audio_md5": "a65a9d1bfccaf1616113fb3f9666a01d",
    "loudness": -24.277193069458008,
    "dynamic_range": 0.0,
    "temporal_centroid": 0.3093129098415375,
    "log_attack_time": -1.368666648864746,
    "filesize": 59120,
    "single_event": true,
    "tonality": "G# major",
    "tonality_confidence": 0.5834354162216187,
    "loop": false,
    "tempo": 167,
    "tempo_confidence": 0.0,
    "note_midi": 34,
    "note_name": "A#1",
    "note_frequency": 57.353904724121094,
    "note_confidence": 0.3798016309738159,
    "hardness": 32.853066116414496,
    "depth": 68.75099446881165,
    "brightness": 30.619784290367484,
    "roughness": 29.6091862732876,
    "warmth": 57.53162078147673,
    "sharpness": 22.05964266244071,
    "boominess": 58.308523096306025,
    "reverb": false,
    "genre": "Genre A",
    "mood": "Mood A"
}