{
    "duration": 1.8461250066757202,
    "lossless": 1.0,
    "codec": "pcm_s16le",
    "bitrate": 256000.0,
    "samplerate": 16000.0,
    "channels": 1.0,
    "audio_md5": "ce7f3fc5138812ef4de9b15839cf55d0",
    "loudness": -23.722448348999023,
    "dynamic_range": 0.0,
    "temporal_centroid": 0.29680854082107544,
    "log_attack_time": -1.473004698753357,
    "filesize": 59120,
    "single_event": true,
    "tonality": "F# major",
    "tonality_confidence": 0.7187963128089905,
    "loop": false,
    "tempo": 126,
    "tempo_confidence": 0.0,
    "note_midi": 33,
    "note_name": "A1",
    "note_frequency": 54.754520416259766,
    "note_confidence": 0.3771136999130249,
    "hardness": 28.657035115130753,
    "depth": 69.27726015548933,
    "brightness": 29.47193864746238,
    "roughness": 27.134012127716467,
    "warmth": 59.60670167196142,
    "sharpness": 23.717123398318464,
    "boominess": 57.51994004532389,
    "reverb": false,
    "genre": "Genre A",
    "mood": "Mood A"
}