{
    "duration": 1.8461250066757202,
    "lossless": 1.0,
    "codec": "pcm_s16le",
    "bitrate": 256000.0,
    "samplerate": 16000.0,
    "channels": 1.0,
    "audio_md5": "7f7934963f31078d3bce3f9be53f2ced",
    "loudness": -32.56880187988281,
    "dynamic_range": 0.0,
    "temporal_centroid": 0.3944971263408661,
    "log_attack_time": -1.9334754943847656,
    "filesize": 59120,
    "single_event": true,
    "tonality": "G# major",
    "tonality_confidence": 0.7517876029014587,
    "loop": false,
    "tempo": 128,
    "tempo_confidence": 0.0,
    "note_midi": 33,
    "note_name": "A1",
    "note_frequency": 55.29220199584961,
    "note_confidence": 0.6404274702072144,
    "hardness": 38.656643960277094,
    "depth": 63.43477066523695,
    "brightness": 39.351858564100425,
    "roughness": 37.01681527895434,
    "warmth": 58.35665026632947,
    "sharpness": 24.72484061642378,
    "boominess": 47.32525720438028,
    "reverb": false,
    "genre": "Genre A",
    "mood": "Mood A"
}