{
    "duration": 1.8461250066757202,
    "lossless": 1.0,
    "codec": "pcm_s16le",
    "bitrate": 256000.0,
    "samplerate": 16000.0,
    "channels": 1.0,
    "audio_md5": "8f64f24a75eed09f5e806081b43cab4b",
    "loudness": -35.70061492919922,
    "dynamic_range": 0.0,
    "temporal_centroid": 0.3614022433757782,
    "log_attack_time": -0.15650871396064758,
    "filesize": 59120,
    "single_event": true,
    "tonality": "D# minor",
    "tonality_confidence": 0.5859581828117371,
    "loop": false,
    "tempo": 129,
    "tempo_confidence": 0.0,
    "note_midi": 35,
    "note_name": "B1",
    "note_frequency": 63.07963180541992,
    "note_confidence": 0.49522924423217773,
    "hardness": 38.03047091085341,
    "depth": 57.83218065258018,
    "brightness": 40.40956525577265,
    "roughness": 38.447639180771176,
    "warmth": 58.35900134515582,
    "sharpness": 13.175162386662834,
    "boominess": 50.16743870707974,
    "reverb": false,
    "genre": "Genre A",
    "mood": "Mood A"
}