{
    "duration": 1.8461250066757202,
    "lossless": 1.0,
    "codec": "pcm_s16le",
    "bitrate": 256000.0,
    "samplerate": 16000.0,
    "channels": 1.0,
    "audio_md5": "e843d435785839eb4ee539056928f7d2",
    "loudness": -34.98518371582031,
    "dynamic_range": 0.0,
    "temporal_centroid": 0.346288800239563,
    "log_attack_time": -0.1581781804561615,
    "filesize": 59120,
    "single_event": true,
    "tonality": "G# minor",
    "tonality_confidence": 0.5547963976860046,
    "loop": false,
    "tempo": 129,
    "tempo_confidence": 0.0,
    "note_midi": 50,
    "note_name": "D3",
    "note_frequency": 147.39111328125,
    "note_confidence": 0.5231392979621887,
    "hardness": 36.74234188580277,
    "depth": 56.4864640257615,
    "brightness": 33.8408903235115,
    "roughness": 38.80912121992421,
    "warmth": 59.75414790747769,
    "sharpness": 9.328596184400169,
    "boominess": 49.98745374267697,
    "reverb": false,
    "genre": "Genre A",
    "mood": "Mood A"
}