{
    "duration": 1.8461250066757202,
    "lossless": 1.0,
    "codec": "pcm_s16le",
    "bitrate": 256000.0,
    "samplerate": 16000.0,
    "channels": 1.0,
    "audio_md5": "d0cbd34f9b9f80e1fad01a57117474be",
    "loudness": -33.18092727661133,
    "dynamic_range": 0.0,
    "temporal_centroid": 0.46791955828666687,
    "log_attack_time": 0.08557610958814621,
    "filesize": 59120,
    "single_event": true,
    "tonality": "D minor",
    "tonality_confidence": 0.45619845390319824,
    "loop": false,
    "tempo": 142,
    "tempo_confidence": 0.0,
    "note_midi": 31,
    "note_name": "G1",
    "note_frequency": 48.70231246948242,
    "note_confidence": 0.1275395154953003,
    "hardness": 38.87701616789634,
    "depth": 70.92067084610467,
    "brightness": 32.63917403986104,
    "roughness": 35.79981203985835,
    "warmth": 60.02730186340016,
    "sharpness": 40.839140608878424,
    "boominess": 48.67384990775699,
    "reverb": false,
    "genre": "Genre A",
    "mood": "Mood A"
}