{
    "duration": 1.8461250066757202,
    "lossless": 1.0,
    "codec": "pcm_s16le",
    "bitrate": 256000.0,
    "samplerate": 16000.0,
    "channels": 1.0,
    "audio_md5": "a42b6387f44a0014265a7afb46cbac43",
    "loudness": -34.0511589050293,
    "dynamic_range": 0.0,
    "temporal_centroid": 0.426116019487381,
    "log_attack_time": -2.029541254043579,
    "filesize": 59120,
    "single_event": true,
    "tonality": "C# minor",
    "tonality_confidence": 0.6456129550933838,
    "loop": false,
    "tempo": 133,
    "tempo_confidence": 0.0,
    "note_midi": 33,
    "note_name": "A1",
    "note_frequency": 55.50222396850586,
    "note_confidence": 0.7128925323486328,
    "hardness": 39.93194334773149,
    "depth": 64.72904547403564,
    "brightness": 42.367662678117384,
    "roughness": 37.31023898299261,
    "warmth": 60.783608227000556,
    "sharpness": 21.55396478701025,
    "boominess": 49.0683008416356,
    "reverb": false,
    "genre": "Genre A",
    "mood": "Mood A"
}