{
    "duration": 1.8461250066757202,
    "lossless": 1.0,
    "codec": "pcm_s16le",
    "bitrate": 256000.0,
    "samplerate": 16000.0,
    "channels": 1.0,
    "audio_md5": "585be4d4d5430b70f38f682b645136f5",
    "loudness": -18.444700241088867,
    "dynamic_range": 0.0,
    "temporal_centroid": 0.44085606932640076,
    "log_attack_time": -1.2526216506958008,
    "filesize": 59120,
    "single_event": true,
    "tonality": "E major",
    "tonality_confidence": 0.26009535789489746,
    "loop": false,
    "tempo": 129,
    "tempo_confidence": 0.0,
    "note_midi": 30,
    "note_name": "F#1",
    "note_frequency": 46.02613830566406,
    "note_confidence": 0.7226036787033081,
    "hardness": 26.545898296887287,
    "depth": 70.13105596052145,
    "brightness": 26.382038266158528,
    "roughness": 33.206240768389975,
    "warmth": 60.69684986581197,
    "sharpness": 29.627309354549624,
    "boominess": 54.87754822215637,
    "reverb": false,
    "genre": "Genre A",
    "mood": "Mood A"
}