{
    "duration": 1.8461250066757202,
    "lossless": 1.0,
    "codec": "pcm_s16le",
    "bitrate": 256000.0,
    "samplerate": 16000.0,
    "channels": 1.0,
    "audio_md5": "680494e59a69133cfeb83baae071bbc8",
    "loudness": -23.27301597595215,
    "dynamic_range": 0.0,
    "temporal_centroid": 0.5350450277328491,
    "log_attack_time": -1.2726322412490845,
    "filesize": 59120,
    "single_event": true,
    "tonality": "C major",
    "tonality_confidence": 0.8523258566856384,
    "loop": false,
    "tempo": 136,
    "tempo_confidence": 0.0,
    "note_midi": 29,
    "note_name": "F1",
    "note_frequency": 43.024391174316406,
    "note_confidence": 0.3065810203552246,
    "hardness": 31.324846307482815,
    "depth": 73.69493308888016,
    "brightness": 26.518228634012512,
    "roughness": 36.82967071910044,
    "warmth": 58.54766204581103,
    "sharpness": 43.474090036074145,
    "boominess": 48.472801479046524,
    "reverb": false,
    "genre": "Genre A",
    "mood": "Mood A"
}