{
    "duration": 1.8461250066757202,
    "lossless": 1.0,
    "codec": "pcm_s16le",
    "bitrate": 256000.0,
    "samplerate": 16000.0,
    "channels": 1.0,
    "audio_md5": "0891b3fb61cac2269957f1529cd9be7b",
    "loudness": -25.100027084350586,
    "dynamic_range": 0.0,
    "temporal_centroid": 0.29863661527633667,
    "log_attack_time": -0.15243293344974518,
    "filesize": 59120,
    "single_event": true,
    "tonality": "D# major",
    "tonality_confidence": 0.672238290309906,
    "loop": false,
    "tempo": 172,
    "tempo_confidence": 0.0,
    "note_midi": 32,
    "note_name": "G#1",
    "note_frequency": 51.4712028503418,
    "note_confidence": 0.43851572275161743,
    "hardness": 30.651345399129468,
    "depth": 66.92009394564317,
    "brightness": 30.13422163256698,
    "roughness": 26.70802173464604,
    "warmth": 59.551628534083775,
    "sharpness": 21.15379720975743,
    "boominess": 57.585349498804604,
    "reverb": false,
    "genre": "Genre A",
    "mood": "Mood A"
}