{
    "duration": 1.8461250066757202,
    "lossless": 1.0,
    "codec": "pcm_s16le",
    "bitrate": 256000.0,
    "samplerate": 16000.0,
    "channels": 1.0,
    "audio_md5": "e083a53ff4db793e4342f0fbc0c9f120",
    "loudness": -35.785728454589844,
    "dynamic_range": 0.0,
    "temporal_centroid": 0.31846916675567627,
    "log_attack_time": -0.1559019535779953,
    "filesize": 59120,
    "single_event": true,
    "tonality": "C# minor",
    "tonality_confidence": 0.5492351055145264,
    "loop": false,
    "tempo": 129,
    "tempo_confidence": 0.0,
    "note_midi": 35,
    "note_name": "B1",
    "note_frequency": 62.416343688964844,
    "note_confidence": 0.44653546810150146,
    "hardness": 40.1541393865985,
    "depth": 60.45151324642652,
    "brightness": 41.14464823219174,
    "roughness": 34.94100781827101,
    "warmth": 57.64301987015307,
    "sharpness": 11.593477434403905,
    "boominess": 51.9800029193004,
    "reverb": false,
    "genre": "Genre A",
    "mood": "Mood A"
}