{
    "duration": 1.8461250066757202,
    "lossless": 1.0,
    "codec": "pcm_s16le",
    "bitrate": 256000.0,
    "samplerate": 16000.0,
    "channels": 1.0,
    "audio_md5": "f05f99a8f175939173ad23e2e6ac3115",
    "loudness": -39.161643981933594,
    "dynamic_range": 0.0,
    "temporal_centroid": 0.5253418684005737,
    "log_attack_time": -2.243037223815918,
    "filesize": 59120,
    "single_event": true,
    "tonality": "A# major",
    "tonality_confidence": 0.4482991397380829,
    "loop": true,
    "tempo": 130,
    "tempo_confidence": 0.9999017119407654,
    "note_midi": 29,
    "note_name": "F1",
    "note_frequency": 43.024391174316406,
    "note_confidence": 0.35582804679870605,
    "hardness": 39.15614927843521,
    "depth": 66.71098902872863,
    "brightness": 41.37812276521214,
    "roughness": 41.422861124789186,
    "warmth": 56.89388411568453,
    "sharpness": 31.19165587833536,
    "boominess": 48.12836902714238,
    "reverb": false,
    "genre": "Genre A",
    "mood": "Mood A"
}