{
    "duration": 1.8461250066757202,
    "lossless": 1.0,
    "codec": "pcm_s16le",
    "bitrate": 256000.0,
    "samplerate": 16000.0,
    "channels": 1.0,
    "audio_md5": "a6fc05b9f33f3c34e03c60ab6d39a8cb",
    "loudness": -36.19272232055664,
    "dynamic_range": 0.0,
    "temporal_centroid": 0.33791154623031616,
    "log_attack_time": -0.15721537172794342,
    "filesize": 59120,
    "single_event": true,
    "tonality": "C# major",
    "tonality_confidence": 0.5132178068161011,
    "loop": false,
    "tempo": 129,
    "tempo_confidence": 0.0,
    "note_midi": 33,
    "note_name": "A1",
    "note_frequency": 53.88899230957031,
    "note_confidence": 0.40164220333099365,
    "hardness": 40.4430207301491,
    "depth": 60.2307771027387,
    "brightness": 43.1845277219614,
    "roughness": 38.52893006631363,
    "warmth": 55.74213744736977,
    "sharpness": 9.829611590863795,
    "boominess": 53.43489665373953,
    "reverb": false,
    "genre": "Genre A",
    "mood": "Mood A"
}