{
    "duration": 1.8461250066757202,
    "lossless": 1.0,
    "codec": "pcm_s16le",
    "bitrate": 256000.0,
    "samplerate": 16000.0,
    "channels": 1.0,
    "audio_md5": "9c3ff5549f805c7a2e85686c1cb16acc",
    "loudness": -24.789262771606445,
    "dynamic_range": 0.0,
    "temporal_centroid": 0.37100327014923096,
    "log_attack_time": -0.34995031356811523,
    "filesize": 59120,
    "single_event": true,
    "tonality": "F minor",
    "tonality_confidence": 0.7404755353927612,
    "loop": false,
    "tempo": 131,
    "tempo_confidence": 0.0,
    "note_midi": 29,
    "note_name": "F1",
    "note_frequency": 43.024391174316406,
    "note_confidence": 0.31699681282043457,
    "hardness": 29.838039027699153,
    "depth": 70.98951429368363,
    "brightness": 27.733257134675796,
    "roughness": 32.325693628994166,
    "warmth": 58.31043183651204,
    "sharpness": 36.76995790680562,
    "boominess": 52.790602866233435,
    "reverb": false,
    "genre": "Genre A",
    "mood": "Mood A"
}