{
    "duration": 1.8461250066757202,
    "lossless": 1.0,
    "codec": "pcm_s16le",
    "bitrate": 256000.0,
    "samplerate": 16000.0,
    "channels": 1.0,
    "audio_md5": "9e624209dfdbaec28aa975df95db5577",
    "loudness": -26.34463119506836,
    "dynamic_range": 0.0,
    "temporal_centroid": 0.2901065945625305,
    "log_attack_time": -0.15142692625522614,
    "filesize": 59120,
    "single_event": true,
    "tonality": "G minor",
    "tonality_confidence": 0.6674641370773315,
    "loop": false,
    "tempo": 172,
    "tempo_confidence": 0.0,
    "note_midi": 31,
    "note_name": "G1",
    "note_frequency": 48.183143615722656,
    "note_confidence": 0.3953484296798706,
    "hardness": 32.160773181168096,
    "depth": 68.33324542263226,
    "brightness": 29.05535189200272,
    "roughness": 30.845144363243822,
    "warmth": 60.017144335077745,
    "sharpness": 22.192921141515676,
    "boominess": 56.90352280821424,
    "reverb": false,
    "genre": "Genre A",
    "mood": "Mood A"
}