{
    "duration": 1.8461250066757202,
    "lossless": 1.0,
    "codec": "pcm_s16le",
    "bitrate": 256000.0,
    "samplerate": 16000.0,
    "channels": 1.0,
    "audio_md5": "8afc4a8cbb95c8287b7c88612cd106b5",
    "loudness": -24.613407135009766,
    "dynamic_range": 0.0,
    "temporal_centroid": 0.3410048484802246,
    "log_attack_time": -0.15703153610229492,
    "filesize": 59120,
    "single_event": true,
    "tonality": "A# minor",
    "tonality_confidence": 0.5857487916946411,
    "loop": false,
    "tempo": 123,
    "tempo_confidence": 0.0,
    "note_midi": 31,
    "note_name": "G1",
    "note_frequency": 49.92759323120117,
    "note_confidence": 0.4002789258956909,
    "hardness": 32.620527067655715,
    "depth": 69.09237695425132,
    "brightness": 31.334744657815502,
    "roughness": 32.467834070113554,
    "warmth": 56.782779713320615,
    "sharpness": 29.143888928886657,
    "boominess": 55.198287621430495,
    "reverb": false,
    "genre": "Genre A",
    "mood": "Mood A"
}