{
    "duration": 1.8461250066757202,
    "lossless": 1.0,
    "codec": "pcm_s16le",
    "bitrate": 256000.0,
    "samplerate": 16000.0,
    "channels": 1.0,
    "audio_md5": "fa533b1e5623c8ecb849d0bfcdaa0270",
    "loudness": -30.409753799438477,
    "dynamic_range": 0.0,
    "temporal_centroid": 0.42595964670181274,
    "log_attack_time": -0.03272588178515434,
    "filesize": 59120,
    "single_event": true,
    "tonality": "G major",
    "tonality_confidence": 0.42967677116394043,
    "loop": false,
    "tempo": 85,
    "tempo_confidence": 0.0,
    "note_midi": 35,
    "note_name": "B1",
    "note_frequency": 61.13926696777344,
    "note_confidence": 0.6133554577827454,
    "hardness": 37.61920468755132,
    "depth": 61.27506895752579,
    "brightness": 39.68688523435775,
    "roughness": 36.13508004116439,
    "warmth": 56.75148640940755,
    "sharpness": 25.29188921095339,
    "boominess": 47.19937603980776,
    "reverb": false,
    "genre": "Genre A",
    "mood": "Mood A"
}