{
    "duration": 1.8461250066757202,
    "lossless": 1.0,
    "codec": "pcm_s16le",
    "bitrate": 256000.0,
    "samplerate": 16000.0,
    "channels": 1.0,
    "audio_md5": "a07dae09aedbfea35f61cbeae5afc1d7",
    "loudness": -26.228031158447266,
    "dynamic_range": 0.0,
    "temporal_centroid": 0.5188859105110168,
    "log_attack_time": -1.529160737991333,
    "filesize": 59120,
    "single_event": true,
    "tonality": "F minor",
    "tonality_confidence": 0.6996163129806519,
    "loop": true,
    "tempo": 89,
    "tempo_confidence": 0.9997981786727905,
    "note_midi": 29,
    "note_name": "F1",
    "note_frequency": 43.024391174316406,
    "note_confidence": 0.2998840808868408,
    "hardness": 33.771061835418635,
    "depth": 75.68662235734298,
    "brightness": 27.259354402281712,
    "roughness": 37.959504925542625,
    "warmth": 59.36013944884358,
    "sharpness": 43.86867010071657,
    "boominess": 47.51428931692019,
    "reverb": false,
    "genre": "Genre A",
    "mood": "Mood A"
}