{
    "duration": 1.8461250066757202,
    "lossless": 1.0,
    "codec": "pcm_s16le",
    "bitrate": 256000.0,
    "samplerate": 16000.0,
    "channels": 1.0,
    "audio_md5": "1a5c84016eb94127aae868af73248f5b",
    "loudness": -22.258920669555664,
    "dynamic_range": 0.0,
    "temporal_centroid": 0.5263322591781616,
    "log_attack_time": -1.2808263301849365,
    "filesize": 59120,
    "single_event": true,
    "tonality": "C minor",
    "tonality_confidence": 0.6870890259742737,
    "loop": false,
    "tempo": 136,
    "tempo_confidence": 0.0,
    "note_midi": 29,
    "note_name": "F1",
    "note_frequency": 43.024391174316406,
    "note_confidence": 0.32968634366989136,
    "hardness": 32.47647210887166,
    "depth": 73.60506753695572,
    "brightness": 26.340787114585936,
    "roughness": 36.848360720574455,
    "warmth": 58.955355382192195,
    "sharpness": 39.1601194660964,
    "boominess": 51.51202376067204,
    "reverb": false,
    "genre": "Genre A",
    "mood": "Mood A"
}