{
    "duration": 1.8461250066757202,
    "lossless": 1.0,
    "codec": "pcm_s16le",
    "bitrate": 256000.0,
    "samplerate": 16000.0,
    "channels": 1.0,
    "audio_md5": "6fdc2b87a1c64f0d24bf646090433e06",
    "loudness": -20.104724884033203,
    "dynamic_range": 0.0,
    "temporal_centroid": 0.46656110882759094,
    "log_attack_time": -1.3479927778244019,
    "filesize": 59120,
    "single_event": true,
    "tonality": "E major",
    "tonality_confidence": 0.5820925831794739,
    "loop": false,
    "tempo": 129,
    "tempo_confidence": 0.0,
    "note_midi": 33,
    "note_name": "A1",
    "note_frequency": 54.189083099365234,
    "note_confidence": 0.8361798524856567,
    "hardness": 28.46767892562164,
    "depth": 68.53178657398527,
    "brightness": 29.75725213177841,
    "roughness": 34.21831218679182,
    "warmth": 59.65568213026367,
    "sharpness": 28.745698211206946,
    "boominess": 54.63187832174516,
    "reverb": false,
    "genre": "Genre A",
    "mood": "Mood A"
}