{
    "duration": 1.8461250066757202,
    "lossless": 1.0,
    "codec": "pcm_s16le",
    "bitrate": 256000.0,
    "samplerate": 16000.0,
    "channels": 1.0,
    "audio_md5": "ca5be3cf19be02326eb04e07dd3e21bc",
    "loudness": -43.597652435302734,
    "dynamic_range": 0.0,
    "temporal_centroid": 0.5358033776283264,
    "log_attack_time": -0.3257076144218445,
    "filesize": 59120,
    "single_event": true,
    "tonality": "C# minor",
    "tonality_confidence": 0.6160232424736023,
    "loop": true,
    "tempo": 130,
    "tempo_confidence": 0.9999017119407654,
    "note_midi": 29,
    "note_name": "F1",
    "note_frequency": 43.024391174316406,
    "note_confidence": 0.43969815969467163,
    "hardness": 40.055599942157244,
    "depth": 68.30994514202557,
    "brightness": 43.70349714010662,
    "roughness": 40.820661006737495,
    "warmth": 56.832366946290755,
    "sharpness": 35.94610526124147,
    "boominess": 45.66947356501742,
    "reverb": false,
    "genre": "Genre A",
    "mood": "Mood A"
}