{
    "duration": 1.8461250066757202,
    "lossless": 1.0,
    "codec": "pcm_s16le",
    "bitrate": 256000.0,
    "samplerate": 16000.0,
    "channels": 1.0,
    "audio_md5": "3e776db84eca13cef1d10daa45fc1777",
    "loudness": -28.326566696166992,
    "dynamic_range": 0.0,
    "temporal_centroid": 0.41790053248405457,
    "log_attack_time": -0.03235439211130142,
    "filesize": 59120,
    "single_event": true,
    "tonality": "B minor",
    "tonality_confidence": 0.7084786295890808,
    "loop": false,
    "tempo": 128,
    "tempo_confidence": 0.0,
    "note_midi": 35,
    "note_name": "B1",
    "note_frequency": 61.486900329589844,
    "note_confidence": 0.6314765214920044,
    "hardness": 33.4705045273049,
    "depth": 61.66118333574995,
    "brightness": 39.12347800923388,
    "roughness": 35.736511749900146,
    "warmth": 57.408480297857096,
    "sharpness": 24.094179245278017,
    "boominess": 49.133218010822134,
    "reverb": false,
    "genre": "Genre A",
    "mood": "Mood A"
}