{
    "duration": 1.8461250066757202,
    "lossless": 1.0,
    "codec": "pcm_s16le",
    "bitrate": 256000.0,
    "samplerate": 16000.0,
    "channels": 1.0,
    "audio_md5": "b2eab8a53104aee68ca1e4c7e5ae85c0",
    "loudness": -33.83161544799805,
    "dynamic_range": 0.0,
    "temporal_centroid": 0.4457795023918152,
    "log_attack_time": -1.8931595087051392,
    "filesize": 59120,
    "single_event": true,
    "tonality": "C# minor",
    "tonality_confidence": 0.7929667830467224,
    "loop": false,
    "tempo": 133,
    "tempo_confidence": 0.0,
    "note_midi": 33,
    "note_name": "A1",
    "note_frequency": 55.67695236206055,
    "note_confidence": 0.6675276756286621,
    "hardness": 39.35567474943498,
    "depth": 65.17392653725366,
    "brightness": 42.79950254198198,
    "roughness": 41.43800154152909,
    "warmth": 61.86606617199146,
    "sharpness": 20.58266055328488,
    "boominess": 48.49084718827623,
    "reverb": false,
    "genre": "Genre A",
    "mood": "Mood A"
}