{
    "duration": 1.8461250066757202,
    "lossless": 1.0,
    "codec": "pcm_s16le",
    "bitrate": 256000.0,
    "samplerate": 16000.0,
    "channels": 1.0,
    "audio_md5": "dcca9ba5d2a51083a06ff55ef263dcfa",
    "loudness": -23.090044021606445,
    "dynamic_range": 0.0,
    "temporal_centroid": 0.3446882963180542,
    "log_attack_time": -0.2347082644701004,
    "filesize": 59120,
    "single_event": true,
    "tonality": "G minor",
    "tonality_confidence": 0.5807614326477051,
    "loop": false,
    "tempo": 178,
    "tempo_confidence": 0.0,
    "note_midi": 30,
    "note_name": "F#1",
    "note_frequency": 47.288246154785156,
    "note_confidence": 0.44577401876449585,
    "hardness": 25.73506818064662,
    "depth": 70.66423818379772,
    "brightness": 26.249439725334305,
    "roughness": 36.95691830194083,
    "warmth": 58.466465387937106,
    "sharpness": 37.942806114736044,
    "boominess": 52.46225698214858,
    "reverb": false,
    "genre": "Genre A",
    "mood": "Mood A"
}