{
    "duration": 1.8461250066757202,
    "lossless": 1.0,
    "codec": "pcm_s16le",
    "bitrate": 256000.0,
    "samplerate": 16000.0,
    "channels": 1.0,
    "audio_md5": "94e227ec191c1e0f19c57776eba35b73",
    "loudness": -39.85649490356445,
    "dynamic_range": 0.0,
    "temporal_centroid": 0.3765011131763458,
    "log_attack_time": -1.952473521232605,
    "filesize": 59120,
    "single_event": true,
    "tonality": "C# major",
    "tonality_confidence": 0.4271729588508606,
    "loop": true,
    "tempo": 130,
    "tempo_confidence": 0.9999017119407654,
    "note_midi": 33,
    "note_name": "A1",
    "note_frequency": 53.51454162597656,
    "note_confidence": 0.6254348754882812,
    "hardness": 37.70129416962929,
    "depth": 66.4525305606601,
    "brightness": 41.64467113155821,
    "roughness": 42.9332029201115,
    "warmth": 59.81108574387437,
    "sharpness": 21.800650540254612,
    "boominess": 49.478774288971984,
    "reverb": false,
    "genre": "Genre A",
    "mood": "Mood A"
}