{
    "duration": 1.8461250066757202,
    "lossless": 1.0,
    "codec": "pcm_s16le",
    "bitrate": 256000.0,
    "samplerate": 16000.0,
    "channels": 1.0,
    "audio_md5": "563442e42cd7e20a9821e2718d47ef1d",
    "loudness": -39.16398239135742,
    "dynamic_range": 0.0,
    "temporal_centroid": 0.4390505850315094,
    "log_attack_time": 0.21147409081459045,
    "filesize": 59120,
    "single_event": true,
    "tonality": "C# minor",
    "tonality_confidence": 0.4209524095058441,
    "loop": true,
    "tempo": 130,
    "tempo_confidence": 0.9999017119407654,
    "note_midi": 34,
    "note_name": "A#1",
    "note_frequency": 58.560184478759766,
    "note_confidence": 0.5058586597442627,
    "hardness": 41.9330375596449,
    "depth": 58.481120195493745,
    "brightness": 43.46413447365262,
    "roughness": 38.39828926850482,
    "warmth": 57.34369299481951,
    "sharpness": 21.784358669504257,
    "boominess": 46.699417874648205,
    "reverb": false,
    "genre": "Genre A",
    "mood": "Mood A"
}