{
    "duration": 1.8461250066757202,
    "lossless": 1.0,
    "codec": "pcm_s16le",
    "bitrate": 256000.0,
    "samplerate": 16000.0,
    "channels": 1.0,
    "audio_md5": "55a764cb0ced2f32f430c1a3ed737c31",
    "loudness": -45.62455368041992,
    "dynamic_range": 0.0,
    "temporal_centroid": 0.5458497405052185,
    "log_attack_time": -1.3760945796966553,
    "filesize": 59120,
    "single_event": true,
    "tonality": "D minor",
    "tonality_confidence": 0.800117015838623,
    "loop": true,
    "tempo": 130,
    "tempo_confidence": 0.9999017119407654,
    "note_midi": 29,
    "note_name": "F1",
    "note_frequency": 43.024391174316406,
    "note_confidence": 0.4305013418197632,
    "hardness": 45.0152613629885,
    "depth": 71.0513806120492,
    "brightness": 45.503211688070294,
    "roughness": 43.18103758648116,
    "warmth": 57.67626944474224,
    "sharpness": 36.1938380717281,
    "boominess": 47.661576477307506,
    "reverb": false,
    "genre": "Genre A",
    "mood": "Mood A"
}