{
    "duration": 1.8461250066757202,
    "lossless": 1.0,
    "codec": "pcm_s16le",
    "bitrate": 256000.0,
    "samplerate": 16000.0,
    "channels": 1.0,
    "audio_md5": "4e994a801ac218bd91014d3688b829c5",
    "loudness": -23.09773063659668,
    "dynamic_range": 0.0,
    "temporal_centroid": 0.4247710108757019,
    "log_attack_time": -0.03171828016638756,
    "filesize": 59120,
    "single_event": true,
    "tonality": "F# minor",
    "tonality_confidence": 0.5592104196548462,
    "loop": false,
    "tempo": 128,
    "tempo_confidence": 0.0,
    "note_midi": 33,
    "note_name": "A1",
    "note_frequency": 54.77998733520508,
    "note_confidence": 0.6319195032119751,
    "hardness": 28.72945292105055,
    "depth": 68.69446441331571,
    "brightness": 30.055931263853697,
    "roughness": 34.91383466622905,
    "warmth": 61.328927620044404,
    "sharpness": 26.816891873977244,
    "boominess": 55.511409373376814,
    "reverb": false,
    "genre": "Genre A",
    "mood": "Mood A"
}