{
    "duration": 1.8461250066757202,
    "lossless": 1.0,
    "codec": "pcm_s16le",
    "bitrate": 256000.0,
    "samplerate": 16000.0,
    "channels": 1.0,
    "audio_md5": "d5b3d2941423459e43e6e7ba54f705f9",
    "loudness": -28.60860252380371,
    "dynamic_range": 0.0,
    "temporal_centroid": 0.4149884879589081,
    "log_attack_time": -0.0323968380689621,
    "filesize": 59120,
    "single_event": true,
    "tonality": "B minor",
    "tonality_confidence": 0.42616185545921326,
    "loop": false,
    "tempo": 128,
    "tempo_confidence": 0.0,
    "note_midi": 35,
    "note_name": "B1",
    "note_frequency": 62.1646842956543,
    "note_confidence": 0.6030974388122559,
    "hardness": 36.28949984041823,
    "depth": 61.49436462562447,
    "brightness": 39.19262197359417,
    "roughness": 35.17296260441083,
    "warmth": 58.09158622416452,
    "sharpness": 22.255685804845356,
    "boominess": 49.77757930538627,
    "reverb": false,
    "genre": "Genre A",
    "mood": "Mood A"
}