{
    "duration": 1.8461250066757202,
    "lossless": 1.0,
    "codec": "pcm_s16le",
    "bitrate": 256000.0,
    "samplerate": 16000.0,
    "channels": 1.0,
    "audio_md5": "dee2ed9f15e0e2fc65d123ddc74db296",
    "loudness": -22.767324447631836,
    "dynamic_range": 0.0,
    "temporal_centroid": 0.5448488593101501,
    "log_attack_time": -0.6026907563209534,
    "filesize": 59120,
    "single_event": true,
    "tonality": "F minor",
    "tonality_confidence": 0.6421939730644226,
    "loop": false,
    "tempo": 129,
    "tempo_confidence": 0.0,
    "note_midi": 29,
    "note_name": "F1",
    "note_frequency": 43.024391174316406,
    "note_confidence": 0.27426040172576904,
    "hardness": 34.37766802445212,
    "depth": 75.30360294038061,
    "brightness": 28.2157499443011,
    "roughness": 35.29754751326806,
    "warmth": 59.03283440205154,
    "sharpness": 44.89468044156898,
    "boominess": 46.48108555644936,
    "reverb": false,
    "genre": "Genre A",
    "mood": "Mood A"
}