{
    "duration": 1.8461250066757202,
    "lossless": 1.0,
    "codec": "pcm_s16le",
    "bitrate": 256000.0,
    "samplerate": 16000.0,
    "channels": 1.0,
    "audio_md5": "51fea536d48ca98a01f5b324ef352e21",
    "loudness": -22.62120246887207,
    "dynamic_range": 0.0,
    "temporal_centroid": 0.5226361751556396,
    "log_attack_time": -1.280450701713562,
    "filesize": 59120,
    "single_event": true,
    "tonality": "F minor",
    "tonality_confidence": 0.6748777031898499,
    "loop": false,
    "tempo": 136,
    "tempo_confidence": 0.0,
    "note_midi": 29,
    "note_name": "F1",
    "note_frequency": 43.024391174316406,
    "note_confidence": 0.3020517826080322,
    "hardness": 32.78466415808117,
    "depth": 73.54643446502256,
    "brightness": 26.162988171899386,
    "roughness": 37.074186368192045,
    "warmth": 58.71306334776119,
    "sharpness": 40.53998955625077,
    "boominess": 50.69735243239143,
    "reverb": false,
    "genre": "Genre A",
    "mood": "Mood A"
}