{
    "duration": 1.8461250066757202,
    "lossless": 1.0,
    "codec": "pcm_s16le",
    "bitrate": 256000.0,
    "samplerate": 16000.0,
    "channels": 1.0,
    "audio_md5": "106646e29b559e525e0c49266fcc5a3e",
    "loudness": -18.281291961669922,
    "dynamic_range": 0.0,
    "temporal_centroid": 0.46015775203704834,
    "log_attack_time": -1.198367714881897,
    "filesize": 59120,
    "single_event": true,
    "tonality": "A# minor",
    "tonality_confidence": 0.6096333265304565,
    "loop": false,
    "tempo": 86,
    "tempo_confidence": 0.0,
    "note_midi": 29,
    "note_name": "F1",
    "note_frequency": 43.024391174316406,
    "note_confidence": 0.734291672706604,
    "hardness": 31.460411691445046,
    "depth": 72.45686085135003,
    "brightness": 26.77477860278701,
    "roughness": 35.87542173433764,
    "warmth": 59.8866243158596,
    "sharpness": 36.54318214534755,
    "boominess": 51.83753448692881,
    "reverb": false,
    "genre": "Genre A",
    "mood": "Mood A"
}