{
    "duration": 1.8461250066757202,
    "lossless": 1.0,
    "codec": "pcm_s16le",
    "bitrate": 256000.0,
    "samplerate": 16000.0,
    "channels": 1.0,
    "audio_md5": "5d57e4d06397bdcb25cd45c0372b08ba",
    "loudness": -36.87619400024414,
    "dynamic_range": 0.0,
    "temporal_centroid": 0.3192416727542877,
    "log_attack_time": -0.14554935693740845,
    "filesize": 59120,
    "single_event": true,
    "tonality": "D major",
    "tonality_confidence": 0.6067107319831848,
    "loop": false,
    "tempo": 129,
    "tempo_confidence": 0.0,
    "note_midi": 33,
    "note_name": "A1",
    "note_frequency": 56.46882247924805,
    "note_confidence": 0.4712340831756592,
    "hardness": 45.20363924347717,
    "depth": 63.32755620078926,
    "brightness": 43.93375011394784,
    "roughness": 38.09134539155433,
    "warmth": 56.8850467007568,
    "sharpness": 22.524020046068497,
    "boominess": 48.97585859875049,
    "reverb": false,
    "genre": "Genre A",
    "mood": "Mood A"
}