{
    "duration": 1.8461250066757202,
    "lossless": 1.0,
    "codec": "pcm_s16le",
    "bitrate": 256000.0,
    "samplerate": 16000.0,
    "channels": 1.0,
    "audio_md5": "489cda92bd830acd90a5a3bed0e3500d",
    "loudness": -24.869686126708984,
    "dynamic_range": 0.0,
    "temporal_centroid": 0.30598577857017517,
    "log_attack_time": -1.443588137626648,
    "filesize": 59120,
    "single_event": true,
    "tonality": "D# minor",
    "tonality_confidence": 0.7237781882286072,
    "loop": false,
    "tempo": 172,
    "tempo_confidence": 0.0,
    "note_midi": 31,
    "note_name": "G1",
    "note_frequency": 49.852699279785156,
    "note_confidence": 0.4846462607383728,
    "hardness": 31.941666750004842,
    "depth": 69.79261580994944,
    "brightness": 30.449678034074793,
    "roughness": 27.317131163054928,
    "warmth": 59.5484753140054,
    "sharpness": 19.13962988472015,
    "boominess": 58.36211445120732,
    "reverb": false,
    "genre": "Genre A",
    "mood": "Mood A"
}