{
    "duration": 1.8461250066757202,
    "lossless": 1.0,
    "codec": "pcm_s16le",
    "bitrate": 256000.0,
    "samplerate": 16000.0,
    "channels": 1.0,
    "audio_md5": "3a8b3bcc800c14b9dae0c4336f90d2bc",
    "loudness": -22.08456802368164,
    "dynamic_range": 0.0,
    "temporal_centroid": 0.4106844365596771,
    "log_attack_time": -0.02629631944000721,
    "filesize": 59120,
    "single_event": true,
    "tonality": "G minor",
    "tonality_confidence": 0.8300679326057434,
    "loop": false,
    "tempo": 126,
    "tempo_confidence": 0.0,
    "note_midi": 33,
    "note_name": "A1",
    "note_frequency": 54.432342529296875,
    "note_confidence": 0.7605435252189636,
    "hardness": 30.996738546000472,
    "depth": 67.55005213406608,
    "brightness": 29.0503508552921,
    "roughness": 35.08143176563345,
    "warmth": 58.587957273048815,
    "sharpness": 29.166931521554087,
    "boominess": 55.36123464448023,
    "reverb": false,
    "genre": "Genre A",
    "mood": "Mood A"
}