{
    "duration": 1.8461250066757202,
    "lossless": 1.0,
    "codec": "pcm_s16le",
    "bitrate": 256000.0,
    "samplerate": 16000.0,
    "channels": 1.0,
    "audio_md5": "75a51288b624efc0df16e815d718fb9d",
    "loudness": -38.1269645690918,
    "dynamic_range": 0.0,
    "temporal_centroid": 0.42704838514328003,
    "log_attack_time": -2.095435380935669,
    "filesize": 59120,
    "single_event": true,
    "tonality": "C# major",
    "tonality_confidence": 0.5066887736320496,
    "loop": false,
    "tempo": 172,
    "tempo_confidence": 0.0,
    "note_midi": 38,
    "note_name": "D2",
    "note_frequency": 71.60633087158203,
    "note_confidence": 0.5282595157623291,
    "hardness": 40.04106507863443,
    "depth": 61.54577472975056,
    "brightness": 41.41883626740632,
    "roughness": 42.83271364748929,
    "warmth": 59.62045048792446,
    "sharpness": 23.676028826963957,
    "boominess": 46.55783345234775,
    "reverb": false,
    "genre": "Genre A",
    "mood": "Mood A"
}