{
    "duration": 1.8461250066757202,
    "lossless": 1.0,
    "codec": "pcm_s16le",
    "bitrate": 256000.0,
    "samplerate": 16000.0,
    "channels": 1.0,
    "audio_md5": "c0934a11848648832669216c731cfc81",
    "loudness": -39.12727737426758,
    "dynamic_range": 0.0,
    "temporal_centroid": 0.40514758229255676,
    "log_attack_time": -0.16105102002620697,
    "filesize": 59120,
    "single_event": true,
    "tonality": "C major",
    "tonality_confidence": 0.6601723432540894,
    "loop": false,
    "tempo": 129,
    "tempo_confidence": 0.0,
    "note_midi": 41,
    "note_name": "F2",
    "note_frequency": 85.20216369628906,
    "note_confidence": 0.49450361728668213,
    "hardness": 43.963656363993465,
    "depth": 58.96771018013611,
    "brightness": 42.722465872679884,
    "roughness": 42.17415323427473,
    "warmth": 58.96515917133141,
    "sharpness": 17.270135823189634,
    "boominess": 47.49841669415248,
    "reverb": false,
    "genre": "Genre A",
    "mood": "Mood A"
}