{
    "duration": 1.8461250066757202,
    "lossless": 1.0,
    "codec": "pcm_s16le",
    "bitrate": 256000.0,
    "samplerate": 16000.0,
    "channels": 1.0,
    "audio_md5": "b1fab4ba844883617431bb9bfc00f586",
    "loudness": -32.011756896972656,
    "dynamic_range": 0.0,
    "temporal_centroid": 0.4182564318180084,
    "log_attack_time": -1.858397364616394,
    "filesize": 59120,
    "single_event": true,
    "tonality": "A minor",
    "tonality_confidence": 0.5589714646339417,
    "loop": false,
    "tempo": 129,
    "tempo_confidence": 0.0,
    "note_midi": 33,
    "note_name": "A1",
    "note_frequency": 53.77650833129883,
    "note_confidence": 0.6087442636489868,
    "hardness": 35.320186456062814,
    "depth": 63.83976533462156,
    "brightness": 42.43057014123987,
    "roughness": 39.69933051231259,
    "warmth": 60.31057528623515,
    "sharpness": 20.550514027760237,
    "boominess": 49.87129709475784,
    "reverb": false,
    "genre": "Genre A",
    "mood": "Mood A"
}