{
    "duration": 1.8461250066757202,
    "lossless": 1.0,
    "codec": "pcm_s16le",
    "bitrate": 256000.0,
    "samplerate": 16000.0,
    "channels": 1.0,
    "audio_md5": "ac4c4bea8511dc711e33f161f0f3d425",
    "loudness": -26.427339553833008,
    "dynamic_range": 0.0,
    "temporal_centroid": 0.5482051372528076,
    "log_attack_time": -0.6156641244888306,
    "filesize": 59120,
    "single_event": true,
    "tonality": "C major",
    "tonality_confidence": 0.722197413444519,
    "loop": false,
    "tempo": 131,
    "tempo_confidence": 0.0,
    "note_midi": 29,
    "note_name": "F1",
    "note_frequency": 43.024391174316406,
    "note_confidence": 0.22512096166610718,
    "hardness": 33.973325333408184,
    "depth": 72.57178641906668,
    "brightness": 29.3728958913119,
    "roughness": 36.739203130788766,
    "warmth": 58.68536526357549,
    "sharpness": 41.402993257975986,
    "boominess": 49.54752882435127,
    "reverb": false,
    "genre": "Genre A",
    "mood": "Mood A"
}