{
    "duration": 1.8461250066757202,
    "lossless": 1.0,
    "codec": "pcm_s16le",
    "bitrate": 256000.0,
    "samplerate": 16000.0,
    "channels": 1.0,
    "audio_md5": "804ec9586cf745b12c10333345992993",
    "loudness": -19.143421173095703,
    "dynamic_range": 0.0,
    "temporal_centroid": 0.39424237608909607,
    "log_attack_time": -0.019095277413725853,
    "filesize": 59120,
    "single_event": true,
    "tonality": "C# major",
    "tonality_confidence": 0.7666047215461731,
    "loop": false,
    "tempo": 123,
    "tempo_confidence": 0.0,
    "note_midi": 33,
    "note_name": "A1",
    "note_frequency": 56.33148956298828,
    "note_confidence": 0.8368945121765137,
    "hardness": 28.602134782185615,
    "depth": 68.78524790769136,
    "brightness": 28.65910624705661,
    "roughness": 32.64328737441484,
    "warmth": 57.86869498284244,
    "sharpness": 33.32885871689594,
    "boominess": 54.13335395532083,
    "reverb": true,
    "genre": "Genre A",
    "mood": "Mood A"
}