{
    "duration": 1.8461250066757202,
    "lossless": 1.0,
    "codec": "pcm_s16le",
    "bitrate": 256000.0,
    "samplerate": 16000.0,
    "channels": 1.0,
    "audio_md5": "4e0337c32f4f7cf2f8a369f0687c1f04",
    "loudness": -31.20235252380371,
    "dynamic_range": 0.0,
    "temporal_centroid": 0.363810658454895,
    "log_attack_time": -1.7859013080596924,
    "filesize": 59120,
    "single_event": true,
    "tonality": "G# minor",
    "tonality_confidence": 0.40245458483695984,
    "loop": false,
    "tempo": 129,
    "tempo_confidence": 0.0,
    "note_midi": 31,
    "note_name": "G1",
    "note_frequency": 48.57497787475586,
    "note_confidence": 0.5549776554107666,
    "hardness": 39.962675551611284,
    "depth": 63.744635303084074,
    "brightness": 41.90368224416059,
    "roughness": 39.46587952923441,
    "warmth": 59.002537152106115,
    "sharpness": 18.08143630200701,
    "boominess": 50.48099232917991,
    "reverb": false,
    "genre": "Genre A",
    "mood": "Mood A"
}