{
    "duration": 1.8461250066757202,
    "lossless": 1.0,
    "codec": "pcm_s16le",
    "bitrate": 256000.0,
    "samplerate": 16000.0,
    "channels": 1.0,
    "audio_md5": "e5e035ecea5d5eb40909dda735b2ac44",
    "loudness": -43.61513900756836,
    "dynamic_range": 0.0,
    "temporal_centroid": 0.5082502365112305,
    "log_attack_time": -1.3848447799682617,
    "filesize": 59120,
    "single_event": true,
    "tonality": "F major",
    "tonality_confidence": 0.5138416886329651,
    "loop": true,
    "tempo": 130,
    "tempo_confidence": 0.9999017119407654,
    "note_midi": 29,
    "note_name": "F1",
    "note_frequency": 43.024391174316406,
    "note_confidence": 0.37557530403137207,
    "hardness": 39.56520307182083,
    "depth": 68.33978186355826,
    "brightness": 42.938266101577895,
    "roughness": 40.85100450314789,
    "warmth": 57.672255557536644,
    "sharpness": 32.49845366067355,
    "boominess": 47.185012195745365,
    "reverb": false,
    "genre": "Genre A",
    "mood": "Mood A"
}