{
    "duration": 1.8461250066757202,
    "lossless": 1.0,
    "codec": "pcm_s16le",
    "bitrate": 256000.0,
    "samplerate": 16000.0,
    "channels": 1.0,
    "audio_md5": "2aa482e16fc1a478e7ee23015fd29c9b",
    "loudness": -36.84518051147461,
    "dynamic_range": 0.0,
    "temporal_centroid": 0.36919111013412476,
    "log_attack_time": -0.1581214815378189,
    "filesize": 59120,
    "single_event": true,
    "tonality": "C# minor",
    "tonality_confidence": 0.7718532681465149,
    "loop": false,
    "tempo": 129,
    "tempo_confidence": 0.0,
    "note_midi": 37,
    "note_name": "C#2",
    "note_frequency": 68.94224548339844,
    "note_confidence": 0.4317602515220642,
    "hardness": 40.829047864180055,
    "depth": 59.347596348347594,
    "brightness": 41.82098039777725,
    "roughness": 36.847421138193205,
    "warmth": 57.1498573576187,
    "sharpness": 14.64926877272837,
    "boominess": 50.44922766127509,
    "reverb": false,
    "genre": "Genre A",
    "mood": "Mood A"
}