{
    "duration": 1.8461250066757202,
    "lossless": 1.0,
    "codec": "pcm_s16le",
    "bitrate": 256000.0,
    "samplerate": 16000.0,
    "channels": 1.0,
    "audio_md5": "41667e17299a043d55e96b813ee54041",
    "loudness": -19.469951629638672,
    "dynamic_range": 0.0,
    "temporal_centroid": 0.40286847949028015,
    "log_attack_time": -0.021965526044368744,
    "filesize": 59120,
    "single_event": true,
    "tonality": "A minor",
    "tonality_confidence": 0.7281053066253662,
    "loop": false,
    "tempo": 128,
    "tempo_confidence": 0.0,
    "note_midi": 34,
    "note_name": "A#1",
    "note_frequency": 58.86872863769531,
    "note_confidence": 0.7738202810287476,
    "hardness": 27.34914802562328,
    "depth": 68.38559873997544,
    "brightness": 28.16864400292726,
    "roughness": 28.003850741962193,
    "warmth": 57.60320620280772,
    "sharpness": 24.702722507581413,
    "boominess": 57.57899218204896,
    "reverb": false,
    "genre": "Genre A",
    "mood": "Mood A"
}