{
    "duration": 1.8461250066757202,
    "lossless": 1.0,
    "codec": "pcm_s16le",
    "bitrate": 256000.0,
    "samplerate": 16000.0,
    "channels": 1.0,
    "audio_md5": "f32a8582019690eac9a7e61bcaba8bb7",
    "loudness": -37.67056655883789,
    "dynamic_range": 0.0,
    "temporal_centroid": 0.5039747953414917,
    "log_attack_time": -1.6457433700561523,
    "filesize": 59120,
    "single_event": true,
    "tonality": "A minor",
    "tonality_confidence": 0.5573111176490784,
    "loop": true,
    "tempo": 130,
    "tempo_confidence": 0.9999017119407654,
    "note_midi": 30,
    "note_name": "F#1",
    "note_frequency": 44.97460174560547,
    "note_confidence": 0.3177281618118286,
    "hardness": 38.374912906703,
    "depth": 65.7456642168284,
    "brightness": 40.16523710702738,
    "roughness": 41.41757723087455,
    "warmth": 58.03015115010281,
    "sharpness": 28.435932230515125,
    "boominess": 48.49926822060838,
    "reverb": false,
    "genre": "Genre A",
    "mood": "Mood A"
}