{
    "duration": 1.8461250066757202,
    "lossless": 1.0,
    "codec": "pcm_s16le",
    "bitrate": 256000.0,
    "samplerate": 16000.0,
    "channels": 1.0,
    "audio_md5": "b7b3f5efce046dcc9821021a77c03b9d",
    "loudness": -34.260440826416016,
    "dynamic_range": 0.0,
    "temporal_centroid": 0.42292314767837524,
    "log_attack_time": -2.0284886360168457,
    "filesize": 59120,
    "single_event": true,
    "tonality": "A minor",
    "tonality_confidence": 0.8485310673713684,
    "loop": false,
    "tempo": 133,
    "tempo_confidence": 0.0,
    "note_midi": 33,
    "note_name": "A1",
    "note_frequency": 55.44199752807617,
    "note_confidence": 0.6741414070129395,
    "hardness": 38.73455496961353,
    "depth": 65.19688535769087,
    "brightness": 42.7677067569232,
    "roughness": 39.35982479908068,
    "warmth": 61.17061158055151,
    "sharpness": 20.580381703109644,
    "boominess": 49.64686010519941,
    "reverb": false,
    "genre": "Genre A",
    "mood": "Mood A"
}