{
    "duration": 1.8461250066757202,
    "lossless": 1.0,
    "codec": "pcm_s16le",
    "bitrate": 256000.0,
    "samplerate": 16000.0,
    "channels": 1.0,
    "audio_md5": "80e930bd9931d996f2011470f4fde000",
    "loudness": -38.65720748901367,
    "dynamic_range": 0.0,
    "temporal_centroid": 0.4049034118652344,
    "log_attack_time": -0.1633257418870926,
    "filesize": 59120,
    "single_event": true,
    "tonality": "F# major",
    "tonality_confidence": 0.4486379027366638,
    "loop": false,
    "tempo": 129,
    "tempo_confidence": 0.0,
    "note_midi": 35,
    "note_name": "B1",
    "note_frequency": 61.81367492675781,
    "note_confidence": 0.4414573907852173,
    "hardness": 38.215980049531666,
    "depth": 60.45918230359686,
    "brightness": 42.75067528738065,
    "roughness": 36.84427921126765,
    "warmth": 56.66706750249996,
    "sharpness": 19.158015541068657,
    "boominess": 50.75194674381431,
    "reverb": false,
    "genre": "Genre A",
    "mood": "Mood A"
}