{
    "duration": 1.8461250066757202,
    "lossless": 1.0,
    "codec": "pcm_s16le",
    "bitrate": 256000.0,
    "samplerate": 16000.0,
    "channels": 1.0,
    "audio_md5": "eced8bfeedd8949838cdea2c13325422",
    "loudness": -30.789857864379883,
    "dynamic_range": 0.0,
    "temporal_centroid": 0.36825165152549744,
    "log_attack_time": 0.03163285180926323,
    "filesize": 59120,
    "single_event": true,
    "tonality": "G# minor",
    "tonality_confidence": 0.5086475610733032,
    "loop": true,
    "tempo": 132,
    "tempo_confidence": 0.9861315488815308,
    "note_midi": 41,
    "note_name": "F2",
    "note_frequency": 87.89064025878906,
    "note_confidence": 0.5343313217163086,
    "hardness": 31.3173046167785,
    "depth": 70.07748485845927,
    "brightness": 35.164334673630464,
    "roughness": 35.40131922307466,
    "warmth": 61.86601173912576,
    "sharpness": 28.188729520863063,
    "boominess": 51.50610293857895,
    "reverb": false,
    "genre": "Genre A",
    "mood": "Mood A"
}