{
    "duration": 1.8461250066757202,
    "lossless": 1.0,
    "codec": "pcm_s16le",
    "bitrate": 256000.0,
    "samplerate": 16000.0,
    "channels": 1.0,
    "audio_md5": "45abf7c18604f31b4dad4659cc00766c",
    "loudness": -39.068946838378906,
    "dynamic_range": 0.0,
    "temporal_centroid": 0.513727605342865,
    "log_attack_time": -1.4878897666931152,
    "filesize": 59120,
    "single_event": true,
    "tonality": "A# major",
    "tonality_confidence": 0.6027584075927734,
    "loop": true,
    "tempo": 130,
    "tempo_confidence": 0.9999017119407654,
    "note_midi": 29,
    "note_name": "F1",
    "note_frequency": 43.024391174316406,
    "note_confidence": 0.3769480586051941,
    "hardness": 42.134391368535674,
    "depth": 66.51285646477335,
    "brightness": 40.93433289157846,
    "roughness": 41.496596814002444,
    "warmth": 57.66262077738686,
    "sharpness": 31.714972802279753,
    "boominess": 46.94822778693994,
    "reverb": false,
    "genre": "Genre A",
    "mood": "Mood A"
}