{
    "duration": 1.8461250066757202,
    "lossless": 1.0,
    "codec": "pcm_s16le",
    "bitrate": 256000.0,
    "samplerate": 16000.0,
    "channels": 1.0,
    "audio_md5": "a7754a51b8bdc223c18914536e506ea8",
    "loudness": -26.461891174316406,
    "dynamic_range": 0.0,
    "temporal_centroid": 0.325011670589447,
    "log_attack_time": -0.1524049937725067,
    "filesize": 59120,
    "single_event": true,
    "tonality": "B major",
    "tonality_confidence": 0.335761696100235,
    "loop": true,
    "tempo": 88,
    "tempo_confidence": 0.985100507736206,
    "note_midi": 30,
    "note_name": "F#1",
    "note_frequency": 45.3450927734375,
    "note_confidence": 0.3012124300003052,
    "hardness": 32.10993428891062,
    "depth": 69.90293396388091,
    "brightness": 31.446103910982686,
    "roughness": 33.69931165929488,
    "warmth": 60.029142335473445,
    "sharpness": 27.730183458060193,
    "boominess": 55.24861348664655,
    "reverb": false,
    "genre": "Genre A",
    "mood": "Mood A"
}