{
    "duration": 1.8461250066757202,
    "lossless": 1.0,
    "codec": "pcm_s16le",
    "bitrate": 256000.0,
    "samplerate": 16000.0,
    "channels": 1.0,
    "audio_md5": "816683215b84bfc1ab6dd4e64e82ee72",
    "loudness": -22.877403259277344,
    "dynamic_range": 0.0,
    "temporal_centroid": 0.5411685705184937,
    "log_attack_time": -1.250687837600708,
    "filesize": 59120,
    "single_event": true,
    "tonality": "C minor",
    "tonality_confidence": 0.7128983736038208,
    "loop": false,
    "tempo": 133,
    "tempo_confidence": 0.0,
    "note_midi": 29,
    "note_name": "F1",
    "note_frequency": 43.024391174316406,
    "note_confidence": 0.23197507858276367,
    "hardness": 33.6979413206103,
    "depth": 74.0607788475007,
    "brightness": 26.635368794591287,
    "roughness": 31.36107169595995,
    "warmth": 59.01254527536607,
    "sharpness": 41.80897190844394,
    "boominess": 49.59808250926258,
    "reverb": false,
    "genre": "Genre A",
    "mood": "Mood A"
}