{
    "duration": 1.8461250066757202,
    "lossless": 1.0,
    "codec": "pcm_s16le",
    "bitrate": 256000.0,
    "samplerate": 16000.0,
    "channels": 1.0,
    "audio_md5": "b3edd3e84de15ac8e23443639e74a09d",
    "loudness": -28.0561580657959,
    "dynamic_range": 0.0,
    "temporal_centroid": 0.4240052402019501,
    "log_attack_time": -0.03529258444905281,
    "filesize": 59120,
    "single_event": true,
    "tonality": "A major",
    "tonality_confidence": 0.496059775352478,
    "loop": false,
    "tempo": 131,
    "tempo_confidence": 0.0,
    "note_midi": 33,
    "note_name": "A1",
    "note_frequency": 56.00567626953125,
    "note_confidence": 0.6287619471549988,
    "hardness": 36.68116916998211,
    "depth": 63.044612993023556,
    "brightness": 36.97303950035031,
    "roughness": 38.28058192933476,
    "warmth": 60.1466509853368,
    "sharpness": 21.91827711980014,
    "boominess": 48.92777080767915,
    "reverb": false,
    "genre": "Genre A",
    "mood": "Mood A"
}