{
    "duration": 1.8461250066757202,
    "lossless": 1.0,
    "codec": "pcm_s16le",
    "bitrate": 256000.0,
    "samplerate": 16000.0,
    "channels": 1.0,
    "audio_md5": "a00640686f08ef7f2a19a2a2b13abf28",
    "loudness": -44.648658752441406,
    "dynamic_range": 0.0,
    "temporal_centroid": 0.5101670622825623,
    "log_attack_time": -1.609008550643921,
    "filesize": 59120,
    "single_event": true,
    "tonality": "C# major",
    "tonality_confidence": 0.4636266231536865,
    "loop": true,
    "tempo": 130,
    "tempo_confidence": 0.9999017119407654,
    "note_midi": 29,
    "note_name": "F1",
    "note_frequency": 43.024391174316406,
    "note_confidence": 0.38625550270080566,
    "hardness": 39.45486197917286,
    "depth": 68.2616486527614,
    "brightness": 42.07991817613404,
    "roughness": 42.069232464299745,
    "warmth": 58.54264854317225,
    "sharpness": 32.66845558505263,
    "boominess": 48.06873264244685,
    "reverb": false,
    "genre": "Genre A",
    "mood": "Mood A"
}