{
    "duration": 1.8461250066757202,
    "lossless": 1.0,
    "codec": "pcm_s16le",
    "bitrate": 256000.0,
    "samplerate": 16000.0,
    "channels": 1.0,
    "audio_md5": "a18b0fb3282f1a243e5a7193ead44953",
    "loudness": -37.680458068847656,
    "dynamic_range": 0.0,
    "temporal_centroid": 0.3938221335411072,
    "log_attack_time": -0.15604300796985626,
    "filesize": 59120,
    "single_event": true,
    "tonality": "C# minor",
    "tonality_confidence": 0.28746116161346436,
    "loop": false,
    "tempo": 129,
    "tempo_confidence": 0.0,
    "note_midi": 36,
    "note_name": "C2",
    "note_frequency": 64.70032501220703,
    "note_confidence": 0.4798424243927002,
    "hardness": 40.04056166203634,
    "depth": 58.29438313580055,
    "brightness": 42.85745670745226,
    "roughness": 37.88986128618163,
    "warmth": 57.31033072161496,
    "sharpness": 17.753432245284543,
    "boominess": 49.28196635436832,
    "reverb": false,
    "genre": "Genre A",
    "mood": "Mood A"
}