{
    "duration": 1.8461250066757202,
    "lossless": 1.0,
    "codec": "pcm_s16le",
    "bitrate": 256000.0,
    "samplerate": 16000.0,
    "channels": 1.0,
    "audio_md5": "94d0ee3ae7fef5efc1a8da235570a0da",
    "loudness": -25.182252883911133,
    "dynamic_range": 0.0,
    "temporal_centroid": 0.29588285088539124,
    "log_attack_time": -0.15243293344974518,
    "filesize": 59120,
    "single_event": true,
    "tonality": "D# major",
    "tonality_confidence": 0.7226695418357849,
    "loop": false,
    "tempo": 167,
    "tempo_confidence": 0.0,
    "note_midi": 31,
    "note_name": "G1",
    "note_frequency": 49.95439910888672,
    "note_confidence": 0.3915376663208008,
    "hardness": 31.21615983747556,
    "depth": 68.1358595697694,
    "brightness": 30.131086660791095,
    "roughness": 28.649130501672694,
    "warmth": 59.007741944388584,
    "sharpness": 20.460448283173214,
    "boominess": 57.44050985295702,
    "reverb": false,
    "genre": "Genre A",
    "mood": "Mood A"
}