{
    "duration": 1.8461250066757202,
    "lossless": 1.0,
    "codec": "pcm_s16le",
    "bitrate": 256000.0,
    "samplerate": 16000.0,
    "channels": 1.0,
    "audio_md5": "e0ee31666fd446dfe4ff0e15debefc6b",
    "loudness": -31.588294982910156,
    "dynamic_range": 0.0,
    "temporal_centroid": 0.41616860032081604,
    "log_attack_time": -1.7562592029571533,
    "filesize": 59120,
    "single_event": true,
    "tonality": "A# minor",
    "tonality_confidence": 0.4473493993282318,
    "loop": false,
    "tempo": 133,
    "tempo_confidence": 0.0,
    "note_midi": 33,
    "note_name": "A1",
    "note_frequency": 53.78106689453125,
    "note_confidence": 0.6942365765571594,
    "hardness": 34.61420823875261,
    "depth": 63.93513687104978,
    "brightness": 41.26104539189926,
    "roughness": 39.650349221103774,
    "warmth": 60.37791817767933,
    "sharpness": 15.06827061213544,
    "boominess": 50.60632012562526,
    "reverb": false,
    "genre": "Genre A",
    "mood": "Mood A"
}