{
    "duration": 1.8461250066757202,
    "lossless": 1.0,
    "codec": "pcm_s16le",
    "bitrate": 256000.0,
    "samplerate": 16000.0,
    "channels": 1.0,
    "audio_md5": "192dcc690dc6e590868facb0c9f345eb",
    "loudness": -35.7646484375,
    "dynamic_range": 0.0,
    "temporal_centroid": 0.39690640568733215,
    "log_attack_time": -0.1579797863960266,
    "filesize": 59120,
    "single_event": true,
    "tonality": "F major",
    "tonality_confidence": 0.8549317121505737,
    "loop": false,
    "tempo": 129,
    "tempo_confidence": 0.0,
    "note_midi": 35,
    "note_name": "B1",
    "note_frequency": 62.470550537109375,
    "note_confidence": 0.509137749671936,
    "hardness": 38.70466681894935,
    "depth": 57.200085551088804,
    "brightness": 41.46462898109239,
    "roughness": 39.84628011348568,
    "warmth": 58.07530389052161,
    "sharpness": 14.764755771573512,
    "boominess": 48.9425533702949,
    "reverb": false,
    "genre": "Genre A",
    "mood": "Mood A"
}