{
    "duration": 1.8461250066757202,
    "lossless": 1.0,
    "codec": "pcm_s16le",
    "bitrate": 256000.0,
    "samplerate": 16000.0,
    "channels": 1.0,
    "audio_md5": "dd6d5fe6907f04eb55bc9fd8a98b502c",
    "loudness": -35.84511184692383,
    "dynamic_range": 0.0,
    "temporal_centroid": 0.36369603872299194,
    "log_attack_time": -0.15639574825763702,
    "filesize": 59120,
    "single_event": true,
    "tonality": "F# major",
    "tonality_confidence": 0.7137723565101624,
    "loop": false,
    "tempo": 129,
    "tempo_confidence": 0.0,
    "note_midi": 36,
    "note_name": "C2",
    "note_frequency": 65.77110290527344,
    "note_confidence": 0.47314733266830444,
    "hardness": 38.2069255256157,
    "depth": 59.13466001949939,
    "brightness": 41.06779260401346,
    "roughness": 37.33160937884753,
    "warmth": 57.46920640991857,
    "sharpness": 13.594695103808736,
    "boominess": 50.22303489429437,
    "reverb": false,
    "genre": "Genre A",
    "mood": "Mood A"
}