{
    "duration": 1.8461250066757202,
    "lossless": 1.0,
    "codec": "pcm_s16le",
    "bitrate": 256000.0,
    "samplerate": 16000.0,
    "channels": 1.0,
    "audio_md5": "3be5870953df74f4eaff3bc5d6df498f",
    "loudness": -28.192956924438477,
    "dynamic_range": 0.0,
    "temporal_centroid": 0.41681957244873047,
    "log_attack_time": -0.03221650421619415,
    "filesize": 59120,
    "single_event": true,
    "tonality": "B minor",
    "tonality_confidence": 0.5539054870605469,
    "loop": false,
    "tempo": 128,
    "tempo_confidence": 0.0,
    "note_midi": 36,
    "note_name": "C2",
    "note_frequency": 63.85374069213867,
    "note_confidence": 0.6402134895324707,
    "hardness": 34.98090547689651,
    "depth": 61.77828403004099,
    "brightness": 38.852463683626745,
    "roughness": 36.733964998375754,
    "warmth": 57.321499604584496,
    "sharpness": 24.204189321897445,
    "boominess": 48.93506890188503,
    "reverb": true,
    "genre": "Genre A",
    "mood": "Mood A"
}