{
    "duration": 1.8461250066757202,
    "lossless": 1.0,
    "codec": "pcm_s16le",
    "bitrate": 256000.0,
    "samplerate": 16000.0,
    "channels": 1.0,
    "audio_md5": "05d2438fdddd53610ddf06b0a6486f28",
    "loudness": -26.313093185424805,
    "dynamic_range": 0.0,
    "temporal_centroid": 0.2926313877105713,
    "log_attack_time": -0.15240494906902313,
    "filesize": 59120,
    "single_event": true,
    "tonality": "D major",
    "tonality_confidence": 0.348636269569397,
    "loop": false,
    "tempo": 128,
    "tempo_confidence": 0.0,
    "note_midi": 33,
    "note_name": "A1",
    "note_frequency": 56.30072021484375,
    "note_confidence": 0.41293537616729736,
    "hardness": 32.436809879469436,
    "depth": 66.71143862114607,
    "brightness": 30.37788957169523,
    "roughness": 26.667012071351582,
    "warmth": 59.49443292086245,
    "sharpness": 11.621333107767711,
    "boominess": 60.028381037602784,
    "reverb": false,
    "genre": "Genre A",
    "mood": "Mood A"
}