{
    "duration": 1.8461250066757202,
    "lossless": 1.0,
    "codec": "pcm_s16le",
    "bitrate": 256000.0,
    "samplerate": 16000.0,
    "channels": 1.0,
    "audio_md5": "4f8d70b33b586759defeada50f98779f",
    "loudness": -20.500415802001953,
    "dynamic_range": 0.0,
    "temporal_centroid": 0.45467618107795715,
    "log_attack_time": -1.3541812896728516,
    "filesize": 59120,
    "single_event": true,
    "tonality": "G# major",
    "tonality_confidence": 0.5154536962509155,
    "loop": false,
    "tempo": 131,
    "tempo_confidence": 0.0,
    "note_midi": 33,
    "note_name": "A1",
    "note_frequency": 54.5567741394043,
    "note_confidence": 0.7311571836471558,
    "hardness": 28.278234656726795,
    "depth": 68.75208690966329,
    "brightness": 30.30755054474404,
    "roughness": 31.6933474433945,
    "warmth": 60.969593877960754,
    "sharpness": 27.35227625006508,
    "boominess": 55.07746084230628,
    "reverb": false,
    "genre": "Genre A",
    "mood": "Mood A"
}