{
    "duration": 1.8461250066757202,
    "lossless": 1.0,
    "codec": "pcm_s16le",
    "bitrate": 256000.0,
    "samplerate": 16000.0,
    "channels": 1.0,
    "audio_md5": "271e51cd861c765315f88fb704728cf1",
    "loudness": -19.753084182739258,
    "dynamic_range": 0.0,
    "temporal_centroid": 0.45438656210899353,
    "log_attack_time": -0.022120922803878784,
    "filesize": 59120,
    "single_event": true,
    "tonality": "F# minor",
    "tonality_confidence": 0.6396560072898865,
    "loop": true,
    "tempo": 131,
    "tempo_confidence": 0.9934648275375366,
    "note_midi": 33,
    "note_name": "A1",
    "note_frequency": 55.23004913330078,
    "note_confidence": 0.6446337103843689,
    "hardness": 26.41463042783738,
    "depth": 68.59375139976345,
    "brightness": 28.437490007123927,
    "roughness": 27.924705458340046,
    "warmth": 57.145651641697185,
    "sharpness": 23.671850614977615,
    "boominess": 58.737981191577305,
    "reverb": false,
    "genre": "Genre A",
    "mood": "Mood A"
}