{
    "duration": 1.8461250066757202,
    "lossless": 1.0,
    "codec": "pcm_s16le",
    "bitrate": 256000.0,
    "samplerate": 16000.0,
    "channels": 1.0,
    "audio_md5": "19c81a47dd2d6fe56e2b73d444cd1a8d",
    "loudness": -40.70570373535156,
    "dynamic_range": 0.0,
    "temporal_centroid": 0.37839317321777344,
    "log_attack_time": -1.698970079421997,
    "filesize": 59120,
    "single_event": true,
    "tonality": "F minor",
    "tonality_confidence": 0.5731313824653625,
    "loop": false,
    "tempo": 126,
    "tempo_confidence": 0.0,
    "note_midi": 31,
    "note_name": "G1",
    "note_frequency": 47.93174362182617,
    "note_confidence": 0.6321086883544922,
    "hardness": 43.18237133712748,
    "depth": 68.16852288327235,
    "brightness": 44.72877553936892,
    "roughness": 39.14816628656189,
    "warmth": 56.17473041561593,
    "sharpness": 30.263659980163737,
    "boominess": 49.25883661586026,
    "reverb": false,
    "genre": "Genre A",
    "mood": "Mood A"
}