{
    "duration": 1.8461250066757202,
    "lossless": 1.0,
    "codec": "pcm_s16le",
    "bitrate": 256000.0,
    "samplerate": 16000.0,
    "channels": 1.0,
    "audio_md5": "96cb54d4720130f1bdfde50f2ed9cb2d",
    "loudness": -36.95783233642578,
    "dynamic_range": 0.0,
    "temporal_centroid": 0.5083049535751343,
    "log_attack_time": -1.653656005859375,
    "filesize": 59120,
    "single_event": true,
    "tonality": "A minor",
    "tonality_confidence": 0.38523152470588684,
    "loop": true,
    "tempo": 130,
    "tempo_confidence": 0.9999017119407654,
    "note_midi": 29,
    "note_name": "F1",
    "note_frequency": 43.024391174316406,
    "note_confidence": 0.435981810092926,
    "hardness": 39.98593722478671,
    "depth": 65.59722146498426,
    "brightness": 41.79992674224624,
    "roughness": 40.525825229827454,
    "warmth": 56.44605888779843,
    "sharpness": 28.967101978600432,
    "boominess": 47.632819474030455,
    "reverb": false,
    "genre": "Genre A",
    "mood": "Mood A"
}