{
    "duration": 1.8461250066757202,
    "lossless": 1.0,
    "codec": "pcm_s16le",
    "bitrate": 256000.0,
    "samplerate": 16000.0,
    "channels": 1.0,
    "audio_md5": "340a27ffd996f6c831bca85485c8e602",
    "loudness": -22.39362907409668,
    "dynamic_range": 0.0,
    "temporal_centroid": 0.5664068460464478,
    "log_attack_time": -0.47306326031684875,
    "filesize": 59120,
    "single_event": true,
    "tonality": "C minor",
    "tonality_confidence": 0.4629519581794739,
    "loop": false,
    "tempo": 123,
    "tempo_confidence": 0.0,
    "note_midi": 29,
    "note_name": "F1",
    "note_frequency": 43.024391174316406,
    "note_confidence": 0.27037686109542847,
    "hardness": 27.47990293006515,
    "depth": 74.92425616859902,
    "brightness": 26.59245376115788,
    "roughness": 36.16520866439334,
    "warmth": 58.03608538819621,
    "sharpness": 41.02730563983013,
    "boominess": 50.08306997962389,
    "reverb": false,
    "genre": "Genre A",
    "mood": "Mood A"
}