{
    "duration": 1.8461250066757202,
    "lossless": 1.0,
    "codec": "pcm_s16le",
    "bitrate": 256000.0,
    "samplerate": 16000.0,
    "channels": 1.0,
    "audio_md5": "6c3141951f34c494c68d4bc1a497ca6f",
    "loudness": -26.650556564331055,
    "dynamic_range": 0.0,
    "temporal_centroid": 0.549122154712677,
    "log_attack_time": -1.4056397676467896,
    "filesize": 59120,
    "single_event": true,
    "tonality": "C minor",
    "tonality_confidence": 0.5974369645118713,
    "loop": true,
    "tempo": 130,
    "tempo_confidence": 0.9999017119407654,
    "note_midi": 29,
    "note_name": "F1",
    "note_frequency": 43.024391174316406,
    "note_confidence": 0.34211552143096924,
    "hardness": 31.44262750439522,
    "depth": 73.56339186066187,
    "brightness": 28.6050643700512,
    "roughness": 37.54945586687614,
    "warmth": 59.86041458732758,
    "sharpness": 32.58330932520596,
    "boominess": 54.50650716719326,
    "reverb": false,
    "genre": "Genre A",
    "mood": "Mood A"
}