{
    "duration": 1.8461250066757202,
    "lossless": 1.0,
    "codec": "pcm_s16le",
    "bitrate": 256000.0,
    "samplerate": 16000.0,
    "channels": 1.0,
    "audio_md5": "d6e304e2808870e3d0ec6ffdb353e77c",
    "loudness": -25.027257919311523,
    "dynamic_range": 0.0,
    "temporal_centroid": 0.2969002425670624,
    "log_attack_time": -1.4314523935317993,
    "filesize": 59120,
    "single_event": true,
    "tonality": "D# minor",
    "tonality_confidence": 0.776335597038269,
    "loop": false,
    "tempo": 172,
    "tempo_confidence": 0.0,
    "note_midi": 32,
    "note_name": "G#1",
    "note_frequency": 52.564735412597656,
    "note_confidence": 0.4201470613479614,
    "hardness": 30.86625282689897,
    "depth": 66.91693483392558,
    "brightness": 30.172627626570158,
    "roughness": 26.682845783263133,
    "warmth": 59.15325740186684,
    "sharpness": 20.69490437073955,
    "boominess": 57.38467878918286,
    "reverb": false,
    "genre": "Genre A",
    "mood": "Mood A"
}