{
    "duration": 1.8461250066757202,
    "lossless": 1.0,
    "codec": "pcm_s16le",
    "bitrate": 256000.0,
    "samplerate": 16000.0,
    "channels": 1.0,
    "audio_md5": "2c89976635932688a5ce4641865d4e3e",
    "loudness": -30.452808380126953,
    "dynamic_range": 0.0,
    "temporal_centroid": 0.4595358967781067,
    "log_attack_time": -0.034620147198438644,
    "filesize": 59120,
    "single_event": true,
    "tonality": "G minor",
    "tonality_confidence": 0.6513343453407288,
    "loop": false,
    "tempo": 129,
    "tempo_confidence": 0.0,
    "note_midi": 40,
    "note_name": "E2",
    "note_frequency": 83.93809509277344,
    "note_confidence": 0.4940708875656128,
    "hardness": 37.09885613958474,
    "depth": 60.97590421955303,
    "brightness": 38.19067752335012,
    "roughness": 38.874452590017256,
    "warmth": 57.74997438374807,
    "sharpness": 18.71122793782819,
    "boominess": 48.75994059469227,
    "reverb": false,
    "genre": "Genre A",
    "mood": "Mood A"
}