{
    "duration": 1.8461250066757202,
    "lossless": 1.0,
    "codec": "pcm_s16le",
    "bitrate": 256000.0,
    "samplerate": 16000.0,
    "channels": 1.0,
    "audio_md5": "fc81b4e0b55a1a21e78e4fae51ccbdef",
    "loudness": -33.411563873291016,
    "dynamic_range": 0.0,
    "temporal_centroid": 0.3843739926815033,
    "log_attack_time": -0.031337082386016846,
    "filesize": 59120,
    "single_event": true,
    "tonality": "G minor",
    "tonality_confidence": 0.5062791705131531,
    "loop": false,
    "tempo": 86,
    "tempo_confidence": 0.0,
    "note_midi": 35,
    "note_name": "B1",
    "note_frequency": 61.481056213378906,
    "note_confidence": 0.5299524068832397,
    "hardness": 36.21065007594868,
    "depth": 61.35238867617536,
    "brightness": 39.916579114642886,
    "roughness": 37.618834165996546,
    "warmth": 56.211213535633966,
    "sharpness": 23.48735357190524,
    "boominess": 49.26217359163991,
    "reverb": true,
    "genre": "Genre A",
    "mood": "Mood A"
}