{
    "duration": 1.8461250066757202,
    "lossless": 1.0,
    "codec": "pcm_s16le",
    "bitrate": 256000.0,
    "samplerate": 16000.0,
    "channels": 1.0,
    "audio_md5": "8ddc232b2438cefb1d56d6018a29bae2",
    "loudness": -33.525001525878906,
    "dynamic_range": 0.0,
    "temporal_centroid": 0.4303778111934662,
    "log_attack_time": -1.9845223426818848,
    "filesize": 59120,
    "single_event": true,
    "tonality": "E minor",
    "tonality_confidence": 0.6504092812538147,
    "loop": false,
    "tempo": 131,
    "tempo_confidence": 0.0,
    "note_midi": 33,
    "note_name": "A1",
    "note_frequency": 53.6066780090332,
    "note_confidence": 0.7215543985366821,
    "hardness": 35.511770186735944,
    "depth": 63.95186662027032,
    "brightness": 42.24912886012983,
    "roughness": 41.674719447550814,
    "warmth": 61.33394889142755,
    "sharpness": 18.6204115247808,
    "boominess": 49.80730371438284,
    "reverb": false,
    "genre": "Genre A",
    "mood": "Mood A"
}