{
    "duration": 1.8461250066757202,
    "lossless": 1.0,
    "codec": "pcm_s16le",
    "bitrate": 256000.0,
    "samplerate": 16000.0,
    "channels": 1.0,
    "audio_md5": "ac3afd183959cc0c925f7f083ac0db38",
    "loudness": -19.416675567626953,
    "dynamic_range": 0.0,
    "temporal_centroid": 0.3871455490589142,
    "log_attack_time": -0.01937319152057171,
    "filesize": 59120,
    "single_event": true,
    "tonality": "F minor",
    "tonality_confidence": 0.6884651780128479,
    "loop": false,
    "tempo": 123,
    "tempo_confidence": 0.0,
    "note_midi": 33,
    "note_name": "A1",
    "note_frequency": 53.833675384521484,
    "note_confidence": 0.8140012621879578,
    "hardness": 25.96935676450485,
    "depth": 69.04243418182152,
    "brightness": 27.88930830601324,
    "roughness": 34.48723567835904,
    "warmth": 58.067615340636856,
    "sharpness": 27.505169559059738,
    "boominess": 55.71695003013568,
    "reverb": false,
    "genre": "Genre A",
    "mood": "Mood A"
}