{
    "duration": 1.8461250066757202,
    "lossless": 1.0,
    "codec": "pcm_s16le",
    "bitrate": 256000.0,
    "samplerate": 16000.0,
    "channels": 1.0,
    "audio_md5": "bfb60a814f7600b69ec06536587270cf",
    "loudness": -29.49190902709961,
    "dynamic_range": 0.0,
    "temporal_centroid": 0.4136756658554077,
    "log_attack_time": -0.03243929147720337,
    "filesize": 59120,
    "single_event": true,
    "tonality": "B major",
    "tonality_confidence": 0.6190752387046814,
    "loop": false,
    "tempo": 128,
    "tempo_confidence": 0.0,
    "note_midi": 34,
    "note_name": "A#1",
    "note_frequency": 59.08036804199219,
    "note_confidence": 0.6991127729415894,
    "hardness": 36.57078450632896,
    "depth": 65.44330356620307,
    "brightness": 38.243037989979356,
    "roughness": 37.611950464676035,
    "warmth": 58.769729243789634,
    "sharpness": 26.321477483574782,
    "boominess": 48.92263630207027,
    "reverb": false,
    "genre": "Genre A",
    "mood": "Mood A"
}