{
    "duration": 1.8461250066757202,
    "lossless": 1.0,
    "codec": "pcm_s16le",
    "bitrate": 256000.0,
    "samplerate": 16000.0,
    "channels": 1.0,
    "audio_md5": "934d34ca76c7f7f739231cf3820e0502",
    "loudness": -29.19676399230957,
    "dynamic_range": 0.0,
    "temporal_centroid": 0.42685291171073914,
    "log_attack_time": 0.0751495510339737,
    "filesize": 59120,
    "single_event": true,
    "tonality": "G minor",
    "tonality_confidence": 0.5582462549209595,
    "loop": false,
    "tempo": 133,
    "tempo_confidence": 0.0,
    "note_midi": 35,
    "note_name": "B1",
    "note_frequency": 61.53298568725586,
    "note_confidence": 0.41612738370895386,
    "hardness": 29.532825858649204,
    "depth": 68.05640964802217,
    "brightness": 31.222578920643997,
    "roughness": 36.74833577305752,
    "warmth": 59.87254451774821,
    "sharpness": 32.117373565111365,
    "boominess": 53.559847241249145,
    "reverb": false,
    "genre": "Genre A",
    "mood": "Mood A"
}