{
    "duration": 1.8461250066757202,
    "lossless": 1.0,
    "codec": "pcm_s16le",
    "bitrate": 256000.0,
    "samplerate": 16000.0,
    "channels": 1.0,
    "audio_md5": "2c4d97f860a252633634b150b7938a96",
    "loudness": -36.30891418457031,
    "dynamic_range": 0.0,
    "temporal_centroid": 0.4757393002510071,
    "log_attack_time": -0.31853312253952026,
    "filesize": 59120,
    "single_event": true,
    "tonality": "E major",
    "tonality_confidence": 0.5950258374214172,
    "loop": false,
    "tempo": 129,
    "tempo_confidence": 0.0,
    "note_midi": 35,
    "note_name": "B1",
    "note_frequency": 62.474327087402344,
    "note_confidence": 0.589745283126831,
    "hardness": 39.2610231681017,
    "depth": 64.86512593838995,
    "brightness": 43.57440558345899,
    "roughness": 42.665083625655626,
    "warmth": 60.89415745869809,
    "sharpness": 27.288294341191808,
    "boominess": 47.705643658223075,
    "reverb": false,
    "genre": "Genre A",
    "mood": "Mood A"
}