{
    "duration": 1.8461250066757202,
    "lossless": 1.0,
    "codec": "pcm_s16le",
    "bitrate": 256000.0,
    "samplerate": 16000.0,
    "channels": 1.0,
    "audio_md5": "db1ed6d8763f51fa3725c6a38370763b",
    "loudness": -20.23199462890625,
    "dynamic_range": 0.0,
    "temporal_centroid": 0.46781083941459656,
    "log_attack_time": -1.3712056875228882,
    "filesize": 59120,
    "single_event": true,
    "tonality": "F major",
    "tonality_confidence": 0.7279481291770935,
    "loop": false,
    "tempo": 129,
    "tempo_confidence": 0.0,
    "note_midi": 32,
    "note_name": "G#1",
    "note_frequency": 51.092952728271484,
    "note_confidence": 0.8306832909584045,
    "hardness": 27.034931008150423,
    "depth": 68.49252972536821,
    "brightness": 29.559627395394283,
    "roughness": 34.863861286710254,
    "warmth": 61.200276451487454,
    "sharpness": 25.49238069678247,
    "boominess": 55.25787267488827,
    "reverb": false,
    "genre": "Genre A",
    "mood": "Mood A"
}