{
    "duration": 1.8461250066757202,
    "lossless": 1.0,
    "codec": "pcm_s16le",
    "bitrate": 256000.0,
    "samplerate": 16000.0,
    "channels": 1.0,
    "audio_md5": "2064c8d8b63f33ab855e2a44636d3a47",
    "loudness": -39.826053619384766,
    "dynamic_range": 0.0,
    "temporal_centroid": 0.5183525681495667,
    "log_attack_time": -1.4909286499023438,
    "filesize": 59120,
    "single_event": true,
    "tonality": "G major",
    "tonality_confidence": 0.6760228276252747,
    "loop": true,
    "tempo": 130,
    "tempo_confidence": 0.9999017119407654,
    "note_midi": 29,
    "note_name": "F1",
    "note_frequency": 43.024391174316406,
    "note_confidence": 0.3837766647338867,
    "hardness": 42.217383144171734,
    "depth": 65.80427952845602,
    "brightness": 41.39883614341797,
    "roughness": 41.54429825823658,
    "warmth": 57.25792668141274,
    "sharpness": 32.55391441640579,
    "boominess": 46.802591141011185,
    "reverb": false,
    "genre": "Genre A",
    "mood": "Mood A"
}