{
    "duration": 1.8461250066757202,
    "lossless": 1.0,
    "codec": "pcm_s16le",
    "bitrate": 256000.0,
    "samplerate": 16000.0,
    "channels": 1.0,
    "audio_md5": "6a52341d879b94b95052c8bed691d351",
    "loudness": -33.54620361328125,
    "dynamic_range": 0.0,
    "temporal_centroid": 0.4240197241306305,
    "log_attack_time": -1.866287350654602,
    "filesize": 59120,
    "single_event": true,
    "tonality": "A minor",
    "tonality_confidence": 0.5966794490814209,
    "loop": false,
    "tempo": 133,
    "tempo_confidence": 0.0,
    "note_midi": 33,
    "note_name": "A1",
    "note_frequency": 54.69029235839844,
    "note_confidence": 0.7534279823303223,
    "hardness": 36.50312431323533,
    "depth": 65.94596978891312,
    "brightness": 42.498384148030695,
    "roughness": 40.23370303825008,
    "warmth": 60.872770785494374,
    "sharpness": 19.27003002465011,
    "boominess": 49.99543978211737,
    "reverb": false,
    "genre": "Genre A",
    "mood": "Mood A"
}