{
    "duration": 1.8461250066757202,
    "lossless": 1.0,
    "codec": "pcm_s16le",
    "bitrate": 256000.0,
    "samplerate": 16000.0,
    "channels": 1.0,
    "audio_md5": "cf9b4b0b320a30fd8a959c3a615c5313",
    "loudness": -19.545150756835938,
    "dynamic_range": 0.0,
    "temporal_centroid": 0.4102168083190918,
    "log_attack_time": -0.0104755237698555,
    "filesize": 59120,
    "single_event": true,
    "tonality": "F# minor",
    "tonality_confidence": 0.6126012206077576,
    "loop": false,
    "tempo": 126,
    "tempo_confidence": 0.0,
    "note_midi": 34,
    "note_name": "A#1",
    "note_frequency": 58.10919952392578,
    "note_confidence": 0.6436683535575867,
    "hardness": 28.032841566576664,
    "depth": 67.14790873331262,
    "brightness": 27.17384497698145,
    "roughness": 32.415966716162686,
    "warmth": 57.82312529702592,
    "sharpness": 29.356463891569543,
    "boominess": 55.32175732794665,
    "reverb": false,
    "genre": "Genre A",
    "mood": "Mood A"
}