{
    "duration": 1.8461250066757202,
    "lossless": 1.0,
    "codec": "pcm_s16le",
    "bitrate": 256000.0,
    "samplerate": 16000.0,
    "channels": 1.0,
    "audio_md5": "f34a0b4d871617862480431cd0d4676c",
    "loudness": -36.693546295166016,
    "dynamic_range": 0.0,
    "temporal_centroid": 0.39632153511047363,
    "log_attack_time": -0.1539323329925537,
    "filesize": 59120,
    "single_event": true,
    "tonality": "C# major",
    "tonality_confidence": 0.7579705119132996,
    "loop": false,
    "tempo": 129,
    "tempo_confidence": 0.0,
    "note_midi": 34,
    "note_name": "A#1",
    "note_frequency": 59.75908660888672,
    "note_confidence": 0.48839712142944336,
    "hardness": 42.9068503020969,
    "depth": 62.08388455150917,
    "brightness": 42.59972881732183,
    "roughness": 39.648912913334286,
    "warmth": 58.02028446161162,
    "sharpness": 24.04009455219651,
    "boominess": 46.72483388319458,
    "reverb": false,
    "genre": "Genre A",
    "mood": "Mood A"
}