{
    "duration": 1.8461250066757202,
    "lossless": 1.0,
    "codec": "pcm_s16le",
    "bitrate": 256000.0,
    "samplerate": 16000.0,
    "channels": 1.0,
    "audio_md5": "a3f8393fdd69f528b4966d52e9488e14",
    "loudness": -18.869123458862305,
    "dynamic_range": 0.0,
    "temporal_centroid": 0.38202303647994995,
    "log_attack_time": -0.023636505007743835,
    "filesize": 59120,
    "single_event": true,
    "tonality": "G# major",
    "tonality_confidence": 0.7680357694625854,
    "loop": false,
    "tempo": 126,
    "tempo_confidence": 0.0,
    "note_midi": 34,
    "note_name": "A#1",
    "note_frequency": 57.11220932006836,
    "note_confidence": 0.8091342449188232,
    "hardness": 26.6561161719994,
    "depth": 68.4101367425648,
    "brightness": 28.060960671818457,
    "roughness": 28.921857276664607,
    "warmth": 59.0123212382605,
    "sharpness": 36.31762113119309,
    "boominess": 52.35514970056035,
    "reverb": false,
    "genre": "Genre A",
    "mood": "Mood A"
}