{
    "duration": 1.8461250066757202,
    "lossless": 1.0,
    "codec": "pcm_s16le",
    "bitrate": 256000.0,
    "samplerate": 16000.0,
    "channels": 1.0,
    "audio_md5": "84b75e25e70c97463ee22359c0e6254b",
    "loudness": -21.364273071289062,
    "dynamic_range": 0.0,
    "temporal_centroid": 0.5325255393981934,
    "log_attack_time": -1.2853621244430542,
    "filesize": 59120,
    "single_event": true,
    "tonality": "F minor",
    "tonality_confidence": 0.26351574063301086,
    "loop": false,
    "tempo": 131,
    "tempo_confidence": 0.0,
    "note_midi": 29,
    "note_name": "F1",
    "note_frequency": 44.72164535522461,
    "note_confidence": 0.47219622135162354,
    "hardness": 35.79926973082911,
    "depth": 72.96554295584436,
    "brightness": 26.685576815613032,
    "roughness": 29.418540460916088,
    "warmth": 58.49335553048721,
    "sharpness": 40.408560524830044,
    "boominess": 50.9157208398552,
    "reverb": false,
    "genre": "Genre A",
    "mood": "Mood A"
}