{
    "duration": 1.8461250066757202,
    "lossless": 1.0,
    "codec": "pcm_s16le",
    "bitrate": 256000.0,
    "samplerate": 16000.0,
    "channels": 1.0,
    "audio_md5": "7004dda6e2c95cee7b577f7522055efc",
    "loudness": -20.455081939697266,
    "dynamic_range": 0.0,
    "temporal_centroid": 0.45512136816978455,
    "log_attack_time": -1.3386574983596802,
    "filesize": 59120,
    "single_event": true,
    "tonality": "A major",
    "tonality_confidence": 0.3707277178764343,
    "loop": false,
    "tempo": 131,
    "tempo_confidence": 0.0,
    "note_midi": 33,
    "note_name": "A1",
    "note_frequency": 56.22364044189453,
    "note_confidence": 0.6947565078735352,
    "hardness": 29.540580614859323,
    "depth": 68.31516632611702,
    "brightness": 30.24115837289193,
    "roughness": 30.311029035970485,
    "warmth": 60.41484247871764,
    "sharpness": 26.23016062195773,
    "boominess": 56.092568108164684,
    "reverb": false,
    "genre": "Genre A",
    "mood": "Mood A"
}