{
    "duration": 1.8461250066757202,
    "lossless": 1.0,
    "codec": "pcm_s16le",
    "bitrate": 256000.0,
    "samplerate": 16000.0,
    "channels": 1.0,
    "audio_md5": "3dd9d2e7b96e389e5fb063d57a9d78ab",
    "loudness": -31.732961654663086,
    "dynamic_range": 0.0,
    "temporal_centroid": 0.48238903284072876,
    "log_attack_time": -2.1972806453704834,
    "filesize": 59120,
    "single_event": true,
    "tonality": "G# minor",
    "tonality_confidence": 0.6123864650726318,
    "loop": false,
    "tempo": 129,
    "tempo_confidence": 0.0,
    "note_midi": 32,
    "note_name": "G#1",
    "note_frequency": 51.58207321166992,
    "note_confidence": 0.5715972185134888,
    "hardness": 40.10231696562444,
    "depth": 62.928472277015416,
    "brightness": 40.86344035889257,
    "roughness": 45.22203349639666,
    "warmth": 63.588030593549306,
    "sharpness": 24.96716794355254,
    "boominess": 45.02678755700599,
    "reverb": false,
    "genre": "Genre A",
    "mood": "Mood A"
}