{
    "duration": 1.8461250066757202,
    "lossless": 1.0,
    "codec": "pcm_s16le",
    "bitrate": 256000.0,
    "samplerate": 16000.0,
    "channels": 1.0,
    "audio_md5": "e12d73546bd628c4ee5e1ce30729e862",
    "loudness": -35.989986419677734,
    "dynamic_range": 0.0,
    "temporal_centroid": 0.3380182981491089,
    "log_attack_time": -1.7746204137802124,
    "filesize": 59120,
    "single_event": true,
    "tonality": "A# minor",
    "tonality_confidence": 0.36132127046585083,
    "loop": false,
    "tempo": 128,
    "tempo_confidence": 0.0,
    "note_midi": 33,
    "note_name": "A1",
    "note_frequency": 54.3990364074707,
    "note_confidence": 0.43497246503829956,
    "hardness": 38.59161448542568,
    "depth": 70.03926951633527,
    "brightness": 39.02703200163968,
    "roughness": 39.164455630789234,
    "warmth": 57.6980638369948,
    "sharpness": 21.963868342637063,
    "boominess": 52.50607278582778,
    "reverb": false,
    "genre": "Genre A",
    "mood": "Mood A"
}