{
    "duration": 1.8461250066757202,
    "lossless": 1.0,
    "codec": "pcm_s16le",
    "bitrate": 256000.0,
    "samplerate": 16000.0,
    "channels": 1.0,
    "audio_md5": "60afa5442ef82a911ec216bbcd3646f4",
    "loudness": -25.433258056640625,
    "dynamic_range": 0.0,
    "temporal_centroid": 0.2876225411891937,
    "log_attack_time": -0.4489540457725525,
    "filesize": 59120,
    "single_event": true,
    "tonality": "A# major",
    "tonality_confidence": 0.4673216938972473,
    "loop": false,
    "tempo": 157,
    "tempo_confidence": 0.0,
    "note_midi": 36,
    "note_name": "C2",
    "note_frequency": 65.85928344726562,
    "note_confidence": 0.20046544075012207,
    "hardness": 31.364570979131372,
    "depth": 67.87404536514556,
    "brightness": 31.663785064414146,
    "roughness": 30.176977631101018,
    "warmth": 58.58482162905452,
    "sharpness": 27.368908347574042,
    "boominess": 57.26959373951025,
    "reverb": false,
    "genre": "Genre A",
    "mood": "Mood A"
}