{
    "duration": 1.8461250066757202,
    "lossless": 1.0,
    "codec": "pcm_s16le",
    "bitrate": 256000.0,
    "samplerate": 16000.0,
    "channels": 1.0,
    "audio_md5": "ce7b5fdaae3374226707d96339726401",
    "loudness": -23.91242790222168,
    "dynamic_range": 0.0,
    "temporal_centroid": 0.2786630094051361,
    "log_attack_time": -1.3138219118118286,
    "filesize": 59120,
    "single_event": true,
    "tonality": "F minor",
    "tonality_confidence": 0.6061967611312866,
    "loop": false,
    "tempo": 172,
    "tempo_confidence": 0.0,
    "note_midi": 38,
    "note_name": "D2",
    "note_frequency": 73.89944458007812,
    "note_confidence": 0.23424923419952393,
    "hardness": 27.30677809781355,
    "depth": 67.96071339795606,
    "brightness": 29.952485977770994,
    "roughness": 24.020605467407094,
    "warmth": 58.96561367238812,
    "sharpness": 15.781348893397524,
    "boominess": 60.76745335051215,
    "reverb": false,
    "genre": "Genre A",
    "mood": "Mood A"
}