{
    "duration": 1.8461250066757202,
    "lossless": 1.0,
    "codec": "pcm_s16le",
    "bitrate": 256000.0,
    "samplerate": 16000.0,
    "channels": 1.0,
    "audio_md5": "99c00ab26e670aaf059fdf35f12df549",
    "loudness": -17.351266860961914,
    "dynamic_range": 0.0,
    "temporal_centroid": 0.4877917170524597,
    "log_attack_time": -0.763282299041748,
    "filesize": 59120,
    "single_event": true,
    "tonality": "F minor",
    "tonality_confidence": 0.6330726146697998,
    "loop": false,
    "tempo": 128,
    "tempo_confidence": 0.0,
    "note_midi": 29,
    "note_name": "F1",
    "note_frequency": 43.024391174316406,
    "note_confidence": 0.46523982286453247,
    "hardness": 36.11073075911641,
    "depth": 71.38272923070842,
    "brightness": 30.377524052098405,
    "roughness": 44.02571334348474,
    "warmth": 61.10965038185951,
    "sharpness": 40.045624988669005,
    "boominess": 47.22629223620471,
    "reverb": false,
    "genre": "Genre A",
    "mood": "Mood A"
}