{
    "duration": 1.8461250066757202,
    "lossless": 1.0,
    "codec": "pcm_s16le",
    "bitrate": 256000.0,
    "samplerate": 16000.0,
    "channels": 1.0,
    "audio_md5": "669bb9a67380c7286ae33ae5f4fbaa41",
    "loudness": -16.32145118713379,
    "dynamic_range": 0.0,
    "temporal_centroid": 0.46501412987709045,
    "log_attack_time": -0.5117946863174438,
    "filesize": 59120,
    "single_event": true,
    "tonality": "F major",
    "tonality_confidence": 0.51488196849823,
    "loop": false,
    "tempo": 111,
    "tempo_confidence": 0.0,
    "note_midi": 29,
    "note_name": "F1",
    "note_frequency": 43.024391174316406,
    "note_confidence": 0.5475451946258545,
    "hardness": 33.35224036010956,
    "depth": 73.61949914500714,
    "brightness": 28.863384528909734,
    "roughness": 42.00308014189269,
    "warmth": 62.32761848927936,
    "sharpness": 39.16872282784949,
    "boominess": 49.12514316942217,
    "reverb": false,
    "genre": "Genre A",
    "mood": "Mood A"
}