{
    "duration": 1.8461250066757202,
    "lossless": 1.0,
    "codec": "pcm_s16le",
    "bitrate": 256000.0,
    "samplerate": 16000.0,
    "channels": 1.0,
    "audio_md5": "38a2f8869b3d00c6db186fc91e3e4e36",
    "loudness": -22.001554489135742,
    "dynamic_range": 0.0,
    "temporal_centroid": 0.38074058294296265,
    "log_attack_time": -1.6849201917648315,
    "filesize": 59120,
    "single_event": true,
    "tonality": "B major",
    "tonality_confidence": 0.43438205122947693,
    "loop": true,
    "tempo": 87,
    "tempo_confidence": 0.9978299140930176,
    "note_midi": 35,
    "note_name": "B1",
    "note_frequency": 62.45207977294922,
    "note_confidence": 0.29311424493789673,
    "hardness": 26.571527005698357,
    "depth": 67.12682344228895,
    "brightness": 31.561192882675655,
    "roughness": 24.69043972785131,
    "warmth": 57.0399463500297,
    "sharpness": 11.117168613321454,
    "boominess": 64.13787038816855,
    "reverb": false,
    "genre": "Genre A",
    "mood": "Mood A"
}