{
    "duration": 1.8461250066757202,
    "lossless": 1.0,
    "codec": "pcm_s16le",
    "bitrate": 256000.0,
    "samplerate": 16000.0,
    "channels": 1.0,
    "audio_md5": "b826635f6861685ccbd2df2ed9cd1faa",
    "loudness": -28.566652297973633,
    "dynamic_range": 0.0,
    "temporal_centroid": 0.4792546033859253,
    "log_attack_time": -1.9128495454788208,
    "filesize": 59120,
    "single_event": true,
    "tonality": "F minor",
    "tonality_confidence": 0.41126513481140137,
    "loop": false,
    "tempo": 172,
    "tempo_confidence": 0.0,
    "note_midi": 33,
    "note_name": "A1",
    "note_frequency": 56.089149475097656,
    "note_confidence": 0.4336448907852173,
    "hardness": 35.42743072470165,
    "depth": 67.89111160864853,
    "brightness": 33.02265203399722,
    "roughness": 33.287379624766565,
    "warmth": 57.80137416430951,
    "sharpness": 28.860095929488203,
    "boominess": 54.65561483619588,
    "reverb": false,
    "genre": "Genre A",
    "mood": "Mood A"
}