{
    "duration": 1.8461250066757202,
    "lossless": 1.0,
    "codec": "pcm_s16le",
    "bitrate": 256000.0,
    "samplerate": 16000.0,
    "channels": 1.0,
    "audio_md5": "c2bf34533598908e4831a706187b554c",
    "loudness": -31.09173011779785,
    "dynamic_range": 0.0,
    "temporal_centroid": 0.5037484169006348,
    "log_attack_time": -1.7258837223052979,
    "filesize": 59120,
    "single_event": true,
    "tonality": "C# major",
    "tonality_confidence": 0.4563058316707611,
    "loop": false,
    "tempo": 103,
    "tempo_confidence": 0.0,
    "note_midi": 32,
    "note_name": "G#1",
    "note_frequency": 52.67045593261719,
    "note_confidence": 0.2018643617630005,
    "hardness": 32.26756074041086,
    "depth": 67.86940332023066,
    "brightness": 33.77974350645411,
    "roughness": 35.61401090222119,
    "warmth": 61.112781874181046,
    "sharpness": 28.613885004598615,
    "boominess": 54.93547797323101,
    "reverb": false,
    "genre": "Genre A",
    "mood": "Mood A"
}