{
    "duration": 1.8461250066757202,
    "lossless": 1.0,
    "codec": "pcm_s16le",
    "bitrate": 256000.0,
    "samplerate": 16000.0,
    "channels": 1.0,
    "audio_md5": "e494a6b006ab86d5ca899d6510ea255c",
    "loudness": -37.64226531982422,
    "dynamic_range": 0.0,
    "temporal_centroid": 0.5800527930259705,
    "log_attack_time": -0.08648650348186493,
    "filesize": 59120,
    "single_event": true,
    "tonality": "C# major",
    "tonality_confidence": 0.5333175659179688,
    "loop": false,
    "tempo": 128,
    "tempo_confidence": 0.0,
    "note_midi": 49,
    "note_name": "C#3",
    "note_frequency": 142.58787536621094,
    "note_confidence": 0.505041241645813,
    "hardness": 38.742428574193966,
    "depth": 59.4512223897717,
    "brightness": 41.19705865729833,
    "roughness": 41.363598964560964,
    "warmth": 59.499424720814496,
    "sharpness": 21.10377848219393,
    "boominess": 43.919360306898426,
    "reverb": false,
    "genre": "Genre A",
    "mood": "Mood A"
}