{
    "duration": 1.8461250066757202,
    "lossless": 1.0,
    "codec": "pcm_s16le",
    "bitrate": 256000.0,
    "samplerate": 16000.0,
    "channels": 1.0,
    "audio_md5": "b4103f720c496d5d9edeae8b868b81bb",
    "loudness": -28.496912002563477,
    "dynamic_range": 0.0,
    "temporal_centroid": 0.49565592408180237,
    "log_attack_time": -0.2996731102466583,
    "filesize": 59120,
    "single_event": true,
    "tonality": "B minor",
    "tonality_confidence": 0.7288148403167725,
    "loop": false,
    "tempo": 136,
    "tempo_confidence": 0.0,
    "note_midi": 35,
    "note_name": "B1",
    "note_frequency": 62.015872955322266,
    "note_confidence": 0.40199393033981323,
    "hardness": 41.91386171354928,
    "depth": 69.14243039120998,
    "brightness": 40.26307901271959,
    "roughness": 48.539523725170326,
    "warmth": 65.97395345824684,
    "sharpness": 22.34659256738456,
    "boominess": 45.12398104347257,
    "reverb": false,
    "genre": "Genre A",
    "mood": "Mood A"
}