{
    "duration": 1.8461250066757202,
    "lossless": 1.0,
    "codec": "pcm_s16le",
    "bitrate": 256000.0,
    "samplerate": 16000.0,
    "channels": 1.0,
    "audio_md5": "a1adc8ae0bd3699a5e2a60c6640cb70c",
    "loudness": -36.22135543823242,
    "dynamic_range": 0.0,
    "temporal_centroid": 0.5700107216835022,
    "log_attack_time": -0.15875975787639618,
    "filesize": 59120,
    "single_event": true,
    "tonality": "C minor",
    "tonality_confidence": 0.5640085935592651,
    "loop": false,
    "tempo": 103,
    "tempo_confidence": 0.0,
    "note_midi": 40,
    "note_name": "E2",
    "note_frequency": 83.50647735595703,
    "note_confidence": 0.49065065383911133,
    "hardness": 40.869078078880776,
    "depth": 59.38353066317236,
    "brightness": 41.251693465881885,
    "roughness": 36.6537654649594,
    "warmth": 59.37492495935765,
    "sharpness": 22.293705520812054,
    "boominess": 47.33076739056369,
    "reverb": false,
    "genre": "Genre A",
    "mood": "Mood A"
}