{
    "duration": 1.8461250066757202,
    "lossless": 1.0,
    "codec": "pcm_s16le",
    "bitrate": 256000.0,
    "samplerate": 16000.0,
    "channels": 1.0,
    "audio_md5": "ba16a9e3b5145aa8132620d30079e518",
    "loudness": -18.319965362548828,
    "dynamic_range": 0.0,
    "temporal_centroid": 0.4751596450805664,
    "log_attack_time": -0.5188922882080078,
    "filesize": 59120,
    "single_event": true,
    "tonality": "B major",
    "tonality_confidence": 0.6161648631095886,
    "loop": false,
    "tempo": 112,
    "tempo_confidence": 0.0,
    "note_midi": 29,
    "note_name": "F1",
    "note_frequency": 43.024391174316406,
    "note_confidence": 0.4480987787246704,
    "hardness": 30.71669814744058,
    "depth": 71.56344247572875,
    "brightness": 26.94639515882348,
    "roughness": 42.40575140597559,
    "warmth": 62.067272407399976,
    "sharpness": 36.321164500701094,
    "boominess": 50.027493199888355,
    "reverb": false,
    "genre": "Genre A",
    "mood": "Mood A"
}