{
    "duration": 1.8461250066757202,
    "lossless": 1.0,
    "codec": "pcm_s16le",
    "bitrate": 256000.0,
    "samplerate": 16000.0,
    "channels": 1.0,
    "audio_md5": "ee9ab4347f3d5ed0cd8d6ebf26d6e8b3",
    "loudness": -35.513038635253906,
    "dynamic_range": 0.0,
    "temporal_centroid": 0.5723125338554382,
    "log_attack_time": -0.15691842138767242,
    "filesize": 59120,
    "single_event": true,
    "tonality": "F minor",
    "tonality_confidence": 0.7965610027313232,
    "loop": false,
    "tempo": 103,
    "tempo_confidence": 0.0,
    "note_midi": 39,
    "note_name": "D#2",
    "note_frequency": 79.7361831665039,
    "note_confidence": 0.4728599786758423,
    "hardness": 39.54929195215411,
    "depth": 62.5034457513667,
    "brightness": 41.09994522261976,
    "roughness": 36.36963401368625,
    "warmth": 59.57674847635955,
    "sharpness": 20.764755512483198,
    "boominess": 47.04847754438147,
    "reverb": false,
    "genre": "Genre A",
    "mood": "Mood A"
}