{
    "duration": 1.8461250066757202,
    "lossless": 1.0,
    "codec": "pcm_s16le",
    "bitrate": 256000.0,
    "samplerate": 16000.0,
    "channels": 1.0,
    "audio_md5": "a7d193b79ee7895ec9c93eacc0afa318",
    "loudness": -34.69649124145508,
    "dynamic_range": 0.0,
    "temporal_centroid": 0.5728915333747864,
    "log_attack_time": -0.09200159460306168,
    "filesize": 59120,
    "single_event": true,
    "tonality": "F major",
    "tonality_confidence": 0.6413982510566711,
    "loop": false,
    "tempo": 103,
    "tempo_confidence": 0.0,
    "note_midi": 43,
    "note_name": "G2",
    "note_frequency": 99.30036926269531,
    "note_confidence": 0.48805302381515503,
    "hardness": 40.82750153537593,
    "depth": 61.513380628882786,
    "brightness": 40.92621818810901,
    "roughness": 33.528396697562,
    "warmth": 58.562740806125376,
    "sharpness": 18.589841381696132,
    "boominess": 46.337291880522415,
    "reverb": false,
    "genre": "Genre A",
    "mood": "Mood A"
}