{
    "duration": 1.8461250066757202,
    "lossless": 1.0,
    "codec": "pcm_s16le",
    "bitrate": 256000.0,
    "samplerate": 16000.0,
    "channels": 1.0,
    "audio_md5": "53d3dba2f6a28db80e89eff11bd4029c",
    "loudness": -34.66386413574219,
    "dynamic_range": 0.0,
    "temporal_centroid": 0.4291636347770691,
    "log_attack_time": -1.933475375175476,
    "filesize": 59120,
    "single_event": true,
    "tonality": "F minor",
    "tonality_confidence": 0.7036367058753967,
    "loop": false,
    "tempo": 167,
    "tempo_confidence": 0.0,
    "note_midi": 40,
    "note_name": "E2",
    "note_frequency": 83.6501235961914,
    "note_confidence": 0.35433119535446167,
    "hardness": 44.07651277749849,
    "depth": 62.76625705852416,
    "brightness": 40.3265907105233,
    "roughness": 34.01645520255986,
    "warmth": 56.047076452226115,
    "sharpness": 32.86541255960799,
    "boominess": 50.40663628436944,
    "reverb": false,
    "genre": "Genre A",
    "mood": "Mood A"
}