{
    "duration": 1.8461250066757202,
    "lossless": 1.0,
    "codec": "pcm_s16le",
    "bitrate": 256000.0,
    "samplerate": 16000.0,
    "channels": 1.0,
    "audio_md5": "fc19279b0758db2c3ebbe6035b3d939d",
    "loudness": -35.95627975463867,
    "dynamic_range": 0.0,
    "temporal_centroid": 0.5404055714607239,
    "log_attack_time": -1.9864277839660645,
    "filesize": 59120,
    "single_event": true,
    "tonality": "F minor",
    "tonality_confidence": 0.587321400642395,
    "loop": false,
    "tempo": 103,
    "tempo_confidence": 0.0,
    "note_midi": 39,
    "note_name": "D#2",
    "note_frequency": 76.88410186767578,
    "note_confidence": 0.457142174243927,
    "hardness": 41.794573935902065,
    "depth": 60.083022479144304,
    "brightness": 40.59951017779038,
    "roughness": 38.03612286876851,
    "warmth": 58.76629557534786,
    "sharpness": 24.710120725014846,
    "boominess": 47.570803314387064,
    "reverb": false,
    "genre": "Genre A",
    "mood": "Mood A"
}