{
    "duration": 1.8461250066757202,
    "lossless": 1.0,
    "codec": "pcm_s16le",
    "bitrate": 256000.0,
    "samplerate": 16000.0,
    "channels": 1.0,
    "audio_md5": "9d96c03310dc7e2bb25255b960bec251",
    "loudness": -34.860103607177734,
    "dynamic_range": 0.0,
    "temporal_centroid": 0.5833625197410583,
    "log_attack_time": -0.15813563764095306,
    "filesize": 59120,
    "single_event": true,
    "tonality": "F major",
    "tonality_confidence": 0.678591251373291,
    "loop": false,
    "tempo": 129,
    "tempo_confidence": 0.0,
    "note_midi": 40,
    "note_name": "E2",
    "note_frequency": 83.63304901123047,
    "note_confidence": 0.4950380325317383,
    "hardness": 40.43992732204512,
    "depth": 60.52669633044465,
    "brightness": 40.989070933261424,
    "roughness": 33.317961537567385,
    "warmth": 59.3033255233028,
    "sharpness": 20.328766990617485,
    "boominess": 47.44830887447023,
    "reverb": false,
    "genre": "Genre A",
    "mood": "Mood A"
}