{
    "duration": 1.8461250066757202,
    "lossless": 1.0,
    "codec": "pcm_s16le",
    "bitrate": 256000.0,
    "samplerate": 16000.0,
    "channels": 1.0,
    "audio_md5": "e29feef2fa6c15f53cf87bd97d5f9025",
    "loudness": -35.14686584472656,
    "dynamic_range": 0.0,
    "temporal_centroid": 0.49458909034729004,
    "log_attack_time": -0.30282601714134216,
    "filesize": 59120,
    "single_event": true,
    "tonality": "B minor",
    "tonality_confidence": 0.5452141165733337,
    "loop": false,
    "tempo": 131,
    "tempo_confidence": 0.0,
    "note_midi": 29,
    "note_name": "F1",
    "note_frequency": 44.508277893066406,
    "note_confidence": 0.2972567081451416,
    "hardness": 49.38094134179943,
    "depth": 69.68774708758305,
    "brightness": 43.75343044238353,
    "roughness": 49.70389476793471,
    "warmth": 63.474225640998085,
    "sharpness": 33.72634963773599,
    "boominess": 42.711688987068854,
    "reverb": false,
    "genre": "Genre A",
    "mood": "Mood A"
}