{
    "duration": 1.8461250066757202,
    "lossless": 1.0,
    "codec": "pcm_s16le",
    "bitrate": 256000.0,
    "samplerate": 16000.0,
    "channels": 1.0,
    "audio_md5": "72177d504cf74c67706911891400c77f",
    "loudness": -19.192026138305664,
    "dynamic_range": 0.0,
    "temporal_centroid": 0.4299185276031494,
    "log_attack_time": -0.5418334007263184,
    "filesize": 59120,
    "single_event": true,
    "tonality": "C# major",
    "tonality_confidence": 0.4945087134838104,
    "loop": false,
    "tempo": 215,
    "tempo_confidence": 0.0,
    "note_midi": 29,
    "note_name": "F1",
    "note_frequency": 43.024391174316406,
    "note_confidence": 0.5291852951049805,
    "hardness": 33.191180007634685,
    "depth": 72.30566472242442,
    "brightness": 32.85810595555107,
    "roughness": 42.77235470542766,
    "warmth": 62.62527154083438,
    "sharpness": 35.78849362080132,
    "boominess": 48.65400333652561,
    "reverb": false,
    "genre": "Genre A",
    "mood": "Mood A"
}