{
    "duration": 1.8461250066757202,
    "lossless": 1.0,
    "codec": "pcm_s16le",
    "bitrate": 256000.0,
    "samplerate": 16000.0,
    "channels": 1.0,
    "audio_md5": "5f1a7e6ef56216a3872f922ca56de5c1",
    "loudness": -27.695817947387695,
    "dynamic_range": 0.0,
    "temporal_centroid": 0.4947413206100464,
    "log_attack_time": -0.30584263801574707,
    "filesize": 59120,
    "single_event": true,
    "tonality": "A major",
    "tonality_confidence": 0.6043630242347717,
    "loop": false,
    "tempo": 129,
    "tempo_confidence": 0.0,
    "note_midi": 35,
    "note_name": "B1",
    "note_frequency": 62.420780181884766,
    "note_confidence": 0.39104950428009033,
    "hardness": 39.255536193228494,
    "depth": 64.39120672067786,
    "brightness": 39.823917595127554,
    "roughness": 48.63531015644004,
    "warmth": 66.29739853664096,
    "sharpness": 21.624785798047327,
    "boominess": 44.705081803693645,
    "reverb": false,
    "genre": "Genre A",
    "mood": "Mood A"
}