{
    "duration": 1.8461250066757202,
    "lossless": 1.0,
    "codec": "pcm_s16le",
    "bitrate": 256000.0,
    "samplerate": 16000.0,
    "channels": 1.0,
    "audio_md5": "a0eb12a9e2d1ceb15e917b03feb9a430",
    "loudness": -27.823768615722656,
    "dynamic_range": 0.0,
    "temporal_centroid": 0.43902987241744995,
    "log_attack_time": -1.8248947858810425,
    "filesize": 59120,
    "single_event": true,
    "tonality": "D minor",
    "tonality_confidence": 0.4903457760810852,
    "loop": false,
    "tempo": 140,
    "tempo_confidence": 0.0,
    "note_midi": 40,
    "note_name": "E2",
    "note_frequency": 83.56234741210938,
    "note_confidence": 0.23433595895767212,
    "hardness": 32.29106388124386,
    "depth": 64.58196094941027,
    "brightness": 32.780562388150244,
    "roughness": 22.65776073268468,
    "warmth": 56.70468414236934,
    "sharpness": 20.7348056868267,
    "boominess": 58.55870384345404,
    "reverb": false,
    "genre": "Genre A",
    "mood": "Mood A"
}