{
    "duration": 1.8461250066757202,
    "lossless": 1.0,
    "codec": "pcm_s16le",
    "bitrate": 256000.0,
    "samplerate": 16000.0,
    "channels": 1.0,
    "audio_md5": "9a0e39921e984836267e3bfaf8e4295d",
    "loudness": -17.79347801208496,
    "dynamic_range": 0.0,
    "temporal_centroid": 0.4837343990802765,
    "log_attack_time": -0.5183396339416504,
    "filesize": 59120,
    "single_event": true,
    "tonality": "C# major",
    "tonality_confidence": 0.48289409279823303,
    "loop": false,
    "tempo": 131,
    "tempo_confidence": 0.0,
    "note_midi": 34,
    "note_name": "A#1",
    "note_frequency": 59.85009002685547,
    "note_confidence": 0.6832215785980225,
    "hardness": 31.512958116017174,
    "depth": 69.26506491901682,
    "brightness": 32.14341692884172,
    "roughness": 40.917016039204206,
    "warmth": 62.11085370605976,
    "sharpness": 29.77501842743056,
    "boominess": 53.0009319285332,
    "reverb": false,
    "genre": "Genre A",
    "mood": "Mood A"
}