{
    "duration": 1.8461250066757202,
    "lossless": 1.0,
    "codec": "pcm_s16le",
    "bitrate": 256000.0,
    "samplerate": 16000.0,
    "channels": 1.0,
    "audio_md5": "7d8f0362d49175bd04386a5a74b03022",
    "loudness": -29.224210739135742,
    "dynamic_range": 0.0,
    "temporal_centroid": 0.46856632828712463,
    "log_attack_time": -0.6492423415184021,
    "filesize": 59120,
    "single_event": true,
    "tonality": "D# minor",
    "tonality_confidence": 0.4085097312927246,
    "loop": false,
    "tempo": 129,
    "tempo_confidence": 0.0,
    "note_midi": 34,
    "note_name": "A#1",
    "note_frequency": 57.967742919921875,
    "note_confidence": 0.399761438369751,
    "hardness": 37.52606823793306,
    "depth": 62.873255038639364,
    "brightness": 40.858461408603716,
    "roughness": 46.872999522193275,
    "warmth": 64.86245989649625,
    "sharpness": 23.93381434182141,
    "boominess": 45.79069753435888,
    "reverb": false,
    "genre": "Genre A",
    "mood": "Mood A"
}