{
    "duration": 1.8461250066757202,
    "lossless": 1.0,
    "codec": "pcm_s16le",
    "bitrate": 256000.0,
    "samplerate": 16000.0,
    "channels": 1.0,
    "audio_md5": "4fc2fdfd5c951f7296e76c259fe9942b",
    "loudness": -34.66502380371094,
    "dynamic_range": 0.0,
    "temporal_centroid": 0.5397805571556091,
    "log_attack_time": -0.08940466493368149,
    "filesize": 59120,
    "single_event": true,
    "tonality": "C major",
    "tonality_confidence": 0.7624682784080505,
    "loop": false,
    "tempo": 103,
    "tempo_confidence": 0.0,
    "note_midi": 42,
    "note_name": "F#2",
    "note_frequency": 93.80853271484375,
    "note_confidence": 0.4730020761489868,
    "hardness": 39.07515387003882,
    "depth": 62.43695796198537,
    "brightness": 40.74209196151093,
    "roughness": 36.04402093888571,
    "warmth": 59.85217225950301,
    "sharpness": 19.15811201363701,
    "boominess": 46.91166593781118,
    "reverb": false,
    "genre": "Genre A",
    "mood": "Mood A"
}