{
    "duration": 1.8461250066757202,
    "lossless": 1.0,
    "codec": "pcm_s16le",
    "bitrate": 256000.0,
    "samplerate": 16000.0,
    "channels": 1.0,
    "audio_md5": "4989b7837b07a36d747a1048ec52480b",
    "loudness": -27.586380004882812,
    "dynamic_range": 0.0,
    "temporal_centroid": 0.48108795285224915,
    "log_attack_time": -0.6283667683601379,
    "filesize": 59120,
    "single_event": true,
    "tonality": "B major",
    "tonality_confidence": 0.7249921560287476,
    "loop": false,
    "tempo": 163,
    "tempo_confidence": 0.0,
    "note_midi": 35,
    "note_name": "B1",
    "note_frequency": 62.937313079833984,
    "note_confidence": 0.43982475996017456,
    "hardness": 40.871163969977445,
    "depth": 65.0551908730963,
    "brightness": 40.74292014822446,
    "roughness": 49.08666237564983,
    "warmth": 65.60243583550363,
    "sharpness": 25.493062068722185,
    "boominess": 43.94434972888578,
    "reverb": false,
    "genre": "Genre A",
    "mood": "Mood A"
}