{
    "duration": 1.8461250066757202,
    "lossless": 1.0,
    "codec": "pcm_s16le",
    "bitrate": 256000.0,
    "samplerate": 16000.0,
    "channels": 1.0,
    "audio_md5": "11cefe5c734c09a30c83c302c2e4939c",
    "loudness": -26.438812255859375,
    "dynamic_range": 0.0,
    "temporal_centroid": 0.5039340257644653,
    "log_attack_time": -1.8993632793426514,
    "filesize": 59120,
    "single_event": true,
    "tonality": "C minor",
    "tonality_confidence": 0.6886363625526428,
    "loop": false,
    "tempo": 103,
    "tempo_confidence": 0.0,
    "note_midi": 34,
    "note_name": "A#1",
    "note_frequency": 57.85274124145508,
    "note_confidence": 0.47178006172180176,
    "hardness": 29.88001621498016,
    "depth": 68.69279280096451,
    "brightness": 31.81869967429547,
    "roughness": 33.16554723745749,
    "warmth": 60.04322351712831,
    "sharpness": 24.940047399344483,
    "boominess": 56.47552432007746,
    "reverb": false,
    "genre": "Genre A",
    "mood": "Mood A"
}