{
    "duration": 1.8461250066757202,
    "lossless": 1.0,
    "codec": "pcm_s16le",
    "bitrate": 256000.0,
    "samplerate": 16000.0,
    "channels": 1.0,
    "audio_md5": "4822dd893a31e5cd9f11b35170002346",
    "loudness": -31.11939811706543,
    "dynamic_range": 0.0,
    "temporal_centroid": 0.503928542137146,
    "log_attack_time": -0.5651125907897949,
    "filesize": 59120,
    "single_event": true,
    "tonality": "F major",
    "tonality_confidence": 0.6627846956253052,
    "loop": false,
    "tempo": 152,
    "tempo_confidence": 0.0,
    "note_midi": 34,
    "note_name": "A#1",
    "note_frequency": 56.91893005371094,
    "note_confidence": 0.36006009578704834,
    "hardness": 35.66804367781742,
    "depth": 66.98168876637465,
    "brightness": 37.522211815615876,
    "roughness": 48.75143083822894,
    "warmth": 66.94145786445685,
    "sharpness": 19.950688600481747,
    "boominess": 46.224976368012925,
    "reverb": false,
    "genre": "Genre A",
    "mood": "Mood A"
}