{
    "duration": 1.8461250066757202,
    "lossless": 1.0,
    "codec": "pcm_s16le",
    "bitrate": 256000.0,
    "samplerate": 16000.0,
    "channels": 1.0,
    "audio_md5": "06193b14d29d660e3fcc26322587f202",
    "loudness": -30.3795108795166,
    "dynamic_range": 0.0,
    "temporal_centroid": 0.48801371455192566,
    "log_attack_time": -0.6567276120185852,
    "filesize": 59120,
    "single_event": true,
    "tonality": "E minor",
    "tonality_confidence": 0.435549259185791,
    "loop": false,
    "tempo": 128,
    "tempo_confidence": 0.0,
    "note_midi": 34,
    "note_name": "A#1",
    "note_frequency": 57.505367279052734,
    "note_confidence": 0.46135497093200684,
    "hardness": 43.86695281449852,
    "depth": 63.061771277611584,
    "brightness": 41.982696282156,
    "roughness": 47.67593054581318,
    "warmth": 63.34648215745473,
    "sharpness": 26.955398657151893,
    "boominess": 44.93464774374982,
    "reverb": false,
    "genre": "Genre A",
    "mood": "Mood A"
}