{
    "duration": 1.8461250066757202,
    "lossless": 1.0,
    "codec": "pcm_s16le",
    "bitrate": 256000.0,
    "samplerate": 16000.0,
    "channels": 1.0,
    "audio_md5": "bc9a56af244f40fa3d57acf8f2822325",
    "loudness": -25.846158981323242,
    "dynamic_range": 0.0,
    "temporal_centroid": 0.4255836606025696,
    "log_attack_time": -0.49537354707717896,
    "filesize": 59120,
    "single_event": true,
    "tonality": "F minor",
    "tonality_confidence": 0.3449472486972809,
    "loop": true,
    "tempo": 106,
    "tempo_confidence": 0.960340142250061,
    "note_midi": 34,
    "note_name": "A#1",
    "note_frequency": 57.17837905883789,
    "note_confidence": 0.34616851806640625,
    "hardness": 29.949144290190162,
    "depth": 70.64219800732991,
    "brightness": 29.247388538892213,
    "roughness": 30.69416494668951,
    "warmth": 58.545401265837654,
    "sharpness": 35.313142247558325,
    "boominess": 54.883256641965836,
    "reverb": false,
    "genre": "Genre A",
    "mood": "Mood A"
}