{
    "duration": 1.8461250066757202,
    "lossless": 1.0,
    "codec": "pcm_s16le",
    "bitrate": 256000.0,
    "samplerate": 16000.0,
    "channels": 1.0,
    "audio_md5": "757dbde7ec0e6f21e9c5305e50fc8bbb",
    "loudness": -25.132461547851562,
    "dynamic_range": 0.0,
    "temporal_centroid": 0.5320005416870117,
    "log_attack_time": -0.9268514513969421,
    "filesize": 59120,
    "single_event": true,
    "tonality": "A# minor",
    "tonality_confidence": 0.6914483308792114,
    "loop": false,
    "tempo": 101,
    "tempo_confidence": 0.0,
    "note_midi": 29,
    "note_name": "F1",
    "note_frequency": 43.850433349609375,
    "note_confidence": 0.3796378970146179,
    "hardness": 33.73822563413468,
    "depth": 69.03860327300005,
    "brightness": 27.264519672451378,
    "roughness": 33.99495615923007,
    "warmth": 58.73298693435505,
    "sharpness": 41.26406571707831,
    "boominess": 49.37348007003754,
    "reverb": false,
    "genre": "Genre A",
    "mood": "Mood A"
}