{
    "duration": 1.8461250066757202,
    "lossless": 1.0,
    "codec": "pcm_s16le",
    "bitrate": 256000.0,
    "samplerate": 16000.0,
    "channels": 1.0,
    "audio_md5": "e0c72ca30b2d0bef5db562fd91fb655d",
    "loudness": -27.50092124938965,
    "dynamic_range": 0.0,
    "temporal_centroid": 0.49083516001701355,
    "log_attack_time": -0.301246702671051,
    "filesize": 59120,
    "single_event": true,
    "tonality": "D# major",
    "tonality_confidence": 0.4500972330570221,
    "loop": false,
    "tempo": 123,
    "tempo_confidence": 0.0,
    "note_midi": 36,
    "note_name": "C2",
    "note_frequency": 64.66665649414062,
    "note_confidence": 0.4641905426979065,
    "hardness": 40.5603156600537,
    "depth": 66.9820185600514,
    "brightness": 39.28103544392499,
    "roughness": 49.16928911430749,
    "warmth": 65.30461861551669,
    "sharpness": 22.33364200473747,
    "boominess": 44.15409997202981,
    "reverb": false,
    "genre": "Genre A",
    "mood": "Mood A"
}