{
    "duration": 1.8461250066757202,
    "lossless": 1.0,
    "codec": "pcm_s16le",
    "bitrate": 256000.0,
    "samplerate": 16000.0,
    "channels": 1.0,
    "audio_md5": "b1ccb929f7a85ecafd532b5f6ff4a4be",
    "loudness": -27.924253463745117,
    "dynamic_range": 0.0,
    "temporal_centroid": 0.4834548234939575,
    "log_attack_time": -0.6581147909164429,
    "filesize": 59120,
    "single_event": true,
    "tonality": "C# minor",
    "tonality_confidence": 0.4716792404651642,
    "loop": false,
    "tempo": 161,
    "tempo_confidence": 0.0,
    "note_midi": 37,
    "note_name": "C#2",
    "note_frequency": 70.45867919921875,
    "note_confidence": 0.44079798460006714,
    "hardness": 42.15342326145645,
    "depth": 66.15372455406121,
    "brightness": 40.468956438136715,
    "roughness": 49.675108386473646,
    "warmth": 64.36261793265402,
    "sharpness": 24.965035366971556,
    "boominess": 43.65254107278486,
    "reverb": false,
    "genre": "Genre A",
    "mood": "Mood A"
}