{
    "duration": 1.8461250066757202,
    "lossless": 1.0,
    "codec": "pcm_s16le",
    "bitrate": 256000.0,
    "samplerate": 16000.0,
    "channels": 1.0,
    "audio_md5": "cfe744e3aca748ba4de383ac683168c9",
    "loudness": -17.092327117919922,
    "dynamic_range": 0.0,
    "temporal_centroid": 0.48801788687705994,
    "log_attack_time": -0.7697828412055969,
    "filesize": 59120,
    "single_event": true,
    "tonality": "C major",
    "tonality_confidence": 0.6178887486457825,
    "loop": false,
    "tempo": 161,
    "tempo_confidence": 0.0,
    "note_midi": 29,
    "note_name": "F1",
    "note_frequency": 43.024391174316406,
    "note_confidence": 0.408112108707428,
    "hardness": 33.721274725663804,
    "depth": 74.46933224614341,
    "brightness": 28.317286701705413,
    "roughness": 44.37047589397166,
    "warmth": 60.61381287007234,
    "sharpness": 39.77094839391132,
    "boominess": 48.25281630234812,
    "reverb": false,
    "genre": "Genre A",
    "mood": "Mood A"
}