{
    "duration": 1.8461250066757202,
    "lossless": 1.0,
    "codec": "pcm_s16le",
    "bitrate": 256000.0,
    "samplerate": 16000.0,
    "channels": 1.0,
    "audio_md5": "de31512c571ef397059a48144f545f1d",
    "loudness": -26.6490421295166,
    "dynamic_range": 0.0,
    "temporal_centroid": 0.4832122325897217,
    "log_attack_time": -0.6214743852615356,
    "filesize": 59120,
    "single_event": true,
    "tonality": "D# major",
    "tonality_confidence": 0.6194189190864563,
    "loop": false,
    "tempo": 134,
    "tempo_confidence": 0.0,
    "note_midi": 36,
    "note_name": "C2",
    "note_frequency": 65.3810806274414,
    "note_confidence": 0.4511412978172302,
    "hardness": 38.42991604921248,
    "depth": 66.20160390079998,
    "brightness": 40.2253137169707,
    "roughness": 50.04186577796709,
    "warmth": 65.63411680075478,
    "sharpness": 22.893652368317756,
    "boominess": 43.65686491883275,
    "reverb": false,
    "genre": "Genre A",
    "mood": "Mood A"
}