{
    "duration": 1.8461250066757202,
    "lossless": 1.0,
    "codec": "pcm_s16le",
    "bitrate": 256000.0,
    "samplerate": 16000.0,
    "channels": 1.0,
    "audio_md5": "905638a63aa1c42267221c861a4ee9e6",
    "loudness": -26.324445724487305,
    "dynamic_range": 0.0,
    "temporal_centroid": 0.5748140215873718,
    "log_attack_time": -0.4398573935031891,
    "filesize": 59120,
    "single_event": true,
    "tonality": "A# minor",
    "tonality_confidence": 0.6456701159477234,
    "loop": false,
    "tempo": 167,
    "tempo_confidence": 0.0,
    "note_midi": 31,
    "note_name": "G1",
    "note_frequency": 50.367950439453125,
    "note_confidence": 0.4537281394004822,
    "hardness": 33.15596927624895,
    "depth": 68.78887116132782,
    "brightness": 31.88816013358916,
    "roughness": 34.27171310838366,
    "warmth": 59.21469255043698,
    "sharpness": 31.004553759622826,
    "boominess": 54.68503833440428,
    "reverb": false,
    "genre": "Genre A",
    "mood": "Mood A"
}