{
    "duration": 1.8461250066757202,
    "lossless": 1.0,
    "codec": "pcm_s16le",
    "bitrate": 256000.0,
    "samplerate": 16000.0,
    "channels": 1.0,
    "audio_md5": "a759e9686ca72d5bd9c69f416ffc7f45",
    "loudness": -18.8088436126709,
    "dynamic_range": 0.0,
    "temporal_centroid": 0.47845226526260376,
    "log_attack_time": -0.6459612846374512,
    "filesize": 59120,
    "single_event": true,
    "tonality": "G# major",
    "tonality_confidence": 0.5736100077629089,
    "loop": false,
    "tempo": 133,
    "tempo_confidence": 0.0,
    "note_midi": 29,
    "note_name": "F1",
    "note_frequency": 43.024391174316406,
    "note_confidence": 0.3462090492248535,
    "hardness": 34.79090154199031,
    "depth": 72.98298973506547,
    "brightness": 26.897771674800758,
    "roughness": 43.21592546474265,
    "warmth": 62.4755367750304,
    "sharpness": 39.13272152796968,
    "boominess": 47.5847187193018,
    "reverb": false,
    "genre": "Genre A",
    "mood": "Mood A"
}