{
    "duration": 1.8461250066757202,
    "lossless": 1.0,
    "codec": "pcm_s16le",
    "bitrate": 256000.0,
    "samplerate": 16000.0,
    "channels": 1.0,
    "audio_md5": "69405a154a87fe7bbcabbb2b24288940",
    "loudness": -27.37652587890625,
    "dynamic_range": 0.0,
    "temporal_centroid": 0.49090689420700073,
    "log_attack_time": -0.6670351028442383,
    "filesize": 59120,
    "single_event": true,
    "tonality": "E minor",
    "tonality_confidence": 0.6893616318702698,
    "loop": false,
    "tempo": 85,
    "tempo_confidence": 0.0,
    "note_midi": 36,
    "note_name": "C2",
    "note_frequency": 64.61686706542969,
    "note_confidence": 0.39159828424453735,
    "hardness": 38.20060472188179,
    "depth": 67.39841267757451,
    "brightness": 41.21546250862214,
    "roughness": 49.66857270180454,
    "warmth": 65.9302924632504,
    "sharpness": 26.04869247503733,
    "boominess": 43.98663858451455,
    "reverb": false,
    "genre": "Genre A",
    "mood": "Mood A"
}