{
    "duration": 1.8461250066757202,
    "lossless": 1.0,
    "codec": "pcm_s16le",
    "bitrate": 256000.0,
    "samplerate": 16000.0,
    "channels": 1.0,
    "audio_md5": "c8822edb35d1229741cf87f97f663349",
    "loudness": -29.73512077331543,
    "dynamic_range": 0.0,
    "temporal_centroid": 0.42772015929222107,
    "log_attack_time": -0.690582275390625,
    "filesize": 59120,
    "single_event": true,
    "tonality": "C major",
    "tonality_confidence": 0.44156700372695923,
    "loop": false,
    "tempo": 122,
    "tempo_confidence": 0.0,
    "note_midi": 37,
    "note_name": "C#2",
    "note_frequency": 67.71438598632812,
    "note_confidence": 0.46218931674957275,
    "hardness": 41.02694163512541,
    "depth": 63.45112657142518,
    "brightness": 38.583831952105704,
    "roughness": 49.28457999060814,
    "warmth": 63.275825110127066,
    "sharpness": 21.906282116806736,
    "boominess": 43.683666261424804,
    "reverb": false,
    "genre": "Genre A",
    "mood": "Mood A"
}