{
    "duration": 1.8461250066757202,
    "lossless": 1.0,
    "codec": "pcm_s16le",
    "bitrate": 256000.0,
    "samplerate": 16000.0,
    "channels": 1.0,
    "audio_md5": "fe9866182f5fb7fe439a5f2e7de5b928",
    "loudness": -27.21570587158203,
    "dynamic_range": 0.0,
    "temporal_centroid": 0.47792139649391174,
    "log_attack_time": -1.8985837697982788,
    "filesize": 59120,
    "single_event": true,
    "tonality": "A minor",
    "tonality_confidence": 0.8350677490234375,
    "loop": false,
    "tempo": 101,
    "tempo_confidence": 0.0,
    "note_midi": 35,
    "note_name": "B1",
    "note_frequency": 62.495086669921875,
    "note_confidence": 0.36398762464523315,
    "hardness": 31.662594827416896,
    "depth": 66.16192176301922,
    "brightness": 32.195057092959125,
    "roughness": 32.1319102470323,
    "warmth": 59.79836272510891,
    "sharpness": 18.512561439343536,
    "boominess": 58.004134022035515,
    "reverb": false,
    "genre": "Genre A",
    "mood": "Mood A"
}