{
    "duration": 1.8461250066757202,
    "lossless": 1.0,
    "codec": "pcm_s16le",
    "bitrate": 256000.0,
    "samplerate": 16000.0,
    "channels": 1.0,
    "audio_md5": "48b9894339b4576dcb239b66ecce3869",
    "loudness": -19.616962432861328,
    "dynamic_range": 0.0,
    "temporal_centroid": 0.46622368693351746,
    "log_attack_time": -0.33270591497421265,
    "filesize": 59120,
    "single_event": true,
    "tonality": "F# major",
    "tonality_confidence": 0.30066588521003723,
    "loop": false,
    "tempo": 108,
    "tempo_confidence": 0.0,
    "note_midi": 33,
    "note_name": "A1",
    "note_frequency": 54.00383758544922,
    "note_confidence": 0.8237631320953369,
    "hardness": 33.509895736164964,
    "depth": 73.41781695499486,
    "brightness": 28.839713904822432,
    "roughness": 36.26225092369057,
    "warmth": 59.46077488273339,
    "sharpness": 36.93037306011273,
    "boominess": 51.50410717130484,
    "reverb": false,
    "genre": "Genre A",
    "mood": "Mood A"
}