{
    "duration": 1.8461250066757202,
    "lossless": 1.0,
    "codec": "pcm_s16le",
    "bitrate": 256000.0,
    "samplerate": 16000.0,
    "channels": 1.0,
    "audio_md5": "20e832df5b85b97da16c5f310d006ba8",
    "loudness": -29.91569709777832,
    "dynamic_range": 0.0,
    "temporal_centroid": 0.5469911694526672,
    "log_attack_time": -1.7490160465240479,
    "filesize": 59120,
    "single_event": true,
    "tonality": "A# minor",
    "tonality_confidence": 0.7542786002159119,
    "loop": false,
    "tempo": 103,
    "tempo_confidence": 0.0,
    "note_midi": 30,
    "note_name": "F#1",
    "note_frequency": 47.28650665283203,
    "note_confidence": 0.377966046333313,
    "hardness": 34.16533256993047,
    "depth": 68.76397976155016,
    "brightness": 31.986808664482634,
    "roughness": 36.2717246937314,
    "warmth": 59.70514738115121,
    "sharpness": 26.81918373551409,
    "boominess": 55.374361203038156,
    "reverb": false,
    "genre": "Genre A",
    "mood": "Mood A"
}