{
    "duration": 1.8461250066757202,
    "lossless": 1.0,
    "codec": "pcm_s16le",
    "bitrate": 256000.0,
    "samplerate": 16000.0,
    "channels": 1.0,
    "audio_md5": "8bc1bc5ddcd42a3127c06fc6be4e306c",
    "loudness": -34.06140899658203,
    "dynamic_range": 0.0,
    "temporal_centroid": 0.47568070888519287,
    "log_attack_time": -0.4414328932762146,
    "filesize": 59120,
    "single_event": true,
    "tonality": "A major",
    "tonality_confidence": 0.35548922419548035,
    "loop": false,
    "tempo": 135,
    "tempo_confidence": 0.0,
    "note_midi": 32,
    "note_name": "G#1",
    "note_frequency": 52.59840774536133,
    "note_confidence": 0.27109062671661377,
    "hardness": 52.21418830550476,
    "depth": 71.70844323938658,
    "brightness": 34.648251204948494,
    "roughness": 47.692270792205086,
    "warmth": 65.54623375022261,
    "sharpness": 26.44297028361147,
    "boominess": 45.21905426460167,
    "reverb": false,
    "genre": "Genre A",
    "mood": "Mood A"
}