{
    "duration": 1.8461250066757202,
    "lossless": 1.0,
    "codec": "pcm_s16le",
    "bitrate": 256000.0,
    "samplerate": 16000.0,
    "channels": 1.0,
    "audio_md5": "3fba08de20d1c09add062370fcf25c6b",
    "loudness": -19.200742721557617,
    "dynamic_range": 0.0,
    "temporal_centroid": 0.49220865964889526,
    "log_attack_time": -0.3393667936325073,
    "filesize": 59120,
    "single_event": true,
    "tonality": "C minor",
    "tonality_confidence": 0.3726031184196472,
    "loop": false,
    "tempo": 105,
    "tempo_confidence": 0.0,
    "note_midi": 34,
    "note_name": "A#1",
    "note_frequency": 58.552974700927734,
    "note_confidence": 0.6932481527328491,
    "hardness": 29.296618377256323,
    "depth": 68.23906834967629,
    "brightness": 31.224542337508222,
    "roughness": 39.71524718903629,
    "warmth": 61.06312892540569,
    "sharpness": 26.97095078385803,
    "boominess": 55.14461314803584,
    "reverb": false,
    "genre": "Genre A",
    "mood": "Mood A"
}