{
    "duration": 1.8461250066757202,
    "lossless": 1.0,
    "codec": "pcm_s16le",
    "bitrate": 256000.0,
    "samplerate": 16000.0,
    "channels": 1.0,
    "audio_md5": "fc3e0aae274830051873fee451d0a568",
    "loudness": -35.202640533447266,
    "dynamic_range": 0.0,
    "temporal_centroid": 0.5726701021194458,
    "log_attack_time": -0.15715879201889038,
    "filesize": 59120,
    "single_event": true,
    "tonality": "C major",
    "tonality_confidence": 0.6264746189117432,
    "loop": false,
    "tempo": 103,
    "tempo_confidence": 0.0,
    "note_midi": 40,
    "note_name": "E2",
    "note_frequency": 81.87347412109375,
    "note_confidence": 0.47555840015411377,
    "hardness": 41.21132792640216,
    "depth": 59.68214292059578,
    "brightness": 41.02880572222901,
    "roughness": 37.305926583273674,
    "warmth": 59.78285322263095,
    "sharpness": 20.845755781816315,
    "boominess": 47.08383242832676,
    "reverb": false,
    "genre": "Genre A",
    "mood": "Mood A"
}