{
    "duration": 1.8461250066757202,
    "lossless": 1.0,
    "codec": "pcm_s16le",
    "bitrate": 256000.0,
    "samplerate": 16000.0,
    "channels": 1.0,
    "audio_md5": "0ce4a0065f8553c247c525a127d1fe6a",
    "loudness": -18.063932418823242,
    "dynamic_range": 0.0,
    "temporal_centroid": 0.48218223452568054,
    "log_attack_time": -0.78206866979599,
    "filesize": 59120,
    "single_event": true,
    "tonality": "F major",
    "tonality_confidence": 0.7529312968254089,
    "loop": false,
    "tempo": 134,
    "tempo_confidence": 0.0,
    "note_midi": 29,
    "note_name": "F1",
    "note_frequency": 43.024391174316406,
    "note_confidence": 0.44005024433135986,
    "hardness": 32.885503889686106,
    "depth": 73.43603579209173,
    "brightness": 28.546830167010118,
    "roughness": 44.30020614768929,
    "warmth": 62.05262835478784,
    "sharpness": 39.93429289761797,
    "boominess": 48.02398366445395,
    "reverb": false,
    "genre": "Genre A",
    "mood": "Mood A"
}