{
    "duration": 1.8461250066757202,
    "lossless": 1.0,
    "codec": "pcm_s16le",
    "bitrate": 256000.0,
    "samplerate": 16000.0,
    "channels": 1.0,
    "audio_md5": "368b60d5a02e0faf8cd1512a75cee9e9",
    "loudness": -36.55997085571289,
    "dynamic_range": 0.0,
    "temporal_centroid": 0.502949595451355,
    "log_attack_time": -0.09297638386487961,
    "filesize": 59120,
    "single_event": true,
    "tonality": "G major",
    "tonality_confidence": 0.5757645964622498,
    "loop": false,
    "tempo": 172,
    "tempo_confidence": 0.0,
    "note_midi": 39,
    "note_name": "D#2",
    "note_frequency": 78.73713684082031,
    "note_confidence": 0.4742685556411743,
    "hardness": 40.220265657856274,
    "depth": 56.25501661409309,
    "brightness": 40.61833098068638,
    "roughness": 39.749180523314486,
    "warmth": 59.23535704737357,
    "sharpness": 26.970668266074373,
    "boominess": 46.11614589968565,
    "reverb": false,
    "genre": "Genre A",
    "mood": "Mood A"
}