{
    "duration": 1.8461250066757202,
    "lossless": 1.0,
    "codec": "pcm_s16le",
    "bitrate": 256000.0,
    "samplerate": 16000.0,
    "channels": 1.0,
    "audio_md5": "94febaf9744e5469d344bf1d66297943",
    "loudness": -27.581790924072266,
    "dynamic_range": 0.0,
    "temporal_centroid": 0.514392077922821,
    "log_attack_time": -1.7937922477722168,
    "filesize": 59120,
    "single_event": true,
    "tonality": "F major",
    "tonality_confidence": 0.7448638677597046,
    "loop": false,
    "tempo": 103,
    "tempo_confidence": 0.0,
    "note_midi": 33,
    "note_name": "A1",
    "note_frequency": 55.36700439453125,
    "note_confidence": 0.4501434564590454,
    "hardness": 29.80948587962955,
    "depth": 68.80278495966607,
    "brightness": 32.08935856213372,
    "roughness": 31.71010762425702,
    "warmth": 60.07094832064972,
    "sharpness": 28.16635731422243,
    "boominess": 55.32384006280207,
    "reverb": false,
    "genre": "Genre A",
    "mood": "Mood A"
}