{
    "duration": 1.8461250066757202,
    "lossless": 1.0,
    "codec": "pcm_s16le",
    "bitrate": 256000.0,
    "samplerate": 16000.0,
    "channels": 1.0,
    "audio_md5": "c9ecb22ebbebc8b0c71b73a6546b6f58",
    "loudness": -18.116262435913086,
    "dynamic_range": 0.0,
    "temporal_centroid": 0.5231876373291016,
    "log_attack_time": 0.2523576319217682,
    "filesize": 59120,
    "single_event": true,
    "tonality": "F minor",
    "tonality_confidence": 0.5601314306259155,
    "loop": false,
    "tempo": 149,
    "tempo_confidence": 0.0,
    "note_midi": 29,
    "note_name": "F1",
    "note_frequency": 43.024391174316406,
    "note_confidence": 0.34610462188720703,
    "hardness": 35.26305006785179,
    "depth": 72.45745854898365,
    "brightness": 25.27138701786917,
    "roughness": 43.30062034914436,
    "warmth": 60.64668728099752,
    "sharpness": 43.64038655645881,
    "boominess": 46.16790482448667,
    "reverb": false,
    "genre": "Genre A",
    "mood": "Mood A"
}