{
    "duration": 1.8461250066757202,
    "lossless": 1.0,
    "codec": "pcm_s16le",
    "bitrate": 256000.0,
    "samplerate": 16000.0,
    "channels": 1.0,
    "audio_md5": "cec4b6a438372e48b803682c95f882c1",
    "loudness": -27.625225067138672,
    "dynamic_range": 0.0,
    "temporal_centroid": 0.4915948808193207,
    "log_attack_time": -0.30910107493400574,
    "filesize": 59120,
    "single_event": true,
    "tonality": "A minor",
    "tonality_confidence": 0.450652539730072,
    "loop": false,
    "tempo": 129,
    "tempo_confidence": 0.0,
    "note_midi": 35,
    "note_name": "B1",
    "note_frequency": 60.68721389770508,
    "note_confidence": 0.3707829713821411,
    "hardness": 39.07713635236921,
    "depth": 66.66655952584269,
    "brightness": 39.89669710855916,
    "roughness": 48.49776315712231,
    "warmth": 65.78346051873567,
    "sharpness": 23.937170906064843,
    "boominess": 44.42392327251487,
    "reverb": false,
    "genre": "Genre A",
    "mood": "Mood A"
}