{
    "duration": 1.8461250066757202,
    "lossless": 1.0,
    "codec": "pcm_s16le",
    "bitrate": 256000.0,
    "samplerate": 16000.0,
    "channels": 1.0,
    "audio_md5": "22d88db9dcfd2bbde4bbf50015424cb8",
    "loudness": -16.487878799438477,
    "dynamic_range": 0.0,
    "temporal_centroid": 0.4749368727207184,
    "log_attack_time": -0.5105485916137695,
    "filesize": 59120,
    "single_event": true,
    "tonality": "B major",
    "tonality_confidence": 0.3141803741455078,
    "loop": false,
    "tempo": 83,
    "tempo_confidence": 0.0,
    "note_midi": 30,
    "note_name": "F#1",
    "note_frequency": 46.75043487548828,
    "note_confidence": 0.6242159605026245,
    "hardness": 30.119397267894954,
    "depth": 72.72781241099032,
    "brightness": 30.02105568282029,
    "roughness": 43.50549147362996,
    "warmth": 61.44567531894149,
    "sharpness": 36.2276535904564,
    "boominess": 50.148718763978565,
    "reverb": false,
    "genre": "Genre A",
    "mood": "Mood A"
}