{
    "duration": 1.8461250066757202,
    "lossless": 1.0,
    "codec": "pcm_s16le",
    "bitrate": 256000.0,
    "samplerate": 16000.0,
    "channels": 1.0,
    "audio_md5": "6bb1893b9e299e4ae658ab8de10d4fcd",
    "loudness": -27.818910598754883,
    "dynamic_range": 0.0,
    "temporal_centroid": 0.4922436773777008,
    "log_attack_time": -0.638786256313324,
    "filesize": 59120,
    "single_event": true,
    "tonality": "D# major",
    "tonality_confidence": 0.39749497175216675,
    "loop": false,
    "tempo": 131,
    "tempo_confidence": 0.0,
    "note_midi": 35,
    "note_name": "B1",
    "note_frequency": 61.66245651245117,
    "note_confidence": 0.3854573369026184,
    "hardness": 43.602482674864405,
    "depth": 66.86304969569873,
    "brightness": 40.57824998192657,
    "roughness": 48.54555018170654,
    "warmth": 65.66558507559903,
    "sharpness": 24.78239278981636,
    "boominess": 44.37280813178177,
    "reverb": false,
    "genre": "Genre A",
    "mood": "Mood A"
}