{
    "duration": 1.8461250066757202,
    "lossless": 1.0,
    "codec": "pcm_s16le",
    "bitrate": 256000.0,
    "samplerate": 16000.0,
    "channels": 1.0,
    "audio_md5": "ae3bb372bfd85f369973b1edc22ee7dd",
    "loudness": -27.402111053466797,
    "dynamic_range": 0.0,
    "temporal_centroid": 0.48776185512542725,
    "log_attack_time": -0.5998204350471497,
    "filesize": 59120,
    "single_event": true,
    "tonality": "A minor",
    "tonality_confidence": 0.7461791634559631,
    "loop": false,
    "tempo": 131,
    "tempo_confidence": 0.0,
    "note_midi": 36,
    "note_name": "C2",
    "note_frequency": 63.76417541503906,
    "note_confidence": 0.42156559228897095,
    "hardness": 41.96377128834304,
    "depth": 67.05707898457193,
    "brightness": 39.59734395266166,
    "roughness": 49.571812574157896,
    "warmth": 66.39539478780617,
    "sharpness": 23.10460652558379,
    "boominess": 44.2677251688534,
    "reverb": false,
    "genre": "Genre B",
    "mood": "Mood B"
}