{
    "duration": 1.8461250066757202,
    "lossless": 1.0,
    "codec": "pcm_s16le",
    "bitrate": 256000.0,
    "samplerate": 16000.0,
    "channels": 1.0,
    "audio_md5": "d6de4db1bd1614338b8ea51aad2eed32",
    "loudness": -16.948482513427734,
    "dynamic_range": 0.0,
    "temporal_centroid": 0.46501877903938293,
    "log_attack_time": -0.875430703163147,
    "filesize": 59120,
    "single_event": true,
    "tonality": "A# major",
    "tonality_confidence": 0.746096134185791,
    "loop": false,
    "tempo": 172,
    "tempo_confidence": 0.0,
    "note_midi": 29,
    "note_name": "F1",
    "note_frequency": 43.024391174316406,
    "note_confidence": 0.5365421772003174,
    "hardness": 33.851231156095295,
    "depth": 73.86528229823385,
    "brightness": 29.60399205182784,
    "roughness": 42.62060809366499,
    "warmth": 62.40020973414195,
    "sharpness": 38.47811018753241,
    "boominess": 49.17115096562279,
    "reverb": false,
    "genre": "Genre A",
    "mood": "Mood A"
}