{
    "duration": 1.8461250066757202,
    "lossless": 1.0,
    "codec": "pcm_s16le",
    "bitrate": 256000.0,
    "samplerate": 16000.0,
    "channels": 1.0,
    "audio_md5": "4f26419e63de9079f77ef51446d83c09",
    "loudness": -16.42223358154297,
    "dynamic_range": 0.0,
    "temporal_centroid": 0.49030762910842896,
    "log_attack_time": -0.5092741250991821,
    "filesize": 59120,
    "single_event": true,
    "tonality": "C minor",
    "tonality_confidence": 0.9112962484359741,
    "loop": false,
    "tempo": 161,
    "tempo_confidence": 0.0,
    "note_midi": 29,
    "note_name": "F1",
    "note_frequency": 43.024391174316406,
    "note_confidence": 0.42809170484542847,
    "hardness": 34.05459532041458,
    "depth": 68.22445743149031,
    "brightness": 28.253880436521737,
    "roughness": 42.57555155757037,
    "warmth": 61.68235406185372,
    "sharpness": 38.14487511320007,
    "boominess": 49.37328736080842,
    "reverb": false,
    "genre": "Genre A",
    "mood": "Mood A"
}