{
    "duration": 1.8461250066757202,
    "lossless": 1.0,
    "codec": "pcm_s16le",
    "bitrate": 256000.0,
    "samplerate": 16000.0,
    "channels": 1.0,
    "audio_md5": "1b56544c46d8c6bfbb8deaa47ab93879",
    "loudness": -17.85685920715332,
    "dynamic_range": 0.0,
    "temporal_centroid": 0.4757801294326782,
    "log_attack_time": -0.766261637210846,
    "filesize": 59120,
    "single_event": true,
    "tonality": "F minor",
    "tonality_confidence": 0.4336462914943695,
    "loop": false,
    "tempo": 133,
    "tempo_confidence": 0.0,
    "note_midi": 29,
    "note_name": "F1",
    "note_frequency": 43.024391174316406,
    "note_confidence": 0.48917514085769653,
    "hardness": 32.59480878684512,
    "depth": 72.79489930254105,
    "brightness": 29.133820758808188,
    "roughness": 44.47536825665515,
    "warmth": 63.06029602460445,
    "sharpness": 39.810258515434235,
    "boominess": 47.95389240355421,
    "reverb": false,
    "genre": "Genre A",
    "mood": "Mood A"
}