{
    "duration": 1.8461250066757202,
    "lossless": 1.0,
    "codec": "pcm_s16le",
    "bitrate": 256000.0,
    "samplerate": 16000.0,
    "channels": 1.0,
    "audio_md5": "d0571e411c189e24c430808bd40d855a",
    "loudness": -25.508285522460938,
    "dynamic_range": 0.0,
    "temporal_centroid": 0.532626211643219,
    "log_attack_time": -1.8196622133255005,
    "filesize": 59120,
    "single_event": true,
    "tonality": "F minor",
    "tonality_confidence": 0.6100217700004578,
    "loop": false,
    "tempo": 103,
    "tempo_confidence": 0.0,
    "note_midi": 33,
    "note_name": "A1",
    "note_frequency": 54.37508010864258,
    "note_confidence": 0.47501641511917114,
    "hardness": 33.4710396949789,
    "depth": 70.20359355182678,
    "brightness": 31.16177650506516,
    "roughness": 29.167377730818725,
    "warmth": 59.33349453215014,
    "sharpness": 26.501027386796164,
    "boominess": 56.32687441068008,
    "reverb": false,
    "genre": "Genre A",
    "mood": "Mood A"
}