{
    "duration": 1.8461250066757202,
    "lossless": 1.0,
    "codec": "pcm_s16le",
    "bitrate": 256000.0,
    "samplerate": 16000.0,
    "channels": 1.0,
    "audio_md5": "b2f5a5f91a39fd9ee1315436178a8041",
    "loudness": -28.3155517578125,
    "dynamic_range": 0.0,
    "temporal_centroid": 0.4480734169483185,
    "log_attack_time": -0.6113366484642029,
    "filesize": 59120,
    "single_event": true,
    "tonality": "D# minor",
    "tonality_confidence": 0.4514285922050476,
    "loop": false,
    "tempo": 133,
    "tempo_confidence": 0.0,
    "note_midi": 34,
    "note_name": "A#1",
    "note_frequency": 57.700965881347656,
    "note_confidence": 0.46131449937820435,
    "hardness": 43.85046759276511,
    "depth": 60.45382542629302,
    "brightness": 37.034945785391415,
    "roughness": 50.81055047961759,
    "warmth": 65.65971375844873,
    "sharpness": 22.711877940136404,
    "boominess": 42.90129793493858,
    "reverb": false,
    "genre": "Genre A",
    "mood": "Mood A"
}