{
    "duration": 1.8461250066757202,
    "lossless": 1.0,
    "codec": "pcm_s16le",
    "bitrate": 256000.0,
    "samplerate": 16000.0,
    "channels": 1.0,
    "audio_md5": "b7cda9ea0f0cb842a8ff6253d3c72acc",
    "loudness": -25.48455047607422,
    "dynamic_range": 0.0,
    "temporal_centroid": 0.4944257438182831,
    "log_attack_time": -0.8529584407806396,
    "filesize": 59120,
    "single_event": true,
    "tonality": "A# minor",
    "tonality_confidence": 0.3272193372249603,
    "loop": true,
    "tempo": 104,
    "tempo_confidence": 0.9830990433692932,
    "note_midi": 36,
    "note_name": "C2",
    "note_frequency": 66.64026641845703,
    "note_confidence": 0.32883334159851074,
    "hardness": 32.36032615041289,
    "depth": 68.24586578644129,
    "brightness": 31.67725574256292,
    "roughness": 28.324677984974684,
    "warmth": 58.926147805341884,
    "sharpness": 25.083218801158033,
    "boominess": 56.24304815652319,
    "reverb": false,
    "genre": "Genre A",
    "mood": "Mood A"
}