{
    "duration": 1.8461250066757202,
    "lossless": 1.0,
    "codec": "pcm_s16le",
    "bitrate": 256000.0,
    "samplerate": 16000.0,
    "channels": 1.0,
    "audio_md5": "88b941096cba953d1b174e5a9e38a57f",
    "loudness": -27.089771270751953,
    "dynamic_range": 0.0,
    "temporal_centroid": 0.522367000579834,
    "log_attack_time": -1.8970268964767456,
    "filesize": 59120,
    "single_event": true,
    "tonality": "F major",
    "tonality_confidence": 0.822655200958252,
    "loop": false,
    "tempo": 103,
    "tempo_confidence": 0.0,
    "note_midi": 34,
    "note_name": "A#1",
    "note_frequency": 56.826717376708984,
    "note_confidence": 0.4833252429962158,
    "hardness": 34.78955529830779,
    "depth": 68.97708486848651,
    "brightness": 32.09380372185974,
    "roughness": 34.14140169703564,
    "warmth": 60.21526705069599,
    "sharpness": 29.07174487969111,
    "boominess": 54.612212979819965,
    "reverb": false,
    "genre": "Genre A",
    "mood": "Mood A"
}