{
    "duration": 1.8461250066757202,
    "lossless": 1.0,
    "codec": "pcm_s16le",
    "bitrate": 256000.0,
    "samplerate": 16000.0,
    "channels": 1.0,
    "audio_md5": "eaf31d8f43b9ab94c3911f4a7867420a",
    "loudness": -35.44702911376953,
    "dynamic_range": 0.0,
    "temporal_centroid": 0.5383881330490112,
    "log_attack_time": -0.09155145287513733,
    "filesize": 59120,
    "single_event": true,
    "tonality": "G# major",
    "tonality_confidence": 0.5358750820159912,
    "loop": false,
    "tempo": 103,
    "tempo_confidence": 0.0,
    "note_midi": 42,
    "note_name": "F#2",
    "note_frequency": 92.17329406738281,
    "note_confidence": 0.4904770255088806,
    "hardness": 40.789758168027234,
    "depth": 58.797863463402216,
    "brightness": 41.78294066490177,
    "roughness": 36.10584227682918,
    "warmth": 59.48017347217362,
    "sharpness": 19.836941923387123,
    "boominess": 47.13135194513576,
    "reverb": false,
    "genre": "Genre A",
    "mood": "Mood A"
}