{
    "duration": 1.8461250066757202,
    "lossless": 1.0,
    "codec": "pcm_s16le",
    "bitrate": 256000.0,
    "samplerate": 16000.0,
    "channels": 1.0,
    "audio_md5": "c00885d67deea09248640f648b590649",
    "loudness": -35.85197830200195,
    "dynamic_range": 0.0,
    "temporal_centroid": 0.5738033056259155,
    "log_attack_time": -0.1581781804561615,
    "filesize": 59120,
    "single_event": true,
    "tonality": "C minor",
    "tonality_confidence": 0.7483721971511841,
    "loop": false,
    "tempo": 103,
    "tempo_confidence": 0.0,
    "note_midi": 40,
    "note_name": "E2",
    "note_frequency": 83.21104431152344,
    "note_confidence": 0.4948911666870117,
    "hardness": 41.97353395763993,
    "depth": 63.629813476204525,
    "brightness": 41.32411722375381,
    "roughness": 38.79643049834252,
    "warmth": 59.15453226009694,
    "sharpness": 22.23689752145826,
    "boominess": 47.11064056073944,
    "reverb": false,
    "genre": "Genre A",
    "mood": "Mood A"
}