{
    "duration": 1.8461250066757202,
    "lossless": 1.0,
    "codec": "pcm_s16le",
    "bitrate": 256000.0,
    "samplerate": 16000.0,
    "channels": 1.0,
    "audio_md5": "80489aff7c8da8e4685f7354a49e8425",
    "loudness": -35.9586181640625,
    "dynamic_range": 0.0,
    "temporal_centroid": 0.5574725270271301,
    "log_attack_time": -1.7781517505645752,
    "filesize": 59120,
    "single_event": true,
    "tonality": "G major",
    "tonality_confidence": 0.7234801054000854,
    "loop": false,
    "tempo": 103,
    "tempo_confidence": 0.0,
    "note_midi": 40,
    "note_name": "E2",
    "note_frequency": 82.98224639892578,
    "note_confidence": 0.46012938022613525,
    "hardness": 41.153108759212174,
    "depth": 60.3008936868725,
    "brightness": 41.376443149841094,
    "roughness": 37.766521798344684,
    "warmth": 59.41335652455587,
    "sharpness": 22.263135946755725,
    "boominess": 48.03494735745971,
    "reverb": false,
    "genre": "Genre A",
    "mood": "Mood A"
}