{
    "duration": 1.8461250066757202,
    "lossless": 1.0,
    "codec": "pcm_s16le",
    "bitrate": 256000.0,
    "samplerate": 16000.0,
    "channels": 1.0,
    "audio_md5": "197acf2636aadec0659b73a9c585b707",
    "loudness": -35.33306121826172,
    "dynamic_range": 0.0,
    "temporal_centroid": 0.4925669729709625,
    "log_attack_time": -0.09427142143249512,
    "filesize": 59120,
    "single_event": true,
    "tonality": "F# minor",
    "tonality_confidence": 0.34346917271614075,
    "loop": false,
    "tempo": 85,
    "tempo_confidence": 0.0,
    "note_midi": 40,
    "note_name": "E2",
    "note_frequency": 81.85569763183594,
    "note_confidence": 0.4304952025413513,
    "hardness": 45.74001595578238,
    "depth": 60.20390859590594,
    "brightness": 44.408714528588156,
    "roughness": 34.38258641912349,
    "warmth": 55.043069905271864,
    "sharpness": 31.720065401257322,
    "boominess": 45.10588857535926,
    "reverb": false,
    "genre": "Genre A",
    "mood": "Mood A"
}