{
    "duration": 1.8461250066757202,
    "lossless": 1.0,
    "codec": "pcm_s16le",
    "bitrate": 256000.0,
    "samplerate": 16000.0,
    "channels": 1.0,
    "audio_md5": "fe9c200d569e96b0738e631cc558cfd4",
    "loudness": -27.638769149780273,
    "dynamic_range": 0.0,
    "temporal_centroid": 0.4813990890979767,
    "log_attack_time": -0.6196246147155762,
    "filesize": 59120,
    "single_event": true,
    "tonality": "B major",
    "tonality_confidence": 0.5470536947250366,
    "loop": false,
    "tempo": 129,
    "tempo_confidence": 0.0,
    "note_midi": 35,
    "note_name": "B1",
    "note_frequency": 62.451847076416016,
    "note_confidence": 0.4169765114784241,
    "hardness": 43.26002721015911,
    "depth": 67.21870066824586,
    "brightness": 40.1225008088657,
    "roughness": 48.90464108536556,
    "warmth": 66.05870547172023,
    "sharpness": 24.191724705466576,
    "boominess": 44.22077483077628,
    "reverb": false,
    "genre": "Genre A",
    "mood": "Mood A"
}