{
    "duration": 1.8461250066757202,
    "lossless": 1.0,
    "codec": "pcm_s16le",
    "bitrate": 256000.0,
    "samplerate": 16000.0,
    "channels": 1.0,
    "audio_md5": "fe30b3b80f7eb5ffe1c276a029ebd592",
    "loudness": -34.60261535644531,
    "dynamic_range": 0.0,
    "temporal_centroid": 0.4703342616558075,
    "log_attack_time": -1.7413487434387207,
    "filesize": 59120,
    "single_event": true,
    "tonality": "F major",
    "tonality_confidence": 0.7671030759811401,
    "loop": false,
    "tempo": 148,
    "tempo_confidence": 0.0,
    "note_midi": 34,
    "note_name": "A#1",
    "note_frequency": 56.6606330871582,
    "note_confidence": 0.39409077167510986,
    "hardness": 36.749460095332665,
    "depth": 65.59736284426575,
    "brightness": 37.64000605968711,
    "roughness": 34.17372898162683,
    "warmth": 61.158964263004826,
    "sharpness": 27.429048300328787,
    "boominess": 51.517702588515164,
    "reverb": false,
    "genre": "Genre A",
    "mood": "Mood A"
}