{
    "duration": 1.8461250066757202,
    "lossless": 1.0,
    "codec": "pcm_s16le",
    "bitrate": 256000.0,
    "samplerate": 16000.0,
    "channels": 1.0,
    "audio_md5": "93cfa701f7dc7035c48fd59bee9268d5",
    "loudness": -26.6697940826416,
    "dynamic_range": 0.0,
    "temporal_centroid": 0.4081007242202759,
    "log_attack_time": -1.8728511333465576,
    "filesize": 59120,
    "single_event": true,
    "tonality": "C major",
    "tonality_confidence": 0.2624437212944031,
    "loop": false,
    "tempo": 172,
    "tempo_confidence": 0.0,
    "note_midi": 34,
    "note_name": "A#1",
    "note_frequency": 58.85213088989258,
    "note_confidence": 0.24755746126174927,
    "hardness": 31.373470914939773,
    "depth": 64.38000639753015,
    "brightness": 32.00319681993149,
    "roughness": 28.461361716541766,
    "warmth": 58.08679131308594,
    "sharpness": 17.46247305886936,
    "boominess": 59.21282397620332,
    "reverb": false,
    "genre": "Genre A",
    "mood": "Mood A"
}