{
    "duration": 1.8461250066757202,
    "lossless": 1.0,
    "codec": "pcm_s16le",
    "bitrate": 256000.0,
    "samplerate": 16000.0,
    "channels": 1.0,
    "audio_md5": "bb5cf8742b37fd716af6695e2b342d40",
    "loudness": -29.2587890625,
    "dynamic_range": 0.0,
    "temporal_centroid": 0.4991350471973419,
    "log_attack_time": -0.08893302083015442,
    "filesize": 59120,
    "single_event": true,
    "tonality": "B minor",
    "tonality_confidence": 0.7660785913467407,
    "loop": true,
    "tempo": 99,
    "tempo_confidence": 0.9896734952926636,
    "note_midi": 36,
    "note_name": "C2",
    "note_frequency": 63.6859245300293,
    "note_confidence": 0.4617235064506531,
    "hardness": 42.255978236027445,
    "depth": 60.24362807898929,
    "brightness": 41.0002155752432,
    "roughness": 51.02031840705984,
    "warmth": 64.2209245119655,
    "sharpness": 23.97210918624697,
    "boominess": 43.538721874657355,
    "reverb": false,
    "genre": "Genre A",
    "mood": "Mood A"
}