{
    "duration": 1.8461250066757202,
    "lossless": 1.0,
    "codec": "pcm_s16le",
    "bitrate": 256000.0,
    "samplerate": 16000.0,
    "channels": 1.0,
    "audio_md5": "ed4a9113383f391562bbb6027ea7846b",
    "loudness": -17.684946060180664,
    "dynamic_range": 0.0,
    "temporal_centroid": 0.5139662623405457,
    "log_attack_time": 0.1651548147201538,
    "filesize": 59120,
    "single_event": true,
    "tonality": "G minor",
    "tonality_confidence": 0.3334405720233917,
    "loop": false,
    "tempo": 101,
    "tempo_confidence": 0.0,
    "note_midi": 32,
    "note_name": "G#1",
    "note_frequency": 51.83962631225586,
    "note_confidence": 0.7701985836029053,
    "hardness": 31.349022348859677,
    "depth": 69.33961383918285,
    "brightness": 28.534444974761865,
    "roughness": 40.26019956216599,
    "warmth": 60.25671182981239,
    "sharpness": 39.34319308217277,
    "boominess": 49.691323013845626,
    "reverb": false,
    "genre": "Genre A",
    "mood": "Mood A"
}