{
    "duration": 1.8461250066757202,
    "lossless": 1.0,
    "codec": "pcm_s16le",
    "bitrate": 256000.0,
    "samplerate": 16000.0,
    "channels": 1.0,
    "audio_md5": "c7395c8c8cf9d499daf7fb989e90cdf2",
    "loudness": -39.5372314453125,
    "dynamic_range": 0.0,
    "temporal_centroid": 0.5122387409210205,
    "log_attack_time": 0.047305747866630554,
    "filesize": 59120,
    "single_event": true,
    "tonality": "B minor",
    "tonality_confidence": 0.6444215178489685,
    "loop": false,
    "tempo": 99,
    "tempo_confidence": 0.0,
    "note_midi": 35,
    "note_name": "B1",
    "note_frequency": 62.25655746459961,
    "note_confidence": 0.3991895914077759,
    "hardness": 47.61930044271412,
    "depth": 50.15803780006269,
    "brightness": 48.244131470150556,
    "roughness": 50.396002749571714,
    "warmth": 58.516958364237844,
    "sharpness": 29.607814616117018,
    "boominess": 39.17965892643104,
    "reverb": false,
    "genre": "Genre B",
    "mood": "Mood B"
}