{
    "duration": 1.8461250066757202,
    "lossless": 1.0,
    "codec": "pcm_s16le",
    "bitrate": 256000.0,
    "samplerate": 16000.0,
    "channels": 1.0,
    "audio_md5": "6842f35b7a679d7f0925beeb21882fcf",
    "loudness": -18.61468505859375,
    "dynamic_range": 0.0,
    "temporal_centroid": 0.5163106918334961,
    "log_attack_time": 0.16104869544506073,
    "filesize": 59120,
    "single_event": true,
    "tonality": "B minor",
    "tonality_confidence": 0.6945074796676636,
    "loop": false,
    "tempo": 128,
    "tempo_confidence": 0.0,
    "note_midi": 32,
    "note_name": "G#1",
    "note_frequency": 53.0239372253418,
    "note_confidence": 0.8406263589859009,
    "hardness": 30.149373680666912,
    "depth": 68.66357454043255,
    "brightness": 27.843475932005813,
    "roughness": 38.4083265046907,
    "warmth": 59.90391467184435,
    "sharpness": 34.537545753505654,
    "boominess": 53.37205884233339,
    "reverb": false,
    "genre": "Genre A",
    "mood": "Mood A"
}