{
    "duration": 1.8461250066757202,
    "lossless": 1.0,
    "codec": "pcm_s16le",
    "bitrate": 256000.0,
    "samplerate": 16000.0,
    "channels": 1.0,
    "audio_md5": "bde231c4c86b6e68c0e1c98d1b180d8a",
    "loudness": -21.024797439575195,
    "dynamic_range": 0.0,
    "temporal_centroid": 0.5020599365234375,
    "log_attack_time": -0.6398162841796875,
    "filesize": 59120,
    "single_event": true,
    "tonality": "B minor",
    "tonality_confidence": 0.614971399307251,
    "loop": false,
    "tempo": 207,
    "tempo_confidence": 0.0,
    "note_midi": 33,
    "note_name": "A1",
    "note_frequency": 56.23404312133789,
    "note_confidence": 0.46765756607055664,
    "hardness": 31.033281567995488,
    "depth": 68.15213972100156,
    "brightness": 30.122718919931348,
    "roughness": 43.370764759844626,
    "warmth": 62.41747442281507,
    "sharpness": 26.372814127281575,
    "boominess": 53.43381553442409,
    "reverb": false,
    "genre": "Genre A",
    "mood": "Mood A"
}