{
    "duration": 1.8461250066757202,
    "lossless": 1.0,
    "codec": "pcm_s16le",
    "bitrate": 256000.0,
    "samplerate": 16000.0,
    "channels": 1.0,
    "audio_md5": "4c6b961d2d2ee4c564f2eb74c5dfda8c",
    "loudness": -29.426990509033203,
    "dynamic_range": 0.0,
    "temporal_centroid": 0.4983431398868561,
    "log_attack_time": -0.6324455142021179,
    "filesize": 59120,
    "single_event": true,
    "tonality": "B minor",
    "tonality_confidence": 0.6414191126823425,
    "loop": false,
    "tempo": 154,
    "tempo_confidence": 0.0,
    "note_midi": 36,
    "note_name": "C2",
    "note_frequency": 64.37158203125,
    "note_confidence": 0.4449775815010071,
    "hardness": 34.22534753951314,
    "depth": 62.09648631960569,
    "brightness": 40.212986247418755,
    "roughness": 49.70858271019539,
    "warmth": 66.0875793175004,
    "sharpness": 20.255596944772236,
    "boominess": 46.44903120471518,
    "reverb": false,
    "genre": "Genre A",
    "mood": "Mood A"
}