{
    "duration": 1.8461250066757202,
    "lossless": 1.0,
    "codec": "pcm_s16le",
    "bitrate": 256000.0,
    "samplerate": 16000.0,
    "channels": 1.0,
    "audio_md5": "d4de1ae92ed7e85c22250adabd8fb947",
    "loudness": -35.30674743652344,
    "dynamic_range": 0.0,
    "temporal_centroid": 0.5197070240974426,
    "log_attack_time": 0.1621890366077423,
    "filesize": 59120,
    "single_event": true,
    "tonality": "B major",
    "tonality_confidence": 0.4578866958618164,
    "loop": false,
    "tempo": 101,
    "tempo_confidence": 0.0,
    "note_midi": 33,
    "note_name": "A1",
    "note_frequency": 53.74595260620117,
    "note_confidence": 0.5807920098304749,
    "hardness": 38.513646298621396,
    "depth": 66.11147214206214,
    "brightness": 41.99611147385376,
    "roughness": 45.729635274561566,
    "warmth": 63.90390616735709,
    "sharpness": 28.681624960967255,
    "boominess": 47.54595676753159,
    "reverb": false,
    "genre": "Genre B",
    "mood": "Mood B"
}