{
    "duration": 1.8461250066757202,
    "lossless": 1.0,
    "codec": "pcm_s16le",
    "bitrate": 256000.0,
    "samplerate": 16000.0,
    "channels": 1.0,
    "audio_md5": "284e2e7430463c5f7ae608c2b0fbd2d8",
    "loudness": -18.865026473999023,
    "dynamic_range": 0.0,
    "temporal_centroid": 0.5091656446456909,
    "log_attack_time": 0.1612117439508438,
    "filesize": 59120,
    "single_event": true,
    "tonality": "B minor",
    "tonality_confidence": 0.6371663808822632,
    "loop": false,
    "tempo": 152,
    "tempo_confidence": 0.0,
    "note_midi": 32,
    "note_name": "G#1",
    "note_frequency": 52.84989547729492,
    "note_confidence": 0.7797930240631104,
    "hardness": 29.7821007918363,
    "depth": 68.0647645174142,
    "brightness": 27.87656341014806,
    "roughness": 38.05648672524907,
    "warmth": 59.23807133408491,
    "sharpness": 33.51682201772751,
    "boominess": 53.59388100008587,
    "reverb": false,
    "genre": "Genre A",
    "mood": "Mood A"
}