{
    "duration": 1.8461250066757202,
    "lossless": 1.0,
    "codec": "pcm_s16le",
    "bitrate": 256000.0,
    "samplerate": 16000.0,
    "channels": 1.0,
    "audio_md5": "f2ec4def7dbf22c69a338ac94614863b",
    "loudness": -17.554113388061523,
    "dynamic_range": 0.0,
    "temporal_centroid": 0.494986891746521,
    "log_attack_time": -0.14205241203308105,
    "filesize": 59120,
    "single_event": true,
    "tonality": "B minor",
    "tonality_confidence": 0.7656372785568237,
    "loop": false,
    "tempo": 152,
    "tempo_confidence": 0.0,
    "note_midi": 30,
    "note_name": "F#1",
    "note_frequency": 46.4957275390625,
    "note_confidence": 0.6057946085929871,
    "hardness": 31.072192629684636,
    "depth": 68.93934823549472,
    "brightness": 28.420314272390772,
    "roughness": 41.18275024625185,
    "warmth": 61.729188705085164,
    "sharpness": 38.59541865958184,
    "boominess": 49.65952436849461,
    "reverb": false,
    "genre": "Genre A",
    "mood": "Mood A"
}