{
    "duration": 1.8461250066757202,
    "lossless": 1.0,
    "codec": "pcm_s16le",
    "bitrate": 256000.0,
    "samplerate": 16000.0,
    "channels": 1.0,
    "audio_md5": "a68cbb032fbd0d525c4e590ce8d58b65",
    "loudness": -36.85400390625,
    "dynamic_range": 0.0,
    "temporal_centroid": 0.5199577212333679,
    "log_attack_time": 0.2147057056427002,
    "filesize": 59120,
    "single_event": true,
    "tonality": "G major",
    "tonality_confidence": 0.5473350286483765,
    "loop": false,
    "tempo": 125,
    "tempo_confidence": 0.0,
    "note_midi": 30,
    "note_name": "F#1",
    "note_frequency": 45.309852600097656,
    "note_confidence": 0.4095480442047119,
    "hardness": 41.72642992456477,
    "depth": 66.85065633590355,
    "brightness": 39.23278467838505,
    "roughness": 44.834185155824805,
    "warmth": 64.87957943743002,
    "sharpness": 25.547971305404502,
    "boominess": 46.71747257990393,
    "reverb": false,
    "genre": "Genre A",
    "mood": "Mood A"
}