{
    "duration": 1.8461250066757202,
    "lossless": 1.0,
    "codec": "pcm_s16le",
    "bitrate": 256000.0,
    "samplerate": 16000.0,
    "channels": 1.0,
    "audio_md5": "fee9d918b597b752a981b4cb02c6960c",
    "loudness": -18.497623443603516,
    "dynamic_range": 0.0,
    "temporal_centroid": 0.5212789177894592,
    "log_attack_time": -1.2629625797271729,
    "filesize": 59120,
    "single_event": true,
    "tonality": "A major",
    "tonality_confidence": 0.4943380057811737,
    "loop": false,
    "tempo": 131,
    "tempo_confidence": 0.0,
    "note_midi": 32,
    "note_name": "G#1",
    "note_frequency": 53.3503303527832,
    "note_confidence": 0.8396835923194885,
    "hardness": 30.132122957064624,
    "depth": 67.45287756484473,
    "brightness": 28.292875223588744,
    "roughness": 39.20809720988356,
    "warmth": 59.1068297162696,
    "sharpness": 36.4900712031663,
    "boominess": 51.587787655630876,
    "reverb": false,
    "genre": "Genre A",
    "mood": "Mood A"
}