{
    "duration": 1.8461250066757202,
    "lossless": 1.0,
    "codec": "pcm_s16le",
    "bitrate": 256000.0,
    "samplerate": 16000.0,
    "channels": 1.0,
    "audio_md5": "6c927dc7b13f1b951cf903e0f54a7feb",
    "loudness": -34.832664489746094,
    "dynamic_range": 0.0,
    "temporal_centroid": 0.5030784606933594,
    "log_attack_time": 0.2170659601688385,
    "filesize": 59120,
    "single_event": true,
    "tonality": "B minor",
    "tonality_confidence": 0.40770748257637024,
    "loop": false,
    "tempo": 123,
    "tempo_confidence": 0.0,
    "note_midi": 32,
    "note_name": "G#1",
    "note_frequency": 50.46848678588867,
    "note_confidence": 0.4054442048072815,
    "hardness": 43.176602201897765,
    "depth": 66.44322642132639,
    "brightness": 42.11773160985017,
    "roughness": 47.966268703927646,
    "warmth": 64.22182746975619,
    "sharpness": 29.428935845456877,
    "boominess": 44.80538043736533,
    "reverb": false,
    "genre": "Genre A",
    "mood": "Mood A"
}