{
    "duration": 1.8461250066757202,
    "lossless": 1.0,
    "codec": "pcm_s16le",
    "bitrate": 256000.0,
    "samplerate": 16000.0,
    "channels": 1.0,
    "audio_md5": "f1fc415985fe788d25ee483c6cd51af0",
    "loudness": -16.414302825927734,
    "dynamic_range": 0.0,
    "temporal_centroid": 0.5194160342216492,
    "log_attack_time": -0.1069595143198967,
    "filesize": 59120,
    "single_event": true,
    "tonality": "G major",
    "tonality_confidence": 0.6059543490409851,
    "loop": false,
    "tempo": 148,
    "tempo_confidence": 0.0,
    "note_midi": 30,
    "note_name": "F#1",
    "note_frequency": 45.19839096069336,
    "note_confidence": 0.786393940448761,
    "hardness": 29.33542541318937,
    "depth": 68.50736043094064,
    "brightness": 27.628597480494843,
    "roughness": 40.557101109311475,
    "warmth": 60.7128927412207,
    "sharpness": 39.65465270938003,
    "boominess": 49.76360080657784,
    "reverb": false,
    "genre": "Genre A",
    "mood": "Mood A"
}