{
    "duration": 1.8461250066757202,
    "lossless": 1.0,
    "codec": "pcm_s16le",
    "bitrate": 256000.0,
    "samplerate": 16000.0,
    "channels": 1.0,
    "audio_md5": "cea407977c3fdce5eba8b47d474953b8",
    "loudness": -32.949466705322266,
    "dynamic_range": 0.0,
    "temporal_centroid": 0.5163349509239197,
    "log_attack_time": 0.16707609593868256,
    "filesize": 59120,
    "single_event": true,
    "tonality": "G# minor",
    "tonality_confidence": 0.5065985321998596,
    "loop": false,
    "tempo": 125,
    "tempo_confidence": 0.0,
    "note_midi": 34,
    "note_name": "A#1",
    "note_frequency": 56.94746017456055,
    "note_confidence": 0.4886729121208191,
    "hardness": 37.90769581393832,
    "depth": 63.561656262058456,
    "brightness": 41.71891293696157,
    "roughness": 48.50652818743343,
    "warmth": 65.0508565661992,
    "sharpness": 25.728602465182234,
    "boominess": 46.43163710612595,
    "reverb": false,
    "genre": "Genre A",
    "mood": "Mood A"
}