{
    "duration": 1.8461250066757202,
    "lossless": 1.0,
    "codec": "pcm_s16le",
    "bitrate": 256000.0,
    "samplerate": 16000.0,
    "channels": 1.0,
    "audio_md5": "e4c182a7ce0372db6a2c7dacf4f1cc41",
    "loudness": -20.568336486816406,
    "dynamic_range": 0.0,
    "temporal_centroid": 0.5067777633666992,
    "log_attack_time": 0.15220512449741364,
    "filesize": 59120,
    "single_event": true,
    "tonality": "B minor",
    "tonality_confidence": 0.7275769710540771,
    "loop": false,
    "tempo": 191,
    "tempo_confidence": 0.0,
    "note_midi": 35,
    "note_name": "B1",
    "note_frequency": 62.39947509765625,
    "note_confidence": 0.48557019233703613,
    "hardness": 35.152718960544036,
    "depth": 66.73083071331845,
    "brightness": 31.144271584022356,
    "roughness": 42.51936322256969,
    "warmth": 63.07002394063667,
    "sharpness": 31.07220639289038,
    "boominess": 51.895113983871624,
    "reverb": false,
    "genre": "Genre A",
    "mood": "Mood A"
}