{
    "duration": 1.8461250066757202,
    "lossless": 1.0,
    "codec": "pcm_s16le",
    "bitrate": 256000.0,
    "samplerate": 16000.0,
    "channels": 1.0,
    "audio_md5": "7591410469e114756d86f3e9ae609d5c",
    "loudness": -32.5533561706543,
    "dynamic_range": 0.0,
    "temporal_centroid": 0.5090224146842957,
    "log_attack_time": 0.1620940864086151,
    "filesize": 59120,
    "single_event": true,
    "tonality": "B minor",
    "tonality_confidence": 0.4982302188873291,
    "loop": false,
    "tempo": 136,
    "tempo_confidence": 0.0,
    "note_midi": 34,
    "note_name": "A#1",
    "note_frequency": 56.70732498168945,
    "note_confidence": 0.5049969553947449,
    "hardness": 37.41692986249886,
    "depth": 63.422392349461404,
    "brightness": 41.668632623205085,
    "roughness": 47.7409164516784,
    "warmth": 65.58751501689153,
    "sharpness": 26.732862061893602,
    "boominess": 46.86355029503038,
    "reverb": false,
    "genre": "Genre A",
    "mood": "Mood A"
}