{
    "duration": 1.8461250066757202,
    "lossless": 1.0,
    "codec": "pcm_s16le",
    "bitrate": 256000.0,
    "samplerate": 16000.0,
    "channels": 1.0,
    "audio_md5": "38b466fdafff1369cf2613d138b3c092",
    "loudness": -17.421459197998047,
    "dynamic_range": 0.0,
    "temporal_centroid": 0.49891579151153564,
    "log_attack_time": 0.15586598217487335,
    "filesize": 59120,
    "single_event": true,
    "tonality": "A# major",
    "tonality_confidence": 0.5791323184967041,
    "loop": false,
    "tempo": 126,
    "tempo_confidence": 0.0,
    "note_midi": 31,
    "note_name": "G1",
    "note_frequency": 50.41758346557617,
    "note_confidence": 0.5225882530212402,
    "hardness": 30.808323276279822,
    "depth": 68.33590331916857,
    "brightness": 27.659144006156865,
    "roughness": 41.87223501130743,
    "warmth": 61.43755750580093,
    "sharpness": 33.4752386268947,
    "boominess": 52.240903793321365,
    "reverb": false,
    "genre": "Genre A",
    "mood": "Mood A"
}