{
    "duration": 1.8461250066757202,
    "lossless": 1.0,
    "codec": "pcm_s16le",
    "bitrate": 256000.0,
    "samplerate": 16000.0,
    "channels": 1.0,
    "audio_md5": "fc0944fa7a30400d30f428d4ef3dcf13",
    "loudness": -16.950895309448242,
    "dynamic_range": 0.0,
    "temporal_centroid": 0.4992254078388214,
    "log_attack_time": -0.28220123052597046,
    "filesize": 59120,
    "single_event": true,
    "tonality": "G major",
    "tonality_confidence": 0.5529069304466248,
    "loop": false,
    "tempo": 129,
    "tempo_confidence": 0.0,
    "note_midi": 30,
    "note_name": "F#1",
    "note_frequency": 46.10042190551758,
    "note_confidence": 0.5457010865211487,
    "hardness": 31.693243858565125,
    "depth": 72.54739817417155,
    "brightness": 23.307251398440567,
    "roughness": 39.240708790239026,
    "warmth": 60.99281440607738,
    "sharpness": 37.390441289386054,
    "boominess": 51.4035641141394,
    "reverb": false,
    "genre": "Genre A",
    "mood": "Mood A"
}