{
    "duration": 1.8461250066757202,
    "lossless": 1.0,
    "codec": "pcm_s16le",
    "bitrate": 256000.0,
    "samplerate": 16000.0,
    "channels": 1.0,
    "audio_md5": "ab9e2ebcd6231dcea454d7c0e7d1d6ab",
    "loudness": -31.926292419433594,
    "dynamic_range": 0.0,
    "temporal_centroid": 0.48873063921928406,
    "log_attack_time": -0.6333335638046265,
    "filesize": 59120,
    "single_event": true,
    "tonality": "A major",
    "tonality_confidence": 0.6813613176345825,
    "loop": true,
    "tempo": 98,
    "tempo_confidence": 0.9954074025154114,
    "note_midi": 32,
    "note_name": "G#1",
    "note_frequency": 52.9304313659668,
    "note_confidence": 0.5068106055259705,
    "hardness": 42.980222666957474,
    "depth": 64.75240423095143,
    "brightness": 41.017292875208994,
    "roughness": 47.453191298135934,
    "warmth": 65.29006468019335,
    "sharpness": 26.920966432393477,
    "boominess": 45.73247833481584,
    "reverb": false,
    "genre": "Genre A",
    "mood": "Mood A"
}