{
    "duration": 1.8461250066757202,
    "lossless": 1.0,
    "codec": "pcm_s16le",
    "bitrate": 256000.0,
    "samplerate": 16000.0,
    "channels": 1.0,
    "audio_md5": "6b73e8b4f11a712e0e489e200edb6b36",
    "loudness": -33.48841094970703,
    "dynamic_range": 0.0,
    "temporal_centroid": 0.5030950903892517,
    "log_attack_time": -1.1741751432418823,
    "filesize": 59120,
    "single_event": true,
    "tonality": "A# major",
    "tonality_confidence": 0.4177834391593933,
    "loop": false,
    "tempo": 92,
    "tempo_confidence": 0.0,
    "note_midi": 34,
    "note_name": "A#1",
    "note_frequency": 57.497711181640625,
    "note_confidence": 0.5210216641426086,
    "hardness": 39.283339868026516,
    "depth": 62.60630417354601,
    "brightness": 41.29184433446658,
    "roughness": 47.96621610656719,
    "warmth": 65.31394833099452,
    "sharpness": 27.500438891907933,
    "boominess": 46.515443065676166,
    "reverb": false,
    "genre": "Genre A",
    "mood": "Mood A"
}