{
    "duration": 1.8461250066757202,
    "lossless": 1.0,
    "codec": "pcm_s16le",
    "bitrate": 256000.0,
    "samplerate": 16000.0,
    "channels": 1.0,
    "audio_md5": "2626922458ca9257aef84c0814f4a51c",
    "loudness": -28.95680046081543,
    "dynamic_range": 0.0,
    "temporal_centroid": 0.4972313344478607,
    "log_attack_time": -0.6463973522186279,
    "filesize": 59120,
    "single_event": true,
    "tonality": "C# minor",
    "tonality_confidence": 0.5161638855934143,
    "loop": false,
    "tempo": 77,
    "tempo_confidence": 0.0,
    "note_midi": 34,
    "note_name": "A#1",
    "note_frequency": 59.82844161987305,
    "note_confidence": 0.4692789316177368,
    "hardness": 39.002378402737236,
    "depth": 62.10646559596605,
    "brightness": 40.2828139788909,
    "roughness": 50.213412338721206,
    "warmth": 65.76317810774913,
    "sharpness": 22.575087957880392,
    "boominess": 45.16300174849161,
    "reverb": false,
    "genre": "Genre A",
    "mood": "Mood A"
}