{
    "duration": 1.8461250066757202,
    "lossless": 1.0,
    "codec": "pcm_s16le",
    "bitrate": 256000.0,
    "samplerate": 16000.0,
    "channels": 1.0,
    "audio_md5": "921f00adb7c7b67fc0b34b5aee60d5eb",
    "loudness": -27.64750099182129,
    "dynamic_range": 0.0,
    "temporal_centroid": 0.5133227705955505,
    "log_attack_time": -0.6275722980499268,
    "filesize": 59120,
    "single_event": true,
    "tonality": "B minor",
    "tonality_confidence": 0.619459867477417,
    "loop": false,
    "tempo": 123,
    "tempo_confidence": 0.0,
    "note_midi": 35,
    "note_name": "B1",
    "note_frequency": 63.27861404418945,
    "note_confidence": 0.4439971446990967,
    "hardness": 40.34288093465591,
    "depth": 61.05274922826737,
    "brightness": 39.47661598844221,
    "roughness": 52.03388997837716,
    "warmth": 64.81537618789835,
    "sharpness": 16.76743134665443,
    "boominess": 43.30078538064759,
    "reverb": false,
    "genre": "Genre A",
    "mood": "Mood A"
}