{
    "duration": 1.8461250066757202,
    "lossless": 1.0,
    "codec": "pcm_s16le",
    "bitrate": 256000.0,
    "samplerate": 16000.0,
    "channels": 1.0,
    "audio_md5": "ad6cb91a74403a2ba07fb9173bbeb892",
    "loudness": -17.962129592895508,
    "dynamic_range": 0.0,
    "temporal_centroid": 0.5115491151809692,
    "log_attack_time": 0.15804778039455414,
    "filesize": 59120,
    "single_event": true,
    "tonality": "B minor",
    "tonality_confidence": 0.5462331175804138,
    "loop": false,
    "tempo": 126,
    "tempo_confidence": 0.0,
    "note_midi": 31,
    "note_name": "G1",
    "note_frequency": 49.69427490234375,
    "note_confidence": 0.7070916295051575,
    "hardness": 32.440703860824456,
    "depth": 69.04266052662594,
    "brightness": 28.66217252327356,
    "roughness": 38.30052061810781,
    "warmth": 60.18024441647819,
    "sharpness": 40.01455907205941,
    "boominess": 49.29161121873654,
    "reverb": false,
    "genre": "Genre A",
    "mood": "Mood A"
}