{
    "duration": 1.8461250066757202,
    "lossless": 1.0,
    "codec": "pcm_s16le",
    "bitrate": 256000.0,
    "samplerate": 16000.0,
    "channels": 1.0,
    "audio_md5": "2dd10aa7b01ac780ed0d84e159571d89",
    "loudness": -29.45635223388672,
    "dynamic_range": 0.0,
    "temporal_centroid": 0.48496899008750916,
    "log_attack_time": -0.6357107162475586,
    "filesize": 59120,
    "single_event": true,
    "tonality": "B minor",
    "tonality_confidence": 0.6928804516792297,
    "loop": false,
    "tempo": 117,
    "tempo_confidence": 0.0,
    "note_midi": 35,
    "note_name": "B1",
    "note_frequency": 61.82368087768555,
    "note_confidence": 0.46081507205963135,
    "hardness": 42.93794521519797,
    "depth": 62.97883463399042,
    "brightness": 40.32011437703268,
    "roughness": 51.05288858208534,
    "warmth": 65.37104062682866,
    "sharpness": 23.055091797068847,
    "boominess": 44.42176111166536,
    "reverb": false,
    "genre": "Genre A",
    "mood": "Mood A"
}