{
    "duration": 1.8461250066757202,
    "lossless": 1.0,
    "codec": "pcm_s16le",
    "bitrate": 256000.0,
    "samplerate": 16000.0,
    "channels": 1.0,
    "audio_md5": "ca1d5806f1f2b98f77fef4dd58fb5b04",
    "loudness": -26.263513565063477,
    "dynamic_range": 0.0,
    "temporal_centroid": 0.5252744555473328,
    "log_attack_time": 0.026363728567957878,
    "filesize": 59120,
    "single_event": true,
    "tonality": "B minor",
    "tonality_confidence": 0.6463610529899597,
    "loop": false,
    "tempo": 207,
    "tempo_confidence": 0.0,
    "note_midi": 37,
    "note_name": "C#2",
    "note_frequency": 68.38336181640625,
    "note_confidence": 0.5147485733032227,
    "hardness": 33.72074697209601,
    "depth": 62.12260583308579,
    "brightness": 32.915053251398575,
    "roughness": 50.421704846060905,
    "warmth": 67.33666588970966,
    "sharpness": 15.421401154714381,
    "boominess": 46.93323228132155,
    "reverb": false,
    "genre": "Genre A",
    "mood": "Mood A"
}