{
    "duration": 1.8461250066757202,
    "lossless": 1.0,
    "codec": "pcm_s16le",
    "bitrate": 256000.0,
    "samplerate": 16000.0,
    "channels": 1.0,
    "audio_md5": "c295b387f7cc6b89e341e32a855c6481",
    "loudness": -39.369014739990234,
    "dynamic_range": 0.0,
    "temporal_centroid": 0.46007317304611206,
    "log_attack_time": -2.4038898944854736,
    "filesize": 59120,
    "single_event": true,
    "tonality": "B minor",
    "tonality_confidence": 0.5653628706932068,
    "loop": true,
    "tempo": 130,
    "tempo_confidence": 0.9999017119407654,
    "note_midi": 49,
    "note_name": "C#3",
    "note_frequency": 141.4364013671875,
    "note_confidence": 0.4658029079437256,
    "hardness": 44.37315790373239,
    "depth": 54.31632839293052,
    "brightness": 42.09339297340934,
    "roughness": 42.01477185543139,
    "warmth": 57.11775318529126,
    "sharpness": 35.73948870597024,
    "boominess": 40.8196461466175,
    "reverb": false,
    "genre": "Genre A",
    "mood": "Mood A"
}