{
    "duration": 1.8461250066757202,
    "lossless": 1.0,
    "codec": "pcm_s16le",
    "bitrate": 256000.0,
    "samplerate": 16000.0,
    "channels": 1.0,
    "audio_md5": "76ce309ef13d99809f0b4f710cd1f74c",
    "loudness": -35.80534362792969,
    "dynamic_range": 0.0,
    "temporal_centroid": 0.35469990968704224,
    "log_attack_time": -0.04124007746577263,
    "filesize": 59120,
    "single_event": true,
    "tonality": "G# major",
    "tonality_confidence": 0.334367960691452,
    "loop": false,
    "tempo": 129,
    "tempo_confidence": 0.0,
    "note_midi": 40,
    "note_name": "E2",
    "note_frequency": 83.22883605957031,
    "note_confidence": 0.44295966625213623,
    "hardness": 39.0393331518859,
    "depth": 63.73984027961127,
    "brightness": 42.67193324400972,
    "roughness": 30.699435257109897,
    "warmth": 53.66192548773705,
    "sharpness": 43.50085942321497,
    "boominess": 46.16296579190458,
    "reverb": false,
    "genre": "Genre A",
    "mood": "Mood A"
}