{
    "duration": 1.8461250066757202,
    "lossless": 1.0,
    "codec": "pcm_s16le",
    "bitrate": 256000.0,
    "samplerate": 16000.0,
    "channels": 1.0,
    "audio_md5": "4649a191d438d2429cb7325c1af43eac",
    "loudness": -20.22516632080078,
    "dynamic_range": 0.0,
    "temporal_centroid": 0.5746269226074219,
    "log_attack_time": -0.10596538335084915,
    "filesize": 59120,
    "single_event": true,
    "tonality": "A minor",
    "tonality_confidence": 0.6692426800727844,
    "loop": false,
    "tempo": 167,
    "tempo_confidence": 0.0,
    "note_midi": 34,
    "note_name": "A#1",
    "note_frequency": 57.96733474731445,
    "note_confidence": 0.7478346824645996,
    "hardness": 26.06706431381599,
    "depth": 69.69161783848702,
    "brightness": 23.395500690383784,
    "roughness": 34.34478296456622,
    "warmth": 59.55605429032623,
    "sharpness": 29.62371995651846,
    "boominess": 55.90351367844423,
    "reverb": false,
    "genre": "Genre A",
    "mood": "Mood A"
}