{
    "duration": 1.8461250066757202,
    "lossless": 1.0,
    "codec": "pcm_s16le",
    "bitrate": 256000.0,
    "samplerate": 16000.0,
    "channels": 1.0,
    "audio_md5": "d3c604656167a60fbc8fb599d1acdd4c",
    "loudness": -28.457664489746094,
    "dynamic_range": 0.0,
    "temporal_centroid": 0.43817898631095886,
    "log_attack_time": -0.05119684711098671,
    "filesize": 59120,
    "single_event": true,
    "tonality": "F# minor",
    "tonality_confidence": 0.5078718066215515,
    "loop": false,
    "tempo": 131,
    "tempo_confidence": 0.0,
    "note_midi": 40,
    "note_name": "E2",
    "note_frequency": 80.61519622802734,
    "note_confidence": 0.4598146677017212,
    "hardness": 37.17897710288261,
    "depth": 63.19066488069679,
    "brightness": 38.177302021496374,
    "roughness": 25.393192034017513,
    "warmth": 53.70874734757817,
    "sharpness": 33.723885367684254,
    "boominess": 46.58847267062197,
    "reverb": false,
    "genre": "Genre A",
    "mood": "Mood A"
}