{
    "duration": 1.8461250066757202,
    "lossless": 1.0,
    "codec": "pcm_s16le",
    "bitrate": 256000.0,
    "samplerate": 16000.0,
    "channels": 1.0,
    "audio_md5": "3b721adb498657b131b6db746ef2eb13",
    "loudness": -25.24629783630371,
    "dynamic_range": 0.0,
    "temporal_centroid": 0.5569446682929993,
    "log_attack_time": -0.18147192895412445,
    "filesize": 59120,
    "single_event": true,
    "tonality": "D# major",
    "tonality_confidence": 0.4175238311290741,
    "loop": false,
    "tempo": 215,
    "tempo_confidence": 0.0,
    "note_midi": 29,
    "note_name": "F1",
    "note_frequency": 43.024391174316406,
    "note_confidence": 0.4502025842666626,
    "hardness": 38.54466568675396,
    "depth": 74.57065815901207,
    "brightness": 22.717991247966754,
    "roughness": 34.86962674189765,
    "warmth": 59.86544536205986,
    "sharpness": 36.05196423323682,
    "boominess": 52.62511126221577,
    "reverb": false,
    "genre": "Genre A",
    "mood": "Mood A"
}