{
    "duration": 1.8461250066757202,
    "lossless": 1.0,
    "codec": "pcm_s16le",
    "bitrate": 256000.0,
    "samplerate": 16000.0,
    "channels": 1.0,
    "audio_md5": "ba83058589ea291aa0e9ca3c9ed34e3e",
    "loudness": -32.989036560058594,
    "dynamic_range": 0.0,
    "temporal_centroid": 0.42428722977638245,
    "log_attack_time": -0.6291207671165466,
    "filesize": 59120,
    "single_event": true,
    "tonality": "A major",
    "tonality_confidence": 0.5599815845489502,
    "loop": false,
    "tempo": 129,
    "tempo_confidence": 0.0,
    "note_midi": 36,
    "note_name": "C2",
    "note_frequency": 64.07666778564453,
    "note_confidence": 0.3334042429924011,
    "hardness": 39.16089678682688,
    "depth": 63.69952965280851,
    "brightness": 35.16437292077073,
    "roughness": 30.414610122387973,
    "warmth": 57.2829915899279,
    "sharpness": 23.335083897254215,
    "boominess": 57.2451534075375,
    "reverb": false,
    "genre": "Genre A",
    "mood": "Mood A"
}