{
    "duration": 1.8461250066757202,
    "lossless": 1.0,
    "codec": "pcm_s16le",
    "bitrate": 256000.0,
    "samplerate": 16000.0,
    "channels": 1.0,
    "audio_md5": "b7cbb3a625d62005dc52064250eedc42",
    "loudness": -23.399932861328125,
    "dynamic_range": 0.0,
    "temporal_centroid": 0.34466439485549927,
    "log_attack_time": -0.02193443290889263,
    "filesize": 59120,
    "single_event": true,
    "tonality": "G# minor",
    "tonality_confidence": 0.5212908387184143,
    "loop": false,
    "tempo": 126,
    "tempo_confidence": 0.0,
    "note_midi": 36,
    "note_name": "C2",
    "note_frequency": 67.24244689941406,
    "note_confidence": 0.3834168314933777,
    "hardness": 35.77721313759474,
    "depth": 67.9609728419653,
    "brightness": 31.129834581039972,
    "roughness": 28.30485088883933,
    "warmth": 52.706251852060305,
    "sharpness": 15.564513093299833,
    "boominess": 63.2410008859675,
    "reverb": false,
    "genre": "Genre A",
    "mood": "Mood A"
}