{
    "duration": 1.8461250066757202,
    "lossless": 1.0,
    "codec": "pcm_s16le",
    "bitrate": 256000.0,
    "samplerate": 16000.0,
    "channels": 1.0,
    "audio_md5": "39687c083074024a4e83744760a8d5ae",
    "loudness": -33.43217849731445,
    "dynamic_range": 0.0,
    "temporal_centroid": 0.40899837017059326,
    "log_attack_time": -0.6274052858352661,
    "filesize": 59120,
    "single_event": true,
    "tonality": "A minor",
    "tonality_confidence": 0.5456755757331848,
    "loop": true,
    "tempo": 130,
    "tempo_confidence": 0.9999017119407654,
    "note_midi": 35,
    "note_name": "B1",
    "note_frequency": 60.47759246826172,
    "note_confidence": 0.3337932825088501,
    "hardness": 43.72365467642513,
    "depth": 63.30969097646443,
    "brightness": 35.5127039652311,
    "roughness": 31.6283831318658,
    "warmth": 58.047944868933655,
    "sharpness": 26.053080670209237,
    "boominess": 55.46236441752663,
    "reverb": false,
    "genre": "Genre A",
    "mood": "Mood A"
}