{
    "duration": 1.8461250066757202,
    "lossless": 1.0,
    "codec": "pcm_s16le",
    "bitrate": 256000.0,
    "samplerate": 16000.0,
    "channels": 1.0,
    "audio_md5": "5166247bc84015b0d22eeb2f3ffc42d4",
    "loudness": -28.39968490600586,
    "dynamic_range": 0.0,
    "temporal_centroid": 0.405540406703949,
    "log_attack_time": -0.038304537534713745,
    "filesize": 59120,
    "single_event": true,
    "tonality": "G# minor",
    "tonality_confidence": 0.5041261315345764,
    "loop": false,
    "tempo": 126,
    "tempo_confidence": 0.0,
    "note_midi": 38,
    "note_name": "D2",
    "note_frequency": 74.6551284790039,
    "note_confidence": 0.2673390507698059,
    "hardness": 44.226876890076426,
    "depth": 66.07981041905215,
    "brightness": 30.072098205773955,
    "roughness": 30.87238889523654,
    "warmth": 56.698370193866864,
    "sharpness": 30.723427726731703,
    "boominess": 60.64956346355299,
    "reverb": false,
    "genre": "Genre A",
    "mood": "Mood A"
}