{
    "duration": 1.8461250066757202,
    "lossless": 1.0,
    "codec": "pcm_s16le",
    "bitrate": 256000.0,
    "samplerate": 16000.0,
    "channels": 1.0,
    "audio_md5": "f444b1ed11bdcbc455f769b0cbd315c0",
    "loudness": -31.180274963378906,
    "dynamic_range": 0.0,
    "temporal_centroid": 0.3813094198703766,
    "log_attack_time": -0.0362870991230011,
    "filesize": 59120,
    "single_event": true,
    "tonality": "D# major",
    "tonality_confidence": 0.6373070478439331,
    "loop": false,
    "tempo": 129,
    "tempo_confidence": 0.0,
    "note_midi": 38,
    "note_name": "D2",
    "note_frequency": 75.08900451660156,
    "note_confidence": 0.45244354009628296,
    "hardness": 46.50807796322172,
    "depth": 60.916345631809875,
    "brightness": 42.3300325379777,
    "roughness": 28.825820384158927,
    "warmth": 52.39539256503104,
    "sharpness": 32.473509708384846,
    "boominess": 44.43195848024139,
    "reverb": false,
    "genre": "Genre B",
    "mood": "Mood B"
}