{
    "duration": 1.8461250066757202,
    "lossless": 1.0,
    "codec": "pcm_s16le",
    "bitrate": 256000.0,
    "samplerate": 16000.0,
    "channels": 1.0,
    "audio_md5": "bc03b3a65b21ec41f9cb7a4e02e7be25",
    "loudness": -38.073734283447266,
    "dynamic_range": 0.0,
    "temporal_centroid": 0.45731568336486816,
    "log_attack_time": -2.3819875717163086,
    "filesize": 59120,
    "single_event": true,
    "tonality": "B minor",
    "tonality_confidence": 0.756434440612793,
    "loop": false,
    "tempo": 129,
    "tempo_confidence": 0.0,
    "note_midi": 47,
    "note_name": "B2",
    "note_frequency": 124.84562683105469,
    "note_confidence": 0.4700143337249756,
    "hardness": 44.71503150880841,
    "depth": 54.40163876251641,
    "brightness": 41.73056869504369,
    "roughness": 39.038198585105235,
    "warmth": 55.57603798581829,
    "sharpness": 36.59237406561277,
    "boominess": 41.54548631164853,
    "reverb": false,
    "genre": "Genre A",
    "mood": "Mood A"
}