{
    "duration": 1.8461250066757202,
    "lossless": 1.0,
    "codec": "pcm_s16le",
    "bitrate": 256000.0,
    "samplerate": 16000.0,
    "channels": 1.0,
    "audio_md5": "bb8ab5c0bb89503c908b4cef0e24fc7b",
    "loudness": -20.26878547668457,
    "dynamic_range": 0.0,
    "temporal_centroid": 0.5751023888587952,
    "log_attack_time": -0.12595099210739136,
    "filesize": 59120,
    "single_event": true,
    "tonality": "F# minor",
    "tonality_confidence": 0.5675042271614075,
    "loop": false,
    "tempo": 152,
    "tempo_confidence": 0.0,
    "note_midi": 33,
    "note_name": "A1",
    "note_frequency": 54.48087692260742,
    "note_confidence": 0.8228200078010559,
    "hardness": 24.320806059095688,
    "depth": 69.70295803708002,
    "brightness": 24.362372581353746,
    "roughness": 31.930203658658286,
    "warmth": 60.451410737748304,
    "sharpness": 28.245285220551118,
    "boominess": 56.75544007536315,
    "reverb": false,
    "genre": "Genre A",
    "mood": "Mood A"
}