{
    "duration": 1.8461250066757202,
    "lossless": 1.0,
    "codec": "pcm_s16le",
    "bitrate": 256000.0,
    "samplerate": 16000.0,
    "channels": 1.0,
    "audio_md5": "16d0cbb06e1a1b645f2f942a9d429461",
    "loudness": -37.386573791503906,
    "dynamic_range": 0.0,
    "temporal_centroid": 0.46861132979393005,
    "log_attack_time": -0.624077320098877,
    "filesize": 59120,
    "single_event": true,
    "tonality": "E minor",
    "tonality_confidence": 0.7692005634307861,
    "loop": false,
    "tempo": 129,
    "tempo_confidence": 0.0,
    "note_midi": 36,
    "note_name": "C2",
    "note_frequency": 64.06468200683594,
    "note_confidence": 0.23471027612686157,
    "hardness": 43.88272749560875,
    "depth": 62.273537481439995,
    "brightness": 38.992115502988796,
    "roughness": 29.75746666814854,
    "warmth": 56.93824075313297,
    "sharpness": 22.94308393570571,
    "boominess": 52.820620653715224,
    "reverb": false,
    "genre": "Genre A",
    "mood": "Mood A"
}