{
    "duration": 1.8461250066757202,
    "lossless": 1.0,
    "codec": "pcm_s16le",
    "bitrate": 256000.0,
    "samplerate": 16000.0,
    "channels": 1.0,
    "audio_md5": "89a7af682c3648b52c621aa351ab302f",
    "loudness": -25.765039443969727,
    "dynamic_range": 0.0,
    "temporal_centroid": 0.2919929325580597,
    "log_attack_time": -1.5170098543167114,
    "filesize": 59120,
    "single_event": true,
    "tonality": "E minor",
    "tonality_confidence": 0.33617910742759705,
    "loop": false,
    "tempo": 131,
    "tempo_confidence": 0.0,
    "note_midi": 40,
    "note_name": "E2",
    "note_frequency": 81.91880798339844,
    "note_confidence": 0.40990322828292847,
    "hardness": 42.7911210192504,
    "depth": 68.47077021703772,
    "brightness": 32.233866035752136,
    "roughness": 27.730143733403143,
    "warmth": 54.16002696551189,
    "sharpness": 32.42956045812548,
    "boominess": 58.967570503206616,
    "reverb": false,
    "genre": "Genre A",
    "mood": "Mood A"
}