{
    "duration": 1.8461250066757202,
    "lossless": 1.0,
    "codec": "pcm_s16le",
    "bitrate": 256000.0,
    "samplerate": 16000.0,
    "channels": 1.0,
    "audio_md5": "0582da1efb1ad30dc8458736c38f70d4",
    "loudness": -26.893260955810547,
    "dynamic_range": 0.0,
    "temporal_centroid": 0.43450379371643066,
    "log_attack_time": -0.619214653968811,
    "filesize": 59120,
    "single_event": true,
    "tonality": "B minor",
    "tonality_confidence": 0.5310605764389038,
    "loop": true,
    "tempo": 130,
    "tempo_confidence": 0.9999017119407654,
    "note_midi": 35,
    "note_name": "B1",
    "note_frequency": 60.092071533203125,
    "note_confidence": 0.336852490901947,
    "hardness": 36.046764940913675,
    "depth": 63.881453855398,
    "brightness": 31.33342260286262,
    "roughness": 0,
    "warmth": 55.60045275565041,
    "sharpness": 25.259743758938335,
    "boominess": 57.458408100229875,
    "reverb": false,
    "genre": "Genre A",
    "mood": "Mood A"
}