{
    "duration": 1.8461250066757202,
    "lossless": 1.0,
    "codec": "pcm_s16le",
    "bitrate": 256000.0,
    "samplerate": 16000.0,
    "channels": 1.0,
    "audio_md5": "aa92b5ae5de137523b36dd85bc100658",
    "loudness": -45.159114837646484,
    "dynamic_range": 0.0,
    "temporal_centroid": 0.2320242077112198,
    "log_attack_time": -1.5929001569747925,
    "filesize": 59120,
    "single_event": true,
    "tonality": "D# major",
    "tonality_confidence": 0.6375731825828552,
    "loop": false,
    "tempo": 126,
    "tempo_confidence": 0.0,
    "note_midi": 40,
    "note_name": "E2",
    "note_frequency": 83.26031494140625,
    "note_confidence": 0.34220612049102783,
    "hardness": 57.38094303489976,
    "depth": 65.3468847089169,
    "brightness": 42.01532028105759,
    "roughness": 29.28765538503779,
    "warmth": 50.95971832017923,
    "sharpness": 34.34515832476819,
    "boominess": 54.148780851216486,
    "reverb": false,
    "genre": "Genre A",
    "mood": "Mood A"
}