{
    "duration": 1.8461250066757202,
    "lossless": 1.0,
    "codec": "pcm_s16le",
    "bitrate": 256000.0,
    "samplerate": 16000.0,
    "channels": 1.0,
    "audio_md5": "11550c9ee32f517035c6665351d0fe9b",
    "loudness": -31.673358917236328,
    "dynamic_range": 0.0,
    "temporal_centroid": 0.3765513598918915,
    "log_attack_time": -0.03744493052363396,
    "filesize": 59120,
    "single_event": true,
    "tonality": "C# major",
    "tonality_confidence": 0.49819427728652954,
    "loop": false,
    "tempo": 131,
    "tempo_confidence": 0.0,
    "note_midi": 42,
    "note_name": "F#2",
    "note_frequency": 90.42035675048828,
    "note_confidence": 0.455951988697052,
    "hardness": 40.6891910006301,
    "depth": 58.28291727450687,
    "brightness": 42.45034675676078,
    "roughness": 24.27472561818604,
    "warmth": 52.748183745135655,
    "sharpness": 38.10795760631937,
    "boominess": 46.53978467713338,
    "reverb": false,
    "genre": "Genre A",
    "mood": "Mood A"
}