{
    "duration": 1.8461250066757202,
    "lossless": 1.0,
    "codec": "pcm_s16le",
    "bitrate": 256000.0,
    "samplerate": 16000.0,
    "channels": 1.0,
    "audio_md5": "2fa8af08c1fff09701f54078e31f7c03",
    "loudness": -30.79227066040039,
    "dynamic_range": 0.0,
    "temporal_centroid": 0.45476680994033813,
    "log_attack_time": -1.9751217365264893,
    "filesize": 59120,
    "single_event": true,
    "tonality": "B major",
    "tonality_confidence": 0.6497421860694885,
    "loop": true,
    "tempo": 130,
    "tempo_confidence": 0.9999017119407654,
    "note_midi": 39,
    "note_name": "D#2",
    "note_frequency": 75.60184478759766,
    "note_confidence": 0.2960891127586365,
    "hardness": 35.84281328237846,
    "depth": 61.856720259246885,
    "brightness": 33.02176605042773,
    "roughness": 27.661223815987306,
    "warmth": 57.05415206844987,
    "sharpness": 29.981753056626914,
    "boominess": 56.12215115353233,
    "reverb": false,
    "genre": "Genre A",
    "mood": "Mood A"
}