{
    "duration": 1.8461250066757202,
    "lossless": 1.0,
    "codec": "pcm_s16le",
    "bitrate": 256000.0,
    "samplerate": 16000.0,
    "channels": 1.0,
    "audio_md5": "1f204e2e37ef3fd96c5f32eaa47b8f36",
    "loudness": -30.747821807861328,
    "dynamic_range": 0.0,
    "temporal_centroid": 0.45257318019866943,
    "log_attack_time": -0.6241602301597595,
    "filesize": 59120,
    "single_event": true,
    "tonality": "B minor",
    "tonality_confidence": 0.7432229518890381,
    "loop": true,
    "tempo": 130,
    "tempo_confidence": 0.9999017119407654,
    "note_midi": 34,
    "note_name": "A#1",
    "note_frequency": 59.70894241333008,
    "note_confidence": 0.3096699118614197,
    "hardness": 36.25876876154091,
    "depth": 64.42678433382613,
    "brightness": 33.88063077521196,
    "roughness": 31.56704483950598,
    "warmth": 57.71299989929508,
    "sharpness": 16.190209243264515,
    "boominess": 57.942888305902976,
    "reverb": false,
    "genre": "Genre A",
    "mood": "Mood A"
}