{
    "duration": 1.8461250066757202,
    "lossless": 1.0,
    "codec": "pcm_s16le",
    "bitrate": 256000.0,
    "samplerate": 16000.0,
    "channels": 1.0,
    "audio_md5": "16c3e3e25aeccd3e5fd27595b7b1c88c",
    "loudness": -29.4157657623291,
    "dynamic_range": 0.0,
    "temporal_centroid": 0.42130589485168457,
    "log_attack_time": -0.046864043921232224,
    "filesize": 59120,
    "single_event": true,
    "tonality": "C minor",
    "tonality_confidence": 0.5182541012763977,
    "loop": false,
    "tempo": 131,
    "tempo_confidence": 0.0,
    "note_midi": 38,
    "note_name": "D2",
    "note_frequency": 71.67938232421875,
    "note_confidence": 0.4199826121330261,
    "hardness": 34.9899203546007,
    "depth": 60.09015543511439,
    "brightness": 37.92209696442268,
    "roughness": 25.337182287785648,
    "warmth": 54.029287486654134,
    "sharpness": 31.524794886444,
    "boominess": 45.708613990418755,
    "reverb": false,
    "genre": "Genre A",
    "mood": "Mood A"
}