{
    "duration": 1.8461250066757202,
    "lossless": 1.0,
    "codec": "pcm_s16le",
    "bitrate": 256000.0,
    "samplerate": 16000.0,
    "channels": 1.0,
    "audio_md5": "a1db3e5166e9bf9d7f718f9807f7fafb",
    "loudness": -38.00294876098633,
    "dynamic_range": 0.0,
    "temporal_centroid": 0.4660528600215912,
    "log_attack_time": -2.358881950378418,
    "filesize": 59120,
    "single_event": true,
    "tonality": "E major",
    "tonality_confidence": 0.7295193672180176,
    "loop": false,
    "tempo": 129,
    "tempo_confidence": 0.0,
    "note_midi": 49,
    "note_name": "C#3",
    "note_frequency": 141.0209197998047,
    "note_confidence": 0.4658251404762268,
    "hardness": 43.34020048370391,
    "depth": 52.88285695332054,
    "brightness": 40.90449408676919,
    "roughness": 40.2142310910066,
    "warmth": 58.12197861379515,
    "sharpness": 30.08031086131388,
    "boominess": 44.07902518707519,
    "reverb": false,
    "genre": "Genre A",
    "mood": "Mood A"
}