{
    "duration": 1.8461250066757202,
    "lossless": 1.0,
    "codec": "pcm_s16le",
    "bitrate": 256000.0,
    "samplerate": 16000.0,
    "channels": 1.0,
    "audio_md5": "9931fc224e6d90fc499bef3e361dcc42",
    "loudness": -36.98655700683594,
    "dynamic_range": 0.0,
    "temporal_centroid": 0.6081535816192627,
    "log_attack_time": 0.06694682687520981,
    "filesize": 59120,
    "single_event": true,
    "tonality": "B minor",
    "tonality_confidence": 0.6952696442604065,
    "loop": false,
    "tempo": 150,
    "tempo_confidence": 0.0,
    "note_midi": 36,
    "note_name": "C2",
    "note_frequency": 66.8690185546875,
    "note_confidence": 0.7752985954284668,
    "hardness": 36.615825841957175,
    "depth": 67.79499825832747,
    "brightness": 39.36176705068233,
    "roughness": 43.10939189245296,
    "warmth": 60.03938790197371,
    "sharpness": 28.937452157150908,
    "boominess": 51.202057228772304,
    "reverb": false,
    "genre": "Genre A",
    "mood": "Mood A"
}