{
    "duration": 1.8461250066757202,
    "lossless": 1.0,
    "codec": "pcm_s16le",
    "bitrate": 256000.0,
    "samplerate": 16000.0,
    "channels": 1.0,
    "audio_md5": "a9ccd3a0015e06cd93a0675fc47349d2",
    "loudness": -37.03395080566406,
    "dynamic_range": 0.0,
    "temporal_centroid": 0.6104302406311035,
    "log_attack_time": 0.15733543038368225,
    "filesize": 59120,
    "single_event": true,
    "tonality": "D major",
    "tonality_confidence": 0.556976854801178,
    "loop": false,
    "tempo": 150,
    "tempo_confidence": 0.0,
    "note_midi": 36,
    "note_name": "C2",
    "note_frequency": 67.09796142578125,
    "note_confidence": 0.7682619690895081,
    "hardness": 39.10046577699187,
    "depth": 69.05629871016203,
    "brightness": 39.28341524859184,
    "roughness": 42.468691889226015,
    "warmth": 60.69071220046572,
    "sharpness": 30.460601320391486,
    "boominess": 50.92110439541919,
    "reverb": false,
    "genre": "Genre A",
    "mood": "Mood A"
}