{
    "duration": 1.8461250066757202,
    "lossless": 1.0,
    "codec": "pcm_s16le",
    "bitrate": 256000.0,
    "samplerate": 16000.0,
    "channels": 1.0,
    "audio_md5": "4140e44f057e3345ec18b5558c039f6f",
    "loudness": -33.64353942871094,
    "dynamic_range": 0.0,
    "temporal_centroid": 0.37287285923957825,
    "log_attack_time": -0.04160841926932335,
    "filesize": 59120,
    "single_event": true,
    "tonality": "C major",
    "tonality_confidence": 0.5965833067893982,
    "loop": false,
    "tempo": 131,
    "tempo_confidence": 0.0,
    "note_midi": 40,
    "note_name": "E2",
    "note_frequency": 83.43236541748047,
    "note_confidence": 0.44913965463638306,
    "hardness": 48.41265258328389,
    "depth": 62.022001147401525,
    "brightness": 42.58655477541775,
    "roughness": 28.677850467622555,
    "warmth": 54.044201048334244,
    "sharpness": 41.534338138826044,
    "boominess": 41.90236613831011,
    "reverb": false,
    "genre": "Genre A",
    "mood": "Mood A"
}