{
    "duration": 1.8461250066757202,
    "lossless": 1.0,
    "codec": "pcm_s16le",
    "bitrate": 256000.0,
    "samplerate": 16000.0,
    "channels": 1.0,
    "audio_md5": "d4707bba3e79046717260c7a05cb1443",
    "loudness": -22.589860916137695,
    "dynamic_range": 0.0,
    "temporal_centroid": 0.5531911253929138,
    "log_attack_time": -0.12005544453859329,
    "filesize": 59120,
    "single_event": true,
    "tonality": "G# minor",
    "tonality_confidence": 0.49524396657943726,
    "loop": false,
    "tempo": 101,
    "tempo_confidence": 0.0,
    "note_midi": 30,
    "note_name": "F#1",
    "note_frequency": 46.0835075378418,
    "note_confidence": 0.5953724384307861,
    "hardness": 26.59240542114908,
    "depth": 76.22413870022191,
    "brightness": 22.82089622679842,
    "roughness": 36.2222711461705,
    "warmth": 58.10658050420343,
    "sharpness": 34.16783214987341,
    "boominess": 53.58184279035135,
    "reverb": false,
    "genre": "Genre A",
    "mood": "Mood A"
}