{
    "duration": 1.8461250066757202,
    "lossless": 1.0,
    "codec": "pcm_s16le",
    "bitrate": 256000.0,
    "samplerate": 16000.0,
    "channels": 1.0,
    "audio_md5": "043fa553116f2901e24fd50ad32fafce",
    "loudness": -37.774131774902344,
    "dynamic_range": 0.0,
    "temporal_centroid": 0.45109739899635315,
    "log_attack_time": -2.3819875717163086,
    "filesize": 59120,
    "single_event": true,
    "tonality": "B minor",
    "tonality_confidence": 0.7045867443084717,
    "loop": false,
    "tempo": 129,
    "tempo_confidence": 0.0,
    "note_midi": 45,
    "note_name": "A2",
    "note_frequency": 110.6941146850586,
    "note_confidence": 0.4559500813484192,
    "hardness": 44.28660603961609,
    "depth": 54.42314760098497,
    "brightness": 41.52019153618057,
    "roughness": 37.927793683626945,
    "warmth": 55.00019423078246,
    "sharpness": 37.09077613728517,
    "boominess": 41.50571570027456,
    "reverb": false,
    "genre": "Genre A",
    "mood": "Mood A"
}