{
    "duration": 1.8461250066757202,
    "lossless": 1.0,
    "codec": "pcm_s16le",
    "bitrate": 256000.0,
    "samplerate": 16000.0,
    "channels": 1.0,
    "audio_md5": "6fac8b59359b2104a23a132556f1ecb0",
    "loudness": -28.78895378112793,
    "dynamic_range": 0.0,
    "temporal_centroid": 0.4175800681114197,
    "log_attack_time": -0.6184777021408081,
    "filesize": 59120,
    "single_event": true,
    "tonality": "A major",
    "tonality_confidence": 0.5849996209144592,
    "loop": false,
    "tempo": 126,
    "tempo_confidence": 0.0,
    "note_midi": 33,
    "note_name": "A1",
    "note_frequency": 54.437950134277344,
    "note_confidence": 0.3858766555786133,
    "hardness": 34.9855719199759,
    "depth": 63.64245678141233,
    "brightness": 33.22790647929132,
    "roughness": 28.943594903783282,
    "warmth": 57.312703153598186,
    "sharpness": 21.244351464285934,
    "boominess": 57.61811979603708,
    "reverb": false,
    "genre": "Genre A",
    "mood": "Mood A"
}