{
    "duration": 1.8461250066757202,
    "lossless": 1.0,
    "codec": "pcm_s16le",
    "bitrate": 256000.0,
    "samplerate": 16000.0,
    "channels": 1.0,
    "audio_md5": "ff6c768b7bec1459f2717d0be58150e0",
    "loudness": -38.59685516357422,
    "dynamic_range": 0.0,
    "temporal_centroid": 0.5766021013259888,
    "log_attack_time": -0.1145080178976059,
    "filesize": 59120,
    "single_event": true,
    "tonality": "F major",
    "tonality_confidence": 0.39320528507232666,
    "loop": false,
    "tempo": 99,
    "tempo_confidence": 0.0,
    "note_midi": 30,
    "note_name": "F#1",
    "note_frequency": 45.48456573486328,
    "note_confidence": 0.5175771713256836,
    "hardness": 39.764787644258675,
    "depth": 74.0374697176451,
    "brightness": 36.25436206422103,
    "roughness": 42.03463858593527,
    "warmth": 63.642626781413284,
    "sharpness": 25.10035262742784,
    "boominess": 51.84543218409419,
    "reverb": false,
    "genre": "Genre A",
    "mood": "Mood A"
}