{
    "duration": 1.8461250066757202,
    "lossless": 1.0,
    "codec": "pcm_s16le",
    "bitrate": 256000.0,
    "samplerate": 16000.0,
    "channels": 1.0,
    "audio_md5": "aa414d70dd11a2b9f60675760f236828",
    "loudness": -28.516681671142578,
    "dynamic_range": 0.0,
    "temporal_centroid": 0.5174440741539001,
    "log_attack_time": -0.6094894409179688,
    "filesize": 59120,
    "single_event": true,
    "tonality": "B minor",
    "tonality_confidence": 0.7048398852348328,
    "loop": true,
    "tempo": 130,
    "tempo_confidence": 0.9999017119407654,
    "note_midi": 31,
    "note_name": "G1",
    "note_frequency": 50.41008377075195,
    "note_confidence": 0.43527889251708984,
    "hardness": 35.2893684989415,
    "depth": 67.05998734594988,
    "brightness": 34.54971795584879,
    "roughness": 32.01463113843732,
    "warmth": 57.44373141574373,
    "sharpness": 28.786823318492253,
    "boominess": 55.09237945897655,
    "reverb": false,
    "genre": "Genre A",
    "mood": "Mood A"
}