{
    "duration": 1.8461250066757202,
    "lossless": 1.0,
    "codec": "pcm_s16le",
    "bitrate": 256000.0,
    "samplerate": 16000.0,
    "channels": 1.0,
    "audio_md5": "45c811e20cad0eeb23dd94d40bf7059f",
    "loudness": -35.60795211791992,
    "dynamic_range": 0.0,
    "temporal_centroid": 0.42767998576164246,
    "log_attack_time": -0.3284262716770172,
    "filesize": 59120,
    "single_event": true,
    "tonality": "A major",
    "tonality_confidence": 0.5936518311500549,
    "loop": false,
    "tempo": 129,
    "tempo_confidence": 0.0,
    "note_midi": 36,
    "note_name": "C2",
    "note_frequency": 66.04683685302734,
    "note_confidence": 0.3519755005836487,
    "hardness": 41.26124708395673,
    "depth": 62.67865545005804,
    "brightness": 37.29802642954637,
    "roughness": 33.259567561795976,
    "warmth": 58.16316628933761,
    "sharpness": 26.71864013045556,
    "boominess": 53.27644178327277,
    "reverb": false,
    "genre": "Genre A",
    "mood": "Mood A"
}