{
    "duration": 1.8461250066757202,
    "lossless": 1.0,
    "codec": "pcm_s16le",
    "bitrate": 256000.0,
    "samplerate": 16000.0,
    "channels": 1.0,
    "audio_md5": "f3165af80b5bf99b1e80598866ab317e",
    "loudness": -29.309255599975586,
    "dynamic_range": 0.0,
    "temporal_centroid": 0.45557624101638794,
    "log_attack_time": -0.05170682817697525,
    "filesize": 59120,
    "single_event": true,
    "tonality": "B minor",
    "tonality_confidence": 0.7980594635009766,
    "loop": false,
    "tempo": 128,
    "tempo_confidence": 0.0,
    "note_midi": 40,
    "note_name": "E2",
    "note_frequency": 80.0850830078125,
    "note_confidence": 0.47530800104141235,
    "hardness": 41.119202684438875,
    "depth": 58.15516758935735,
    "brightness": 39.15974978831686,
    "roughness": 35.77500118429691,
    "warmth": 55.81434834170341,
    "sharpness": 22.727720881922178,
    "boominess": 44.620344508338775,
    "reverb": false,
    "genre": "Genre A",
    "mood": "Mood A"
}