{
    "duration": 1.8461250066757202,
    "lossless": 1.0,
    "codec": "pcm_s16le",
    "bitrate": 256000.0,
    "samplerate": 16000.0,
    "channels": 1.0,
    "audio_md5": "55b5240b34e8c74d3db183e41e8beb79",
    "loudness": -38.417423248291016,
    "dynamic_range": 0.0,
    "temporal_centroid": 0.456277459859848,
    "log_attack_time": -2.377267599105835,
    "filesize": 59120,
    "single_event": true,
    "tonality": "B minor",
    "tonality_confidence": 0.702366292476654,
    "loop": false,
    "tempo": 128,
    "tempo_confidence": 0.0,
    "note_midi": 45,
    "note_name": "A2",
    "note_frequency": 109.98649597167969,
    "note_confidence": 0.46620672941207886,
    "hardness": 44.137370074616115,
    "depth": 54.47542431480302,
    "brightness": 41.78957950540972,
    "roughness": 38.69205915768234,
    "warmth": 55.73830913061937,
    "sharpness": 35.92323037251098,
    "boominess": 42.106620556517825,
    "reverb": false,
    "genre": "Genre A",
    "mood": "Mood A"
}