{
    "duration": 1.8461250066757202,
    "lossless": 1.0,
    "codec": "pcm_s16le",
    "bitrate": 256000.0,
    "samplerate": 16000.0,
    "channels": 1.0,
    "audio_md5": "49301464f7a26b4941d992cc01b59624",
    "loudness": -24.52653694152832,
    "dynamic_range": 0.0,
    "temporal_centroid": 0.4748620092868805,
    "log_attack_time": -1.621186375617981,
    "filesize": 59120,
    "single_event": true,
    "tonality": "B minor",
    "tonality_confidence": 0.8082730174064636,
    "loop": true,
    "tempo": 130,
    "tempo_confidence": 0.9999017119407654,
    "note_midi": 34,
    "note_name": "A#1",
    "note_frequency": 57.449928283691406,
    "note_confidence": 0.3623341917991638,
    "hardness": 36.504397965126,
    "depth": 62.25103198391673,
    "brightness": 30.42406519035909,
    "roughness": 26.811214801529683,
    "warmth": 55.41933986124101,
    "sharpness": 30.300586846971616,
    "boominess": 55.25836670154458,
    "reverb": false,
    "genre": "Genre A",
    "mood": "Mood A"
}