{
    "duration": 1.8461250066757202,
    "lossless": 1.0,
    "codec": "pcm_s16le",
    "bitrate": 256000.0,
    "samplerate": 16000.0,
    "channels": 1.0,
    "audio_md5": "b2c53e01f60fff2c780a6694c2d0c107",
    "loudness": -40.26844024658203,
    "dynamic_range": 0.0,
    "temporal_centroid": 0.6123054623603821,
    "log_attack_time": -0.12390264868736267,
    "filesize": 59120,
    "single_event": true,
    "tonality": "D minor",
    "tonality_confidence": 0.5528004169464111,
    "loop": false,
    "tempo": 161,
    "tempo_confidence": 0.0,
    "note_midi": 37,
    "note_name": "C#2",
    "note_frequency": 68.23870086669922,
    "note_confidence": 0.7719483971595764,
    "hardness": 38.97064930698761,
    "depth": 64.74463597043243,
    "brightness": 37.45535651839157,
    "roughness": 39.145960229358366,
    "warmth": 60.1891828193005,
    "sharpness": 22.595212358249107,
    "boominess": 54.07434946286631,
    "reverb": false,
    "genre": "Genre A",
    "mood": "Mood A"
}