{
    "duration": 1.8461250066757202,
    "lossless": 1.0,
    "codec": "pcm_s16le",
    "bitrate": 256000.0,
    "samplerate": 16000.0,
    "channels": 1.0,
    "audio_md5": "2ccd972e5698a2c1c03f7096aea21c77",
    "loudness": -25.766756057739258,
    "dynamic_range": 0.0,
    "temporal_centroid": 0.35364091396331787,
    "log_attack_time": -0.024792296811938286,
    "filesize": 59120,
    "single_event": true,
    "tonality": "D major",
    "tonality_confidence": 0.6418872475624084,
    "loop": false,
    "tempo": 126,
    "tempo_confidence": 0.0,
    "note_midi": 39,
    "note_name": "D#2",
    "note_frequency": 79.86164093017578,
    "note_confidence": 0.36322230100631714,
    "hardness": 42.92499689388117,
    "depth": 66.6904439917965,
    "brightness": 32.67344382814841,
    "roughness": 29.862766063599864,
    "warmth": 52.09852904568904,
    "sharpness": 32.31797806339266,
    "boominess": 59.112180899582555,
    "reverb": false,
    "genre": "Genre A",
    "mood": "Mood A"
}