{
    "duration": 1.8461250066757202,
    "lossless": 1.0,
    "codec": "pcm_s16le",
    "bitrate": 256000.0,
    "samplerate": 16000.0,
    "channels": 1.0,
    "audio_md5": "9b3ad76702dd9350edb425b387797870",
    "loudness": -20.641958236694336,
    "dynamic_range": 0.0,
    "temporal_centroid": 0.5498729944229126,
    "log_attack_time": 0.1518581658601761,
    "filesize": 59120,
    "single_event": true,
    "tonality": "C# minor",
    "tonality_confidence": 0.6931367516517639,
    "loop": false,
    "tempo": 98,
    "tempo_confidence": 0.0,
    "note_midi": 33,
    "note_name": "A1",
    "note_frequency": 54.746883392333984,
    "note_confidence": 0.6213479042053223,
    "hardness": 23.900192818010396,
    "depth": 66.80754780658116,
    "brightness": 24.415807400031788,
    "roughness": 39.52632215521594,
    "warmth": 61.33740686642421,
    "sharpness": 33.30121740367355,
    "boominess": 53.78169521212779,
    "reverb": false,
    "genre": "Genre A",
    "mood": "Mood A"
}