{
    "duration": 1.8461250066757202,
    "lossless": 1.0,
    "codec": "pcm_s16le",
    "bitrate": 256000.0,
    "samplerate": 16000.0,
    "channels": 1.0,
    "audio_md5": "4fdab8647bbf81c0bd862857e18104a9",
    "loudness": -36.96254348754883,
    "dynamic_range": 0.0,
    "temporal_centroid": 0.5858418941497803,
    "log_attack_time": 0.1592915803194046,
    "filesize": 59120,
    "single_event": true,
    "tonality": "G# minor",
    "tonality_confidence": 0.2735166847705841,
    "loop": false,
    "tempo": 86,
    "tempo_confidence": 0.0,
    "note_midi": 36,
    "note_name": "C2",
    "note_frequency": 67.07145690917969,
    "note_confidence": 0.7255129218101501,
    "hardness": 39.72225309709292,
    "depth": 68.45867676814416,
    "brightness": 39.636136985323844,
    "roughness": 43.55036841356026,
    "warmth": 62.39462656564899,
    "sharpness": 30.06676494550338,
    "boominess": 50.31161973785645,
    "reverb": false,
    "genre": "Genre A",
    "mood": "Mood A"
}