{
    "duration": 1.8461250066757202,
    "lossless": 1.0,
    "codec": "pcm_s16le",
    "bitrate": 256000.0,
    "samplerate": 16000.0,
    "channels": 1.0,
    "audio_md5": "8d80408d4d856fc9354fdcfcddb2232c",
    "loudness": -27.093170166015625,
    "dynamic_range": 0.0,
    "temporal_centroid": 0.4330805838108063,
    "log_attack_time": -0.05200645327568054,
    "filesize": 59120,
    "single_event": true,
    "tonality": "B minor",
    "tonality_confidence": 0.6282169818878174,
    "loop": false,
    "tempo": 129,
    "tempo_confidence": 0.0,
    "note_midi": 37,
    "note_name": "C#2",
    "note_frequency": 70.58322143554688,
    "note_confidence": 0.4368135333061218,
    "hardness": 40.443377307347944,
    "depth": 62.86027610369798,
    "brightness": 39.55650498893142,
    "roughness": 28.69865509709316,
    "warmth": 54.361822119371716,
    "sharpness": 24.44137295046252,
    "boominess": 46.722839008535416,
    "reverb": false,
    "genre": "Genre A",
    "mood": "Mood A"
}