{
    "duration": 1.8461250066757202,
    "lossless": 1.0,
    "codec": "pcm_s16le",
    "bitrate": 256000.0,
    "samplerate": 16000.0,
    "channels": 1.0,
    "audio_md5": "ec333df72e844d230d4a22cb4e136746",
    "loudness": -38.22514724731445,
    "dynamic_range": 0.0,
    "temporal_centroid": 0.5854583978652954,
    "log_attack_time": 0.15829412639141083,
    "filesize": 59120,
    "single_event": true,
    "tonality": "D minor",
    "tonality_confidence": 0.3993867039680481,
    "loop": false,
    "tempo": 125,
    "tempo_confidence": 0.0,
    "note_midi": 32,
    "note_name": "G#1",
    "note_frequency": 53.0612907409668,
    "note_confidence": 0.6305710077285767,
    "hardness": 40.607420311593984,
    "depth": 66.73116344120042,
    "brightness": 39.862536149565216,
    "roughness": 40.48053159593093,
    "warmth": 59.0728938151047,
    "sharpness": 31.10911377248815,
    "boominess": 50.35940322232344,
    "reverb": false,
    "genre": "Genre A",
    "mood": "Mood A"
}