{
    "duration": 1.8461250066757202,
    "lossless": 1.0,
    "codec": "pcm_s16le",
    "bitrate": 256000.0,
    "samplerate": 16000.0,
    "channels": 1.0,
    "audio_md5": "f9ccee974be1ed6b0b47a33786106ced",
    "loudness": -31.28921890258789,
    "dynamic_range": 0.0,
    "temporal_centroid": 0.38226109743118286,
    "log_attack_time": -0.041337549686431885,
    "filesize": 59120,
    "single_event": true,
    "tonality": "A major",
    "tonality_confidence": 0.4776158630847931,
    "loop": false,
    "tempo": 129,
    "tempo_confidence": 0.0,
    "note_midi": 40,
    "note_name": "E2",
    "note_frequency": 81.296630859375,
    "note_confidence": 0.44306784868240356,
    "hardness": 38.99556766206703,
    "depth": 60.80799424803345,
    "brightness": 42.05926984844314,
    "roughness": 26.842951443406154,
    "warmth": 53.66965779336414,
    "sharpness": 31.593676532997762,
    "boominess": 44.820914262868385,
    "reverb": false,
    "genre": "Genre A",
    "mood": "Mood A"
}