{
    "duration": 1.8461250066757202,
    "lossless": 1.0,
    "codec": "pcm_s16le",
    "bitrate": 256000.0,
    "samplerate": 16000.0,
    "channels": 1.0,
    "audio_md5": "f2f1cf86b4a8ee06fecce5b01b37d5e4",
    "loudness": -34.10109329223633,
    "dynamic_range": 0.0,
    "temporal_centroid": 0.5756679773330688,
    "log_attack_time": 0.06001223623752594,
    "filesize": 59120,
    "single_event": true,
    "tonality": "C major",
    "tonality_confidence": 0.6427979469299316,
    "loop": false,
    "tempo": 129,
    "tempo_confidence": 0.0,
    "note_midi": 38,
    "note_name": "D2",
    "note_frequency": 73.13481903076172,
    "note_confidence": 0.5404205918312073,
    "hardness": 35.71652287273987,
    "depth": 64.51264476642247,
    "brightness": 38.05936980294533,
    "roughness": 45.08332320724622,
    "warmth": 63.757922855763546,
    "sharpness": 22.448753110484024,
    "boominess": 50.432535799777185,
    "reverb": false,
    "genre": "Genre A",
    "mood": "Mood A"
}