{
    "duration": 1.8461250066757202,
    "lossless": 1.0,
    "codec": "pcm_s16le",
    "bitrate": 256000.0,
    "samplerate": 16000.0,
    "channels": 1.0,
    "audio_md5": "fc23cc82be70e9879f096a22dd8ee595",
    "loudness": -36.51028060913086,
    "dynamic_range": 0.0,
    "temporal_centroid": 0.40997201204299927,
    "log_attack_time": -2.3059821128845215,
    "filesize": 59120,
    "single_event": true,
    "tonality": "B minor",
    "tonality_confidence": 0.4807645380496979,
    "loop": false,
    "tempo": 129,
    "tempo_confidence": 0.0,
    "note_midi": 59,
    "note_name": "B3",
    "note_frequency": 254.1549530029297,
    "note_confidence": 0.479744553565979,
    "hardness": 46.95504691316876,
    "depth": 52.85588634197172,
    "brightness": 40.61997648776922,
    "roughness": 37.49330894421206,
    "warmth": 54.744160839701884,
    "sharpness": 36.6700950237176,
    "boominess": 42.71945588410651,
    "reverb": false,
    "genre": "Genre A",
    "mood": "Mood A"
}