{
    "duration": 1.8461250066757202,
    "lossless": 1.0,
    "codec": "pcm_s16le",
    "bitrate": 256000.0,
    "samplerate": 16000.0,
    "channels": 1.0,
    "audio_md5": "7c881156a95eefafeb5382eb7da75650",
    "loudness": -30.202924728393555,
    "dynamic_range": 0.0,
    "temporal_centroid": 0.4199027419090271,
    "log_attack_time": -0.03504694998264313,
    "filesize": 59120,
    "single_event": true,
    "tonality": "D minor",
    "tonality_confidence": 0.5546866059303284,
    "loop": false,
    "tempo": 129,
    "tempo_confidence": 0.0,
    "note_midi": 39,
    "note_name": "D#2",
    "note_frequency": 76.06465148925781,
    "note_confidence": 0.4493228793144226,
    "hardness": 48.264800719230976,
    "depth": 61.6436475386806,
    "brightness": 40.5807205579694,
    "roughness": 32.26839866106337,
    "warmth": 51.698490899276756,
    "sharpness": 39.23552287015646,
    "boominess": 46.17376724424178,
    "reverb": false,
    "genre": "Genre A",
    "mood": "Mood A"
}