{
    "duration": 1.8461250066757202,
    "lossless": 1.0,
    "codec": "pcm_s16le",
    "bitrate": 256000.0,
    "samplerate": 16000.0,
    "channels": 1.0,
    "audio_md5": "4d02690fa7b55063145cb3397f277ed4",
    "loudness": -34.510215759277344,
    "dynamic_range": 0.0,
    "temporal_centroid": 0.40962377190589905,
    "log_attack_time": -2.248239278793335,
    "filesize": 59120,
    "single_event": true,
    "tonality": "B minor",
    "tonality_confidence": 0.6096006035804749,
    "loop": false,
    "tempo": 129,
    "tempo_confidence": 0.0,
    "note_midi": 50,
    "note_name": "D3",
    "note_frequency": 148.86756896972656,
    "note_confidence": 0.4653679132461548,
    "hardness": 43.64252254935613,
    "depth": 55.567591473659625,
    "brightness": 40.3854366369871,
    "roughness": 32.66901383387389,
    "warmth": 55.20017929139788,
    "sharpness": 35.06305970652527,
    "boominess": 43.6003679773959,
    "reverb": false,
    "genre": "Genre A",
    "mood": "Mood A"
}