{
    "duration": 1.8461250066757202,
    "lossless": 1.0,
    "codec": "pcm_s16le",
    "bitrate": 256000.0,
    "samplerate": 16000.0,
    "channels": 1.0,
    "audio_md5": "b432ca709955e128940c419988a5f0bf",
    "loudness": -31.757661819458008,
    "dynamic_range": 0.0,
    "temporal_centroid": 0.4473162591457367,
    "log_attack_time": -0.1581498682498932,
    "filesize": 59120,
    "single_event": true,
    "tonality": "B minor",
    "tonality_confidence": 0.666161298751831,
    "loop": false,
    "tempo": 128,
    "tempo_confidence": 0.0,
    "note_midi": 54,
    "note_name": "F#3",
    "note_frequency": 180.0095977783203,
    "note_confidence": 0.5447323322296143,
    "hardness": 41.36097953823314,
    "depth": 51.88348932322225,
    "brightness": 34.02580551434649,
    "roughness": 32.04206233554869,
    "warmth": 54.90222300036778,
    "sharpness": 34.10830448915545,
    "boominess": 44.453346505760955,
    "reverb": false,
    "genre": "Genre A",
    "mood": "Mood A"
}