{
    "duration": 1.8461250066757202,
    "lossless": 1.0,
    "codec": "pcm_s16le",
    "bitrate": 256000.0,
    "samplerate": 16000.0,
    "channels": 1.0,
    "audio_md5": "7215732a5969671e5068f44c513e26f8",
    "loudness": -36.89506530761719,
    "dynamic_range": 0.0,
    "temporal_centroid": 0.6030229926109314,
    "log_attack_time": 0.15801359713077545,
    "filesize": 59120,
    "single_event": true,
    "tonality": "B minor",
    "tonality_confidence": 0.6785738468170166,
    "loop": false,
    "tempo": 154,
    "tempo_confidence": 0.0,
    "note_midi": 36,
    "note_name": "C2",
    "note_frequency": 66.66910552978516,
    "note_confidence": 0.7858691811561584,
    "hardness": 36.29862426909493,
    "depth": 68.94631892132334,
    "brightness": 39.23568764912863,
    "roughness": 42.21224054577182,
    "warmth": 61.4321354784775,
    "sharpness": 30.0994219892843,
    "boominess": 51.01086175370301,
    "reverb": false,
    "genre": "Genre A",
    "mood": "Mood A"
}