{
    "duration": 1.8461250066757202,
    "lossless": 1.0,
    "codec": "pcm_s16le",
    "bitrate": 256000.0,
    "samplerate": 16000.0,
    "channels": 1.0,
    "audio_md5": "32a1f75618f084b17c41d7cab8668d2f",
    "loudness": -37.07061004638672,
    "dynamic_range": 0.0,
    "temporal_centroid": 0.6081572771072388,
    "log_attack_time": 0.06724213063716888,
    "filesize": 59120,
    "single_event": true,
    "tonality": "D major",
    "tonality_confidence": 0.5154429078102112,
    "loop": false,
    "tempo": 150,
    "tempo_confidence": 0.0,
    "note_midi": 36,
    "note_name": "C2",
    "note_frequency": 66.09954071044922,
    "note_confidence": 0.7767740488052368,
    "hardness": 35.74794824445058,
    "depth": 66.12368077517857,
    "brightness": 39.34953679291198,
    "roughness": 43.15259200727976,
    "warmth": 60.217152329968144,
    "sharpness": 29.31961743374707,
    "boominess": 51.095050619658736,
    "reverb": false,
    "genre": "Genre A",
    "mood": "Mood A"
}