{
    "duration": 1.8461250066757202,
    "lossless": 1.0,
    "codec": "pcm_s16le",
    "bitrate": 256000.0,
    "samplerate": 16000.0,
    "channels": 1.0,
    "audio_md5": "5f1a69a333470ffecb0ee06a94eaf0a3",
    "loudness": -18.972257614135742,
    "dynamic_range": 0.0,
    "temporal_centroid": 0.5755443572998047,
    "log_attack_time": 0.14228446781635284,
    "filesize": 59120,
    "single_event": true,
    "tonality": "F major",
    "tonality_confidence": 0.5628321766853333,
    "loop": false,
    "tempo": 117,
    "tempo_confidence": 0.0,
    "note_midi": 30,
    "note_name": "F#1",
    "note_frequency": 46.070045471191406,
    "note_confidence": 0.7891091704368591,
    "hardness": 26.070310837796498,
    "depth": 72.91796251363701,
    "brightness": 20.303333404784006,
    "roughness": 31.93181978774503,
    "warmth": 59.21044330574168,
    "sharpness": 41.841905689878644,
    "boominess": 49.06516979921854,
    "reverb": false,
    "genre": "Genre A",
    "mood": "Mood A"
}