{
    "duration": 1.8461250066757202,
    "lossless": 1.0,
    "codec": "pcm_s16le",
    "bitrate": 256000.0,
    "samplerate": 16000.0,
    "channels": 1.0,
    "audio_md5": "bf2bb584c0a1a7a33ae748a087052a8f",
    "loudness": -24.912925720214844,
    "dynamic_range": 0.0,
    "temporal_centroid": 0.37662163376808167,
    "log_attack_time": -0.02574215456843376,
    "filesize": 59120,
    "single_event": true,
    "tonality": "A# minor",
    "tonality_confidence": 0.5547497272491455,
    "loop": true,
    "tempo": 132,
    "tempo_confidence": 0.9684716463088989,
    "note_midi": 36,
    "note_name": "C2",
    "note_frequency": 65.45026397705078,
    "note_confidence": 0.3485798239707947,
    "hardness": 33.005929867845666,
    "depth": 68.15572071426902,
    "brightness": 32.69877033251248,
    "roughness": 29.739209324378148,
    "warmth": 56.41220297474824,
    "sharpness": 30.976456570182574,
    "boominess": 60.023868168364814,
    "reverb": false,
    "genre": "Genre A",
    "mood": "Mood A"
}