{
    "duration": 1.8461250066757202,
    "lossless": 1.0,
    "codec": "pcm_s16le",
    "bitrate": 256000.0,
    "samplerate": 16000.0,
    "channels": 1.0,
    "audio_md5": "435ac8fb9b1da3945ec2ba92346e9e79",
    "loudness": -38.43153381347656,
    "dynamic_range": 0.0,
    "temporal_centroid": 0.46546369791030884,
    "log_attack_time": -2.2328195571899414,
    "filesize": 59120,
    "single_event": true,
    "tonality": "B minor",
    "tonality_confidence": 0.6614006161689758,
    "loop": false,
    "tempo": 126,
    "tempo_confidence": 0.0,
    "note_midi": 46,
    "note_name": "A#2",
    "note_frequency": 114.55290985107422,
    "note_confidence": 0.4699443578720093,
    "hardness": 43.62627903798,
    "depth": 56.04325060047752,
    "brightness": 41.35919100525426,
    "roughness": 37.72536056794777,
    "warmth": 55.43447745932408,
    "sharpness": 37.157954629082006,
    "boominess": 41.37837007287855,
    "reverb": false,
    "genre": "Genre A",
    "mood": "Mood A"
}