{
    "duration": 1.8461250066757202,
    "lossless": 1.0,
    "codec": "pcm_s16le",
    "bitrate": 256000.0,
    "samplerate": 16000.0,
    "channels": 1.0,
    "audio_md5": "f29231dfa93e95c656bfb78a216b87a9",
    "loudness": -30.159400939941406,
    "dynamic_range": 0.0,
    "temporal_centroid": 0.3980787992477417,
    "log_attack_time": -0.043074045330286026,
    "filesize": 59120,
    "single_event": true,
    "tonality": "D minor",
    "tonality_confidence": 0.7196324467658997,
    "loop": false,
    "tempo": 131,
    "tempo_confidence": 0.0,
    "note_midi": 41,
    "note_name": "F2",
    "note_frequency": 85.0081787109375,
    "note_confidence": 0.45814990997314453,
    "hardness": 46.60881934086183,
    "depth": 55.08897543537108,
    "brightness": 41.25902595217424,
    "roughness": 26.993807396809473,
    "warmth": 52.44845844232093,
    "sharpness": 34.8410958536403,
    "boominess": 42.95232998945185,
    "reverb": false,
    "genre": "Genre A",
    "mood": "Mood A"
}