{
    "duration": 1.8461250066757202,
    "lossless": 1.0,
    "codec": "pcm_s16le",
    "bitrate": 256000.0,
    "samplerate": 16000.0,
    "channels": 1.0,
    "audio_md5": "01d0c1c97461f3cf714d89139f145a1f",
    "loudness": -20.42725372314453,
    "dynamic_range": 0.0,
    "temporal_centroid": 0.5786204934120178,
    "log_attack_time": -0.10536247491836548,
    "filesize": 59120,
    "single_event": true,
    "tonality": "F# major",
    "tonality_confidence": 0.33809128403663635,
    "loop": false,
    "tempo": 199,
    "tempo_confidence": 0.0,
    "note_midi": 33,
    "note_name": "A1",
    "note_frequency": 55.45149612426758,
    "note_confidence": 0.7117369771003723,
    "hardness": 26.69970793046872,
    "depth": 69.09477761300013,
    "brightness": 22.808719257080046,
    "roughness": 36.055069400574176,
    "warmth": 60.39497520669925,
    "sharpness": 31.87238338205009,
    "boominess": 55.075988924897345,
    "reverb": false,
    "genre": "Genre A",
    "mood": "Mood A"
}