{
    "duration": 1.8461250066757202,
    "lossless": 1.0,
    "codec": "pcm_s16le",
    "bitrate": 256000.0,
    "samplerate": 16000.0,
    "channels": 1.0,
    "audio_md5": "10aca28562f806b18999e3be5f26d19b",
    "loudness": -21.638643264770508,
    "dynamic_range": 0.0,
    "temporal_centroid": 0.44240549206733704,
    "log_attack_time": -0.036372773349285126,
    "filesize": 59120,
    "single_event": true,
    "tonality": "G# major",
    "tonality_confidence": 0.5899488925933838,
    "loop": false,
    "tempo": 126,
    "tempo_confidence": 0.0,
    "note_midi": 33,
    "note_name": "A1",
    "note_frequency": 55.50171661376953,
    "note_confidence": 0.21544861793518066,
    "hardness": 32.85107917070785,
    "depth": 65.99220701301721,
    "brightness": 27.90653685123102,
    "roughness": 22.92887874445022,
    "warmth": 56.385523841667904,
    "sharpness": 35.90548297851646,
    "boominess": 57.4488370700054,
    "reverb": false,
    "genre": "Genre A",
    "mood": "Mood A"
}