{
    "duration": 1.8461250066757202,
    "lossless": 1.0,
    "codec": "pcm_s16le",
    "bitrate": 256000.0,
    "samplerate": 16000.0,
    "channels": 1.0,
    "audio_md5": "535f40bad4ebe3de08c53bc6def84877",
    "loudness": -35.600460052490234,
    "dynamic_range": 0.0,
    "temporal_centroid": 0.368012011051178,
    "log_attack_time": -0.6129493713378906,
    "filesize": 59120,
    "single_event": true,
    "tonality": "B minor",
    "tonality_confidence": 0.38379713892936707,
    "loop": false,
    "tempo": 129,
    "tempo_confidence": 0.0,
    "note_midi": 39,
    "note_name": "D#2",
    "note_frequency": 76.66114044189453,
    "note_confidence": 0.31776320934295654,
    "hardness": 42.7353527651492,
    "depth": 60.155661632166904,
    "brightness": 39.33317487623491,
    "roughness": 23.04159938373058,
    "warmth": 55.12040130871999,
    "sharpness": 39.91655885004371,
    "boominess": 46.16349065309085,
    "reverb": false,
    "genre": "Genre A",
    "mood": "Mood A"
}