{
    "duration": 1.8461250066757202,
    "lossless": 1.0,
    "codec": "pcm_s16le",
    "bitrate": 256000.0,
    "samplerate": 16000.0,
    "channels": 1.0,
    "audio_md5": "9c02760609195047e8267ccc9f8bc709",
    "loudness": -20.50442123413086,
    "dynamic_range": 0.0,
    "temporal_centroid": 0.5355411767959595,
    "log_attack_time": -0.10071814060211182,
    "filesize": 59120,
    "single_event": true,
    "tonality": "G# minor",
    "tonality_confidence": 0.5367162823677063,
    "loop": false,
    "tempo": 191,
    "tempo_confidence": 0.0,
    "note_midi": 31,
    "note_name": "G1",
    "note_frequency": 49.982791900634766,
    "note_confidence": 0.9332149624824524,
    "hardness": 29.282760777817927,
    "depth": 67.31165126230883,
    "brightness": 23.50702044170085,
    "roughness": 27.438188443495896,
    "warmth": 59.74497711730273,
    "sharpness": 39.473821495926785,
    "boominess": 50.553761115084114,
    "reverb": false,
    "genre": "Genre A",
    "mood": "Mood A"
}