{
    "duration": 1.8461250066757202,
    "lossless": 1.0,
    "codec": "pcm_s16le",
    "bitrate": 256000.0,
    "samplerate": 16000.0,
    "channels": 1.0,
    "audio_md5": "9b22d405d6aaf6c707f2fea6f8caf9a0",
    "loudness": -40.41817855834961,
    "dynamic_range": 0.0,
    "temporal_centroid": 0.5250043869018555,
    "log_attack_time": -0.11228318512439728,
    "filesize": 59120,
    "single_event": true,
    "tonality": "F major",
    "tonality_confidence": 0.5630477666854858,
    "loop": false,
    "tempo": 96,
    "tempo_confidence": 0.0,
    "note_midi": 29,
    "note_name": "F1",
    "note_frequency": 43.024391174316406,
    "note_confidence": 0.3536118268966675,
    "hardness": 35.37430488564526,
    "depth": 75.44286072339318,
    "brightness": 32.418012750405396,
    "roughness": 42.71413356751028,
    "warmth": 62.00701079293576,
    "sharpness": 19.664161093121475,
    "boominess": 53.00494423295774,
    "reverb": false,
    "genre": "Genre A",
    "mood": "Mood A"
}