{
    "duration": 1.8461250066757202,
    "lossless": 1.0,
    "codec": "pcm_s16le",
    "bitrate": 256000.0,
    "samplerate": 16000.0,
    "channels": 1.0,
    "audio_md5": "a5c00d61a864f2a0e61b1348c0f0051d",
    "loudness": -34.29515075683594,
    "dynamic_range": 0.0,
    "temporal_centroid": 0.557353138923645,
    "log_attack_time": -0.05625653266906738,
    "filesize": 59120,
    "single_event": true,
    "tonality": "D minor",
    "tonality_confidence": 0.8631895780563354,
    "loop": false,
    "tempo": 128,
    "tempo_confidence": 0.0,
    "note_midi": 36,
    "note_name": "C2",
    "note_frequency": 67.15382385253906,
    "note_confidence": 0.7043448686599731,
    "hardness": 37.89137376605646,
    "depth": 67.24936618269463,
    "brightness": 38.08700184678534,
    "roughness": 41.33881065038096,
    "warmth": 61.379243126601665,
    "sharpness": 24.568101852688002,
    "boominess": 49.74906649747108,
    "reverb": false,
    "genre": "Genre A",
    "mood": "Mood A"
}