{
    "duration": 1.8461250066757202,
    "lossless": 1.0,
    "codec": "pcm_s16le",
    "bitrate": 256000.0,
    "samplerate": 16000.0,
    "channels": 1.0,
    "audio_md5": "7e79f6b301e294c8595afbeba0bebd19",
    "loudness": -23.31412696838379,
    "dynamic_range": 0.0,
    "temporal_centroid": 0.44994911551475525,
    "log_attack_time": -0.03144293278455734,
    "filesize": 59120,
    "single_event": true,
    "tonality": "C minor",
    "tonality_confidence": 0.471513956785202,
    "loop": true,
    "tempo": 133,
    "tempo_confidence": 0.953253984451294,
    "note_midi": 39,
    "note_name": "D#2",
    "note_frequency": 77.61238861083984,
    "note_confidence": 0.3359519839286804,
    "hardness": 40.62920983077818,
    "depth": 64.81636668353832,
    "brightness": 31.418103640907706,
    "roughness": 21.861749029858558,
    "warmth": 56.14480511136237,
    "sharpness": 30.99319735453789,
    "boominess": 62.21982356813922,
    "reverb": false,
    "genre": "Genre A",
    "mood": "Mood A"
}