{
    "duration": 1.8461250066757202,
    "lossless": 1.0,
    "codec": "pcm_s16le",
    "bitrate": 256000.0,
    "samplerate": 16000.0,
    "channels": 1.0,
    "audio_md5": "abd5c9c07ea0de8fda76d876d7366906",
    "loudness": -23.513643264770508,
    "dynamic_range": 0.0,
    "temporal_centroid": 0.35958048701286316,
    "log_attack_time": -0.019332025200128555,
    "filesize": 59120,
    "single_event": true,
    "tonality": "A# major",
    "tonality_confidence": 0.5803622007369995,
    "loop": false,
    "tempo": 123,
    "tempo_confidence": 0.0,
    "note_midi": 38,
    "note_name": "D2",
    "note_frequency": 75.29926300048828,
    "note_confidence": 0.40346962213516235,
    "hardness": 40.74571307629692,
    "depth": 67.02590152747071,
    "brightness": 31.258676948039035,
    "roughness": 23.65711156725205,
    "warmth": 54.46704814571066,
    "sharpness": 32.860857956627356,
    "boominess": 58.37442944914335,
    "reverb": false,
    "genre": "Genre A",
    "mood": "Mood A"
}