{
    "duration": 1.8461250066757202,
    "lossless": 1.0,
    "codec": "pcm_s16le",
    "bitrate": 256000.0,
    "samplerate": 16000.0,
    "channels": 1.0,
    "audio_md5": "3c705c6d91a36090335e7e987ed3e1f2",
    "loudness": -32.075408935546875,
    "dynamic_range": 0.0,
    "temporal_centroid": 0.42131444811820984,
    "log_attack_time": -0.6249068975448608,
    "filesize": 59120,
    "single_event": true,
    "tonality": "B minor",
    "tonality_confidence": 0.6531690359115601,
    "loop": true,
    "tempo": 130,
    "tempo_confidence": 0.9999017119407654,
    "note_midi": 36,
    "note_name": "C2",
    "note_frequency": 66.51438903808594,
    "note_confidence": 0.33477574586868286,
    "hardness": 39.96922655881636,
    "depth": 64.18760406095112,
    "brightness": 34.170412122411854,
    "roughness": 27.890956744576684,
    "warmth": 55.569333133552306,
    "sharpness": 30.992867220200655,
    "boominess": 54.18369201953634,
    "reverb": false,
    "genre": "Genre A",
    "mood": "Mood A"
}