{
    "duration": 1.8461250066757202,
    "lossless": 1.0,
    "codec": "pcm_s16le",
    "bitrate": 256000.0,
    "samplerate": 16000.0,
    "channels": 1.0,
    "audio_md5": "20b67a7c6c99ce1385dd19594cee9cec",
    "loudness": -31.20008087158203,
    "dynamic_range": 0.0,
    "temporal_centroid": 0.35959941148757935,
    "log_attack_time": -0.03771336004137993,
    "filesize": 59120,
    "single_event": true,
    "tonality": "D minor",
    "tonality_confidence": 0.41274136304855347,
    "loop": false,
    "tempo": 129,
    "tempo_confidence": 0.0,
    "note_midi": 40,
    "note_name": "E2",
    "note_frequency": 82.46437072753906,
    "note_confidence": 0.4617919921875,
    "hardness": 46.11765628364617,
    "depth": 59.003951863973896,
    "brightness": 42.105793676070626,
    "roughness": 27.058618197836438,
    "warmth": 52.927948514430604,
    "sharpness": 35.99306878201846,
    "boominess": 45.12953029852366,
    "reverb": false,
    "genre": "Genre A",
    "mood": "Mood A"
}