{
    "duration": 1.8461250066757202,
    "lossless": 1.0,
    "codec": "pcm_s16le",
    "bitrate": 256000.0,
    "samplerate": 16000.0,
    "channels": 1.0,
    "audio_md5": "e8218b32ff8a2c451c1ede24e31f247a",
    "loudness": -29.768720626831055,
    "dynamic_range": 0.0,
    "temporal_centroid": 0.3227764666080475,
    "log_attack_time": -0.036812007427215576,
    "filesize": 59120,
    "single_event": true,
    "tonality": "A# major",
    "tonality_confidence": 0.2989049553871155,
    "loop": false,
    "tempo": 129,
    "tempo_confidence": 0.0,
    "note_midi": 38,
    "note_name": "D2",
    "note_frequency": 72.26958465576172,
    "note_confidence": 0.4334906339645386,
    "hardness": 34.959582562545435,
    "depth": 63.62623939953869,
    "brightness": 40.494129097578735,
    "roughness": 30.07943549119743,
    "warmth": 55.592439121889015,
    "sharpness": 26.81435516482511,
    "boominess": 48.921540754003004,
    "reverb": false,
    "genre": "Genre A",
    "mood": "Mood A"
}