{
    "duration": 1.8461250066757202,
    "lossless": 1.0,
    "codec": "pcm_s16le",
    "bitrate": 256000.0,
    "samplerate": 16000.0,
    "channels": 1.0,
    "audio_md5": "c6e80b64a1d61484d7df1e19a8e753cb",
    "loudness": -35.77377700805664,
    "dynamic_range": 0.0,
    "temporal_centroid": 0.4376891553401947,
    "log_attack_time": -2.3390872478485107,
    "filesize": 59120,
    "single_event": true,
    "tonality": "B minor",
    "tonality_confidence": 0.751272976398468,
    "loop": false,
    "tempo": 126,
    "tempo_confidence": 0.0,
    "note_midi": 49,
    "note_name": "C#3",
    "note_frequency": 135.9973907470703,
    "note_confidence": 0.45471155643463135,
    "hardness": 43.57350153988989,
    "depth": 49.95143645034352,
    "brightness": 39.82443197738106,
    "roughness": 37.59580888915283,
    "warmth": 56.70901037627624,
    "sharpness": 34.49854860638123,
    "boominess": 43.27891402190631,
    "reverb": false,
    "genre": "Genre A",
    "mood": "Mood A"
}