{
    "duration": 1.8461250066757202,
    "lossless": 1.0,
    "codec": "pcm_s16le",
    "bitrate": 256000.0,
    "samplerate": 16000.0,
    "channels": 1.0,
    "audio_md5": "3d09da91aac0218e94a67b8ca15a7be6",
    "loudness": -40.28044509887695,
    "dynamic_range": 0.0,
    "temporal_centroid": 0.5822839736938477,
    "log_attack_time": -0.08795517683029175,
    "filesize": 59120,
    "single_event": true,
    "tonality": "D# major",
    "tonality_confidence": 0.3832014203071594,
    "loop": false,
    "tempo": 151,
    "tempo_confidence": 0.0,
    "note_midi": 34,
    "note_name": "A#1",
    "note_frequency": 58.45486831665039,
    "note_confidence": 0.7626928091049194,
    "hardness": 45.25850192804671,
    "depth": 68.2188196488788,
    "brightness": 39.889572502824606,
    "roughness": 42.65632304586998,
    "warmth": 61.168465435564116,
    "sharpness": 28.73328999248948,
    "boominess": 51.47403548945394,
    "reverb": false,
    "genre": "Genre A",
    "mood": "Mood A"
}