{
    "duration": 1.8461250066757202,
    "lossless": 1.0,
    "codec": "pcm_s16le",
    "bitrate": 256000.0,
    "samplerate": 16000.0,
    "channels": 1.0,
    "audio_md5": "9fb438c73a83f94492adfd2d64b77462",
    "loudness": -32.048828125,
    "dynamic_range": 0.0,
    "temporal_centroid": 0.5624253153800964,
    "log_attack_time": -0.08373112976551056,
    "filesize": 59120,
    "single_event": true,
    "tonality": "G minor",
    "tonality_confidence": 0.6722989082336426,
    "loop": true,
    "tempo": 130,
    "tempo_confidence": 0.9999017119407654,
    "note_midi": 35,
    "note_name": "B1",
    "note_frequency": 60.55429458618164,
    "note_confidence": 0.651897668838501,
    "hardness": 36.49107748983863,
    "depth": 67.23066011990545,
    "brightness": 34.693821953618965,
    "roughness": 45.99745464543021,
    "warmth": 64.52445878165335,
    "sharpness": 21.173733589514853,
    "boominess": 49.32078179819223,
    "reverb": false,
    "genre": "Genre A",
    "mood": "Mood A"
}