{
    "duration": 1.8461250066757202,
    "lossless": 1.0,
    "codec": "pcm_s16le",
    "bitrate": 256000.0,
    "samplerate": 16000.0,
    "channels": 1.0,
    "audio_md5": "7e9411f47645278d66a5f7ff4caf9557",
    "loudness": -29.82994270324707,
    "dynamic_range": 0.0,
    "temporal_centroid": 0.4146687984466553,
    "log_attack_time": -0.043465692549943924,
    "filesize": 59120,
    "single_event": true,
    "tonality": "G minor",
    "tonality_confidence": 0.45979875326156616,
    "loop": false,
    "tempo": 126,
    "tempo_confidence": 0.0,
    "note_midi": 37,
    "note_name": "C#2",
    "note_frequency": 69.86647033691406,
    "note_confidence": 0.4388393759727478,
    "hardness": 42.45830401558442,
    "depth": 57.415262991169364,
    "brightness": 40.28883253904509,
    "roughness": 28.364236130502842,
    "warmth": 51.903275520571256,
    "sharpness": 36.03522311246662,
    "boominess": 44.43744790510944,
    "reverb": false,
    "genre": "Genre A",
    "mood": "Mood A"
}