{
    "duration": 1.8461250066757202,
    "lossless": 1.0,
    "codec": "pcm_s16le",
    "bitrate": 256000.0,
    "samplerate": 16000.0,
    "channels": 1.0,
    "audio_md5": "71aac673ed4f76acd1da4b3d0289a022",
    "loudness": -23.216806411743164,
    "dynamic_range": 0.0,
    "temporal_centroid": 0.3692559599876404,
    "log_attack_time": -0.026181239634752274,
    "filesize": 59120,
    "single_event": true,
    "tonality": "E major",
    "tonality_confidence": 0.7423126101493835,
    "loop": false,
    "tempo": 128,
    "tempo_confidence": 0.0,
    "note_midi": 36,
    "note_name": "C2",
    "note_frequency": 66.39600372314453,
    "note_confidence": 0.40957528352737427,
    "hardness": 38.463250318151154,
    "depth": 66.75863523027942,
    "brightness": 32.73739779366691,
    "roughness": 25.293951398334954,
    "warmth": 51.12893647095581,
    "sharpness": 33.20729655472355,
    "boominess": 59.448901147467396,
    "reverb": false,
    "genre": "Genre A",
    "mood": "Mood A"
}