{
    "duration": 1.8461250066757202,
    "lossless": 1.0,
    "codec": "pcm_s16le",
    "bitrate": 256000.0,
    "samplerate": 16000.0,
    "channels": 1.0,
    "audio_md5": "f7a2aea540783cc0024792c1d86be464",
    "loudness": -21.994462966918945,
    "dynamic_range": 0.0,
    "temporal_centroid": 0.5767074227333069,
    "log_attack_time": -0.11272981017827988,
    "filesize": 59120,
    "single_event": true,
    "tonality": "G# major",
    "tonality_confidence": 0.5618011951446533,
    "loop": false,
    "tempo": 148,
    "tempo_confidence": 0.0,
    "note_midi": 36,
    "note_name": "C2",
    "note_frequency": 65.57894897460938,
    "note_confidence": 0.6982117295265198,
    "hardness": 26.365266257344373,
    "depth": 68.39721326342882,
    "brightness": 24.520678677842067,
    "roughness": 38.05246957120729,
    "warmth": 61.04990278258013,
    "sharpness": 33.5591016630733,
    "boominess": 54.3544239756709,
    "reverb": false,
    "genre": "Genre A",
    "mood": "Mood A"
}