{
    "duration": 1.8461250066757202,
    "lossless": 1.0,
    "codec": "pcm_s16le",
    "bitrate": 256000.0,
    "samplerate": 16000.0,
    "channels": 1.0,
    "audio_md5": "c86535b229d30c83a9bbe6eebb42a47a",
    "loudness": -38.06594467163086,
    "dynamic_range": 0.0,
    "temporal_centroid": 0.4023197591304779,
    "log_attack_time": -2.416551113128662,
    "filesize": 59120,
    "single_event": true,
    "tonality": "B minor",
    "tonality_confidence": 0.6843470335006714,
    "loop": false,
    "tempo": 128,
    "tempo_confidence": 0.0,
    "note_midi": 41,
    "note_name": "F2",
    "note_frequency": 85.02426147460938,
    "note_confidence": 0.4350621700286865,
    "hardness": 39.91287400137669,
    "depth": 53.728950560904444,
    "brightness": 42.395601948833416,
    "roughness": 33.09817228908745,
    "warmth": 54.6511930896663,
    "sharpness": 15.38250415061609,
    "boominess": 49.678287640157464,
    "reverb": false,
    "genre": "Genre A",
    "mood": "Mood A"
}