{
    "duration": 1.8461250066757202,
    "lossless": 1.0,
    "codec": "pcm_s16le",
    "bitrate": 256000.0,
    "samplerate": 16000.0,
    "channels": 1.0,
    "audio_md5": "ce067e78f93dd0fe5a75d167aca814a6",
    "loudness": -23.593496322631836,
    "dynamic_range": 0.0,
    "temporal_centroid": 0.3873954117298126,
    "log_attack_time": -0.027459247037768364,
    "filesize": 59120,
    "single_event": true,
    "tonality": "B minor",
    "tonality_confidence": 0.33519265055656433,
    "loop": false,
    "tempo": 131,
    "tempo_confidence": 0.0,
    "note_midi": 39,
    "note_name": "D#2",
    "note_frequency": 76.16107940673828,
    "note_confidence": 0.3881651759147644,
    "hardness": 30.701476219573692,
    "depth": 68.81999690918386,
    "brightness": 32.814099330610766,
    "roughness": 28.375524193099245,
    "warmth": 56.64617356119224,
    "sharpness": 33.7317170021035,
    "boominess": 59.21531552667559,
    "reverb": false,
    "genre": "Genre A",
    "mood": "Mood A"
}