{
    "duration": 1.8461250066757202,
    "lossless": 1.0,
    "codec": "pcm_s16le",
    "bitrate": 256000.0,
    "samplerate": 16000.0,
    "channels": 1.0,
    "audio_md5": "49122a92d10eada47388f59e4c0c643c",
    "loudness": -23.756380081176758,
    "dynamic_range": 0.0,
    "temporal_centroid": 0.33028990030288696,
    "log_attack_time": -1.411950707435608,
    "filesize": 59120,
    "single_event": true,
    "tonality": "B minor",
    "tonality_confidence": 0.3195839822292328,
    "loop": false,
    "tempo": 123,
    "tempo_confidence": 0.0,
    "note_midi": 40,
    "note_name": "E2",
    "note_frequency": 80.40055084228516,
    "note_confidence": 0.38600844144821167,
    "hardness": 38.494081482686795,
    "depth": 68.58266211612333,
    "brightness": 32.05015360903337,
    "roughness": 27.078464624523928,
    "warmth": 50.57519815132084,
    "sharpness": 25.027531542079995,
    "boominess": 60.23789256865278,
    "reverb": false,
    "genre": "Genre A",
    "mood": "Mood A"
}