{
    "duration": 1.8461250066757202,
    "lossless": 1.0,
    "codec": "pcm_s16le",
    "bitrate": 256000.0,
    "samplerate": 16000.0,
    "channels": 1.0,
    "audio_md5": "b762471ce3d2d344e0a3a4c1090d5ae2",
    "loudness": -26.046703338623047,
    "dynamic_range": 0.0,
    "temporal_centroid": 0.5258966088294983,
    "log_attack_time": -0.14037573337554932,
    "filesize": 59120,
    "single_event": true,
    "tonality": "D minor",
    "tonality_confidence": 0.647646963596344,
    "loop": false,
    "tempo": 178,
    "tempo_confidence": 0.0,
    "note_midi": 37,
    "note_name": "C#2",
    "note_frequency": 70.52139282226562,
    "note_confidence": 0.6987982988357544,
    "hardness": 37.4850685079617,
    "depth": 66.20180011701561,
    "brightness": 31.05559331280867,
    "roughness": 31.896004919198724,
    "warmth": 60.242606952601385,
    "sharpness": 22.274176983440107,
    "boominess": 58.91526246785675,
    "reverb": false,
    "genre": "Genre A",
    "mood": "Mood A"
}