{
    "duration": 1.8461250066757202,
    "lossless": 1.0,
    "codec": "pcm_s16le",
    "bitrate": 256000.0,
    "samplerate": 16000.0,
    "channels": 1.0,
    "audio_md5": "9499493cc71ec50bad32d07c8a0f1d6e",
    "loudness": -20.960372924804688,
    "dynamic_range": 0.0,
    "temporal_centroid": 0.5608438849449158,
    "log_attack_time": 0.1553773730993271,
    "filesize": 59120,
    "single_event": true,
    "tonality": "C major",
    "tonality_confidence": 0.8165362477302551,
    "loop": false,
    "tempo": 108,
    "tempo_confidence": 0.0,
    "note_midi": 32,
    "note_name": "G#1",
    "note_frequency": 52.54612350463867,
    "note_confidence": 0.6768730878829956,
    "hardness": 22.93495970090845,
    "depth": 71.27801490873149,
    "brightness": 23.72273221644726,
    "roughness": 36.018108199509996,
    "warmth": 58.242547029780006,
    "sharpness": 36.53449952200669,
    "boominess": 52.50489265280898,
    "reverb": false,
    "genre": "Genre A",
    "mood": "Mood A"
}