{
    "duration": 1.8461250066757202,
    "lossless": 1.0,
    "codec": "pcm_s16le",
    "bitrate": 256000.0,
    "samplerate": 16000.0,
    "channels": 1.0,
    "audio_md5": "02ca40d872038ba1154625c873d63f4b",
    "loudness": -33.192474365234375,
    "dynamic_range": 0.0,
    "temporal_centroid": 0.5611597299575806,
    "log_attack_time": 0.06324227154254913,
    "filesize": 59120,
    "single_event": true,
    "tonality": "G major",
    "tonality_confidence": 0.4414363205432892,
    "loop": false,
    "tempo": 83,
    "tempo_confidence": 0.0,
    "note_midi": 32,
    "note_name": "G#1",
    "note_frequency": 51.258853912353516,
    "note_confidence": 0.45429766178131104,
    "hardness": 37.67607561059748,
    "depth": 64.92672791483751,
    "brightness": 36.087156454507976,
    "roughness": 46.797435868264195,
    "warmth": 65.39700211082598,
    "sharpness": 15.477388203970055,
    "boominess": 48.44693648937199,
    "reverb": false,
    "genre": "Genre A",
    "mood": "Mood A"
}