{
    "duration": 1.8461250066757202,
    "lossless": 1.0,
    "codec": "pcm_s16le",
    "bitrate": 256000.0,
    "samplerate": 16000.0,
    "channels": 1.0,
    "audio_md5": "bfb66560d96dee5246a1e033e3b09ce6",
    "loudness": -37.324623107910156,
    "dynamic_range": 0.0,
    "temporal_centroid": 0.4508247673511505,
    "log_attack_time": -2.419128894805908,
    "filesize": 59120,
    "single_event": true,
    "tonality": "B minor",
    "tonality_confidence": 0.7042639851570129,
    "loop": false,
    "tempo": 129,
    "tempo_confidence": 0.0,
    "note_midi": 57,
    "note_name": "A3",
    "note_frequency": 218.00167846679688,
    "note_confidence": 0.4797940254211426,
    "hardness": 41.587375617263405,
    "depth": 53.00818778612384,
    "brightness": 40.78406858310419,
    "roughness": 43.372222679808075,
    "warmth": 58.63048041818393,
    "sharpness": 25.052874615391083,
    "boominess": 44.45476870807919,
    "reverb": false,
    "genre": "Genre A",
    "mood": "Mood A"
}