{
    "duration": 1.8461250066757202,
    "lossless": 1.0,
    "codec": "pcm_s16le",
    "bitrate": 256000.0,
    "samplerate": 16000.0,
    "channels": 1.0,
    "audio_md5": "7cdd90a4269fb1c9c91ac7d58f054289",
    "loudness": -26.175106048583984,
    "dynamic_range": 0.0,
    "temporal_centroid": 0.3587035834789276,
    "log_attack_time": -0.02541833184659481,
    "filesize": 59120,
    "single_event": true,
    "tonality": "A minor",
    "tonality_confidence": 0.5233141183853149,
    "loop": false,
    "tempo": 131,
    "tempo_confidence": 0.0,
    "note_midi": 40,
    "note_name": "E2",
    "note_frequency": 83.94984436035156,
    "note_confidence": 0.41233694553375244,
    "hardness": 37.0935366503944,
    "depth": 67.49562298779409,
    "brightness": 32.96825944866838,
    "roughness": 30.65645728065301,
    "warmth": 55.62004769058751,
    "sharpness": 30.69888168575726,
    "boominess": 58.621139739953726,
    "reverb": false,
    "genre": "Genre A",
    "mood": "Mood A"
}