{
    "duration": 1.8461250066757202,
    "lossless": 1.0,
    "codec": "pcm_s16le",
    "bitrate": 256000.0,
    "samplerate": 16000.0,
    "channels": 1.0,
    "audio_md5": "d58d2899a80de32670259ce0fb8e3ef2",
    "loudness": -21.361661911010742,
    "dynamic_range": 0.0,
    "temporal_centroid": 0.5716376304626465,
    "log_attack_time": -0.06639567762613297,
    "filesize": 59120,
    "single_event": true,
    "tonality": "G# minor",
    "tonality_confidence": 0.5033289194107056,
    "loop": false,
    "tempo": 134,
    "tempo_confidence": 0.0,
    "note_midi": 29,
    "note_name": "F1",
    "note_frequency": 43.57628631591797,
    "note_confidence": 0.6054514646530151,
    "hardness": 28.56799324620563,
    "depth": 74.72487740720084,
    "brightness": 22.072637399264234,
    "roughness": 34.79566469262734,
    "warmth": 60.37636468032702,
    "sharpness": 37.83847329789058,
    "boominess": 51.81858408105936,
    "reverb": false,
    "genre": "Genre A",
    "mood": "Mood A"
}