{
    "duration": 1.8461250066757202,
    "lossless": 1.0,
    "codec": "pcm_s16le",
    "bitrate": 256000.0,
    "samplerate": 16000.0,
    "channels": 1.0,
    "audio_md5": "ba20b64ec8e0b8b4b1f5d612f07ab268",
    "loudness": -23.74907112121582,
    "dynamic_range": 0.0,
    "temporal_centroid": 0.4363347291946411,
    "log_attack_time": -0.020517705008387566,
    "filesize": 59120,
    "single_event": true,
    "tonality": "E minor",
    "tonality_confidence": 0.6656696796417236,
    "loop": false,
    "tempo": 131,
    "tempo_confidence": 0.0,
    "note_midi": 40,
    "note_name": "E2",
    "note_frequency": 83.43025207519531,
    "note_confidence": 0.2845616936683655,
    "hardness": 38.80753096469445,
    "depth": 66.22921456800717,
    "brightness": 30.414304180255257,
    "roughness": 29.87955908699664,
    "warmth": 56.006870501394474,
    "sharpness": 39.871049085886,
    "boominess": 55.052984884465445,
    "reverb": false,
    "genre": "Genre A",
    "mood": "Mood A"
}