{
    "duration": 1.8461250066757202,
    "lossless": 1.0,
    "codec": "pcm_s16le",
    "bitrate": 256000.0,
    "samplerate": 16000.0,
    "channels": 1.0,
    "audio_md5": "8e72c7073cf8207cdf23f24510edd97e",
    "loudness": -20.536909103393555,
    "dynamic_range": 0.0,
    "temporal_centroid": 0.5835410356521606,
    "log_attack_time": -0.10986678302288055,
    "filesize": 59120,
    "single_event": true,
    "tonality": "D minor",
    "tonality_confidence": 0.5645421743392944,
    "loop": false,
    "tempo": 144,
    "tempo_confidence": 0.0,
    "note_midi": 35,
    "note_name": "B1",
    "note_frequency": 60.28533935546875,
    "note_confidence": 0.7792959809303284,
    "hardness": 23.452459336936357,
    "depth": 69.2715344402653,
    "brightness": 24.038717066500023,
    "roughness": 33.59141950250607,
    "warmth": 60.25422963050297,
    "sharpness": 29.966331161662513,
    "boominess": 56.0971886403556,
    "reverb": false,
    "genre": "Genre A",
    "mood": "Mood A"
}