{
    "duration": 1.8461250066757202,
    "lossless": 1.0,
    "codec": "pcm_s16le",
    "bitrate": 256000.0,
    "samplerate": 16000.0,
    "channels": 1.0,
    "audio_md5": "06e3b0a6e9f9e581d32dc55261ad73f8",
    "loudness": -37.047847747802734,
    "dynamic_range": 0.0,
    "temporal_centroid": 0.44853708148002625,
    "log_attack_time": -2.3679773807525635,
    "filesize": 59120,
    "single_event": true,
    "tonality": "B minor",
    "tonality_confidence": 0.6230449080467224,
    "loop": false,
    "tempo": 129,
    "tempo_confidence": 0.0,
    "note_midi": 44,
    "note_name": "G#2",
    "note_frequency": 102.76758575439453,
    "note_confidence": 0.4671705961227417,
    "hardness": 45.74704911510915,
    "depth": 54.665731175610105,
    "brightness": 40.71771514038748,
    "roughness": 36.87998720217555,
    "warmth": 56.39051864368611,
    "sharpness": 34.29226128661706,
    "boominess": 43.37064220002222,
    "reverb": false,
    "genre": "Genre A",
    "mood": "Mood A"
}