{
    "duration": 1.8461250066757202,
    "lossless": 1.0,
    "codec": "pcm_s16le",
    "bitrate": 256000.0,
    "samplerate": 16000.0,
    "channels": 1.0,
    "audio_md5": "9493f7113297ce8ba5afe571c8dbcc0b",
    "loudness": -37.922996520996094,
    "dynamic_range": 0.0,
    "temporal_centroid": 0.4537380039691925,
    "log_attack_time": -2.3819875717163086,
    "filesize": 59120,
    "single_event": true,
    "tonality": "B minor",
    "tonality_confidence": 0.748069703578949,
    "loop": false,
    "tempo": 129,
    "tempo_confidence": 0.0,
    "note_midi": 45,
    "note_name": "A2",
    "note_frequency": 111.68618774414062,
    "note_confidence": 0.4577551484107971,
    "hardness": 45.34823590705409,
    "depth": 54.30842909381942,
    "brightness": 41.64194763371489,
    "roughness": 39.01791995939577,
    "warmth": 55.237075108910695,
    "sharpness": 37.1049112933876,
    "boominess": 41.37608175644813,
    "reverb": false,
    "genre": "Genre A",
    "mood": "Mood A"
}