{
    "duration": 1.8461250066757202,
    "lossless": 1.0,
    "codec": "pcm_s16le",
    "bitrate": 256000.0,
    "samplerate": 16000.0,
    "channels": 1.0,
    "audio_md5": "c6f61d497d32ebc8f71a0c9e033344d9",
    "loudness": -33.32687759399414,
    "dynamic_range": 0.0,
    "temporal_centroid": 0.43012934923171997,
    "log_attack_time": -0.32796502113342285,
    "filesize": 59120,
    "single_event": true,
    "tonality": "B minor",
    "tonality_confidence": 0.5512321591377258,
    "loop": false,
    "tempo": 129,
    "tempo_confidence": 0.0,
    "note_midi": 39,
    "note_name": "D#2",
    "note_frequency": 76.7043228149414,
    "note_confidence": 0.3655082583427429,
    "hardness": 39.575451553560185,
    "depth": 62.455122613109644,
    "brightness": 35.879593644512624,
    "roughness": 28.53069302309646,
    "warmth": 56.39125964411879,
    "sharpness": 28.48954670615176,
    "boominess": 54.504340985328156,
    "reverb": false,
    "genre": "Genre A",
    "mood": "Mood A"
}