{
    "duration": 1.8461250066757202,
    "lossless": 1.0,
    "codec": "pcm_s16le",
    "bitrate": 256000.0,
    "samplerate": 16000.0,
    "channels": 1.0,
    "audio_md5": "547c79a5055d6a83d46b21b9eec2a095",
    "loudness": -30.646013259887695,
    "dynamic_range": 0.0,
    "temporal_centroid": 0.37036454677581787,
    "log_attack_time": -0.036565568298101425,
    "filesize": 59120,
    "single_event": true,
    "tonality": "C# major",
    "tonality_confidence": 0.6598206162452698,
    "loop": false,
    "tempo": 129,
    "tempo_confidence": 0.0,
    "note_midi": 37,
    "note_name": "C#2",
    "note_frequency": 69.95922088623047,
    "note_confidence": 0.4498196840286255,
    "hardness": 42.411260942479885,
    "depth": 59.045545437377996,
    "brightness": 41.702416415430235,
    "roughness": 26.521787258095138,
    "warmth": 53.264287341038994,
    "sharpness": 30.892150129395418,
    "boominess": 44.687094021405116,
    "reverb": false,
    "genre": "Genre A",
    "mood": "Mood A"
}