{
    "duration": 1.8461250066757202,
    "lossless": 1.0,
    "codec": "pcm_s16le",
    "bitrate": 256000.0,
    "samplerate": 16000.0,
    "channels": 1.0,
    "audio_md5": "8fdc1cf4fb593ac8017a80419b0ac78b",
    "loudness": -34.80821228027344,
    "dynamic_range": 0.0,
    "temporal_centroid": 0.505126416683197,
    "log_attack_time": -1.8068498373031616,
    "filesize": 59120,
    "single_event": true,
    "tonality": "B minor",
    "tonality_confidence": 0.7320517897605896,
    "loop": false,
    "tempo": 172,
    "tempo_confidence": 0.0,
    "note_midi": 34,
    "note_name": "A#1",
    "note_frequency": 58.8603401184082,
    "note_confidence": 0.37788206338882446,
    "hardness": 48.59254428043889,
    "depth": 60.579038689597475,
    "brightness": 41.799101986829974,
    "roughness": 33.95600323078526,
    "warmth": 54.70287400569756,
    "sharpness": 10.47000244838662,
    "boominess": 59.07598501638036,
    "reverb": false,
    "genre": "Genre B",
    "mood": "Mood B"
}