{
    "duration": 1.8461250066757202,
    "lossless": 1.0,
    "codec": "pcm_s16le",
    "bitrate": 256000.0,
    "samplerate": 16000.0,
    "channels": 1.0,
    "audio_md5": "bfe0bed292e16345448315e7ce611aad",
    "loudness": -36.811912536621094,
    "dynamic_range": 0.0,
    "temporal_centroid": 0.5877370834350586,
    "log_attack_time": 0.15858812630176544,
    "filesize": 59120,
    "single_event": true,
    "tonality": "G major",
    "tonality_confidence": 0.574659526348114,
    "loop": false,
    "tempo": 157,
    "tempo_confidence": 0.0,
    "note_midi": 36,
    "note_name": "C2",
    "note_frequency": 64.48641967773438,
    "note_confidence": 0.6744207143783569,
    "hardness": 35.1773501477887,
    "depth": 66.82520668099254,
    "brightness": 38.62132964272435,
    "roughness": 42.75364414899187,
    "warmth": 61.669388486572934,
    "sharpness": 25.396610148498638,
    "boominess": 52.59004540809143,
    "reverb": false,
    "genre": "Genre A",
    "mood": "Mood A"
}