{
    "duration": 1.8461250066757202,
    "lossless": 1.0,
    "codec": "pcm_s16le",
    "bitrate": 256000.0,
    "samplerate": 16000.0,
    "channels": 1.0,
    "audio_md5": "cdb1979c12265f1d6b52b667b50e5293",
    "loudness": -36.5155029296875,
    "dynamic_range": 0.0,
    "temporal_centroid": 0.4218105971813202,
    "log_attack_time": -2.398925542831421,
    "filesize": 59120,
    "single_event": true,
    "tonality": "B minor",
    "tonality_confidence": 0.5034416913986206,
    "loop": false,
    "tempo": 129,
    "tempo_confidence": 0.0,
    "note_midi": 41,
    "note_name": "F2",
    "note_frequency": 87.64218139648438,
    "note_confidence": 0.4371623992919922,
    "hardness": 44.41387468377451,
    "depth": 53.69411506746515,
    "brightness": 42.039693596998006,
    "roughness": 28.95270079692358,
    "warmth": 53.65264819741638,
    "sharpness": 18.820517404146123,
    "boominess": 47.676164254396696,
    "reverb": false,
    "genre": "Genre A",
    "mood": "Mood A"
}