{
    "duration": 1.8461250066757202,
    "lossless": 1.0,
    "codec": "pcm_s16le",
    "bitrate": 256000.0,
    "samplerate": 16000.0,
    "channels": 1.0,
    "audio_md5": "66aa88a29388e43db3161245f3074fc6",
    "loudness": -22.75371742248535,
    "dynamic_range": 0.0,
    "temporal_centroid": 0.3708830177783966,
    "log_attack_time": -0.024886175990104675,
    "filesize": 59120,
    "single_event": true,
    "tonality": "E minor",
    "tonality_confidence": 0.7219480276107788,
    "loop": false,
    "tempo": 131,
    "tempo_confidence": 0.0,
    "note_midi": 35,
    "note_name": "B1",
    "note_frequency": 60.50279998779297,
    "note_confidence": 0.34731578826904297,
    "hardness": 34.61092036219685,
    "depth": 67.63886670138032,
    "brightness": 31.146295639921437,
    "roughness": 25.437728535964478,
    "warmth": 53.50642871594592,
    "sharpness": 36.42795903871813,
    "boominess": 57.321258959934674,
    "reverb": false,
    "genre": "Genre A",
    "mood": "Mood A"
}