{
    "duration": 1.8461250066757202,
    "lossless": 1.0,
    "codec": "pcm_s16le",
    "bitrate": 256000.0,
    "samplerate": 16000.0,
    "channels": 1.0,
    "audio_md5": "f4074020f9a7838616c5b6cf13f8ed45",
    "loudness": -37.56953811645508,
    "dynamic_range": 0.0,
    "temporal_centroid": 0.4624159336090088,
    "log_attack_time": -2.3566370010375977,
    "filesize": 59120,
    "single_event": true,
    "tonality": "B minor",
    "tonality_confidence": 0.6952325701713562,
    "loop": false,
    "tempo": 128,
    "tempo_confidence": 0.0,
    "note_midi": 50,
    "note_name": "D3",
    "note_frequency": 149.01002502441406,
    "note_confidence": 0.4633134603500366,
    "hardness": 44.330922852377654,
    "depth": 54.30539182568521,
    "brightness": 41.27260468357483,
    "roughness": 37.81929131592204,
    "warmth": 55.224712747472935,
    "sharpness": 38.0415647548104,
    "boominess": 41.07964122211397,
    "reverb": false,
    "genre": "Genre A",
    "mood": "Mood A"
}