{
    "duration": 1.8461250066757202,
    "lossless": 1.0,
    "codec": "pcm_s16le",
    "bitrate": 256000.0,
    "samplerate": 16000.0,
    "channels": 1.0,
    "audio_md5": "b05c1631d61f3127117b38bc5a24ac0c",
    "loudness": -20.7160587310791,
    "dynamic_range": 0.0,
    "temporal_centroid": 0.577724814414978,
    "log_attack_time": -0.1069595143198967,
    "filesize": 59120,
    "single_event": true,
    "tonality": "G minor",
    "tonality_confidence": 0.6708628535270691,
    "loop": false,
    "tempo": 120,
    "tempo_confidence": 0.0,
    "note_midi": 34,
    "note_name": "A#1",
    "note_frequency": 57.829898834228516,
    "note_confidence": 0.7424623966217041,
    "hardness": 25.305036266103016,
    "depth": 69.4718983536931,
    "brightness": 23.882348383384176,
    "roughness": 36.04095066632804,
    "warmth": 59.95396028488618,
    "sharpness": 30.176028221060577,
    "boominess": 55.66745883215648,
    "reverb": false,
    "genre": "Genre A",
    "mood": "Mood A"
}