{
    "duration": 1.8461250066757202,
    "lossless": 1.0,
    "codec": "pcm_s16le",
    "bitrate": 256000.0,
    "samplerate": 16000.0,
    "channels": 1.0,
    "audio_md5": "27d70d2d3130a7521b451461d979954e",
    "loudness": -31.63627815246582,
    "dynamic_range": 0.0,
    "temporal_centroid": 0.43417924642562866,
    "log_attack_time": -0.3230058550834656,
    "filesize": 59120,
    "single_event": true,
    "tonality": "A major",
    "tonality_confidence": 0.8337074518203735,
    "loop": false,
    "tempo": 129,
    "tempo_confidence": 0.0,
    "note_midi": 34,
    "note_name": "A#1",
    "note_frequency": 57.419254302978516,
    "note_confidence": 0.3101462721824646,
    "hardness": 35.60461028149861,
    "depth": 64.19826177204925,
    "brightness": 35.232835495757676,
    "roughness": 28.991725711447124,
    "warmth": 56.45305574803828,
    "sharpness": 23.469316387226964,
    "boominess": 57.56202873154456,
    "reverb": false,
    "genre": "Genre A",
    "mood": "Mood A"
}