{
    "duration": 1.8461250066757202,
    "lossless": 1.0,
    "codec": "pcm_s16le",
    "bitrate": 256000.0,
    "samplerate": 16000.0,
    "channels": 1.0,
    "audio_md5": "e695d32aeccf79ceaf4436e67d58eba7",
    "loudness": -38.725502014160156,
    "dynamic_range": 0.0,
    "temporal_centroid": 0.6013420224189758,
    "log_attack_time": -0.1034962609410286,
    "filesize": 59120,
    "single_event": true,
    "tonality": "D minor",
    "tonality_confidence": 0.6986925601959229,
    "loop": false,
    "tempo": 152,
    "tempo_confidence": 0.0,
    "note_midi": 36,
    "note_name": "C2",
    "note_frequency": 66.99877166748047,
    "note_confidence": 0.6454779505729675,
    "hardness": 43.44735192075407,
    "depth": 66.23997447011662,
    "brightness": 38.9909712046784,
    "roughness": 41.055560716094355,
    "warmth": 60.15262469352567,
    "sharpness": 27.546063514605937,
    "boominess": 51.0606228049229,
    "reverb": false,
    "genre": "Genre A",
    "mood": "Mood A"
}