{
    "duration": 1.8461250066757202,
    "lossless": 1.0,
    "codec": "pcm_s16le",
    "bitrate": 256000.0,
    "samplerate": 16000.0,
    "channels": 1.0,
    "audio_md5": "c482dda6dd93b861c785e4c2c9dcb8c1",
    "loudness": -37.94679641723633,
    "dynamic_range": 0.0,
    "temporal_centroid": 0.5920260548591614,
    "log_attack_time": 0.15785615146160126,
    "filesize": 59120,
    "single_event": true,
    "tonality": "A minor",
    "tonality_confidence": 0.5054689645767212,
    "loop": false,
    "tempo": 89,
    "tempo_confidence": 0.0,
    "note_midi": 33,
    "note_name": "A1",
    "note_frequency": 55.697391510009766,
    "note_confidence": 0.6237907409667969,
    "hardness": 36.73975192906502,
    "depth": 66.98253977648415,
    "brightness": 38.84913153323967,
    "roughness": 40.8640428092794,
    "warmth": 61.64623648356403,
    "sharpness": 27.046307234736396,
    "boominess": 52.30597113946381,
    "reverb": false,
    "genre": "Genre A",
    "mood": "Mood A"
}