{
    "duration": 1.8461250066757202,
    "lossless": 1.0,
    "codec": "pcm_s16le",
    "bitrate": 256000.0,
    "samplerate": 16000.0,
    "channels": 1.0,
    "audio_md5": "30a801696fc13fdd004ca80fb38224d8",
    "loudness": -33.42340087890625,
    "dynamic_range": 0.0,
    "temporal_centroid": 0.41130179166793823,
    "log_attack_time": -0.6299180388450623,
    "filesize": 59120,
    "single_event": true,
    "tonality": "B minor",
    "tonality_confidence": 0.6214146614074707,
    "loop": true,
    "tempo": 130,
    "tempo_confidence": 0.9999017119407654,
    "note_midi": 33,
    "note_name": "A1",
    "note_frequency": 55.503787994384766,
    "note_confidence": 0.32376933097839355,
    "hardness": 41.08980116294188,
    "depth": 64.89983087162092,
    "brightness": 35.162764653673484,
    "roughness": 32.105083692924225,
    "warmth": 57.608264594205366,
    "sharpness": 22.317921818121008,
    "boominess": 56.10117369398983,
    "reverb": false,
    "genre": "Genre A",
    "mood": "Mood A"
}