{
    "duration": 1.8461250066757202,
    "lossless": 1.0,
    "codec": "pcm_s16le",
    "bitrate": 256000.0,
    "samplerate": 16000.0,
    "channels": 1.0,
    "audio_md5": "29357938b0637a0e6a7e18c9ada93550",
    "loudness": -33.29747772216797,
    "dynamic_range": 0.0,
    "temporal_centroid": 0.4304370880126953,
    "log_attack_time": -0.6235803365707397,
    "filesize": 59120,
    "single_event": true,
    "tonality": "B minor",
    "tonality_confidence": 0.6585257053375244,
    "loop": false,
    "tempo": 129,
    "tempo_confidence": 0.0,
    "note_midi": 35,
    "note_name": "B1",
    "note_frequency": 61.971004486083984,
    "note_confidence": 0.32928186655044556,
    "hardness": 38.857770098509945,
    "depth": 63.7868523719624,
    "brightness": 35.323718980240095,
    "roughness": 32.22405314101263,
    "warmth": 58.70713941059643,
    "sharpness": 21.994533079159325,
    "boominess": 57.21427751096551,
    "reverb": false,
    "genre": "Genre A",
    "mood": "Mood A"
}