{
    "duration": 1.8461250066757202,
    "lossless": 1.0,
    "codec": "pcm_s16le",
    "bitrate": 256000.0,
    "samplerate": 16000.0,
    "channels": 1.0,
    "audio_md5": "7ec068b79463a81d6d69d268a183cd47",
    "loudness": -23.25872039794922,
    "dynamic_range": 0.0,
    "temporal_centroid": 0.515037477016449,
    "log_attack_time": 0.17982394993305206,
    "filesize": 59120,
    "single_event": true,
    "tonality": "A# major",
    "tonality_confidence": 0.38293248414993286,
    "loop": true,
    "tempo": 130,
    "tempo_confidence": 0.9999017119407654,
    "note_midi": 33,
    "note_name": "A1",
    "note_frequency": 54.475406646728516,
    "note_confidence": 0.4838167428970337,
    "hardness": 33.73927342086239,
    "depth": 67.24787652771795,
    "brightness": 31.03303172380347,
    "roughness": 35.14394998310912,
    "warmth": 58.8173118262512,
    "sharpness": 28.158220441783747,
    "boominess": 54.868333251599466,
    "reverb": false,
    "genre": "Genre A",
    "mood": "Mood A"
}