{
    "duration": 1.8461250066757202,
    "lossless": 1.0,
    "codec": "pcm_s16le",
    "bitrate": 256000.0,
    "samplerate": 16000.0,
    "channels": 1.0,
    "audio_md5": "10289f0296f2a5186e03be4e31d3d0c7",
    "loudness": -33.846099853515625,
    "dynamic_range": 0.0,
    "temporal_centroid": 0.49475958943367004,
    "log_attack_time": -0.33436158299446106,
    "filesize": 59120,
    "single_event": true,
    "tonality": "B minor",
    "tonality_confidence": 0.5351703763008118,
    "loop": true,
    "tempo": 130,
    "tempo_confidence": 0.9999017119407654,
    "note_midi": 36,
    "note_name": "C2",
    "note_frequency": 66.45243835449219,
    "note_confidence": 0.4912770986557007,
    "hardness": 44.00485328790023,
    "depth": 63.373386570773015,
    "brightness": 41.02272882001695,
    "roughness": 35.89805133600399,
    "warmth": 58.75907226760399,
    "sharpness": 21.190751597681842,
    "boominess": 48.72806083852528,
    "reverb": false,
    "genre": "Genre A",
    "mood": "Mood A"
}