{
    "duration": 1.8461250066757202,
    "lossless": 1.0,
    "codec": "pcm_s16le",
    "bitrate": 256000.0,
    "samplerate": 16000.0,
    "channels": 1.0,
    "audio_md5": "ade66ea9a6f99e1d88289829e08ec699",
    "loudness": -21.405298233032227,
    "dynamic_range": 0.0,
    "temporal_centroid": 0.491626113653183,
    "log_attack_time": 0.1762882024049759,
    "filesize": 59120,
    "single_event": true,
    "tonality": "B minor",
    "tonality_confidence": 0.31209003925323486,
    "loop": false,
    "tempo": 129,
    "tempo_confidence": 0.0,
    "note_midi": 32,
    "note_name": "G#1",
    "note_frequency": 52.8953742980957,
    "note_confidence": 0.5054104328155518,
    "hardness": 32.3505601564581,
    "depth": 66.82874529901149,
    "brightness": 29.92584705815217,
    "roughness": 32.83108849402762,
    "warmth": 60.29613735177183,
    "sharpness": 33.11604669722078,
    "boominess": 53.625323070956334,
    "reverb": false,
    "genre": "Genre A",
    "mood": "Mood A"
}