{
    "duration": 1.8461250066757202,
    "lossless": 1.0,
    "codec": "pcm_s16le",
    "bitrate": 256000.0,
    "samplerate": 16000.0,
    "channels": 1.0,
    "audio_md5": "e6ae9624f4faaae079b00654c18a9696",
    "loudness": -24.541975021362305,
    "dynamic_range": 0.0,
    "temporal_centroid": 0.48464086651802063,
    "log_attack_time": -0.9414052367210388,
    "filesize": 59120,
    "single_event": true,
    "tonality": "F# major",
    "tonality_confidence": 0.7976741790771484,
    "loop": true,
    "tempo": 130,
    "tempo_confidence": 0.9999017119407654,
    "note_midi": 38,
    "note_name": "D2",
    "note_frequency": 71.59840393066406,
    "note_confidence": 0.0,
    "hardness": 40.36213252828489,
    "depth": 65.14647378244551,
    "brightness": 34.16971291562989,
    "roughness": 37.52824575329461,
    "warmth": 62.203180937213446,
    "sharpness": 44.241587600304314,
    "boominess": 43.50463714806145,
    "reverb": false,
    "genre": "Genre A",
    "mood": "Mood A"
}