{
    "duration": 1.8461250066757202,
    "lossless": 1.0,
    "codec": "pcm_s16le",
    "bitrate": 256000.0,
    "samplerate": 16000.0,
    "channels": 1.0,
    "audio_md5": "12876c4f0508d68f59c5071b17a70004",
    "loudness": -27.29513931274414,
    "dynamic_range": 0.0,
    "temporal_centroid": 0.4602130949497223,
    "log_attack_time": -1.2132357358932495,
    "filesize": 59120,
    "single_event": true,
    "tonality": "G# minor",
    "tonality_confidence": 0.4306873679161072,
    "loop": false,
    "tempo": 129,
    "tempo_confidence": 0.0,
    "note_midi": 34,
    "note_name": "A#1",
    "note_frequency": 56.78733825683594,
    "note_confidence": 0.0,
    "hardness": 40.94835623370837,
    "depth": 69.04287748273241,
    "brightness": 33.260780290908244,
    "roughness": 35.63785557999457,
    "warmth": 61.979394839441376,
    "sharpness": 45.93795856458017,
    "boominess": 42.90079061467521,
    "reverb": false,
    "genre": "Genre A",
    "mood": "Mood A"
}