{
    "duration": 1.8461250066757202,
    "lossless": 1.0,
    "codec": "pcm_s16le",
    "bitrate": 256000.0,
    "samplerate": 16000.0,
    "channels": 1.0,
    "audio_md5": "fb56861fbc4fb903f2c6b12670b2cef4",
    "loudness": -19.404329299926758,
    "dynamic_range": 0.0,
    "temporal_centroid": 0.4937657415866852,
    "log_attack_time": -1.0361264944076538,
    "filesize": 59120,
    "single_event": true,
    "tonality": "D minor",
    "tonality_confidence": 0.608370840549469,
    "loop": false,
    "tempo": 123,
    "tempo_confidence": 0.0,
    "note_midi": 33,
    "note_name": "A1",
    "note_frequency": 54.7918586730957,
    "note_confidence": 0.8399651646614075,
    "hardness": 34.21959854648324,
    "depth": 69.51922921286294,
    "brightness": 29.225881162603535,
    "roughness": 38.14684862806836,
    "warmth": 59.757957299562925,
    "sharpness": 36.15551098726807,
    "boominess": 51.95939289730101,
    "reverb": false,
    "genre": "Genre A",
    "mood": "Mood A"
}