{
    "duration": 1.8461250066757202,
    "lossless": 1.0,
    "codec": "pcm_s16le",
    "bitrate": 256000.0,
    "samplerate": 16000.0,
    "channels": 1.0,
    "audio_md5": "f070042bc38e4de955e4e6d4bc1e1b01",
    "loudness": -33.05952453613281,
    "dynamic_range": 0.0,
    "temporal_centroid": 0.4944652318954468,
    "log_attack_time": -0.33101433515548706,
    "filesize": 59120,
    "single_event": true,
    "tonality": "B major",
    "tonality_confidence": 0.4054343104362488,
    "loop": true,
    "tempo": 130,
    "tempo_confidence": 0.9999017119407654,
    "note_midi": 34,
    "note_name": "A#1",
    "note_frequency": 58.563297271728516,
    "note_confidence": 0.5026019811630249,
    "hardness": 43.495524138554316,
    "depth": 62.42659195314516,
    "brightness": 40.115108097620734,
    "roughness": 37.796656873661746,
    "warmth": 59.07420858448647,
    "sharpness": 17.460899312280965,
    "boominess": 49.240898665457024,
    "reverb": false,
    "genre": "Genre A",
    "mood": "Mood A"
}