{
    "duration": 1.8461250066757202,
    "lossless": 1.0,
    "codec": "pcm_s16le",
    "bitrate": 256000.0,
    "samplerate": 16000.0,
    "channels": 1.0,
    "audio_md5": "770586fd0575da302c7065530f52fc39",
    "loudness": -20.416837692260742,
    "dynamic_range": 0.0,
    "temporal_centroid": 0.5018527507781982,
    "log_attack_time": 0.025380173698067665,
    "filesize": 59120,
    "single_event": true,
    "tonality": "C# minor",
    "tonality_confidence": 0.4249153137207031,
    "loop": false,
    "tempo": 129,
    "tempo_confidence": 0.0,
    "note_midi": 32,
    "note_name": "G#1",
    "note_frequency": 51.28142547607422,
    "note_confidence": 0.6560060977935791,
    "hardness": 28.762182818704673,
    "depth": 69.383362179351,
    "brightness": 28.69117494858269,
    "roughness": 33.354209147985905,
    "warmth": 59.53571652309143,
    "sharpness": 33.71197172391946,
    "boominess": 52.97429742394141,
    "reverb": false,
    "genre": "Genre A",
    "mood": "Mood A"
}