{
    "duration": 1.8461250066757202,
    "lossless": 1.0,
    "codec": "pcm_s16le",
    "bitrate": 256000.0,
    "samplerate": 16000.0,
    "channels": 1.0,
    "audio_md5": "d970d92c39c2458f964930beb36ef12f",
    "loudness": -21.588895797729492,
    "dynamic_range": 0.0,
    "temporal_centroid": 0.48796898126602173,
    "log_attack_time": 0.17617005109786987,
    "filesize": 59120,
    "single_event": true,
    "tonality": "B minor",
    "tonality_confidence": 0.41870877146720886,
    "loop": true,
    "tempo": 130,
    "tempo_confidence": 0.9999017119407654,
    "note_midi": 33,
    "note_name": "A1",
    "note_frequency": 54.31096267700195,
    "note_confidence": 0.5252703428268433,
    "hardness": 30.546807785667596,
    "depth": 66.98198675822191,
    "brightness": 29.77727232930319,
    "roughness": 32.02326461881962,
    "warmth": 59.02404337600218,
    "sharpness": 26.306053920113445,
    "boominess": 56.4047812674388,
    "reverb": false,
    "genre": "Genre A",
    "mood": "Mood A"
}