{
    "duration": 1.8461250066757202,
    "lossless": 1.0,
    "codec": "pcm_s16le",
    "bitrate": 256000.0,
    "samplerate": 16000.0,
    "channels": 1.0,
    "audio_md5": "d5d633e28fda5a08754d9f745d1b5f0b",
    "loudness": -33.26229476928711,
    "dynamic_range": 0.0,
    "temporal_centroid": 0.49338895082473755,
    "log_attack_time": -0.33139434456825256,
    "filesize": 59120,
    "single_event": true,
    "tonality": "B major",
    "tonality_confidence": 0.3626595735549927,
    "loop": false,
    "tempo": 129,
    "tempo_confidence": 0.0,
    "note_midi": 36,
    "note_name": "C2",
    "note_frequency": 65.57965087890625,
    "note_confidence": 0.5119260549545288,
    "hardness": 43.5170104509576,
    "depth": 64.75396939845216,
    "brightness": 40.1842854552049,
    "roughness": 35.83327980259281,
    "warmth": 61.544016324320594,
    "sharpness": 19.711987773890385,
    "boominess": 49.858554059150194,
    "reverb": false,
    "genre": "Genre A",
    "mood": "Mood A"
}