{
    "duration": 1.8461250066757202,
    "lossless": 1.0,
    "codec": "pcm_s16le",
    "bitrate": 256000.0,
    "samplerate": 16000.0,
    "channels": 1.0,
    "audio_md5": "03eea4ca4970adda8eccdb4027ed8d3b",
    "loudness": -33.34136199951172,
    "dynamic_range": 0.0,
    "temporal_centroid": 0.4735589027404785,
    "log_attack_time": -0.032365016639232635,
    "filesize": 59120,
    "single_event": true,
    "tonality": "C major",
    "tonality_confidence": 0.6700800061225891,
    "loop": false,
    "tempo": 128,
    "tempo_confidence": 0.0,
    "note_midi": 36,
    "note_name": "C2",
    "note_frequency": 66.49232482910156,
    "note_confidence": 0.4960240125656128,
    "hardness": 42.21360182754893,
    "depth": 66.29658846384459,
    "brightness": 40.62784778219739,
    "roughness": 34.023180851335326,
    "warmth": 59.42809301412835,
    "sharpness": 19.10576496949252,
    "boominess": 50.84429586522852,
    "reverb": false,
    "genre": "Genre A",
    "mood": "Mood A"
}