{
    "duration": 1.8461250066757202,
    "lossless": 1.0,
    "codec": "pcm_s16le",
    "bitrate": 256000.0,
    "samplerate": 16000.0,
    "channels": 1.0,
    "audio_md5": "c6407beb39745ea584c7da4b0bda1ae2",
    "loudness": -25.140958786010742,
    "dynamic_range": 0.0,
    "temporal_centroid": 0.477068692445755,
    "log_attack_time": 0.017865855246782303,
    "filesize": 59120,
    "single_event": true,
    "tonality": "G major",
    "tonality_confidence": 0.529121994972229,
    "loop": true,
    "tempo": 98,
    "tempo_confidence": 0.97303706407547,
    "note_midi": 45,
    "note_name": "A2",
    "note_frequency": 112.55290985107422,
    "note_confidence": 0.0,
    "hardness": 38.04127350881163,
    "depth": 66.49837285901087,
    "brightness": 35.26964900565822,
    "roughness": 37.35780222345289,
    "warmth": 62.588992634442796,
    "sharpness": 37.93955723356277,
    "boominess": 48.56264069069201,
    "reverb": false,
    "genre": "Genre A",
    "mood": "Mood A"
}