{
    "duration": 1.8461250066757202,
    "lossless": 1.0,
    "codec": "pcm_s16le",
    "bitrate": 256000.0,
    "samplerate": 16000.0,
    "channels": 1.0,
    "audio_md5": "609a1de7c080f70baaa573af2d688bed",
    "loudness": -26.17348289489746,
    "dynamic_range": 0.0,
    "temporal_centroid": 0.46106797456741333,
    "log_attack_time": -0.8951661586761475,
    "filesize": 59120,
    "single_event": true,
    "tonality": "E minor",
    "tonality_confidence": 0.3557509183883667,
    "loop": false,
    "tempo": 129,
    "tempo_confidence": 0.0,
    "note_midi": 35,
    "note_name": "B1",
    "note_frequency": 63.47188949584961,
    "note_confidence": 0.0,
    "hardness": 40.36716802087436,
    "depth": 67.95714366859042,
    "brightness": 34.01668581204102,
    "roughness": 38.2577265410412,
    "warmth": 62.250097445717486,
    "sharpness": 44.303808347795695,
    "boominess": 43.67141659287803,
    "reverb": false,
    "genre": "Genre A",
    "mood": "Mood A"
}