{
    "duration": 1.8461250066757202,
    "lossless": 1.0,
    "codec": "pcm_s16le",
    "bitrate": 256000.0,
    "samplerate": 16000.0,
    "channels": 1.0,
    "audio_md5": "9104d9a43d588c839ccff1dc2ba09dbf",
    "loudness": -32.186458587646484,
    "dynamic_range": 0.0,
    "temporal_centroid": 0.3963206708431244,
    "log_attack_time": -0.3307611346244812,
    "filesize": 59120,
    "single_event": true,
    "tonality": "G major",
    "tonality_confidence": 0.6745912432670593,
    "loop": true,
    "tempo": 130,
    "tempo_confidence": 0.9999017119407654,
    "note_midi": 37,
    "note_name": "C#2",
    "note_frequency": 69.15601348876953,
    "note_confidence": 0.47770142555236816,
    "hardness": 45.24922504010152,
    "depth": 61.77780959041056,
    "brightness": 41.38595943777039,
    "roughness": 37.1422501217116,
    "warmth": 58.60166816213338,
    "sharpness": 20.325292395995106,
    "boominess": 46.57643232194614,
    "reverb": false,
    "genre": "Genre A",
    "mood": "Mood A"
}