{
    "duration": 1.8461250066757202,
    "lossless": 1.0,
    "codec": "pcm_s16le",
    "bitrate": 256000.0,
    "samplerate": 16000.0,
    "channels": 1.0,
    "audio_md5": "f13496a828b4cfbf0407c7678875d41b",
    "loudness": -33.1878662109375,
    "dynamic_range": 0.0,
    "temporal_centroid": 0.49999991059303284,
    "log_attack_time": -0.3314366042613983,
    "filesize": 59120,
    "single_event": true,
    "tonality": "G# minor",
    "tonality_confidence": 0.2830706834793091,
    "loop": true,
    "tempo": 130,
    "tempo_confidence": 0.9999017119407654,
    "note_midi": 34,
    "note_name": "A#1",
    "note_frequency": 56.908935546875,
    "note_confidence": 0.5286163091659546,
    "hardness": 42.71725092944348,
    "depth": 64.37953012037367,
    "brightness": 39.98658722964259,
    "roughness": 35.06013090329007,
    "warmth": 59.43618826789887,
    "sharpness": 18.411030051541516,
    "boominess": 49.40559976668392,
    "reverb": false,
    "genre": "Genre A",
    "mood": "Mood A"
}