{
    "duration": 1.8461250066757202,
    "lossless": 1.0,
    "codec": "pcm_s16le",
    "bitrate": 256000.0,
    "samplerate": 16000.0,
    "channels": 1.0,
    "audio_md5": "6a175ce7a760fd2f433e6078a52a8767",
    "loudness": -23.663497924804688,
    "dynamic_range": 0.0,
    "temporal_centroid": 0.46851757168769836,
    "log_attack_time": -0.8758004903793335,
    "filesize": 59120,
    "single_event": true,
    "tonality": "G major",
    "tonality_confidence": 0.6909086108207703,
    "loop": false,
    "tempo": 178,
    "tempo_confidence": 0.0,
    "note_midi": 35,
    "note_name": "B1",
    "note_frequency": 61.122283935546875,
    "note_confidence": 0.13798725605010986,
    "hardness": 40.75600223131086,
    "depth": 68.16200863773345,
    "brightness": 33.35254592994616,
    "roughness": 38.80730155657948,
    "warmth": 62.486116949091496,
    "sharpness": 42.87656007582226,
    "boominess": 43.82741892508223,
    "reverb": false,
    "genre": "Genre A",
    "mood": "Mood A"
}