{
    "duration": 1.8461250066757202,
    "lossless": 1.0,
    "codec": "pcm_s16le",
    "bitrate": 256000.0,
    "samplerate": 16000.0,
    "channels": 1.0,
    "audio_md5": "237d58ac478424a48622295e0946e21e",
    "loudness": -18.808589935302734,
    "dynamic_range": 0.0,
    "temporal_centroid": 0.5083726048469543,
    "log_attack_time": 0.1749342530965805,
    "filesize": 59120,
    "single_event": true,
    "tonality": "B minor",
    "tonality_confidence": 0.4887385368347168,
    "loop": true,
    "tempo": 130,
    "tempo_confidence": 0.9999017119407654,
    "note_midi": 31,
    "note_name": "G1",
    "note_frequency": 50.41544723510742,
    "note_confidence": 0.5877166986465454,
    "hardness": 30.241372404692598,
    "depth": 69.62669670994697,
    "brightness": 28.23065417097173,
    "roughness": 31.236466041850875,
    "warmth": 60.58096372443734,
    "sharpness": 21.245733083247366,
    "boominess": 57.503149341494606,
    "reverb": false,
    "genre": "Genre A",
    "mood": "Mood A"
}