{
    "duration": 1.8461250066757202,
    "lossless": 1.0,
    "codec": "pcm_s16le",
    "bitrate": 256000.0,
    "samplerate": 16000.0,
    "channels": 1.0,
    "audio_md5": "86f0efa35257e0fc113bed1358f7a192",
    "loudness": -20.867311477661133,
    "dynamic_range": 0.0,
    "temporal_centroid": 0.5032660961151123,
    "log_attack_time": 0.17588767409324646,
    "filesize": 59120,
    "single_event": true,
    "tonality": "G# major",
    "tonality_confidence": 0.3374329209327698,
    "loop": true,
    "tempo": 130,
    "tempo_confidence": 0.9999017119407654,
    "note_midi": 32,
    "note_name": "G#1",
    "note_frequency": 53.27509689331055,
    "note_confidence": 0.571224570274353,
    "hardness": 31.702230560023054,
    "depth": 68.84751134537035,
    "brightness": 29.06233778791382,
    "roughness": 33.730106060824795,
    "warmth": 58.80694940957284,
    "sharpness": 34.059319107621455,
    "boominess": 52.634698125958664,
    "reverb": false,
    "genre": "Genre A",
    "mood": "Mood A"
}