{
    "duration": 1.8461250066757202,
    "lossless": 1.0,
    "codec": "pcm_s16le",
    "bitrate": 256000.0,
    "samplerate": 16000.0,
    "channels": 1.0,
    "audio_md5": "3dace621a17b55a6b443ce3337a661c5",
    "loudness": -20.065763473510742,
    "dynamic_range": 0.0,
    "temporal_centroid": 0.476356565952301,
    "log_attack_time": 0.020466484129428864,
    "filesize": 59120,
    "single_event": true,
    "tonality": "B minor",
    "tonality_confidence": 0.7183106541633606,
    "loop": true,
    "tempo": 130,
    "tempo_confidence": 0.9999017119407654,
    "note_midi": 32,
    "note_name": "G#1",
    "note_frequency": 52.70288848876953,
    "note_confidence": 0.5249187350273132,
    "hardness": 34.8678878891877,
    "depth": 67.81632868705526,
    "brightness": 29.042653822363857,
    "roughness": 31.50883630955193,
    "warmth": 58.36217090325511,
    "sharpness": 34.4367962744018,
    "boominess": 52.856102500175766,
    "reverb": false,
    "genre": "Genre A",
    "mood": "Mood A"
}