{
    "duration": 1.8461250066757202,
    "lossless": 1.0,
    "codec": "pcm_s16le",
    "bitrate": 256000.0,
    "samplerate": 16000.0,
    "channels": 1.0,
    "audio_md5": "49c2eb989da51e61d1685cbdb629da12",
    "loudness": -35.14339828491211,
    "dynamic_range": 0.0,
    "temporal_centroid": 0.4609324038028717,
    "log_attack_time": -0.33266353607177734,
    "filesize": 59120,
    "single_event": true,
    "tonality": "C major",
    "tonality_confidence": 0.6409531235694885,
    "loop": false,
    "tempo": 128,
    "tempo_confidence": 0.0,
    "note_midi": 34,
    "note_name": "A#1",
    "note_frequency": 57.59203338623047,
    "note_confidence": 0.5221744775772095,
    "hardness": 43.85048210156708,
    "depth": 63.45944808463931,
    "brightness": 41.22898947175703,
    "roughness": 35.26195397407262,
    "warmth": 58.68846029515202,
    "sharpness": 20.17249089986848,
    "boominess": 49.80925589995307,
    "reverb": false,
    "genre": "Genre A",
    "mood": "Mood A"
}