{
    "duration": 1.8461250066757202,
    "lossless": 1.0,
    "codec": "pcm_s16le",
    "bitrate": 256000.0,
    "samplerate": 16000.0,
    "channels": 1.0,
    "audio_md5": "c8d0196c9af17b6960b03b8e887a44ce",
    "loudness": -33.81187438964844,
    "dynamic_range": 0.0,
    "temporal_centroid": 0.4134962856769562,
    "log_attack_time": -1.579606294631958,
    "filesize": 59120,
    "single_event": true,
    "tonality": "G# major",
    "tonality_confidence": 0.5181629657745361,
    "loop": false,
    "tempo": 126,
    "tempo_confidence": 0.0,
    "note_midi": 29,
    "note_name": "F1",
    "note_frequency": 43.024391174316406,
    "note_confidence": 0.4822937250137329,
    "hardness": 41.25853608064837,
    "depth": 66.45018481366893,
    "brightness": 39.42656284354065,
    "roughness": 39.48394884295053,
    "warmth": 60.70082468500223,
    "sharpness": 19.070650882873785,
    "boominess": 49.148843686213226,
    "reverb": false,
    "genre": "Genre A",
    "mood": "Mood A"
}