{
    "duration": 1.8461250066757202,
    "lossless": 1.0,
    "codec": "pcm_s16le",
    "bitrate": 256000.0,
    "samplerate": 16000.0,
    "channels": 1.0,
    "audio_md5": "b3efa980fe262e55eac6bc5f574f9ed9",
    "loudness": -27.421506881713867,
    "dynamic_range": 0.0,
    "temporal_centroid": 0.48360827565193176,
    "log_attack_time": -1.3105884790420532,
    "filesize": 59120,
    "single_event": true,
    "tonality": "G major",
    "tonality_confidence": 0.5264583230018616,
    "loop": false,
    "tempo": 126,
    "tempo_confidence": 0.0,
    "note_midi": 40,
    "note_name": "E2",
    "note_frequency": 84.23018646240234,
    "note_confidence": 0.0,
    "hardness": 43.30442930766361,
    "depth": 65.28787087932089,
    "brightness": 33.77444549124675,
    "roughness": 37.83342608731607,
    "warmth": 63.01866688173534,
    "sharpness": 44.55525079361598,
    "boominess": 43.34928530816481,
    "reverb": false,
    "genre": "Genre A",
    "mood": "Mood A"
}