{
    "duration": 1.8461250066757202,
    "lossless": 1.0,
    "codec": "pcm_s16le",
    "bitrate": 256000.0,
    "samplerate": 16000.0,
    "channels": 1.0,
    "audio_md5": "9425c0916f6e12e0bf6d87a6e8c6dc1a",
    "loudness": -27.104812622070312,
    "dynamic_range": 0.0,
    "temporal_centroid": 0.4982576370239258,
    "log_attack_time": 0.13720910251140594,
    "filesize": 59120,
    "single_event": true,
    "tonality": "G major",
    "tonality_confidence": 0.5511241555213928,
    "loop": false,
    "tempo": 129,
    "tempo_confidence": 0.0,
    "note_midi": 40,
    "note_name": "E2",
    "note_frequency": 83.18856811523438,
    "note_confidence": 0.4753047227859497,
    "hardness": 40.47713164137048,
    "depth": 58.84274959828144,
    "brightness": 39.45405999960388,
    "roughness": 35.37576994380707,
    "warmth": 58.69002466217207,
    "sharpness": 20.37021969494886,
    "boominess": 48.21253264815826,
    "reverb": false,
    "genre": "Genre A",
    "mood": "Mood A"
}