{
    "duration": 1.8461250066757202,
    "lossless": 1.0,
    "codec": "pcm_s16le",
    "bitrate": 256000.0,
    "samplerate": 16000.0,
    "channels": 1.0,
    "audio_md5": "224e7a63d45b1643295aeac335295223",
    "loudness": -33.00292205810547,
    "dynamic_range": 0.0,
    "temporal_centroid": 0.4972490668296814,
    "log_attack_time": -0.33308741450309753,
    "filesize": 59120,
    "single_event": true,
    "tonality": "C minor",
    "tonality_confidence": 0.4353468716144562,
    "loop": true,
    "tempo": 130,
    "tempo_confidence": 0.9999017119407654,
    "note_midi": 35,
    "note_name": "B1",
    "note_frequency": 61.69272994995117,
    "note_confidence": 0.48395562171936035,
    "hardness": 41.94490835725736,
    "depth": 61.77597304016965,
    "brightness": 39.61961761991773,
    "roughness": 35.54946727654955,
    "warmth": 59.15522825086326,
    "sharpness": 16.128391768752756,
    "boominess": 48.968628181057895,
    "reverb": false,
    "genre": "Genre A",
    "mood": "Mood A"
}