{
    "duration": 1.8461250066757202,
    "lossless": 1.0,
    "codec": "pcm_s16le",
    "bitrate": 256000.0,
    "samplerate": 16000.0,
    "channels": 1.0,
    "audio_md5": "1b31d8c9f665c716edc99b81df31aa29",
    "loudness": -25.282033920288086,
    "dynamic_range": 0.0,
    "temporal_centroid": 0.5147508382797241,
    "log_attack_time": 0.13373439013957977,
    "filesize": 59120,
    "single_event": true,
    "tonality": "B minor",
    "tonality_confidence": 0.5137316584587097,
    "loop": true,
    "tempo": 130,
    "tempo_confidence": 0.9999017119407654,
    "note_midi": 40,
    "note_name": "E2",
    "note_frequency": 83.08618927001953,
    "note_confidence": 0.5469965934753418,
    "hardness": 39.49163445257483,
    "depth": 58.682770206223864,
    "brightness": 38.232657526632394,
    "roughness": 38.235534375463295,
    "warmth": 59.78073935343217,
    "sharpness": 15.996488039799281,
    "boominess": 48.6885323261759,
    "reverb": false,
    "genre": "Genre A",
    "mood": "Mood A"
}