{
    "duration": 1.8461250066757202,
    "lossless": 1.0,
    "codec": "pcm_s16le",
    "bitrate": 256000.0,
    "samplerate": 16000.0,
    "channels": 1.0,
    "audio_md5": "076f9e0c2d5bad7317203c1c45c96b95",
    "loudness": -33.57726287841797,
    "dynamic_range": 0.0,
    "temporal_centroid": 0.4925173819065094,
    "log_attack_time": -0.3314366340637207,
    "filesize": 59120,
    "single_event": true,
    "tonality": "G# minor",
    "tonality_confidence": 0.4788806736469269,
    "loop": true,
    "tempo": 130,
    "tempo_confidence": 0.9999017119407654,
    "note_midi": 35,
    "note_name": "B1",
    "note_frequency": 60.51081848144531,
    "note_confidence": 0.578542172908783,
    "hardness": 43.25383840558672,
    "depth": 64.20858815876338,
    "brightness": 40.36217363017204,
    "roughness": 36.99280329170712,
    "warmth": 59.511482970451766,
    "sharpness": 19.030108065481905,
    "boominess": 49.24564830635026,
    "reverb": false,
    "genre": "Genre A",
    "mood": "Mood A"
}