{
    "duration": 1.8461250066757202,
    "lossless": 1.0,
    "codec": "pcm_s16le",
    "bitrate": 256000.0,
    "samplerate": 16000.0,
    "channels": 1.0,
    "audio_md5": "6f32ef408c92800fa1aac940c9cb0642",
    "loudness": -31.130672454833984,
    "dynamic_range": 0.0,
    "temporal_centroid": 0.4364325702190399,
    "log_attack_time": -0.3507225513458252,
    "filesize": 59120,
    "single_event": true,
    "tonality": "B minor",
    "tonality_confidence": 0.3076499104499817,
    "loop": false,
    "tempo": 129,
    "tempo_confidence": 0.0,
    "note_midi": 36,
    "note_name": "C2",
    "note_frequency": 65.68547058105469,
    "note_confidence": 0.46660465002059937,
    "hardness": 40.091892708738115,
    "depth": 57.45004787350486,
    "brightness": 39.99183853121653,
    "roughness": 36.789680835653016,
    "warmth": 58.11806273626513,
    "sharpness": 15.368437260948529,
    "boominess": 48.301571587068224,
    "reverb": false,
    "genre": "Genre A",
    "mood": "Mood A"
}