{
    "duration": 1.8461250066757202,
    "lossless": 1.0,
    "codec": "pcm_s16le",
    "bitrate": 256000.0,
    "samplerate": 16000.0,
    "channels": 1.0,
    "audio_md5": "2853bfbc858824e0e7473cd086bbfedc",
    "loudness": -33.37529754638672,
    "dynamic_range": 0.0,
    "temporal_centroid": 0.3880593776702881,
    "log_attack_time": -0.32491612434387207,
    "filesize": 59120,
    "single_event": true,
    "tonality": "B major",
    "tonality_confidence": 0.7875409126281738,
    "loop": true,
    "tempo": 130,
    "tempo_confidence": 0.9999017119407654,
    "note_midi": 37,
    "note_name": "C#2",
    "note_frequency": 68.04293823242188,
    "note_confidence": 0.4577953815460205,
    "hardness": 38.96717030076813,
    "depth": 56.98936923921842,
    "brightness": 42.42554760527775,
    "roughness": 36.25933977448595,
    "warmth": 56.07169153192433,
    "sharpness": 19.978208229346357,
    "boominess": 47.28346576384402,
    "reverb": false,
    "genre": "Genre A",
    "mood": "Mood A"
}