{
    "duration": 1.8461250066757202,
    "lossless": 1.0,
    "codec": "pcm_s16le",
    "bitrate": 256000.0,
    "samplerate": 16000.0,
    "channels": 1.0,
    "audio_md5": "85f07bf7f63e1727b6ef9c007ce0b1c8",
    "loudness": -25.90835952758789,
    "dynamic_range": 0.0,
    "temporal_centroid": 0.4604463577270508,
    "log_attack_time": -0.9039969444274902,
    "filesize": 59120,
    "single_event": true,
    "tonality": "D# major",
    "tonality_confidence": 0.4642040729522705,
    "loop": false,
    "tempo": 129,
    "tempo_confidence": 0.0,
    "note_midi": 36,
    "note_name": "C2",
    "note_frequency": 66.49088287353516,
    "note_confidence": 0.0,
    "hardness": 40.77554197803872,
    "depth": 68.0225444306942,
    "brightness": 33.90613690245932,
    "roughness": 37.5167419350985,
    "warmth": 63.10591756516034,
    "sharpness": 43.08041262790705,
    "boominess": 44.609032384004585,
    "reverb": false,
    "genre": "Genre A",
    "mood": "Mood A"
}