{
    "duration": 1.8461250066757202,
    "lossless": 1.0,
    "codec": "pcm_s16le",
    "bitrate": 256000.0,
    "samplerate": 16000.0,
    "channels": 1.0,
    "audio_md5": "5f64a9d645d39b8f4ff998b709647a49",
    "loudness": -19.283065795898438,
    "dynamic_range": 0.0,
    "temporal_centroid": 0.4812564551830292,
    "log_attack_time": 0.17612408101558685,
    "filesize": 59120,
    "single_event": true,
    "tonality": "G major",
    "tonality_confidence": 0.4299118220806122,
    "loop": false,
    "tempo": 129,
    "tempo_confidence": 0.0,
    "note_midi": 32,
    "note_name": "G#1",
    "note_frequency": 53.29526901245117,
    "note_confidence": 0.5768052935600281,
    "hardness": 31.50478497509532,
    "depth": 67.00242449388892,
    "brightness": 28.81490703284535,
    "roughness": 29.918576147494974,
    "warmth": 59.920388502980515,
    "sharpness": 29.956479520362965,
    "boominess": 54.78270246918633,
    "reverb": false,
    "genre": "Genre A",
    "mood": "Mood A"
}