{
    "duration": 1.8461250066757202,
    "lossless": 1.0,
    "codec": "pcm_s16le",
    "bitrate": 256000.0,
    "samplerate": 16000.0,
    "channels": 1.0,
    "audio_md5": "22f0ac408145e7fb0b1fcc03c177b745",
    "loudness": -26.879981994628906,
    "dynamic_range": 0.0,
    "temporal_centroid": 0.4411577582359314,
    "log_attack_time": -0.34495308995246887,
    "filesize": 59120,
    "single_event": true,
    "tonality": "A# major",
    "tonality_confidence": 0.48516011238098145,
    "loop": false,
    "tempo": 129,
    "tempo_confidence": 0.0,
    "note_midi": 37,
    "note_name": "C#2",
    "note_frequency": 67.94367980957031,
    "note_confidence": 0.48292529582977295,
    "hardness": 35.13371619609799,
    "depth": 58.37729607784411,
    "brightness": 40.03779722581275,
    "roughness": 34.9962947498929,
    "warmth": 56.811095303837455,
    "sharpness": 16.699206684158025,
    "boominess": 49.03174591549701,
    "reverb": false,
    "genre": "Genre A",
    "mood": "Mood A"
}