{
    "duration": 1.8461250066757202,
    "lossless": 1.0,
    "codec": "pcm_s16le",
    "bitrate": 256000.0,
    "samplerate": 16000.0,
    "channels": 1.0,
    "audio_md5": "b935fe2d2cd9e7e1ab8960daa15156cc",
    "loudness": -27.626359939575195,
    "dynamic_range": 0.0,
    "temporal_centroid": 0.5418933629989624,
    "log_attack_time": 0.13598676025867462,
    "filesize": 59120,
    "single_event": true,
    "tonality": "B minor",
    "tonality_confidence": 0.5391049385070801,
    "loop": true,
    "tempo": 130,
    "tempo_confidence": 0.9999017119407654,
    "note_midi": 39,
    "note_name": "D#2",
    "note_frequency": 79.84495544433594,
    "note_confidence": 0.4802619218826294,
    "hardness": 40.10419008617704,
    "depth": 62.7811026637096,
    "brightness": 39.61105554688724,
    "roughness": 37.1170500707345,
    "warmth": 57.45347977589562,
    "sharpness": 21.747517521309245,
    "boominess": 47.96587217924223,
    "reverb": false,
    "genre": "Genre A",
    "mood": "Mood A"
}