{
    "duration": 1.8461250066757202,
    "lossless": 1.0,
    "codec": "pcm_s16le",
    "bitrate": 256000.0,
    "samplerate": 16000.0,
    "channels": 1.0,
    "audio_md5": "512d683ac562dac7317a48c3ce7fecc5",
    "loudness": -25.50937271118164,
    "dynamic_range": 0.0,
    "temporal_centroid": 0.46531468629837036,
    "log_attack_time": -0.8910853862762451,
    "filesize": 59120,
    "single_event": true,
    "tonality": "B minor",
    "tonality_confidence": 0.49804431200027466,
    "loop": false,
    "tempo": 129,
    "tempo_confidence": 0.0,
    "note_midi": 35,
    "note_name": "B1",
    "note_frequency": 63.365901947021484,
    "note_confidence": 0.0,
    "hardness": 41.38508132728332,
    "depth": 68.82049215811139,
    "brightness": 34.16622516970696,
    "roughness": 36.746158697905955,
    "warmth": 63.15313305385111,
    "sharpness": 44.09773888714771,
    "boominess": 43.64141183085127,
    "reverb": false,
    "genre": "Genre A",
    "mood": "Mood A"
}