{
    "duration": 1.8461250066757202,
    "lossless": 1.0,
    "codec": "pcm_s16le",
    "bitrate": 256000.0,
    "samplerate": 16000.0,
    "channels": 1.0,
    "audio_md5": "5418ab9ebdddf7a471c74d62d6aba107",
    "loudness": -34.59211349487305,
    "dynamic_range": 0.0,
    "temporal_centroid": 0.4773041903972626,
    "log_attack_time": -1.8315253257751465,
    "filesize": 59120,
    "single_event": true,
    "tonality": "B major",
    "tonality_confidence": 0.6494128704071045,
    "loop": true,
    "tempo": 130,
    "tempo_confidence": 0.9999017119407654,
    "note_midi": 34,
    "note_name": "A#1",
    "note_frequency": 57.697593688964844,
    "note_confidence": 0.48128741979599,
    "hardness": 40.49910939686423,
    "depth": 61.14073328808798,
    "brightness": 40.31126858051903,
    "roughness": 46.17673917415442,
    "warmth": 61.75414636781659,
    "sharpness": 22.255741550080824,
    "boominess": 45.47959759638199,
    "reverb": false,
    "genre": "Genre A",
    "mood": "Mood A"
}