{
    "duration": 1.8461250066757202,
    "lossless": 1.0,
    "codec": "pcm_s16le",
    "bitrate": 256000.0,
    "samplerate": 16000.0,
    "channels": 1.0,
    "audio_md5": "932441b3bdb1606fc9d5eee2757ecbc9",
    "loudness": -26.5757999420166,
    "dynamic_range": 0.0,
    "temporal_centroid": 0.4673081934452057,
    "log_attack_time": -0.8917756080627441,
    "filesize": 59120,
    "single_event": true,
    "tonality": "G major",
    "tonality_confidence": 0.85340815782547,
    "loop": true,
    "tempo": 97,
    "tempo_confidence": 0.9691330194473267,
    "note_midi": 36,
    "note_name": "C2",
    "note_frequency": 64.4690933227539,
    "note_confidence": 0.0,
    "hardness": 41.99428517781648,
    "depth": 67.73787816156394,
    "brightness": 33.555818354744844,
    "roughness": 35.963780915132446,
    "warmth": 60.29473396134591,
    "sharpness": 46.36161749144507,
    "boominess": 41.79458581557233,
    "reverb": false,
    "genre": "Genre A",
    "mood": "Mood A"
}