{
    "duration": 1.8461250066757202,
    "lossless": 1.0,
    "codec": "pcm_s16le",
    "bitrate": 256000.0,
    "samplerate": 16000.0,
    "channels": 1.0,
    "audio_md5": "27ff89647eec8a6a664be9fc71dac82d",
    "loudness": -30.498397827148438,
    "dynamic_range": 0.0,
    "temporal_centroid": 0.5320312976837158,
    "log_attack_time": 0.13905051350593567,
    "filesize": 59120,
    "single_event": true,
    "tonality": "C minor",
    "tonality_confidence": 0.6744521260261536,
    "loop": true,
    "tempo": 130,
    "tempo_confidence": 0.9999017119407654,
    "note_midi": 33,
    "note_name": "A1",
    "note_frequency": 55.406620025634766,
    "note_confidence": 0.43327200412750244,
    "hardness": 35.87416772859805,
    "depth": 60.79235384522491,
    "brightness": 39.29199513368069,
    "roughness": 33.153288886872375,
    "warmth": 59.08376464666835,
    "sharpness": 9.326516041641593,
    "boominess": 52.2983228085899,
    "reverb": false,
    "genre": "Genre A",
    "mood": "Mood A"
}