{
    "duration": 1.8461250066757202,
    "lossless": 1.0,
    "codec": "pcm_s16le",
    "bitrate": 256000.0,
    "samplerate": 16000.0,
    "channels": 1.0,
    "audio_md5": "0b52da5d545f22da42abbda0b5ff478b",
    "loudness": -21.31635284423828,
    "dynamic_range": 0.0,
    "temporal_centroid": 0.5060356259346008,
    "log_attack_time": 0.1750856339931488,
    "filesize": 59120,
    "single_event": true,
    "tonality": "G# minor",
    "tonality_confidence": 0.4223712980747223,
    "loop": true,
    "tempo": 130,
    "tempo_confidence": 0.9999017119407654,
    "note_midi": 33,
    "note_name": "A1",
    "note_frequency": 54.19276428222656,
    "note_confidence": 0.5766546726226807,
    "hardness": 29.297709066089112,
    "depth": 68.15364761860415,
    "brightness": 28.987883924157554,
    "roughness": 34.1826017098488,
    "warmth": 59.25668696717492,
    "sharpness": 34.56330899325935,
    "boominess": 52.413720969024965,
    "reverb": false,
    "genre": "Genre A",
    "mood": "Mood A"
}