{
    "duration": 1.8461250066757202,
    "lossless": 1.0,
    "codec": "pcm_s16le",
    "bitrate": 256000.0,
    "samplerate": 16000.0,
    "channels": 1.0,
    "audio_md5": "69744468bdf815d50da888c963c3b452",
    "loudness": -18.915834426879883,
    "dynamic_range": 0.0,
    "temporal_centroid": 0.49882206320762634,
    "log_attack_time": 0.1760321706533432,
    "filesize": 59120,
    "single_event": true,
    "tonality": "B minor",
    "tonality_confidence": 0.6767465472221375,
    "loop": true,
    "tempo": 130,
    "tempo_confidence": 0.9999017119407654,
    "note_midi": 33,
    "note_name": "A1",
    "note_frequency": 53.99036407470703,
    "note_confidence": 0.6077828407287598,
    "hardness": 33.054060860565784,
    "depth": 68.87982620973668,
    "brightness": 28.84756812485033,
    "roughness": 29.823315423152007,
    "warmth": 59.32502507620087,
    "sharpness": 28.99450007093981,
    "boominess": 55.196084436568015,
    "reverb": false,
    "genre": "Genre A",
    "mood": "Mood A"
}