{
    "duration": 1.8461250066757202,
    "lossless": 1.0,
    "codec": "pcm_s16le",
    "bitrate": 256000.0,
    "samplerate": 16000.0,
    "channels": 1.0,
    "audio_md5": "a36e9398688ed7d7d1cebc7c67fdd4b8",
    "loudness": -28.2235107421875,
    "dynamic_range": 0.0,
    "temporal_centroid": 0.4785487651824951,
    "log_attack_time": -1.233661413192749,
    "filesize": 59120,
    "single_event": true,
    "tonality": "G major",
    "tonality_confidence": 0.4315520226955414,
    "loop": false,
    "tempo": 123,
    "tempo_confidence": 0.0,
    "note_midi": 36,
    "note_name": "C2",
    "note_frequency": 65.78459167480469,
    "note_confidence": 0.0,
    "hardness": 43.41839325066971,
    "depth": 66.78086954136867,
    "brightness": 32.649699015841,
    "roughness": 34.6062025486061,
    "warmth": 62.70254557496019,
    "sharpness": 47.024283710644724,
    "boominess": 41.18445251751312,
    "reverb": false,
    "genre": "Genre A",
    "mood": "Mood A"
}