{
    "duration": 1.8461250066757202,
    "lossless": 1.0,
    "codec": "pcm_s16le",
    "bitrate": 256000.0,
    "samplerate": 16000.0,
    "channels": 1.0,
    "audio_md5": "d53e911e080a90e0dc5a633181b11e10",
    "loudness": -19.40828514099121,
    "dynamic_range": 0.0,
    "temporal_centroid": 0.46016842126846313,
    "log_attack_time": 0.17762479186058044,
    "filesize": 59120,
    "single_event": true,
    "tonality": "G# minor",
    "tonality_confidence": 0.5665484666824341,
    "loop": false,
    "tempo": 129,
    "tempo_confidence": 0.0,
    "note_midi": 33,
    "note_name": "A1",
    "note_frequency": 53.50509262084961,
    "note_confidence": 0.6767305731773376,
    "hardness": 28.162914815751932,
    "depth": 68.56797807813726,
    "brightness": 28.283707328637004,
    "roughness": 29.088527282003092,
    "warmth": 60.849821328062795,
    "sharpness": 18.55182157811227,
    "boominess": 59.02814590137485,
    "reverb": false,
    "genre": "Genre A",
    "mood": "Mood A"
}