{
    "duration": 1.8461250066757202,
    "lossless": 1.0,
    "codec": "pcm_s16le",
    "bitrate": 256000.0,
    "samplerate": 16000.0,
    "channels": 1.0,
    "audio_md5": "2a7e9fbd5561c8163cf732cefe12f51c",
    "loudness": -33.173728942871094,
    "dynamic_range": 0.0,
    "temporal_centroid": 0.4966334402561188,
    "log_attack_time": -0.0326409786939621,
    "filesize": 59120,
    "single_event": true,
    "tonality": "B major",
    "tonality_confidence": 0.49053969979286194,
    "loop": false,
    "tempo": 128,
    "tempo_confidence": 0.0,
    "note_midi": 33,
    "note_name": "A1",
    "note_frequency": 56.333736419677734,
    "note_confidence": 0.4853690266609192,
    "hardness": 42.483859760276346,
    "depth": 64.35298513821883,
    "brightness": 40.78657891006392,
    "roughness": 35.28433184068382,
    "warmth": 59.00720891023906,
    "sharpness": 18.81806560698045,
    "boominess": 49.53993332673751,
    "reverb": false,
    "genre": "Genre A",
    "mood": "Mood A"
}