{
    "duration": 1.8461250066757202,
    "lossless": 1.0,
    "codec": "pcm_s16le",
    "bitrate": 256000.0,
    "samplerate": 16000.0,
    "channels": 1.0,
    "audio_md5": "65e91010ee2f5915a39812daca936829",
    "loudness": -25.284448623657227,
    "dynamic_range": 0.0,
    "temporal_centroid": 0.5103902816772461,
    "log_attack_time": 0.13808421790599823,
    "filesize": 59120,
    "single_event": true,
    "tonality": "D# minor",
    "tonality_confidence": 0.511227011680603,
    "loop": false,
    "tempo": 129,
    "tempo_confidence": 0.0,
    "note_midi": 42,
    "note_name": "F#2",
    "note_frequency": 94.7796859741211,
    "note_confidence": 0.5071321725845337,
    "hardness": 40.52282592175972,
    "depth": 59.67287867476725,
    "brightness": 38.41423698949782,
    "roughness": 35.806604915718964,
    "warmth": 59.18495484642562,
    "sharpness": 19.294203355689845,
    "boominess": 48.82214140877694,
    "reverb": false,
    "genre": "Genre A",
    "mood": "Mood A"
}