{
    "duration": 1.8461250066757202,
    "lossless": 1.0,
    "codec": "pcm_s16le",
    "bitrate": 256000.0,
    "samplerate": 16000.0,
    "channels": 1.0,
    "audio_md5": "7cf60074a22a7a943aa80366377d447b",
    "loudness": -22.98030662536621,
    "dynamic_range": 0.0,
    "temporal_centroid": 0.4834310710430145,
    "log_attack_time": 0.1794397383928299,
    "filesize": 59120,
    "single_event": true,
    "tonality": "G major",
    "tonality_confidence": 0.36484241485595703,
    "loop": false,
    "tempo": 128,
    "tempo_confidence": 0.0,
    "note_midi": 31,
    "note_name": "G1",
    "note_frequency": 50.3259391784668,
    "note_confidence": 0.30881059169769287,
    "hardness": 36.17219052805939,
    "depth": 69.1681035733833,
    "brightness": 30.452418550147513,
    "roughness": 30.2806111660198,
    "warmth": 60.10874328428839,
    "sharpness": 34.21512355958228,
    "boominess": 51.891814158754116,
    "reverb": false,
    "genre": "Genre A",
    "mood": "Mood A"
}