{
    "duration": 1.8461250066757202,
    "lossless": 1.0,
    "codec": "pcm_s16le",
    "bitrate": 256000.0,
    "samplerate": 16000.0,
    "channels": 1.0,
    "audio_md5": "5f259719ade9e6b1780dc52f2c0b409f",
    "loudness": -22.294944763183594,
    "dynamic_range": 0.0,
    "temporal_centroid": 0.4702834188938141,
    "log_attack_time": 0.021789124235510826,
    "filesize": 59120,
    "single_event": true,
    "tonality": "A# major",
    "tonality_confidence": 0.2431463897228241,
    "loop": true,
    "tempo": 130,
    "tempo_confidence": 0.9999017119407654,
    "note_midi": 40,
    "note_name": "E2",
    "note_frequency": 80.26448059082031,
    "note_confidence": 0.3163583278656006,
    "hardness": 38.43648548922795,
    "depth": 67.90819236627576,
    "brightness": 33.406598539232725,
    "roughness": 35.858431137613394,
    "warmth": 62.37613418775874,
    "sharpness": 39.41680724043801,
    "boominess": 47.43655925977863,
    "reverb": false,
    "genre": "Genre A",
    "mood": "Mood A"
}