{
    "duration": 1.8461250066757202,
    "lossless": 1.0,
    "codec": "pcm_s16le",
    "bitrate": 256000.0,
    "samplerate": 16000.0,
    "channels": 1.0,
    "audio_md5": "bdd78f2d04d0175b1184c796a2a9aaaf",
    "loudness": -33.475807189941406,
    "dynamic_range": 0.0,
    "temporal_centroid": 0.4180983603000641,
    "log_attack_time": -0.327546089887619,
    "filesize": 59120,
    "single_event": true,
    "tonality": "G major",
    "tonality_confidence": 0.7241323590278625,
    "loop": true,
    "tempo": 130,
    "tempo_confidence": 0.9999017119407654,
    "note_midi": 37,
    "note_name": "C#2",
    "note_frequency": 71.06146240234375,
    "note_confidence": 0.4679708480834961,
    "hardness": 42.0249107157418,
    "depth": 60.80262913040742,
    "brightness": 42.27986311872929,
    "roughness": 39.78119912885326,
    "warmth": 58.29874753296425,
    "sharpness": 22.3095486720609,
    "boominess": 46.63072696469098,
    "reverb": false,
    "genre": "Genre A",
    "mood": "Mood A"
}