{
    "duration": 1.8461250066757202,
    "lossless": 1.0,
    "codec": "pcm_s16le",
    "bitrate": 256000.0,
    "samplerate": 16000.0,
    "channels": 1.0,
    "audio_md5": "499f2601ca02a9dcb830cbdbbc5500aa",
    "loudness": -33.753448486328125,
    "dynamic_range": 0.0,
    "temporal_centroid": 0.4934755563735962,
    "log_attack_time": -0.032205913215875626,
    "filesize": 59120,
    "single_event": true,
    "tonality": "G# minor",
    "tonality_confidence": 0.7430198192596436,
    "loop": false,
    "tempo": 128,
    "tempo_confidence": 0.0,
    "note_midi": 37,
    "note_name": "C#2",
    "note_frequency": 67.89407348632812,
    "note_confidence": 0.5121158957481384,
    "hardness": 45.92096498504512,
    "depth": 64.17528178397146,
    "brightness": 40.76931891695858,
    "roughness": 36.424476485858875,
    "warmth": 58.579130785847454,
    "sharpness": 22.692873829255376,
    "boominess": 48.510136921679226,
    "reverb": false,
    "genre": "Genre A",
    "mood": "Mood A"
}