{
    "duration": 1.8461250066757202,
    "lossless": 1.0,
    "codec": "pcm_s16le",
    "bitrate": 256000.0,
    "samplerate": 16000.0,
    "channels": 1.0,
    "audio_md5": "12d7e51be06ccf19e4319ca2ff765323",
    "loudness": -33.723846435546875,
    "dynamic_range": 0.0,
    "temporal_centroid": 0.45191287994384766,
    "log_attack_time": -0.32758796215057373,
    "filesize": 59120,
    "single_event": true,
    "tonality": "G major",
    "tonality_confidence": 0.4432932436466217,
    "loop": false,
    "tempo": 128,
    "tempo_confidence": 0.0,
    "note_midi": 33,
    "note_name": "A1",
    "note_frequency": 53.499637603759766,
    "note_confidence": 0.5218433737754822,
    "hardness": 40.549357082417785,
    "depth": 66.00438812398733,
    "brightness": 41.65457421653633,
    "roughness": 33.369979042211426,
    "warmth": 58.98397168409599,
    "sharpness": 20.239628300819763,
    "boominess": 50.710134848867554,
    "reverb": false,
    "genre": "Genre A",
    "mood": "Mood A"
}