{
    "duration": 1.8461250066757202,
    "lossless": 1.0,
    "codec": "pcm_s16le",
    "bitrate": 256000.0,
    "samplerate": 16000.0,
    "channels": 1.0,
    "audio_md5": "1a5b074a63f155ef23591cbe162243fa",
    "loudness": -25.815359115600586,
    "dynamic_range": 0.0,
    "temporal_centroid": 0.4008597731590271,
    "log_attack_time": -0.9757731556892395,
    "filesize": 59120,
    "single_event": true,
    "tonality": "C# major",
    "tonality_confidence": 0.5689119696617126,
    "loop": false,
    "tempo": 191,
    "tempo_confidence": 0.0,
    "note_midi": 38,
    "note_name": "D2",
    "note_frequency": 72.20643615722656,
    "note_confidence": 0.20331203937530518,
    "hardness": 36.91800410950856,
    "depth": 65.9150154011236,
    "brightness": 34.79455858545529,
    "roughness": 36.470006597182746,
    "warmth": 60.273726760308136,
    "sharpness": 36.397771829433985,
    "boominess": 50.890784774378034,
    "reverb": false,
    "genre": "Genre A",
    "mood": "Mood A"
}