{
    "duration": 1.8461250066757202,
    "lossless": 1.0,
    "codec": "pcm_s16le",
    "bitrate": 256000.0,
    "samplerate": 16000.0,
    "channels": 1.0,
    "audio_md5": "401a078ea2aff835568618660ca420da",
    "loudness": -31.528335571289062,
    "dynamic_range": 0.0,
    "temporal_centroid": 0.5274927616119385,
    "log_attack_time": -0.03299145773053169,
    "filesize": 59120,
    "single_event": true,
    "tonality": "B minor",
    "tonality_confidence": 0.47667837142944336,
    "loop": true,
    "tempo": 130,
    "tempo_confidence": 0.9999017119407654,
    "note_midi": 34,
    "note_name": "A#1",
    "note_frequency": 57.843055725097656,
    "note_confidence": 0.4845830798149109,
    "hardness": 40.65661931490851,
    "depth": 62.81367175129574,
    "brightness": 39.754410826219754,
    "roughness": 38.642897118094965,
    "warmth": 59.084114577652244,
    "sharpness": 11.764651912065617,
    "boominess": 50.60150729555906,
    "reverb": false,
    "genre": "Genre A",
    "mood": "Mood A"
}