{
    "duration": 1.8461250066757202,
    "lossless": 1.0,
    "codec": "pcm_s16le",
    "bitrate": 256000.0,
    "samplerate": 16000.0,
    "channels": 1.0,
    "audio_md5": "47f041a2add940d81603f4ee392f2260",
    "loudness": -20.37498664855957,
    "dynamic_range": 0.0,
    "temporal_centroid": 0.5152509212493896,
    "log_attack_time": 0.1778210699558258,
    "filesize": 59120,
    "single_event": true,
    "tonality": "F# minor",
    "tonality_confidence": 0.3996962308883667,
    "loop": false,
    "tempo": 129,
    "tempo_confidence": 0.0,
    "note_midi": 31,
    "note_name": "G1",
    "note_frequency": 49.03984832763672,
    "note_confidence": 0.4775785207748413,
    "hardness": 33.992764170051046,
    "depth": 70.47550418399533,
    "brightness": 26.181586177812875,
    "roughness": 33.196043888422075,
    "warmth": 59.67762709147578,
    "sharpness": 37.79329887531641,
    "boominess": 50.561155366693086,
    "reverb": false,
    "genre": "Genre A",
    "mood": "Mood A"
}