{
    "duration": 1.8461250066757202,
    "lossless": 1.0,
    "codec": "pcm_s16le",
    "bitrate": 256000.0,
    "samplerate": 16000.0,
    "channels": 1.0,
    "audio_md5": "723f348ed6559efe245cae141b5d1edb",
    "loudness": -34.703182220458984,
    "dynamic_range": 0.0,
    "temporal_centroid": 0.4140915870666504,
    "log_attack_time": -0.3389797508716583,
    "filesize": 59120,
    "single_event": true,
    "tonality": "B major",
    "tonality_confidence": 0.6902149319648743,
    "loop": true,
    "tempo": 130,
    "tempo_confidence": 0.9999017119407654,
    "note_midi": 36,
    "note_name": "C2",
    "note_frequency": 67.15711212158203,
    "note_confidence": 0.4503670930862427,
    "hardness": 40.92496220351322,
    "depth": 56.04619166296556,
    "brightness": 42.73522998117588,
    "roughness": 38.42057523773066,
    "warmth": 57.39765202777781,
    "sharpness": 22.879736091844904,
    "boominess": 46.30724705240478,
    "reverb": false,
    "genre": "Genre A",
    "mood": "Mood A"
}