{
    "duration": 1.8461250066757202,
    "lossless": 1.0,
    "codec": "pcm_s16le",
    "bitrate": 256000.0,
    "samplerate": 16000.0,
    "channels": 1.0,
    "audio_md5": "e748450b4797351fb30d094bb01b4cf0",
    "loudness": -22.654443740844727,
    "dynamic_range": 0.0,
    "temporal_centroid": 0.47461774945259094,
    "log_attack_time": -0.8162299990653992,
    "filesize": 59120,
    "single_event": true,
    "tonality": "C major",
    "tonality_confidence": 0.8558657169342041,
    "loop": false,
    "tempo": 123,
    "tempo_confidence": 0.0,
    "note_midi": 35,
    "note_name": "B1",
    "note_frequency": 62.890262603759766,
    "note_confidence": 0.04760384559631348,
    "hardness": 36.542170121392104,
    "depth": 66.0063281554097,
    "brightness": 27.739495070363542,
    "roughness": 35.21089693425047,
    "warmth": 62.07964669039668,
    "sharpness": 44.95141891961744,
    "boominess": 43.541925689646,
    "reverb": false,
    "genre": "Genre A",
    "mood": "Mood A"
}