{
    "duration": 1.8461250066757202,
    "lossless": 1.0,
    "codec": "pcm_s16le",
    "bitrate": 256000.0,
    "samplerate": 16000.0,
    "channels": 1.0,
    "audio_md5": "2d7b9faf837bcfb05dab1be3b9316900",
    "loudness": -22.4792423248291,
    "dynamic_range": 0.0,
    "temporal_centroid": 0.4632626473903656,
    "log_attack_time": -1.1522371768951416,
    "filesize": 59120,
    "single_event": true,
    "tonality": "B minor",
    "tonality_confidence": 0.7634764909744263,
    "loop": false,
    "tempo": 215,
    "tempo_confidence": 0.0,
    "note_midi": 40,
    "note_name": "E2",
    "note_frequency": 81.45791625976562,
    "note_confidence": 0.2665700912475586,
    "hardness": 36.89622504701835,
    "depth": 66.0179165320309,
    "brightness": 33.68031871743591,
    "roughness": 37.61052215701948,
    "warmth": 62.08632324668207,
    "sharpness": 42.29914709404048,
    "boominess": 46.25476608946222,
    "reverb": false,
    "genre": "Genre A",
    "mood": "Mood A"
}