{
    "duration": 1.8461250066757202,
    "lossless": 1.0,
    "codec": "pcm_s16le",
    "bitrate": 256000.0,
    "samplerate": 16000.0,
    "channels": 1.0,
    "audio_md5": "bd798b9da40488fe23d862b16bfe2d09",
    "loudness": -20.44038200378418,
    "dynamic_range": 0.0,
    "temporal_centroid": 0.5082563757896423,
    "log_attack_time": 0.17135825753211975,
    "filesize": 59120,
    "single_event": true,
    "tonality": "A minor",
    "tonality_confidence": 0.4049268960952759,
    "loop": true,
    "tempo": 130,
    "tempo_confidence": 0.9999017119407654,
    "note_midi": 32,
    "note_name": "G#1",
    "note_frequency": 53.38930130004883,
    "note_confidence": 0.6305404305458069,
    "hardness": 30.50626152157865,
    "depth": 67.91479019078342,
    "brightness": 29.076342284481512,
    "roughness": 32.62718413009972,
    "warmth": 58.61333209992539,
    "sharpness": 33.5152030157873,
    "boominess": 53.25654766646181,
    "reverb": false,
    "genre": "Genre A",
    "mood": "Mood A"
}