{
    "duration": 1.8461250066757202,
    "lossless": 1.0,
    "codec": "pcm_s16le",
    "bitrate": 256000.0,
    "samplerate": 16000.0,
    "channels": 1.0,
    "audio_md5": "20c91c79bcc74c8013a9470cc17698be",
    "loudness": -32.91447067260742,
    "dynamic_range": 0.0,
    "temporal_centroid": 0.5045843720436096,
    "log_attack_time": -0.33118319511413574,
    "filesize": 59120,
    "single_event": true,
    "tonality": "E minor",
    "tonality_confidence": 0.3908476233482361,
    "loop": true,
    "tempo": 130,
    "tempo_confidence": 0.9999017119407654,
    "note_midi": 33,
    "note_name": "A1",
    "note_frequency": 54.516815185546875,
    "note_confidence": 0.5546790361404419,
    "hardness": 41.113579462246335,
    "depth": 63.02503974259817,
    "brightness": 40.17947550256228,
    "roughness": 37.28826196923819,
    "warmth": 58.2520066671063,
    "sharpness": 16.337754931400124,
    "boominess": 49.3128664157603,
    "reverb": false,
    "genre": "Genre A",
    "mood": "Mood A"
}