{
    "duration": 1.8461250066757202,
    "lossless": 1.0,
    "codec": "pcm_s16le",
    "bitrate": 256000.0,
    "samplerate": 16000.0,
    "channels": 1.0,
    "audio_md5": "228476b46ef7a7ed1e5385273941ffb5",
    "loudness": -25.01125717163086,
    "dynamic_range": 0.0,
    "temporal_centroid": 0.5006442666053772,
    "log_attack_time": 0.1769045889377594,
    "filesize": 59120,
    "single_event": true,
    "tonality": "E major",
    "tonality_confidence": 0.49815258383750916,
    "loop": false,
    "tempo": 117,
    "tempo_confidence": 0.0,
    "note_midi": 34,
    "note_name": "A#1",
    "note_frequency": 56.85401153564453,
    "note_confidence": 0.3615862727165222,
    "hardness": 33.875537433315785,
    "depth": 67.48312612375089,
    "brightness": 30.02139866790061,
    "roughness": 33.14254352792822,
    "warmth": 59.68591187834873,
    "sharpness": 33.81241601696795,
    "boominess": 52.31997824256572,
    "reverb": false,
    "genre": "Genre A",
    "mood": "Mood A"
}