{
    "duration": 1.8461250066757202,
    "lossless": 1.0,
    "codec": "pcm_s16le",
    "bitrate": 256000.0,
    "samplerate": 16000.0,
    "channels": 1.0,
    "audio_md5": "705371a10963072a266e2b764b08d47d",
    "loudness": -31.56342124938965,
    "dynamic_range": 0.0,
    "temporal_centroid": 0.5621053576469421,
    "log_attack_time": 0.13815583288669586,
    "filesize": 59120,
    "single_event": true,
    "tonality": "B minor",
    "tonality_confidence": 0.6000698208808899,
    "loop": true,
    "tempo": 130,
    "tempo_confidence": 0.9999017119407654,
    "note_midi": 34,
    "note_name": "A#1",
    "note_frequency": 57.89255905151367,
    "note_confidence": 0.4563656449317932,
    "hardness": 41.01337441068867,
    "depth": 61.5213792398705,
    "brightness": 40.17017730082242,
    "roughness": 39.70757489026053,
    "warmth": 58.60880608225331,
    "sharpness": 12.775504364543053,
    "boominess": 48.77218884924578,
    "reverb": false,
    "genre": "Genre A",
    "mood": "Mood A"
}