{
    "duration": 1.8461250066757202,
    "lossless": 1.0,
    "codec": "pcm_s16le",
    "bitrate": 256000.0,
    "samplerate": 16000.0,
    "channels": 1.0,
    "audio_md5": "83dec6eabfc5176c36ad98cad8a18603",
    "loudness": -24.589563369750977,
    "dynamic_range": 0.0,
    "temporal_centroid": 0.5034157037734985,
    "log_attack_time": 0.1336909383535385,
    "filesize": 59120,
    "single_event": true,
    "tonality": "B minor",
    "tonality_confidence": 0.5644636154174805,
    "loop": true,
    "tempo": 130,
    "tempo_confidence": 0.9999017119407654,
    "note_midi": 38,
    "note_name": "D2",
    "note_frequency": 72.22417449951172,
    "note_confidence": 0.4639984965324402,
    "hardness": 37.30141234431869,
    "depth": 58.8995437090965,
    "brightness": 37.96283750681427,
    "roughness": 34.87380485580246,
    "warmth": 57.21334589466295,
    "sharpness": 22.09665153815658,
    "boominess": 48.33916562548656,
    "reverb": false,
    "genre": "Genre A",
    "mood": "Mood A"
}