{
    "duration": 1.8461250066757202,
    "lossless": 1.0,
    "codec": "pcm_s16le",
    "bitrate": 256000.0,
    "samplerate": 16000.0,
    "channels": 1.0,
    "audio_md5": "15c20065e463735840992b8ef2b121b8",
    "loudness": -30.826812744140625,
    "dynamic_range": 0.0,
    "temporal_centroid": 0.4292882978916168,
    "log_attack_time": -0.3323882520198822,
    "filesize": 59120,
    "single_event": true,
    "tonality": "G major",
    "tonality_confidence": 0.4931596517562866,
    "loop": true,
    "tempo": 130,
    "tempo_confidence": 0.9999017119407654,
    "note_midi": 38,
    "note_name": "D2",
    "note_frequency": 71.61592864990234,
    "note_confidence": 0.5015347003936768,
    "hardness": 42.09119253839263,
    "depth": 57.27079978049669,
    "brightness": 41.074482998259626,
    "roughness": 37.939864693151115,
    "warmth": 58.79976298609539,
    "sharpness": 18.422668216690575,
    "boominess": 47.414406711309965,
    "reverb": false,
    "genre": "Genre A",
    "mood": "Mood A"
}