{
    "duration": 1.8461250066757202,
    "lossless": 1.0,
    "codec": "pcm_s16le",
    "bitrate": 256000.0,
    "samplerate": 16000.0,
    "channels": 1.0,
    "audio_md5": "bf6ea1f74af1b209340afea501a726b1",
    "loudness": -26.06523895263672,
    "dynamic_range": 0.0,
    "temporal_centroid": 0.46243220567703247,
    "log_attack_time": -0.8817600011825562,
    "filesize": 59120,
    "single_event": true,
    "tonality": "G major",
    "tonality_confidence": 0.5342956781387329,
    "loop": true,
    "tempo": 130,
    "tempo_confidence": 0.9999017119407654,
    "note_midi": 38,
    "note_name": "D2",
    "note_frequency": 72.79330444335938,
    "note_confidence": 0.06355655193328857,
    "hardness": 41.619591657320115,
    "depth": 65.83597979291815,
    "brightness": 34.728283058842436,
    "roughness": 38.83079277287518,
    "warmth": 61.483368436113324,
    "sharpness": 43.96007279827631,
    "boominess": 43.549831924899294,
    "reverb": false,
    "genre": "Genre A",
    "mood": "Mood A"
}