{
    "duration": 1.8461250066757202,
    "lossless": 1.0,
    "codec": "pcm_s16le",
    "bitrate": 256000.0,
    "samplerate": 16000.0,
    "channels": 1.0,
    "audio_md5": "11ea9ab6f4bcbb1f0745103f007505df",
    "loudness": -21.393983840942383,
    "dynamic_range": 0.0,
    "temporal_centroid": 0.5280743837356567,
    "log_attack_time": 0.029963258653879166,
    "filesize": 59120,
    "single_event": true,
    "tonality": "G minor",
    "tonality_confidence": 0.45911967754364014,
    "loop": true,
    "tempo": 130,
    "tempo_confidence": 0.9999017119407654,
    "note_midi": 32,
    "note_name": "G#1",
    "note_frequency": 50.56098556518555,
    "note_confidence": 0.46253371238708496,
    "hardness": 35.779866887190835,
    "depth": 67.62604597971682,
    "brightness": 30.198270189824353,
    "roughness": 34.86815644922172,
    "warmth": 58.7126268607051,
    "sharpness": 34.77524296148601,
    "boominess": 51.97767132842591,
    "reverb": false,
    "genre": "Genre A",
    "mood": "Mood A"
}