{
    "duration": 1.8461250066757202,
    "lossless": 1.0,
    "codec": "pcm_s16le",
    "bitrate": 256000.0,
    "samplerate": 16000.0,
    "channels": 1.0,
    "audio_md5": "5d98ecdd3f9a8a26e0839362fb45e68a",
    "loudness": -20.125272750854492,
    "dynamic_range": 0.0,
    "temporal_centroid": 0.5129303336143494,
    "log_attack_time": -1.361589789390564,
    "filesize": 59120,
    "single_event": true,
    "tonality": "A minor",
    "tonality_confidence": 0.3119804263114929,
    "loop": false,
    "tempo": 157,
    "tempo_confidence": 0.0,
    "note_midi": 33,
    "note_name": "A1",
    "note_frequency": 54.28025817871094,
    "note_confidence": 0.39142465591430664,
    "hardness": 32.132427358914526,
    "depth": 69.96449337761008,
    "brightness": 29.033645119984644,
    "roughness": 30.43601594145289,
    "warmth": 55.056478078751994,
    "sharpness": 28.36599823952961,
    "boominess": 55.962168152546596,
    "reverb": false,
    "genre": "Genre A",
    "mood": "Mood A"
}