{
    "duration": 1.8461250066757202,
    "lossless": 1.0,
    "codec": "pcm_s16le",
    "bitrate": 256000.0,
    "samplerate": 16000.0,
    "channels": 1.0,
    "audio_md5": "2bbbbb08185fbaa2705bca96642cfc6a",
    "loudness": -26.991479873657227,
    "dynamic_range": 0.0,
    "temporal_centroid": 0.4762243926525116,
    "log_attack_time": -0.33042383193969727,
    "filesize": 59120,
    "single_event": true,
    "tonality": "D# major",
    "tonality_confidence": 0.42084333300590515,
    "loop": true,
    "tempo": 130,
    "tempo_confidence": 0.9999017119407654,
    "note_midi": 35,
    "note_name": "B1",
    "note_frequency": 61.357845306396484,
    "note_confidence": 0.5076390504837036,
    "hardness": 40.975126117705116,
    "depth": 59.17913102170453,
    "brightness": 38.361600158597284,
    "roughness": 32.5900550041574,
    "warmth": 56.27748990988962,
    "sharpness": 18.484697603910234,
    "boominess": 49.47773624789299,
    "reverb": false,
    "genre": "Genre A",
    "mood": "Mood A"
}