{
    "duration": 1.8461250066757202,
    "lossless": 1.0,
    "codec": "pcm_s16le",
    "bitrate": 256000.0,
    "samplerate": 16000.0,
    "channels": 1.0,
    "audio_md5": "6d8ad93e835fb30c55bd57dcf6f4f0fe",
    "loudness": -31.41913414001465,
    "dynamic_range": 0.0,
    "temporal_centroid": 0.44914746284484863,
    "log_attack_time": -2.3566370010375977,
    "filesize": 59120,
    "single_event": true,
    "tonality": "C# major",
    "tonality_confidence": 0.7862623333930969,
    "loop": true,
    "tempo": 128,
    "tempo_confidence": 0.9645895957946777,
    "note_midi": 33,
    "note_name": "A1",
    "note_frequency": 55.288475036621094,
    "note_confidence": 0.46178972721099854,
    "hardness": 42.829755011950255,
    "depth": 63.44435148275044,
    "brightness": 41.913213912621785,
    "roughness": 34.29783353772356,
    "warmth": 54.71319979817375,
    "sharpness": 21.15057536217688,
    "boominess": 53.327868423376366,
    "reverb": false,
    "genre": "Genre A",
    "mood": "Mood A"
}