{
    "duration": 1.8461250066757202,
    "lossless": 1.0,
    "codec": "pcm_s16le",
    "bitrate": 256000.0,
    "samplerate": 16000.0,
    "channels": 1.0,
    "audio_md5": "c6f452c5f161ad844d6482c7dfd343f8",
    "loudness": -27.154346466064453,
    "dynamic_range": 0.0,
    "temporal_centroid": 0.46310824155807495,
    "log_attack_time": -2.39401912689209,
    "filesize": 59120,
    "single_event": true,
    "tonality": "A# minor",
    "tonality_confidence": 0.4993244707584381,
    "loop": false,
    "tempo": 129,
    "tempo_confidence": 0.0,
    "note_midi": 34,
    "note_name": "A#1",
    "note_frequency": 58.900245666503906,
    "note_confidence": 0.4888879656791687,
    "hardness": 43.755729207979584,
    "depth": 60.82578606362706,
    "brightness": 38.23160840086885,
    "roughness": 31.959584837447334,
    "warmth": 55.31504407393059,
    "sharpness": 12.863763506451132,
    "boominess": 50.736235338548084,
    "reverb": false,
    "genre": "Genre A",
    "mood": "Mood A"
}