{
    "duration": 1.8461250066757202,
    "lossless": 1.0,
    "codec": "pcm_s16le",
    "bitrate": 256000.0,
    "samplerate": 16000.0,
    "channels": 1.0,
    "audio_md5": "ef1041cf717c5d2da440e465db14785d",
    "loudness": -29.662071228027344,
    "dynamic_range": 0.0,
    "temporal_centroid": 0.46516647934913635,
    "log_attack_time": -2.3305728435516357,
    "filesize": 59120,
    "single_event": true,
    "tonality": "G minor",
    "tonality_confidence": 0.3974137306213379,
    "loop": false,
    "tempo": 129,
    "tempo_confidence": 0.0,
    "note_midi": 35,
    "note_name": "B1",
    "note_frequency": 61.020851135253906,
    "note_confidence": 0.49719738960266113,
    "hardness": 38.664863536349614,
    "depth": 61.40598442860728,
    "brightness": 39.143549072770824,
    "roughness": 30.164524890485538,
    "warmth": 54.57936146409173,
    "sharpness": 23.730303650042053,
    "boominess": 49.86055654213994,
    "reverb": false,
    "genre": "Genre A",
    "mood": "Mood A"
}