{
    "duration": 1.8461250066757202,
    "lossless": 1.0,
    "codec": "pcm_s16le",
    "bitrate": 256000.0,
    "samplerate": 16000.0,
    "channels": 1.0,
    "audio_md5": "9e4139184056fa507648441ebce4ee26",
    "loudness": -28.210817337036133,
    "dynamic_range": 0.0,
    "temporal_centroid": 0.3813336193561554,
    "log_attack_time": -1.4857745170593262,
    "filesize": 59120,
    "single_event": true,
    "tonality": "B minor",
    "tonality_confidence": 0.605093777179718,
    "loop": false,
    "tempo": 172,
    "tempo_confidence": 0.0,
    "note_midi": 35,
    "note_name": "B1",
    "note_frequency": 62.42097091674805,
    "note_confidence": 0.2450704574584961,
    "hardness": 42.042639701915334,
    "depth": 64.56497009271988,
    "brightness": 33.08753304024373,
    "roughness": 24.97965738037136,
    "warmth": 54.07357454938579,
    "sharpness": 29.27024217000404,
    "boominess": 58.13927599420886,
    "reverb": false,
    "genre": "Genre A",
    "mood": "Mood A"
}