{
    "duration": 1.8461250066757202,
    "lossless": 1.0,
    "codec": "pcm_s16le",
    "bitrate": 256000.0,
    "samplerate": 16000.0,
    "channels": 1.0,
    "audio_md5": "5880c7985aae5f94f7a804a67a10cbf7",
    "loudness": -28.306793212890625,
    "dynamic_range": 0.0,
    "temporal_centroid": 0.4732917547225952,
    "log_attack_time": -2.1406478881835938,
    "filesize": 59120,
    "single_event": true,
    "tonality": "C# minor",
    "tonality_confidence": 0.6821560263633728,
    "loop": true,
    "tempo": 128,
    "tempo_confidence": 0.9896477460861206,
    "note_midi": 36,
    "note_name": "C2",
    "note_frequency": 65.40015411376953,
    "note_confidence": 0.5319797992706299,
    "hardness": 40.00741933360686,
    "depth": 63.41631461853575,
    "brightness": 33.75868305926328,
    "roughness": 37.398963216432634,
    "warmth": 57.40277838992958,
    "sharpness": 27.472969612336556,
    "boominess": 48.02556531306989,
    "reverb": false,
    "genre": "Genre A",
    "mood": "Mood A"
}