{
    "duration": 1.8461250066757202,
    "lossless": 1.0,
    "codec": "pcm_s16le",
    "bitrate": 256000.0,
    "samplerate": 16000.0,
    "channels": 1.0,
    "audio_md5": "882a0705cffeb0db043c4a7df7cdcc46",
    "loudness": -20.826202392578125,
    "dynamic_range": 0.0,
    "temporal_centroid": 0.4812280535697937,
    "log_attack_time": -1.190967321395874,
    "filesize": 59120,
    "single_event": true,
    "tonality": "B minor",
    "tonality_confidence": 0.5627326369285583,
    "loop": true,
    "tempo": 87,
    "tempo_confidence": 0.9996054172515869,
    "note_midi": 35,
    "note_name": "B1",
    "note_frequency": 61.59346008300781,
    "note_confidence": 0.38657087087631226,
    "hardness": 35.29358642832963,
    "depth": 67.93440612495112,
    "brightness": 30.12194616849698,
    "roughness": 28.483604154758602,
    "warmth": 54.26244499254926,
    "sharpness": 20.514615176095532,
    "boominess": 59.11987914802573,
    "reverb": false,
    "genre": "Genre A",
    "mood": "Mood A"
}