{
    "duration": 1.8461250066757202,
    "lossless": 1.0,
    "codec": "pcm_s16le",
    "bitrate": 256000.0,
    "samplerate": 16000.0,
    "channels": 1.0,
    "audio_md5": "9f6e2d73ba8cccc2804ee5a4d3fe35ea",
    "loudness": -29.350297927856445,
    "dynamic_range": 0.0,
    "temporal_centroid": 0.4601897597312927,
    "log_attack_time": -2.3099827766418457,
    "filesize": 59120,
    "single_event": true,
    "tonality": "F# minor",
    "tonality_confidence": 0.42464807629585266,
    "loop": false,
    "tempo": 129,
    "tempo_confidence": 0.0,
    "note_midi": 37,
    "note_name": "C#2",
    "note_frequency": 70.28557586669922,
    "note_confidence": 0.5172361731529236,
    "hardness": 40.466609014848984,
    "depth": 60.333553082538714,
    "brightness": 38.39019124250944,
    "roughness": 30.5156963957678,
    "warmth": 55.840029909626836,
    "sharpness": 26.17054336491111,
    "boominess": 48.86357175327585,
    "reverb": false,
    "genre": "Genre A",
    "mood": "Mood A"
}