{
    "duration": 1.8461250066757202,
    "lossless": 1.0,
    "codec": "pcm_s16le",
    "bitrate": 256000.0,
    "samplerate": 16000.0,
    "channels": 1.0,
    "audio_md5": "5631942af89c6e4196d3a4212b37c23e",
    "loudness": -19.698341369628906,
    "dynamic_range": 0.0,
    "temporal_centroid": 0.5216825604438782,
    "log_attack_time": -1.218415379524231,
    "filesize": 59120,
    "single_event": true,
    "tonality": "A major",
    "tonality_confidence": 0.4267368018627167,
    "loop": true,
    "tempo": 88,
    "tempo_confidence": 0.9508450627326965,
    "note_midi": 33,
    "note_name": "A1",
    "note_frequency": 54.455928802490234,
    "note_confidence": 0.39643436670303345,
    "hardness": 32.682371201133805,
    "depth": 69.22888937939263,
    "brightness": 28.724891902224506,
    "roughness": 27.883746129095442,
    "warmth": 56.7192110737049,
    "sharpness": 16.72260856717929,
    "boominess": 61.08126697360571,
    "reverb": false,
    "genre": "Genre A",
    "mood": "Mood A"
}