{
    "duration": 1.8461250066757202,
    "lossless": 1.0,
    "codec": "pcm_s16le",
    "bitrate": 256000.0,
    "samplerate": 16000.0,
    "channels": 1.0,
    "audio_md5": "1b61589e73f9dfdee54b91fd5ab2f6e3",
    "loudness": -31.27590560913086,
    "dynamic_range": 0.0,
    "temporal_centroid": 0.4782613515853882,
    "log_attack_time": -0.1467626988887787,
    "filesize": 59120,
    "single_event": true,
    "tonality": "B major",
    "tonality_confidence": 0.7817434668540955,
    "loop": false,
    "tempo": 157,
    "tempo_confidence": 0.0,
    "note_midi": 36,
    "note_name": "C2",
    "note_frequency": 67.09529113769531,
    "note_confidence": 0.4890766143798828,
    "hardness": 42.61746806773013,
    "depth": 61.52463421108882,
    "brightness": 39.167233334774465,
    "roughness": 37.09377091909134,
    "warmth": 56.00742256259098,
    "sharpness": 16.669676898565147,
    "boominess": 50.11943106538479,
    "reverb": false,
    "genre": "Genre A",
    "mood": "Mood A"
}