{
    "duration": 1.8461250066757202,
    "lossless": 1.0,
    "codec": "pcm_s16le",
    "bitrate": 256000.0,
    "samplerate": 16000.0,
    "channels": 1.0,
    "audio_md5": "2c20103694b310570acd9e18760c7859",
    "loudness": -18.418033599853516,
    "dynamic_range": 0.0,
    "temporal_centroid": 0.5522443056106567,
    "log_attack_time": -0.1449577361345291,
    "filesize": 59120,
    "single_event": true,
    "tonality": "G minor",
    "tonality_confidence": 0.4164200723171234,
    "loop": true,
    "tempo": 87,
    "tempo_confidence": 0.9984217882156372,
    "note_midi": 35,
    "note_name": "B1",
    "note_frequency": 60.4744873046875,
    "note_confidence": 0.39103227853775024,
    "hardness": 30.456722010447265,
    "depth": 68.08517876818073,
    "brightness": 28.54665595498254,
    "roughness": 27.40012972800035,
    "warmth": 55.37965293472516,
    "sharpness": 28.11334565895027,
    "boominess": 56.60215098821155,
    "reverb": false,
    "genre": "Genre A",
    "mood": "Mood A"
}