{
    "duration": 1.8461250066757202,
    "lossless": 1.0,
    "codec": "pcm_s16le",
    "bitrate": 256000.0,
    "samplerate": 16000.0,
    "channels": 1.0,
    "audio_md5": "cf36943345f7c77827c300115a239229",
    "loudness": -28.914560317993164,
    "dynamic_range": 0.0,
    "temporal_centroid": 0.44551050662994385,
    "log_attack_time": -2.3891656398773193,
    "filesize": 59120,
    "single_event": true,
    "tonality": "D major",
    "tonality_confidence": 0.6436360478401184,
    "loop": false,
    "tempo": 129,
    "tempo_confidence": 0.0,
    "note_midi": 34,
    "note_name": "A#1",
    "note_frequency": 58.553924560546875,
    "note_confidence": 0.5097575783729553,
    "hardness": 41.61154296780745,
    "depth": 61.85024869286413,
    "brightness": 38.79834462982146,
    "roughness": 34.83996967061683,
    "warmth": 55.05221267884739,
    "sharpness": 10.579200945690136,
    "boominess": 52.18004648361474,
    "reverb": false,
    "genre": "Genre A",
    "mood": "Mood A"
}