{
    "duration": 1.8461250066757202,
    "lossless": 1.0,
    "codec": "pcm_s16le",
    "bitrate": 256000.0,
    "samplerate": 16000.0,
    "channels": 1.0,
    "audio_md5": "849d76723b09298cb169781455c59bfc",
    "loudness": -19.13532257080078,
    "dynamic_range": 0.0,
    "temporal_centroid": 0.5157553553581238,
    "log_attack_time": -0.140852153301239,
    "filesize": 59120,
    "single_event": true,
    "tonality": "G minor",
    "tonality_confidence": 0.5455774664878845,
    "loop": true,
    "tempo": 86,
    "tempo_confidence": 0.9592426419258118,
    "note_midi": 32,
    "note_name": "G#1",
    "note_frequency": 53.08892822265625,
    "note_confidence": 0.4038613438606262,
    "hardness": 34.590911262264584,
    "depth": 67.50390758718967,
    "brightness": 26.853415685385983,
    "roughness": 23.08291205396084,
    "warmth": 57.46391598850355,
    "sharpness": 32.65621409692667,
    "boominess": 55.967811078333966,
    "reverb": false,
    "genre": "Genre A",
    "mood": "Mood A"
}