{
    "duration": 1.8461250066757202,
    "lossless": 1.0,
    "codec": "pcm_s16le",
    "bitrate": 256000.0,
    "samplerate": 16000.0,
    "channels": 1.0,
    "audio_md5": "ff6c2f2ef83218e4c4e2ea512341965c",
    "loudness": -30.87679100036621,
    "dynamic_range": 0.0,
    "temporal_centroid": 0.44082731008529663,
    "log_attack_time": -2.3181021213531494,
    "filesize": 59120,
    "single_event": true,
    "tonality": "C# major",
    "tonality_confidence": 0.6284192204475403,
    "loop": false,
    "tempo": 86,
    "tempo_confidence": 0.0,
    "note_midi": 33,
    "note_name": "A1",
    "note_frequency": 56.611595153808594,
    "note_confidence": 0.4887555241584778,
    "hardness": 40.79215729032592,
    "depth": 63.2508751098642,
    "brightness": 39.48616549711134,
    "roughness": 34.78663131261945,
    "warmth": 54.597770231734465,
    "sharpness": 23.684290423126036,
    "boominess": 51.42435696484545,
    "reverb": false,
    "genre": "Genre A",
    "mood": "Mood A"
}