{
    "duration": 1.8461250066757202,
    "lossless": 1.0,
    "codec": "pcm_s16le",
    "bitrate": 256000.0,
    "samplerate": 16000.0,
    "channels": 1.0,
    "audio_md5": "47d46d46adeed3b4a161560d1834cee0",
    "loudness": -19.601354598999023,
    "dynamic_range": 0.0,
    "temporal_centroid": 0.5036089420318604,
    "log_attack_time": -0.13893592357635498,
    "filesize": 59120,
    "single_event": true,
    "tonality": "A minor",
    "tonality_confidence": 0.5158183574676514,
    "loop": true,
    "tempo": 88,
    "tempo_confidence": 0.9544368982315063,
    "note_midi": 34,
    "note_name": "A#1",
    "note_frequency": 58.405086517333984,
    "note_confidence": 0.3666817545890808,
    "hardness": 33.14715360364933,
    "depth": 66.92058449073834,
    "brightness": 29.58124215527932,
    "roughness": 27.314819321825333,
    "warmth": 56.399550926881105,
    "sharpness": 21.321845727858623,
    "boominess": 58.948841299902504,
    "reverb": false,
    "genre": "Genre A",
    "mood": "Mood A"
}