{
    "duration": 1.8461250066757202,
    "lossless": 1.0,
    "codec": "pcm_s16le",
    "bitrate": 256000.0,
    "samplerate": 16000.0,
    "channels": 1.0,
    "audio_md5": "42d85790292dd39cb39df3d6687f48fb",
    "loudness": -28.46211814880371,
    "dynamic_range": 0.0,
    "temporal_centroid": 0.44109654426574707,
    "log_attack_time": -2.3867592811584473,
    "filesize": 59120,
    "single_event": true,
    "tonality": "F# minor",
    "tonality_confidence": 0.5379518270492554,
    "loop": false,
    "tempo": 128,
    "tempo_confidence": 0.0,
    "note_midi": 34,
    "note_name": "A#1",
    "note_frequency": 58.22044372558594,
    "note_confidence": 0.49809175729751587,
    "hardness": 40.868437046450595,
    "depth": 61.85662651780999,
    "brightness": 38.57599568795122,
    "roughness": 32.222405924778016,
    "warmth": 54.69927597060006,
    "sharpness": 14.490046867415124,
    "boominess": 51.65652787182259,
    "reverb": false,
    "genre": "Genre A",
    "mood": "Mood A"
}