{
    "duration": 1.8461250066757202,
    "lossless": 1.0,
    "codec": "pcm_s16le",
    "bitrate": 256000.0,
    "samplerate": 16000.0,
    "channels": 1.0,
    "audio_md5": "872ce971b33d6dc6ef02139bf318dd40",
    "loudness": -18.931848526000977,
    "dynamic_range": 0.0,
    "temporal_centroid": 0.5236287713050842,
    "log_attack_time": -1.309783935546875,
    "filesize": 59120,
    "single_event": true,
    "tonality": "D minor",
    "tonality_confidence": 0.4666801989078522,
    "loop": true,
    "tempo": 87,
    "tempo_confidence": 0.9988821148872375,
    "note_midi": 34,
    "note_name": "A#1",
    "note_frequency": 57.93773651123047,
    "note_confidence": 0.3894943594932556,
    "hardness": 23.667155716281044,
    "depth": 68.68790823498705,
    "brightness": 28.581779249299828,
    "roughness": 29.85589664371464,
    "warmth": 57.772169885128534,
    "sharpness": 1.6434334564291646,
    "boominess": 63.821495423856895,
    "reverb": false,
    "genre": "Genre A",
    "mood": "Mood A"
}