{
    "duration": 1.8461250066757202,
    "lossless": 1.0,
    "codec": "pcm_s16le",
    "bitrate": 256000.0,
    "samplerate": 16000.0,
    "channels": 1.0,
    "audio_md5": "e9a7489ae3ab064c89bb2731572d213b",
    "loudness": -20.26382827758789,
    "dynamic_range": 0.0,
    "temporal_centroid": 0.5262214541435242,
    "log_attack_time": -1.1494494676589966,
    "filesize": 59120,
    "single_event": true,
    "tonality": "D minor",
    "tonality_confidence": 0.7900822162628174,
    "loop": true,
    "tempo": 86,
    "tempo_confidence": 0.9608027338981628,
    "note_midi": 33,
    "note_name": "A1",
    "note_frequency": 54.51945495605469,
    "note_confidence": 0.45675015449523926,
    "hardness": 31.319450774782126,
    "depth": 70.36655850397798,
    "brightness": 27.961349047926,
    "roughness": 21.463714648604025,
    "warmth": 58.42041779593002,
    "sharpness": 31.662810509098446,
    "boominess": 55.44695329256205,
    "reverb": false,
    "genre": "Genre A",
    "mood": "Mood A"
}