{
    "duration": 1.8461250066757202,
    "lossless": 1.0,
    "codec": "pcm_s16le",
    "bitrate": 256000.0,
    "samplerate": 16000.0,
    "channels": 1.0,
    "audio_md5": "98777c52ff76393062cd10bf8f83ab1a",
    "loudness": -26.33052635192871,
    "dynamic_range": 0.0,
    "temporal_centroid": 0.4695039689540863,
    "log_attack_time": -0.32792311906814575,
    "filesize": 59120,
    "single_event": true,
    "tonality": "D minor",
    "tonality_confidence": 0.6000902056694031,
    "loop": false,
    "tempo": 129,
    "tempo_confidence": 0.0,
    "note_midi": 34,
    "note_name": "A#1",
    "note_frequency": 58.9239616394043,
    "note_confidence": 0.4835270047187805,
    "hardness": 39.28131932489224,
    "depth": 60.54819729774178,
    "brightness": 38.26468908813183,
    "roughness": 28.5829330433786,
    "warmth": 53.39722283587017,
    "sharpness": 21.56587134029052,
    "boominess": 50.38845032515394,
    "reverb": false,
    "genre": "Genre A",
    "mood": "Mood A"
}