{
    "duration": 1.8461250066757202,
    "lossless": 1.0,
    "codec": "pcm_s16le",
    "bitrate": 256000.0,
    "samplerate": 16000.0,
    "channels": 1.0,
    "audio_md5": "1307b0e5f0e5d244d97cb986399df235",
    "loudness": -29.532636642456055,
    "dynamic_range": 0.0,
    "temporal_centroid": 0.43532687425613403,
    "log_attack_time": -2.377267599105835,
    "filesize": 59120,
    "single_event": true,
    "tonality": "A major",
    "tonality_confidence": 0.8097586631774902,
    "loop": false,
    "tempo": 86,
    "tempo_confidence": 0.0,
    "note_midi": 34,
    "note_name": "A#1",
    "note_frequency": 58.066917419433594,
    "note_confidence": 0.49492013454437256,
    "hardness": 43.49137099980575,
    "depth": 60.66771936393854,
    "brightness": 38.897536298620295,
    "roughness": 32.75229675130339,
    "warmth": 54.57091686821331,
    "sharpness": 9.550493615138116,
    "boominess": 53.18893231903561,
    "reverb": false,
    "genre": "Genre A",
    "mood": "Mood A"
}