{
    "duration": 1.8461250066757202,
    "lossless": 1.0,
    "codec": "pcm_s16le",
    "bitrate": 256000.0,
    "samplerate": 16000.0,
    "channels": 1.0,
    "audio_md5": "8b436412ce253039910414b94d674e8f",
    "loudness": -29.211376190185547,
    "dynamic_range": 0.0,
    "temporal_centroid": 0.4736693501472473,
    "log_attack_time": -2.3284692764282227,
    "filesize": 59120,
    "single_event": true,
    "tonality": "B major",
    "tonality_confidence": 0.549812912940979,
    "loop": false,
    "tempo": 86,
    "tempo_confidence": 0.0,
    "note_midi": 36,
    "note_name": "C2",
    "note_frequency": 65.56066131591797,
    "note_confidence": 0.48660534620285034,
    "hardness": 45.16557425722402,
    "depth": 61.85710201400518,
    "brightness": 37.23321567402611,
    "roughness": 38.0951412802828,
    "warmth": 56.005543543499016,
    "sharpness": 15.509404548515803,
    "boominess": 51.451585674957116,
    "reverb": false,
    "genre": "Genre A",
    "mood": "Mood A"
}