{
    "duration": 1.8461250066757202,
    "lossless": 1.0,
    "codec": "pcm_s16le",
    "bitrate": 256000.0,
    "samplerate": 16000.0,
    "channels": 1.0,
    "audio_md5": "7765d789dca60f0f8e1047b65253b971",
    "loudness": -20.453100204467773,
    "dynamic_range": 0.0,
    "temporal_centroid": 0.502068817615509,
    "log_attack_time": -1.057401418685913,
    "filesize": 59120,
    "single_event": true,
    "tonality": "A# major",
    "tonality_confidence": 0.7670060992240906,
    "loop": false,
    "tempo": 157,
    "tempo_confidence": 0.0,
    "note_midi": 33,
    "note_name": "A1",
    "note_frequency": 55.915897369384766,
    "note_confidence": 0.39307111501693726,
    "hardness": 36.25090644885081,
    "depth": 68.5651547395691,
    "brightness": 29.041514869389186,
    "roughness": 27.55245443241691,
    "warmth": 56.53227182642291,
    "sharpness": 33.87557312549997,
    "boominess": 54.54211593279772,
    "reverb": false,
    "genre": "Genre A",
    "mood": "Mood A"
}