{
    "duration": 1.8461250066757202,
    "lossless": 1.0,
    "codec": "pcm_s16le",
    "bitrate": 256000.0,
    "samplerate": 16000.0,
    "channels": 1.0,
    "audio_md5": "e3a7b79d58caf2bdafdc13056d3f388c",
    "loudness": -29.1245059967041,
    "dynamic_range": 0.0,
    "temporal_centroid": 0.5246257185935974,
    "log_attack_time": -0.1531749665737152,
    "filesize": 59120,
    "single_event": true,
    "tonality": "B major",
    "tonality_confidence": 0.7203717231750488,
    "loop": true,
    "tempo": 129,
    "tempo_confidence": 0.9519296884536743,
    "note_midi": 34,
    "note_name": "A#1",
    "note_frequency": 59.23212814331055,
    "note_confidence": 0.47695815563201904,
    "hardness": 46.26232798297468,
    "depth": 61.112698944551326,
    "brightness": 36.878009459364335,
    "roughness": 36.4294321030919,
    "warmth": 56.09752690029842,
    "sharpness": 13.840159938865991,
    "boominess": 49.96178982591515,
    "reverb": false,
    "genre": "Genre A",
    "mood": "Mood A"
}