{
    "duration": 1.8461250066757202,
    "lossless": 1.0,
    "codec": "pcm_s16le",
    "bitrate": 256000.0,
    "samplerate": 16000.0,
    "channels": 1.0,
    "audio_md5": "82c01b0f2e599f11d38a8ff34ac2d912",
    "loudness": -29.002408981323242,
    "dynamic_range": 0.0,
    "temporal_centroid": 0.4442596733570099,
    "log_attack_time": -2.39401912689209,
    "filesize": 59120,
    "single_event": true,
    "tonality": "A major",
    "tonality_confidence": 0.47516992688179016,
    "loop": false,
    "tempo": 129,
    "tempo_confidence": 0.0,
    "note_midi": 34,
    "note_name": "A#1",
    "note_frequency": 57.028892517089844,
    "note_confidence": 0.5367303490638733,
    "hardness": 41.86952563735842,
    "depth": 62.218217654488704,
    "brightness": 38.78602225067705,
    "roughness": 32.78841753687345,
    "warmth": 54.518988175696116,
    "sharpness": 10.236593921068735,
    "boominess": 52.540953614679495,
    "reverb": false,
    "genre": "Genre A",
    "mood": "Mood A"
}