{
    "duration": 1.8461250066757202,
    "lossless": 1.0,
    "codec": "pcm_s16le",
    "bitrate": 256000.0,
    "samplerate": 16000.0,
    "channels": 1.0,
    "audio_md5": "9b418d525630fd3a4731a402c3c3ece5",
    "loudness": -20.366838455200195,
    "dynamic_range": 0.0,
    "temporal_centroid": 0.5040789246559143,
    "log_attack_time": -1.355742335319519,
    "filesize": 59120,
    "single_event": true,
    "tonality": "G minor",
    "tonality_confidence": 0.5941343307495117,
    "loop": true,
    "tempo": 97,
    "tempo_confidence": 0.9691330194473267,
    "note_midi": 34,
    "note_name": "A#1",
    "note_frequency": 56.84770965576172,
    "note_confidence": 0.4074268937110901,
    "hardness": 32.62322220474505,
    "depth": 69.69149436783633,
    "brightness": 29.08610534431156,
    "roughness": 29.202513930909312,
    "warmth": 56.02812201974036,
    "sharpness": 24.692338802941734,
    "boominess": 57.519725945200534,
    "reverb": false,
    "genre": "Genre A",
    "mood": "Mood A"
}