{
    "duration": 1.8461250066757202,
    "lossless": 1.0,
    "codec": "pcm_s16le",
    "bitrate": 256000.0,
    "samplerate": 16000.0,
    "channels": 1.0,
    "audio_md5": "d7ecb37c8cb3e4371153b68df61428d5",
    "loudness": -28.962730407714844,
    "dynamic_range": 0.0,
    "temporal_centroid": 0.45405036211013794,
    "log_attack_time": -2.3772644996643066,
    "filesize": 59120,
    "single_event": true,
    "tonality": "B minor",
    "tonality_confidence": 0.43439239263534546,
    "loop": false,
    "tempo": 129,
    "tempo_confidence": 0.0,
    "note_midi": 34,
    "note_name": "A#1",
    "note_frequency": 58.74092483520508,
    "note_confidence": 0.5342237949371338,
    "hardness": 39.95389457142545,
    "depth": 62.758085716280576,
    "brightness": 38.870599377939,
    "roughness": 33.33329510498102,
    "warmth": 55.08578796117014,
    "sharpness": 13.557184534848055,
    "boominess": 52.08873254451163,
    "reverb": false,
    "genre": "Genre A",
    "mood": "Mood A"
}