{
    "duration": 1.8461250066757202,
    "lossless": 1.0,
    "codec": "pcm_s16le",
    "bitrate": 256000.0,
    "samplerate": 16000.0,
    "channels": 1.0,
    "audio_md5": "c40dd3094ccf98396f65d3ec1cfa202c",
    "loudness": -20.788410186767578,
    "dynamic_range": 0.0,
    "temporal_centroid": 0.5058345198631287,
    "log_attack_time": -1.1125766038894653,
    "filesize": 59120,
    "single_event": true,
    "tonality": "A# minor",
    "tonality_confidence": 0.6571605801582336,
    "loop": false,
    "tempo": 157,
    "tempo_confidence": 0.0,
    "note_midi": 32,
    "note_name": "G#1",
    "note_frequency": 53.376922607421875,
    "note_confidence": 0.4513956308364868,
    "hardness": 35.05910374863451,
    "depth": 69.57577222678366,
    "brightness": 29.054700947635084,
    "roughness": 27.161371834364626,
    "warmth": 57.214037422191936,
    "sharpness": 28.26541731247763,
    "boominess": 56.07699121897318,
    "reverb": false,
    "genre": "Genre A",
    "mood": "Mood A"
}