{
    "duration": 1.8461250066757202,
    "lossless": 1.0,
    "codec": "pcm_s16le",
    "bitrate": 256000.0,
    "samplerate": 16000.0,
    "channels": 1.0,
    "audio_md5": "80ccc0f9c6a6732d4caf5f21335f01ba",
    "loudness": -19.52126121520996,
    "dynamic_range": 0.0,
    "temporal_centroid": 0.5125059485435486,
    "log_attack_time": -1.4964534044265747,
    "filesize": 59120,
    "single_event": true,
    "tonality": "G minor",
    "tonality_confidence": 0.4956255853176117,
    "loop": false,
    "tempo": 167,
    "tempo_confidence": 0.0,
    "note_midi": 32,
    "note_name": "G#1",
    "note_frequency": 51.0922737121582,
    "note_confidence": 0.683367133140564,
    "hardness": 32.7871030601636,
    "depth": 70.37128571061051,
    "brightness": 28.621759434976827,
    "roughness": 30.106858953533962,
    "warmth": 56.08765392859473,
    "sharpness": 33.19381986811801,
    "boominess": 54.47748347333192,
    "reverb": false,
    "genre": "Genre A",
    "mood": "Mood A"
}