{
    "duration": 1.8461250066757202,
    "lossless": 1.0,
    "codec": "pcm_s16le",
    "bitrate": 256000.0,
    "samplerate": 16000.0,
    "channels": 1.0,
    "audio_md5": "86d633eda1f1c63d0543178c53bc00ff",
    "loudness": -20.249462127685547,
    "dynamic_range": 0.0,
    "temporal_centroid": 0.5140323638916016,
    "log_attack_time": -1.4028921127319336,
    "filesize": 59120,
    "single_event": true,
    "tonality": "E minor",
    "tonality_confidence": 0.4878269135951996,
    "loop": false,
    "tempo": 157,
    "tempo_confidence": 0.0,
    "note_midi": 33,
    "note_name": "A1",
    "note_frequency": 54.97849655151367,
    "note_confidence": 0.4125106930732727,
    "hardness": 35.85155816433243,
    "depth": 68.82445014766107,
    "brightness": 28.52792708931523,
    "roughness": 23.58529122368563,
    "warmth": 54.99884932648906,
    "sharpness": 36.40959726794327,
    "boominess": 54.697823044887755,
    "reverb": false,
    "genre": "Genre A",
    "mood": "Mood A"
}