{
    "duration": 1.8461250066757202,
    "lossless": 1.0,
    "codec": "pcm_s16le",
    "bitrate": 256000.0,
    "samplerate": 16000.0,
    "channels": 1.0,
    "audio_md5": "9c94ed39e848b6a2a85472886fa8fb65",
    "loudness": -29.07915687561035,
    "dynamic_range": 0.0,
    "temporal_centroid": 0.44674766063690186,
    "log_attack_time": -2.384366035461426,
    "filesize": 59120,
    "single_event": true,
    "tonality": "D minor",
    "tonality_confidence": 0.4516060948371887,
    "loop": false,
    "tempo": 129,
    "tempo_confidence": 0.0,
    "note_midi": 34,
    "note_name": "A#1",
    "note_frequency": 59.96615219116211,
    "note_confidence": 0.49947530031204224,
    "hardness": 41.567976990466164,
    "depth": 61.63884947848652,
    "brightness": 39.010392979899606,
    "roughness": 32.774307890825575,
    "warmth": 54.158540210854945,
    "sharpness": 14.404856993372817,
    "boominess": 51.85326867968857,
    "reverb": false,
    "genre": "Genre A",
    "mood": "Mood A"
}