{
    "duration": 1.8461250066757202,
    "lossless": 1.0,
    "codec": "pcm_s16le",
    "bitrate": 256000.0,
    "samplerate": 16000.0,
    "channels": 1.0,
    "audio_md5": "30c2ed9fba2133fdc48229e21f9746f4",
    "loudness": -28.973833084106445,
    "dynamic_range": 0.0,
    "temporal_centroid": 0.3464094400405884,
    "log_attack_time": -0.03232257068157196,
    "filesize": 59120,
    "single_event": true,
    "tonality": "B minor",
    "tonality_confidence": 0.32754266262054443,
    "loop": false,
    "tempo": 131,
    "tempo_confidence": 0.0,
    "note_midi": 44,
    "note_name": "G#2",
    "note_frequency": 101.70881652832031,
    "note_confidence": 0.4476606845855713,
    "hardness": 36.42268925166596,
    "depth": 58.447230392265354,
    "brightness": 41.77448613905579,
    "roughness": 31.950524154240465,
    "warmth": 55.20076092750597,
    "sharpness": 22.487504929661966,
    "boominess": 50.05096495245026,
    "reverb": false,
    "genre": "Genre A",
    "mood": "Mood A"
}