{
    "duration": 1.8461250066757202,
    "lossless": 1.0,
    "codec": "pcm_s16le",
    "bitrate": 256000.0,
    "samplerate": 16000.0,
    "channels": 1.0,
    "audio_md5": "f87a00fa202a7bfc7f2fd70645a78884",
    "loudness": -25.635923385620117,
    "dynamic_range": 0.0,
    "temporal_centroid": 0.1337137669324875,
    "log_attack_time": -1.2586536407470703,
    "filesize": 59120,
    "single_event": true,
    "tonality": "G major",
    "tonality_confidence": 0.6813202500343323,
    "loop": false,
    "tempo": 129,
    "tempo_confidence": 0.0,
    "note_midi": 36,
    "note_name": "C2",
    "note_frequency": 65.83271789550781,
    "note_confidence": 0.291495680809021,
    "hardness": 28.347602393543212,
    "depth": 64.11859622636082,
    "brightness": 34.448786980023584,
    "roughness": 28.23350320671788,
    "warmth": 55.59108223616664,
    "sharpness": 11.900356446278892,
    "boominess": 63.171298112463504,
    "reverb": false,
    "genre": "Genre A",
    "mood": "Mood A"
}