{
    "duration": 1.8461250066757202,
    "lossless": 1.0,
    "codec": "pcm_s16le",
    "bitrate": 256000.0,
    "samplerate": 16000.0,
    "channels": 1.0,
    "audio_md5": "b37f46b3d785b3a1f187fa1752de4978",
    "loudness": -27.638750076293945,
    "dynamic_range": 0.0,
    "temporal_centroid": 0.5241963863372803,
    "log_attack_time": -0.027648072689771652,
    "filesize": 59120,
    "single_event": true,
    "tonality": "B minor",
    "tonality_confidence": 0.6316520571708679,
    "loop": true,
    "tempo": 130,
    "tempo_confidence": 0.9999017119407654,
    "note_midi": 43,
    "note_name": "G2",
    "note_frequency": 98.37734985351562,
    "note_confidence": 0.47181928157806396,
    "hardness": 38.78149715277178,
    "depth": 55.92194184777006,
    "brightness": 39.58598821759977,
    "roughness": 34.27807588336359,
    "warmth": 52.582912943395286,
    "sharpness": 31.502792630841064,
    "boominess": 44.92399009039427,
    "reverb": false,
    "genre": "Genre A",
    "mood": "Mood A"
}