{
    "duration": 1.8461250066757202,
    "lossless": 1.0,
    "codec": "pcm_s16le",
    "bitrate": 256000.0,
    "samplerate": 16000.0,
    "channels": 1.0,
    "audio_md5": "121b80cae7ea689ded7f9210c3a6a6c9",
    "loudness": -29.55699348449707,
    "dynamic_range": 0.0,
    "temporal_centroid": 0.3582935333251953,
    "log_attack_time": -0.028257273137569427,
    "filesize": 59120,
    "single_event": true,
    "tonality": "G major",
    "tonality_confidence": 0.5746435523033142,
    "loop": false,
    "tempo": 129,
    "tempo_confidence": 0.0,
    "note_midi": 43,
    "note_name": "G2",
    "note_frequency": 96.76033020019531,
    "note_confidence": 0.4467615485191345,
    "hardness": 38.3431588565651,
    "depth": 64.10987395370745,
    "brightness": 42.116005833631036,
    "roughness": 30.308830879287974,
    "warmth": 54.34398775068013,
    "sharpness": 36.72120659277976,
    "boominess": 48.47419964881256,
    "reverb": false,
    "genre": "Genre A",
    "mood": "Mood A"
}