{
    "duration": 1.8461250066757202,
    "lossless": 1.0,
    "codec": "pcm_s16le",
    "bitrate": 256000.0,
    "samplerate": 16000.0,
    "channels": 1.0,
    "audio_md5": "0b71ace7df2fc9a72acfd91b8af5be5f",
    "loudness": -23.32181739807129,
    "dynamic_range": 0.0,
    "temporal_centroid": 0.4557909369468689,
    "log_attack_time": 0.16180925071239471,
    "filesize": 59120,
    "single_event": true,
    "tonality": "G# major",
    "tonality_confidence": 0.4021952152252197,
    "loop": false,
    "tempo": 140,
    "tempo_confidence": 0.0,
    "note_midi": 35,
    "note_name": "B1",
    "note_frequency": 60.60871887207031,
    "note_confidence": 0.11563175916671753,
    "hardness": 26.48635287403549,
    "depth": 68.63378556702963,
    "brightness": 18.50364327414748,
    "roughness": 24.723177458540174,
    "warmth": 59.73632966221574,
    "sharpness": 20.867470254516146,
    "boominess": 60.218104994184294,
    "reverb": false,
    "genre": "Genre A",
    "mood": "Mood A"
}