{
    "duration": 1.8461250066757202,
    "lossless": 1.0,
    "codec": "pcm_s16le",
    "bitrate": 256000.0,
    "samplerate": 16000.0,
    "channels": 1.0,
    "audio_md5": "059e33e464b2b0abea9697fdd5cbb206",
    "loudness": -30.310632705688477,
    "dynamic_range": 0.0,
    "temporal_centroid": 0.4067736268043518,
    "log_attack_time": -0.11571468412876129,
    "filesize": 59120,
    "single_event": true,
    "tonality": "B minor",
    "tonality_confidence": 0.6833212375640869,
    "loop": true,
    "tempo": 131,
    "tempo_confidence": 0.9925736784934998,
    "note_midi": 34,
    "note_name": "A#1",
    "note_frequency": 58.566307067871094,
    "note_confidence": 0.35045087337493896,
    "hardness": 35.248112076334394,
    "depth": 67.35563364309525,
    "brightness": 36.788653327022516,
    "roughness": 33.56562777617519,
    "warmth": 58.23912971982173,
    "sharpness": 9.577730406976542,
    "boominess": 59.576975082978066,
    "reverb": false,
    "genre": "Genre A",
    "mood": "Mood A"
}