{
    "duration": 1.8461250066757202,
    "lossless": 1.0,
    "codec": "pcm_s16le",
    "bitrate": 256000.0,
    "samplerate": 16000.0,
    "channels": 1.0,
    "audio_md5": "46f866bd7c00f3d656570a7f24dd46c1",
    "loudness": -30.48657989501953,
    "dynamic_range": 0.0,
    "temporal_centroid": 0.4183458387851715,
    "log_attack_time": -0.11617767810821533,
    "filesize": 59120,
    "single_event": true,
    "tonality": "B minor",
    "tonality_confidence": 0.6446713209152222,
    "loop": true,
    "tempo": 130,
    "tempo_confidence": 0.9999017119407654,
    "note_midi": 35,
    "note_name": "B1",
    "note_frequency": 60.277706146240234,
    "note_confidence": 0.33485472202301025,
    "hardness": 37.09247228968057,
    "depth": 64.86855640886034,
    "brightness": 36.621536601143966,
    "roughness": 29.13083507598402,
    "warmth": 58.130251238244796,
    "sharpness": 9.672116096653014,
    "boominess": 58.97889844250796,
    "reverb": false,
    "genre": "Genre A",
    "mood": "Mood A"
}