{
    "duration": 1.8461250066757202,
    "lossless": 1.0,
    "codec": "pcm_s16le",
    "bitrate": 256000.0,
    "samplerate": 16000.0,
    "channels": 1.0,
    "audio_md5": "82fab4af162229b1c36b4acda435ae46",
    "loudness": -36.346534729003906,
    "dynamic_range": 0.0,
    "temporal_centroid": 0.2101108431816101,
    "log_attack_time": -1.8423494100570679,
    "filesize": 59120,
    "single_event": true,
    "tonality": "B minor",
    "tonality_confidence": 0.7429583072662354,
    "loop": false,
    "tempo": 129,
    "tempo_confidence": 0.0,
    "note_midi": 51,
    "note_name": "D#3",
    "note_frequency": 154.495849609375,
    "note_confidence": 0.5271718502044678,
    "hardness": 36.770801856313895,
    "depth": 60.1756581129185,
    "brightness": 34.164876133505295,
    "roughness": 35.8666001008011,
    "warmth": 57.85228049975722,
    "sharpness": 15.6544661658548,
    "boominess": 52.73812102546286,
    "reverb": false,
    "genre": "Genre A",
    "mood": "Mood A"
}