{
    "duration": 1.8461250066757202,
    "lossless": 1.0,
    "codec": "pcm_s16le",
    "bitrate": 256000.0,
    "samplerate": 16000.0,
    "channels": 1.0,
    "audio_md5": "9f9c56f8963c262eff8ab0e38d286a1f",
    "loudness": -31.156591415405273,
    "dynamic_range": 0.0,
    "temporal_centroid": 0.40743517875671387,
    "log_attack_time": -0.11598467081785202,
    "filesize": 59120,
    "single_event": true,
    "tonality": "B minor",
    "tonality_confidence": 0.5961448550224304,
    "loop": true,
    "tempo": 130,
    "tempo_confidence": 0.9999017119407654,
    "note_midi": 34,
    "note_name": "A#1",
    "note_frequency": 59.16592025756836,
    "note_confidence": 0.3485836386680603,
    "hardness": 34.94420538894846,
    "depth": 66.3106628322246,
    "brightness": 37.010836933208196,
    "roughness": 32.853768622808374,
    "warmth": 59.10746495403967,
    "sharpness": 6.023912485415135,
    "boominess": 59.658407429795574,
    "reverb": false,
    "genre": "Genre A",
    "mood": "Mood A"
}