{
    "duration": 1.8461250066757202,
    "lossless": 1.0,
    "codec": "pcm_s16le",
    "bitrate": 256000.0,
    "samplerate": 16000.0,
    "channels": 1.0,
    "audio_md5": "c5fbab77875ab2b94a772ad6d4be361b",
    "loudness": -32.35407257080078,
    "dynamic_range": 0.0,
    "temporal_centroid": 0.4318215847015381,
    "log_attack_time": -0.11446958035230637,
    "filesize": 59120,
    "single_event": true,
    "tonality": "B major",
    "tonality_confidence": 0.4839564561843872,
    "loop": true,
    "tempo": 131,
    "tempo_confidence": 0.995346188545227,
    "note_midi": 34,
    "note_name": "A#1",
    "note_frequency": 57.55947494506836,
    "note_confidence": 0.23089098930358887,
    "hardness": 39.57079635515254,
    "depth": 63.39951111086488,
    "brightness": 37.63113083046831,
    "roughness": 32.82146100944725,
    "warmth": 56.76627270474002,
    "sharpness": 0.0,
    "boominess": 61.30078625183665,
    "reverb": false,
    "genre": "Genre A",
    "mood": "Mood A"
}