{
    "duration": 1.8461250066757202,
    "lossless": 1.0,
    "codec": "pcm_s16le",
    "bitrate": 256000.0,
    "samplerate": 16000.0,
    "channels": 1.0,
    "audio_md5": "4ca87308797cc34d2fca4f6aaf16b40c",
    "loudness": -32.690914154052734,
    "dynamic_range": 0.0,
    "temporal_centroid": 0.3763093948364258,
    "log_attack_time": -0.15929944813251495,
    "filesize": 59120,
    "single_event": true,
    "tonality": "F major",
    "tonality_confidence": 0.362542062997818,
    "loop": false,
    "tempo": 167,
    "tempo_confidence": 0.0,
    "note_midi": 43,
    "note_name": "G2",
    "note_frequency": 98.79579162597656,
    "note_confidence": 0.48564720153808594,
    "hardness": 35.85323071000036,
    "depth": 62.31529858657026,
    "brightness": 29.058094629046643,
    "roughness": 37.33960289237895,
    "warmth": 58.780654084645434,
    "sharpness": 2.9052254900608077,
    "boominess": 53.966029622368254,
    "reverb": false,
    "genre": "Genre A",
    "mood": "Mood A"
}