{
    "duration": 1.8461250066757202,
    "lossless": 1.0,
    "codec": "pcm_s16le",
    "bitrate": 256000.0,
    "samplerate": 16000.0,
    "channels": 1.0,
    "audio_md5": "9ed2ac148a864657f174e9e2041a96f9",
    "loudness": -31.204994201660156,
    "dynamic_range": 0.0,
    "temporal_centroid": 0.401499480009079,
    "log_attack_time": -0.12368002533912659,
    "filesize": 59120,
    "single_event": true,
    "tonality": "B minor",
    "tonality_confidence": 0.4199945330619812,
    "loop": true,
    "tempo": 130,
    "tempo_confidence": 0.9999017119407654,
    "note_midi": 33,
    "note_name": "A1",
    "note_frequency": 54.34238815307617,
    "note_confidence": 0.32929080724716187,
    "hardness": 39.47243397687062,
    "depth": 67.06427698441783,
    "brightness": 36.65188065206841,
    "roughness": 33.86891436526888,
    "warmth": 58.34811031645246,
    "sharpness": 16.509647005494575,
    "boominess": 56.51210444271411,
    "reverb": false,
    "genre": "Genre A",
    "mood": "Mood A"
}