{
    "duration": 1.8461250066757202,
    "lossless": 1.0,
    "codec": "pcm_s16le",
    "bitrate": 256000.0,
    "samplerate": 16000.0,
    "channels": 1.0,
    "audio_md5": "0032aafffc5b9ea0645b97a44ab79c17",
    "loudness": -28.98715591430664,
    "dynamic_range": 0.0,
    "temporal_centroid": 0.5317606329917908,
    "log_attack_time": -0.02735430933535099,
    "filesize": 59120,
    "single_event": true,
    "tonality": "B major",
    "tonality_confidence": 0.6380317807197571,
    "loop": true,
    "tempo": 131,
    "tempo_confidence": 0.9797014594078064,
    "note_midi": 37,
    "note_name": "C#2",
    "note_frequency": 69.11807250976562,
    "note_confidence": 0.4440457224845886,
    "hardness": 40.061228751960925,
    "depth": 54.890839064023446,
    "brightness": 39.55860495256081,
    "roughness": 35.20911154638054,
    "warmth": 52.342500253528755,
    "sharpness": 34.96167581912503,
    "boominess": 42.9871976509462,
    "reverb": false,
    "genre": "Genre A",
    "mood": "Mood A"
}