{
    "duration": 1.8461250066757202,
    "lossless": 1.0,
    "codec": "pcm_s16le",
    "bitrate": 256000.0,
    "samplerate": 16000.0,
    "channels": 1.0,
    "audio_md5": "53af7588a82c7dce502a7a95d31a53b7",
    "loudness": -28.59196662902832,
    "dynamic_range": 0.0,
    "temporal_centroid": 0.5716983675956726,
    "log_attack_time": -0.02876204624772072,
    "filesize": 59120,
    "single_event": true,
    "tonality": "B minor",
    "tonality_confidence": 0.5150986313819885,
    "loop": true,
    "tempo": 130,
    "tempo_confidence": 0.9999017119407654,
    "note_midi": 37,
    "note_name": "C#2",
    "note_frequency": 69.15221405029297,
    "note_confidence": 0.44502729177474976,
    "hardness": 45.76414438914293,
    "depth": 56.336676483494855,
    "brightness": 39.98100727717785,
    "roughness": 34.30836051573767,
    "warmth": 51.00229697671436,
    "sharpness": 32.86306976761421,
    "boominess": 45.10974831245193,
    "reverb": false,
    "genre": "Genre A",
    "mood": "Mood A"
}