{
    "duration": 1.8461250066757202,
    "lossless": 1.0,
    "codec": "pcm_s16le",
    "bitrate": 256000.0,
    "samplerate": 16000.0,
    "channels": 1.0,
    "audio_md5": "02ee0605035f01d88451672b28393c09",
    "loudness": -33.034210205078125,
    "dynamic_range": 0.0,
    "temporal_centroid": 0.5801662802696228,
    "log_attack_time": -0.039694271981716156,
    "filesize": 59120,
    "single_event": true,
    "tonality": "B minor",
    "tonality_confidence": 0.5048925876617432,
    "loop": false,
    "tempo": 128,
    "tempo_confidence": 0.0,
    "note_midi": 37,
    "note_name": "C#2",
    "note_frequency": 70.99112701416016,
    "note_confidence": 0.4414188265800476,
    "hardness": 45.3753800144961,
    "depth": 56.201251294122244,
    "brightness": 41.29694298057637,
    "roughness": 37.15111505160209,
    "warmth": 53.21510657938455,
    "sharpness": 36.05546646777666,
    "boominess": 41.47094628322378,
    "reverb": false,
    "genre": "Genre A",
    "mood": "Mood A"
}