{
    "duration": 1.8461250066757202,
    "lossless": 1.0,
    "codec": "pcm_s16le",
    "bitrate": 256000.0,
    "samplerate": 16000.0,
    "channels": 1.0,
    "audio_md5": "a5f6103a2ecf4ad864c3eff3453d1ae5",
    "loudness": -26.81917381286621,
    "dynamic_range": 0.0,
    "temporal_centroid": 0.19039283692836761,
    "log_attack_time": -1.3316267728805542,
    "filesize": 59120,
    "single_event": true,
    "tonality": "G minor",
    "tonality_confidence": 0.5311271548271179,
    "loop": false,
    "tempo": 133,
    "tempo_confidence": 0.0,
    "note_midi": 38,
    "note_name": "D2",
    "note_frequency": 73.53689575195312,
    "note_confidence": 0.3757253885269165,
    "hardness": 28.216884190445427,
    "depth": 68.4999513367987,
    "brightness": 35.0874363268584,
    "roughness": 27.9861605656968,
    "warmth": 56.88100131817656,
    "sharpness": 16.867452671759203,
    "boominess": 59.91659312552622,
    "reverb": false,
    "genre": "Genre A",
    "mood": "Mood A"
}