{
    "duration": 1.8461250066757202,
    "lossless": 1.0,
    "codec": "pcm_s16le",
    "bitrate": 256000.0,
    "samplerate": 16000.0,
    "channels": 1.0,
    "audio_md5": "66e57be4a3dea1dda96416c16f76f7f7",
    "loudness": -34.66416549682617,
    "dynamic_range": 0.0,
    "temporal_centroid": 0.41037994623184204,
    "log_attack_time": -0.15944160521030426,
    "filesize": 59120,
    "single_event": true,
    "tonality": "B major",
    "tonality_confidence": 0.8321000337600708,
    "loop": false,
    "tempo": 167,
    "tempo_confidence": 0.0,
    "note_midi": 41,
    "note_name": "F2",
    "note_frequency": 87.8013916015625,
    "note_confidence": 0.4910234212875366,
    "hardness": 36.20723289923096,
    "depth": 61.766799798755954,
    "brightness": 27.595381258216438,
    "roughness": 36.078082808761394,
    "warmth": 58.113111884976576,
    "sharpness": 9.883924906066433,
    "boominess": 53.43053097668917,
    "reverb": false,
    "genre": "Genre A",
    "mood": "Mood A"
}