{
    "duration": 1.8461250066757202,
    "lossless": 1.0,
    "codec": "pcm_s16le",
    "bitrate": 256000.0,
    "samplerate": 16000.0,
    "channels": 1.0,
    "audio_md5": "3f690dcb815b3831e72514411af7b2dd",
    "loudness": -26.680971145629883,
    "dynamic_range": 0.0,
    "temporal_centroid": 0.17973224818706512,
    "log_attack_time": -1.3532918691635132,
    "filesize": 59120,
    "single_event": true,
    "tonality": "B minor",
    "tonality_confidence": 0.7976634502410889,
    "loop": false,
    "tempo": 134,
    "tempo_confidence": 0.0,
    "note_midi": 36,
    "note_name": "C2",
    "note_frequency": 64.12447357177734,
    "note_confidence": 0.3867464065551758,
    "hardness": 36.9841132103431,
    "depth": 63.77445149732849,
    "brightness": 33.43423883071817,
    "roughness": 29.180460642209667,
    "warmth": 55.782025607702195,
    "sharpness": 22.519229503154616,
    "boominess": 58.908239316359726,
    "reverb": false,
    "genre": "Genre A",
    "mood": "Mood A"
}