{
    "duration": 1.8461250066757202,
    "lossless": 1.0,
    "codec": "pcm_s16le",
    "bitrate": 256000.0,
    "samplerate": 16000.0,
    "channels": 1.0,
    "audio_md5": "b31fae541526c85a0170b69d21da6146",
    "loudness": -30.903181076049805,
    "dynamic_range": 0.0,
    "temporal_centroid": 0.3469794690608978,
    "log_attack_time": -1.567434310913086,
    "filesize": 59120,
    "single_event": true,
    "tonality": "B minor",
    "tonality_confidence": 0.474019318819046,
    "loop": false,
    "tempo": 126,
    "tempo_confidence": 0.0,
    "note_midi": 35,
    "note_name": "B1",
    "note_frequency": 60.88456726074219,
    "note_confidence": 0.3556385040283203,
    "hardness": 29.794909959064285,
    "depth": 66.02626538031136,
    "brightness": 36.66239126117442,
    "roughness": 30.832957600639777,
    "warmth": 58.52012013639886,
    "sharpness": 1.5236655811612252,
    "boominess": 62.17277327689922,
    "reverb": false,
    "genre": "Genre A",
    "mood": "Mood A"
}