{
    "duration": 1.8461250066757202,
    "lossless": 1.0,
    "codec": "pcm_s16le",
    "bitrate": 256000.0,
    "samplerate": 16000.0,
    "channels": 1.0,
    "audio_md5": "64cf35e5468634da07c9e8385e5958cf",
    "loudness": -31.857059478759766,
    "dynamic_range": 0.0,
    "temporal_centroid": 0.2654307186603546,
    "log_attack_time": -0.0404178611934185,
    "filesize": 59120,
    "single_event": true,
    "tonality": "B minor",
    "tonality_confidence": 0.6266918182373047,
    "loop": false,
    "tempo": 126,
    "tempo_confidence": 0.0,
    "note_midi": 34,
    "note_name": "A#1",
    "note_frequency": 59.304813385009766,
    "note_confidence": 0.47196072340011597,
    "hardness": 42.10237749795775,
    "depth": 59.50090182269931,
    "brightness": 43.66066039828175,
    "roughness": 33.725827431570806,
    "warmth": 52.57151926508556,
    "sharpness": 39.588028701932444,
    "boominess": 40.79429445673561,
    "reverb": false,
    "genre": "Genre A",
    "mood": "Mood A"
}