{
    "duration": 1.8461250066757202,
    "lossless": 1.0,
    "codec": "pcm_s16le",
    "bitrate": 256000.0,
    "samplerate": 16000.0,
    "channels": 1.0,
    "audio_md5": "4cd8fb12b8b8b1d17c76bc2508f7d867",
    "loudness": -26.23728370666504,
    "dynamic_range": 0.0,
    "temporal_centroid": 0.16924020648002625,
    "log_attack_time": -1.3408106565475464,
    "filesize": 59120,
    "single_event": true,
    "tonality": "B minor",
    "tonality_confidence": 0.5378385782241821,
    "loop": false,
    "tempo": 133,
    "tempo_confidence": 0.0,
    "note_midi": 32,
    "note_name": "G#1",
    "note_frequency": 50.538204193115234,
    "note_confidence": 0.39551597833633423,
    "hardness": 36.75502502390155,
    "depth": 67.14015472899756,
    "brightness": 33.91535617215085,
    "roughness": 25.497446715144022,
    "warmth": 53.07810478914469,
    "sharpness": 30.716058559175863,
    "boominess": 56.75712580794174,
    "reverb": false,
    "genre": "Genre A",
    "mood": "Mood A"
}