{
    "duration": 1.8461250066757202,
    "lossless": 1.0,
    "codec": "pcm_s16le",
    "bitrate": 256000.0,
    "samplerate": 16000.0,
    "channels": 1.0,
    "audio_md5": "efb7803800c8aac76a706b5fdc97c78f",
    "loudness": -35.47496795654297,
    "dynamic_range": 0.0,
    "temporal_centroid": 0.36627957224845886,
    "log_attack_time": -0.15972603857517242,
    "filesize": 59120,
    "single_event": true,
    "tonality": "B minor",
    "tonality_confidence": 0.4488010108470917,
    "loop": false,
    "tempo": 172,
    "tempo_confidence": 0.0,
    "note_midi": 42,
    "note_name": "F#2",
    "note_frequency": 95.1647720336914,
    "note_confidence": 0.481698215007782,
    "hardness": 32.921473553885406,
    "depth": 63.14655843959938,
    "brightness": 28.629291455050026,
    "roughness": 34.22924800237114,
    "warmth": 55.94381558554702,
    "sharpness": 0.0,
    "boominess": 57.37047911726377,
    "reverb": false,
    "genre": "Genre A",
    "mood": "Mood A"
}