{
    "duration": 1.8461250066757202,
    "lossless": 1.0,
    "codec": "pcm_s16le",
    "bitrate": 256000.0,
    "samplerate": 16000.0,
    "channels": 1.0,
    "audio_md5": "3003221569b097f03e053ce110f8ad96",
    "loudness": -28.928335189819336,
    "dynamic_range": 0.0,
    "temporal_centroid": 0.35450980067253113,
    "log_attack_time": -0.04230261966586113,
    "filesize": 59120,
    "single_event": true,
    "tonality": "G major",
    "tonality_confidence": 0.7299057841300964,
    "loop": false,
    "tempo": 131,
    "tempo_confidence": 0.0,
    "note_midi": 47,
    "note_name": "B2",
    "note_frequency": 124.81465148925781,
    "note_confidence": 0.4928358197212219,
    "hardness": 34.112782860515125,
    "depth": 59.218995554566995,
    "brightness": 42.23931544510848,
    "roughness": 31.800849302946414,
    "warmth": 55.77864281246343,
    "sharpness": 27.779750706377005,
    "boominess": 49.54531423622152,
    "reverb": false,
    "genre": "Genre A",
    "mood": "Mood A"
}