{
    "duration": 1.8461250066757202,
    "lossless": 1.0,
    "codec": "pcm_s16le",
    "bitrate": 256000.0,
    "samplerate": 16000.0,
    "channels": 1.0,
    "audio_md5": "5c94162a703166926479f766acfdbc05",
    "loudness": -34.69731521606445,
    "dynamic_range": 0.0,
    "temporal_centroid": 0.40128615498542786,
    "log_attack_time": -0.16023844480514526,
    "filesize": 59120,
    "single_event": true,
    "tonality": "G# major",
    "tonality_confidence": 0.6346238851547241,
    "loop": false,
    "tempo": 167,
    "tempo_confidence": 0.0,
    "note_midi": 48,
    "note_name": "C3",
    "note_frequency": 128.0327911376953,
    "note_confidence": 0.5524513721466064,
    "hardness": 36.55757372857238,
    "depth": 62.44607212730256,
    "brightness": 28.657161370014762,
    "roughness": 35.26744062714901,
    "warmth": 57.54613379140142,
    "sharpness": 5.411654470969314,
    "boominess": 54.86764748547861,
    "reverb": false,
    "genre": "Genre A",
    "mood": "Mood A"
}