{
    "duration": 1.8461250066757202,
    "lossless": 1.0,
    "codec": "pcm_s16le",
    "bitrate": 256000.0,
    "samplerate": 16000.0,
    "channels": 1.0,
    "audio_md5": "9118612eec8361dab3337db4bd825bee",
    "loudness": -26.7375431060791,
    "dynamic_range": 0.0,
    "temporal_centroid": 0.1863802969455719,
    "log_attack_time": -1.3714373111724854,
    "filesize": 59120,
    "single_event": true,
    "tonality": "B minor",
    "tonality_confidence": 0.46730637550354004,
    "loop": false,
    "tempo": 133,
    "tempo_confidence": 0.0,
    "note_midi": 39,
    "note_name": "D#2",
    "note_frequency": 78.44298553466797,
    "note_confidence": 0.38789790868759155,
    "hardness": 37.85223652812991,
    "depth": 68.59299016715174,
    "brightness": 35.22498805941496,
    "roughness": 29.928568290902795,
    "warmth": 52.25726868869055,
    "sharpness": 12.218974308560313,
    "boominess": 60.27919559683281,
    "reverb": false,
    "genre": "Genre A",
    "mood": "Mood A"
}