{
    "duration": 1.8461250066757202,
    "lossless": 1.0,
    "codec": "pcm_s16le",
    "bitrate": 256000.0,
    "samplerate": 16000.0,
    "channels": 1.0,
    "audio_md5": "63fb4dc56d118ee6978a4baae3f54337",
    "loudness": -25.4133358001709,
    "dynamic_range": 0.0,
    "temporal_centroid": 0.4359901547431946,
    "log_attack_time": 0.15233685076236725,
    "filesize": 59120,
    "single_event": true,
    "tonality": "C# major",
    "tonality_confidence": 0.6939612030982971,
    "loop": false,
    "tempo": 86,
    "tempo_confidence": 0.0,
    "note_midi": 37,
    "note_name": "C#2",
    "note_frequency": 70.74555969238281,
    "note_confidence": 0.5215176939964294,
    "hardness": 27.43265129149634,
    "depth": 65.68567502047614,
    "brightness": 19.16706486603818,
    "roughness": 29.626722788572224,
    "warmth": 58.63600970105046,
    "sharpness": 22.714063470626172,
    "boominess": 58.82341063524382,
    "reverb": false,
    "genre": "Genre A",
    "mood": "Mood A"
}