{
    "duration": 1.8461250066757202,
    "lossless": 1.0,
    "codec": "pcm_s16le",
    "bitrate": 256000.0,
    "samplerate": 16000.0,
    "channels": 1.0,
    "audio_md5": "a9d4385a90527e13008b0d42f5fd8f6f",
    "loudness": -30.066293716430664,
    "dynamic_range": 0.0,
    "temporal_centroid": 0.4040167033672333,
    "log_attack_time": -0.1142260804772377,
    "filesize": 59120,
    "single_event": true,
    "tonality": "B minor",
    "tonality_confidence": 0.6379276514053345,
    "loop": true,
    "tempo": 130,
    "tempo_confidence": 0.9999017119407654,
    "note_midi": 34,
    "note_name": "A#1",
    "note_frequency": 56.857032775878906,
    "note_confidence": 0.3572906255722046,
    "hardness": 32.540705384084774,
    "depth": 65.9254812522208,
    "brightness": 36.489827293054205,
    "roughness": 25.97753359652541,
    "warmth": 57.9392213822357,
    "sharpness": 7.9305469959797215,
    "boominess": 60.82986725653533,
    "reverb": false,
    "genre": "Genre A",
    "mood": "Mood A"
}