{
    "duration": 1.8461250066757202,
    "lossless": 1.0,
    "codec": "pcm_s16le",
    "bitrate": 256000.0,
    "samplerate": 16000.0,
    "channels": 1.0,
    "audio_md5": "f578a16471f18102ac5d05f3094be1af",
    "loudness": -24.594545364379883,
    "dynamic_range": 0.0,
    "temporal_centroid": 0.1387781947851181,
    "log_attack_time": -1.3765630722045898,
    "filesize": 59120,
    "single_event": true,
    "tonality": "E major",
    "tonality_confidence": 0.5017738938331604,
    "loop": false,
    "tempo": 133,
    "tempo_confidence": 0.0,
    "note_midi": 33,
    "note_name": "A1",
    "note_frequency": 55.538963317871094,
    "note_confidence": 0.16416430473327637,
    "hardness": 35.77507402464131,
    "depth": 68.32115787503413,
    "brightness": 32.06134221579337,
    "roughness": 27.87542173778409,
    "warmth": 57.959274982894954,
    "sharpness": 27.242517153663623,
    "boominess": 61.21542480909266,
    "reverb": false,
    "genre": "Genre A",
    "mood": "Mood A"
}