{
    "duration": 1.8461250066757202,
    "lossless": 1.0,
    "codec": "pcm_s16le",
    "bitrate": 256000.0,
    "samplerate": 16000.0,
    "channels": 1.0,
    "audio_md5": "7340329cbc7f8e2ff1cf8ae6af9fd7b9",
    "loudness": -27.09059715270996,
    "dynamic_range": 0.0,
    "temporal_centroid": 0.3885377049446106,
    "log_attack_time": -0.03247111663222313,
    "filesize": 59120,
    "single_event": true,
    "tonality": "B minor",
    "tonality_confidence": 0.6492384672164917,
    "loop": false,
    "tempo": 131,
    "tempo_confidence": 0.0,
    "note_midi": 42,
    "note_name": "F#2",
    "note_frequency": 90.9306411743164,
    "note_confidence": 0.44390934705734253,
    "hardness": 32.99692774443908,
    "depth": 60.41943070024157,
    "brightness": 40.36012120669105,
    "roughness": 31.667440885652653,
    "warmth": 56.11598334513317,
    "sharpness": 21.08713498215829,
    "boominess": 51.35738940572855,
    "reverb": false,
    "genre": "Genre A",
    "mood": "Mood A"
}