{
    "duration": 1.8461250066757202,
    "lossless": 1.0,
    "codec": "pcm_s16le",
    "bitrate": 256000.0,
    "samplerate": 16000.0,
    "channels": 1.0,
    "audio_md5": "a35ba92413ad011afd9e67ac56a9abc3",
    "loudness": -39.025821685791016,
    "dynamic_range": 0.0,
    "temporal_centroid": 0.28826677799224854,
    "log_attack_time": -2.0774121284484863,
    "filesize": 59120,
    "single_event": true,
    "tonality": "C major",
    "tonality_confidence": 0.7132031917572021,
    "loop": false,
    "tempo": 172,
    "tempo_confidence": 0.0,
    "note_midi": 34,
    "note_name": "A#1",
    "note_frequency": 57.99540710449219,
    "note_confidence": 0.4372193217277527,
    "hardness": 35.91105124158763,
    "depth": 64.88498678396206,
    "brightness": 33.16690121127315,
    "roughness": 31.174081553979466,
    "warmth": 58.1916433816323,
    "sharpness": 5.67759284812464,
    "boominess": 56.28707622912508,
    "reverb": false,
    "genre": "Genre A",
    "mood": "Mood A"
}