{
    "duration": 1.8461250066757202,
    "lossless": 1.0,
    "codec": "pcm_s16le",
    "bitrate": 256000.0,
    "samplerate": 16000.0,
    "channels": 1.0,
    "audio_md5": "448ee5dddb7caef2865b5a4ce0d3ea66",
    "loudness": -28.55543327331543,
    "dynamic_range": 0.0,
    "temporal_centroid": 0.38298699259757996,
    "log_attack_time": -0.04589975252747536,
    "filesize": 59120,
    "single_event": true,
    "tonality": "B minor",
    "tonality_confidence": 0.782576858997345,
    "loop": false,
    "tempo": 128,
    "tempo_confidence": 0.0,
    "note_midi": 40,
    "note_name": "E2",
    "note_frequency": 83.2409896850586,
    "note_confidence": 0.4398297667503357,
    "hardness": 36.87905985359296,
    "depth": 61.09016606932875,
    "brightness": 40.922554875481815,
    "roughness": 29.122116958477488,
    "warmth": 52.52204251736737,
    "sharpness": 36.81462852270393,
    "boominess": 45.562855674868985,
    "reverb": false,
    "genre": "Genre A",
    "mood": "Mood A"
}