{
    "duration": 1.8461250066757202,
    "lossless": 1.0,
    "codec": "pcm_s16le",
    "bitrate": 256000.0,
    "samplerate": 16000.0,
    "channels": 1.0,
    "audio_md5": "64b593f830504ff82ea62b83d4a332bd",
    "loudness": -27.94729995727539,
    "dynamic_range": 0.0,
    "temporal_centroid": 0.17082667350769043,
    "log_attack_time": -1.3297289609909058,
    "filesize": 59120,
    "single_event": true,
    "tonality": "G major",
    "tonality_confidence": 0.6003815531730652,
    "loop": false,
    "tempo": 134,
    "tempo_confidence": 0.0,
    "note_midi": 38,
    "note_name": "D2",
    "note_frequency": 74.03038787841797,
    "note_confidence": 0.40219759941101074,
    "hardness": 33.23018171376465,
    "depth": 63.82211732905804,
    "brightness": 35.713932095078874,
    "roughness": 29.761327231053485,
    "warmth": 55.261561523014954,
    "sharpness": 16.875921305826,
    "boominess": 61.0553874789703,
    "reverb": false,
    "genre": "Genre A",
    "mood": "Mood A"
}