{
    "duration": 1.8461250066757202,
    "lossless": 1.0,
    "codec": "pcm_s16le",
    "bitrate": 256000.0,
    "samplerate": 16000.0,
    "channels": 1.0,
    "audio_md5": "b6854e8b31eb7459f953cd5b8843b127",
    "loudness": -34.75355529785156,
    "dynamic_range": 0.0,
    "temporal_centroid": 0.375559538602829,
    "log_attack_time": -0.15895850956439972,
    "filesize": 59120,
    "single_event": true,
    "tonality": "D major",
    "tonality_confidence": 0.5041367411613464,
    "loop": false,
    "tempo": 167,
    "tempo_confidence": 0.0,
    "note_midi": 39,
    "note_name": "D#2",
    "note_frequency": 78.8485107421875,
    "note_confidence": 0.46726900339126587,
    "hardness": 36.441591883495164,
    "depth": 61.1061600617806,
    "brightness": 28.177465526828176,
    "roughness": 32.15891231737349,
    "warmth": 58.47202429210625,
    "sharpness": 5.164466170887348,
    "boominess": 54.49288123315361,
    "reverb": false,
    "genre": "Genre A",
    "mood": "Mood A"
}