{
    "duration": 1.8461250066757202,
    "lossless": 1.0,
    "codec": "pcm_s16le",
    "bitrate": 256000.0,
    "samplerate": 16000.0,
    "channels": 1.0,
    "audio_md5": "3278fa29aedb4bd95cfb6a134d543c64",
    "loudness": -30.008249282836914,
    "dynamic_range": 0.0,
    "temporal_centroid": 0.3653915524482727,
    "log_attack_time": -0.031803030520677567,
    "filesize": 59120,
    "single_event": true,
    "tonality": "B minor",
    "tonality_confidence": 0.5275993943214417,
    "loop": false,
    "tempo": 131,
    "tempo_confidence": 0.0,
    "note_midi": 40,
    "note_name": "E2",
    "note_frequency": 81.30088806152344,
    "note_confidence": 0.4500763416290283,
    "hardness": 39.774965384322016,
    "depth": 60.453194487106614,
    "brightness": 41.562292059177125,
    "roughness": 32.057972059072924,
    "warmth": 53.462891152163955,
    "sharpness": 32.43819260447687,
    "boominess": 49.33024831185996,
    "reverb": false,
    "genre": "Genre A",
    "mood": "Mood A"
}