{
    "duration": 1.8461250066757202,
    "lossless": 1.0,
    "codec": "pcm_s16le",
    "bitrate": 256000.0,
    "samplerate": 16000.0,
    "channels": 1.0,
    "audio_md5": "37ab3eea78ffcd2e33384753cc42a269",
    "loudness": -23.67486000061035,
    "dynamic_range": 0.0,
    "temporal_centroid": 0.465069979429245,
    "log_attack_time": 0.15427416563034058,
    "filesize": 59120,
    "single_event": true,
    "tonality": "A minor",
    "tonality_confidence": 0.7851003408432007,
    "loop": false,
    "tempo": 172,
    "tempo_confidence": 0.0,
    "note_midi": 43,
    "note_name": "G2",
    "note_frequency": 99.90245056152344,
    "note_confidence": 0.38458681106567383,
    "hardness": 28.11653482544601,
    "depth": 66.63737465797816,
    "brightness": 17.590415797665194,
    "roughness": 31.399651857486234,
    "warmth": 58.40340752151478,
    "sharpness": 28.05687570915508,
    "boominess": 58.5435823419489,
    "reverb": false,
    "genre": "Genre A",
    "mood": "Mood A"
}