{
    "duration": 1.8461250066757202,
    "lossless": 1.0,
    "codec": "pcm_s16le",
    "bitrate": 256000.0,
    "samplerate": 16000.0,
    "channels": 1.0,
    "audio_md5": "ba123255e89ec9fd6bc90dfff0267854",
    "loudness": -27.411794662475586,
    "dynamic_range": 0.0,
    "temporal_centroid": 0.2067864090204239,
    "log_attack_time": -1.4335851669311523,
    "filesize": 59120,
    "single_event": true,
    "tonality": "B minor",
    "tonality_confidence": 0.44018813967704773,
    "loop": false,
    "tempo": 129,
    "tempo_confidence": 0.0,
    "note_midi": 37,
    "note_name": "C#2",
    "note_frequency": 67.7197036743164,
    "note_confidence": 0.3750607371330261,
    "hardness": 36.089975731566796,
    "depth": 68.13545134669391,
    "brightness": 35.85019408975737,
    "roughness": 25.024198619912227,
    "warmth": 54.71128720388911,
    "sharpness": 24.83456100718409,
    "boominess": 59.13337596965857,
    "reverb": false,
    "genre": "Genre A",
    "mood": "Mood A"
}