{
    "duration": 1.8461250066757202,
    "lossless": 1.0,
    "codec": "pcm_s16le",
    "bitrate": 256000.0,
    "samplerate": 16000.0,
    "channels": 1.0,
    "audio_md5": "44066e09f6816b2c4a28fe47d4b310ed",
    "loudness": -37.45676803588867,
    "dynamic_range": 0.0,
    "temporal_centroid": 0.45511889457702637,
    "log_attack_time": -0.16309629380702972,
    "filesize": 59120,
    "single_event": true,
    "tonality": "F# minor",
    "tonality_confidence": 0.29186275601387024,
    "loop": false,
    "tempo": 172,
    "tempo_confidence": 0.0,
    "note_midi": 40,
    "note_name": "E2",
    "note_frequency": 83.66124725341797,
    "note_confidence": 0.49054545164108276,
    "hardness": 35.53113104276285,
    "depth": 61.010452659898164,
    "brightness": 30.52277015841713,
    "roughness": 35.78490082212977,
    "warmth": 56.320293296019344,
    "sharpness": 8.65717973177264,
    "boominess": 54.17839182385802,
    "reverb": false,
    "genre": "Genre A",
    "mood": "Mood A"
}