{
    "duration": 1.8461250066757202,
    "lossless": 1.0,
    "codec": "pcm_s16le",
    "bitrate": 256000.0,
    "samplerate": 16000.0,
    "channels": 1.0,
    "audio_md5": "dec848d1680e4ccdd69adb25dd74b0e1",
    "loudness": -27.55861473083496,
    "dynamic_range": 0.0,
    "temporal_centroid": 0.5520023107528687,
    "log_attack_time": -0.02757466584444046,
    "filesize": 59120,
    "single_event": true,
    "tonality": "B minor",
    "tonality_confidence": 0.6323524713516235,
    "loop": true,
    "tempo": 131,
    "tempo_confidence": 0.9817808270454407,
    "note_midi": 39,
    "note_name": "D#2",
    "note_frequency": 78.7933578491211,
    "note_confidence": 0.45661044120788574,
    "hardness": 41.62012524762689,
    "depth": 55.956160308622934,
    "brightness": 39.50774438526966,
    "roughness": 34.18836372035396,
    "warmth": 52.61560633203696,
    "sharpness": 32.983905668836336,
    "boominess": 44.045919334085916,
    "reverb": false,
    "genre": "Genre A",
    "mood": "Mood A"
}