{
    "duration": 1.8461250066757202,
    "lossless": 1.0,
    "codec": "pcm_s16le",
    "bitrate": 256000.0,
    "samplerate": 16000.0,
    "channels": 1.0,
    "audio_md5": "7eb54cf122df4ea50c235c0709b0e518",
    "loudness": -34.42286682128906,
    "dynamic_range": 0.0,
    "temporal_centroid": 0.40409159660339355,
    "log_attack_time": -0.1601957231760025,
    "filesize": 59120,
    "single_event": true,
    "tonality": "G# major",
    "tonality_confidence": 0.5067121982574463,
    "loop": false,
    "tempo": 167,
    "tempo_confidence": 0.0,
    "note_midi": 44,
    "note_name": "G#2",
    "note_frequency": 103.62947082519531,
    "note_confidence": 0.5730010271072388,
    "hardness": 36.64661164731466,
    "depth": 62.17071961085226,
    "brightness": 28.343044277396718,
    "roughness": 33.0370237967911,
    "warmth": 57.8242645339892,
    "sharpness": 5.927493278346319,
    "boominess": 54.590413957164486,
    "reverb": false,
    "genre": "Genre A",
    "mood": "Mood A"
}