{
    "duration": 1.8461250066757202,
    "lossless": 1.0,
    "codec": "pcm_s16le",
    "bitrate": 256000.0,
    "samplerate": 16000.0,
    "channels": 1.0,
    "audio_md5": "bee156410d034eafcc5c72565be20fc2",
    "loudness": -24.145816802978516,
    "dynamic_range": 0.0,
    "temporal_centroid": 0.3700527548789978,
    "log_attack_time": -1.528162956237793,
    "filesize": 59120,
    "single_event": true,
    "tonality": "A# major",
    "tonality_confidence": 0.7565956711769104,
    "loop": false,
    "tempo": 172,
    "tempo_confidence": 0.0,
    "note_midi": 35,
    "note_name": "B1",
    "note_frequency": 62.9989128112793,
    "note_confidence": 0.2963435649871826,
    "hardness": 26.908056962640572,
    "depth": 67.94801537068814,
    "brightness": 17.495526684022302,
    "roughness": 30.26349656628929,
    "warmth": 59.37283877681129,
    "sharpness": 17.40425092717677,
    "boominess": 61.26648323975428,
    "reverb": false,
    "genre": "Genre A",
    "mood": "Mood A"
}