{
    "duration": 1.8461250066757202,
    "lossless": 1.0,
    "codec": "pcm_s16le",
    "bitrate": 256000.0,
    "samplerate": 16000.0,
    "channels": 1.0,
    "audio_md5": "db62708a2dcc1b12f921de14e7e2b8d9",
    "loudness": -28.269502639770508,
    "dynamic_range": 0.0,
    "temporal_centroid": 0.3221054673194885,
    "log_attack_time": -1.6118197441101074,
    "filesize": 59120,
    "single_event": true,
    "tonality": "G major",
    "tonality_confidence": 0.5139356851577759,
    "loop": true,
    "tempo": 131,
    "tempo_confidence": 0.9938609004020691,
    "note_midi": 34,
    "note_name": "A#1",
    "note_frequency": 57.26651382446289,
    "note_confidence": 0.3884959816932678,
    "hardness": 28.11322451966528,
    "depth": 66.43285324660505,
    "brightness": 36.045337012821754,
    "roughness": 29.961496415918415,
    "warmth": 60.056739885187014,
    "sharpness": 2.31788862894453,
    "boominess": 61.01558451249774,
    "reverb": false,
    "genre": "Genre A",
    "mood": "Mood A"
}