{
    "duration": 1.8461250066757202,
    "lossless": 1.0,
    "codec": "pcm_s16le",
    "bitrate": 256000.0,
    "samplerate": 16000.0,
    "channels": 1.0,
    "audio_md5": "b533187b09a7c30a4d6f50d1299a3117",
    "loudness": -20.419898986816406,
    "dynamic_range": 0.0,
    "temporal_centroid": 0.45083463191986084,
    "log_attack_time": 0.1567661315202713,
    "filesize": 59120,
    "single_event": true,
    "tonality": "F major",
    "tonality_confidence": 0.44177544116973877,
    "loop": false,
    "tempo": 172,
    "tempo_confidence": 0.0,
    "note_midi": 29,
    "note_name": "F1",
    "note_frequency": 43.024391174316406,
    "note_confidence": 0.33231693506240845,
    "hardness": 26.30827979849093,
    "depth": 72.42317207796877,
    "brightness": 17.214154127644328,
    "roughness": 27.965236187545415,
    "warmth": 60.40688247443972,
    "sharpness": 17.240172994405047,
    "boominess": 59.56855625189634,
    "reverb": false,
    "genre": "Genre A",
    "mood": "Mood A"
}