{
    "duration": 1.8461250066757202,
    "lossless": 1.0,
    "codec": "pcm_s16le",
    "bitrate": 256000.0,
    "samplerate": 16000.0,
    "channels": 1.0,
    "audio_md5": "24e1f82b5fc198f259c7c7a198456665",
    "loudness": -32.71891403198242,
    "dynamic_range": 0.0,
    "temporal_centroid": 0.5688823461532593,
    "log_attack_time": -0.026599852368235588,
    "filesize": 59120,
    "single_event": true,
    "tonality": "B major",
    "tonality_confidence": 0.515861451625824,
    "loop": true,
    "tempo": 130,
    "tempo_confidence": 0.9999017119407654,
    "note_midi": 35,
    "note_name": "B1",
    "note_frequency": 62.85930633544922,
    "note_confidence": 0.4267076849937439,
    "hardness": 43.159226464765,
    "depth": 57.145564235542174,
    "brightness": 40.06562080293169,
    "roughness": 32.32992368526079,
    "warmth": 52.81478117134082,
    "sharpness": 23.994275733831035,
    "boominess": 48.77484451710145,
    "reverb": false,
    "genre": "Genre A",
    "mood": "Mood A"
}