{
    "duration": 1.8461250066757202,
    "lossless": 1.0,
    "codec": "pcm_s16le",
    "bitrate": 256000.0,
    "samplerate": 16000.0,
    "channels": 1.0,
    "audio_md5": "e788d7f86e9309db9f68b15bf8fe4eab",
    "loudness": -29.262033462524414,
    "dynamic_range": 0.0,
    "temporal_centroid": 0.45267248153686523,
    "log_attack_time": 0.1404852569103241,
    "filesize": 59120,
    "single_event": true,
    "tonality": "A# minor",
    "tonality_confidence": 0.3644467890262604,
    "loop": true,
    "tempo": 131,
    "tempo_confidence": 0.9909894466400146,
    "note_midi": 37,
    "note_name": "C#2",
    "note_frequency": 71.1114273071289,
    "note_confidence": 0.24843287467956543,
    "hardness": 29.898247342380557,
    "depth": 63.70280148473826,
    "brightness": 30.722875146901476,
    "roughness": 31.592368730455217,
    "warmth": 57.33795265778781,
    "sharpness": 15.77268673173733,
    "boominess": 60.14428152920837,
    "reverb": false,
    "genre": "Genre A",
    "mood": "Mood A"
}