{
    "duration": 1.8461250066757202,
    "lossless": 1.0,
    "codec": "pcm_s16le",
    "bitrate": 256000.0,
    "samplerate": 16000.0,
    "channels": 1.0,
    "audio_md5": "a0b06e69757c3adcc1ac45ff78b15045",
    "loudness": -29.134510040283203,
    "dynamic_range": 0.0,
    "temporal_centroid": 0.44799044728279114,
    "log_attack_time": -1.7109510898590088,
    "filesize": 59120,
    "single_event": true,
    "tonality": "B minor",
    "tonality_confidence": 0.4496166408061981,
    "loop": true,
    "tempo": 83,
    "tempo_confidence": 0.952885091304779,
    "note_midi": 32,
    "note_name": "G#1",
    "note_frequency": 52.959651947021484,
    "note_confidence": 0.2611106038093567,
    "hardness": 34.60518073862117,
    "depth": 66.47346610455197,
    "brightness": 36.34664489251067,
    "roughness": 25.420261121332132,
    "warmth": 57.69995832028712,
    "sharpness": 0.0,
    "boominess": 64.30725502481977,
    "reverb": false,
    "genre": "Genre A",
    "mood": "Mood A"
}