{
    "duration": 1.8461250066757202,
    "lossless": 1.0,
    "codec": "pcm_s16le",
    "bitrate": 256000.0,
    "samplerate": 16000.0,
    "channels": 1.0,
    "audio_md5": "202c8b6fb6b99fa10f4059a4cedb0e7b",
    "loudness": -22.85347557067871,
    "dynamic_range": 0.0,
    "temporal_centroid": 0.4709375500679016,
    "log_attack_time": -0.14087940752506256,
    "filesize": 59120,
    "single_event": true,
    "tonality": "G# minor",
    "tonality_confidence": 0.731172502040863,
    "loop": false,
    "tempo": 154,
    "tempo_confidence": 0.0,
    "note_midi": 30,
    "note_name": "F#1",
    "note_frequency": 45.590545654296875,
    "note_confidence": 0.2041400671005249,
    "hardness": 24.58388130025206,
    "depth": 68.53915965852504,
    "brightness": 17.95006748524962,
    "roughness": 28.806217209488445,
    "warmth": 57.83889713472475,
    "sharpness": 24.06647630213429,
    "boominess": 58.67650071414911,
    "reverb": false,
    "genre": "Genre A",
    "mood": "Mood A"
}