{
    "duration": 1.8461250066757202,
    "lossless": 1.0,
    "codec": "pcm_s16le",
    "bitrate": 256000.0,
    "samplerate": 16000.0,
    "channels": 1.0,
    "audio_md5": "7363b70e8bb5fe61346ee189d9e711f0",
    "loudness": -33.82249450683594,
    "dynamic_range": 0.0,
    "temporal_centroid": 0.40312644839286804,
    "log_attack_time": -0.16058041155338287,
    "filesize": 59120,
    "single_event": true,
    "tonality": "F# minor",
    "tonality_confidence": 0.40534067153930664,
    "loop": false,
    "tempo": 164,
    "tempo_confidence": 0.0,
    "note_midi": 39,
    "note_name": "D#2",
    "note_frequency": 79.6906967163086,
    "note_confidence": 0.46511393785476685,
    "hardness": 35.67938028791691,
    "depth": 62.49418540713843,
    "brightness": 28.894781235058947,
    "roughness": 33.20264079272606,
    "warmth": 58.25222468712428,
    "sharpness": 2.1409771527487536,
    "boominess": 56.28938070355178,
    "reverb": false,
    "genre": "Genre A",
    "mood": "Mood A"
}