{
    "duration": 1.8461250066757202,
    "lossless": 1.0,
    "codec": "pcm_s16le",
    "bitrate": 256000.0,
    "samplerate": 16000.0,
    "channels": 1.0,
    "audio_md5": "a50e24258def7aaf199fb0ae63982c5e",
    "loudness": -26.122987747192383,
    "dynamic_range": 0.0,
    "temporal_centroid": 0.18704791367053986,
    "log_attack_time": -1.3841286897659302,
    "filesize": 59120,
    "single_event": true,
    "tonality": "B minor",
    "tonality_confidence": 0.476808100938797,
    "loop": false,
    "tempo": 133,
    "tempo_confidence": 0.0,
    "note_midi": 40,
    "note_name": "E2",
    "note_frequency": 84.03885650634766,
    "note_confidence": 0.3948538899421692,
    "hardness": 36.661802185306584,
    "depth": 68.53497412573351,
    "brightness": 35.11087855116834,
    "roughness": 29.334978552399996,
    "warmth": 56.004838739366015,
    "sharpness": 9.203645149127404,
    "boominess": 60.73716242945001,
    "reverb": false,
    "genre": "Genre A",
    "mood": "Mood A"
}