{
    "duration": 1.8461250066757202,
    "lossless": 1.0,
    "codec": "pcm_s16le",
    "bitrate": 256000.0,
    "samplerate": 16000.0,
    "channels": 1.0,
    "audio_md5": "2ccc0865f9ad3f6680c45378b95cf104",
    "loudness": -36.06089782714844,
    "dynamic_range": 0.0,
    "temporal_centroid": 0.3650064766407013,
    "log_attack_time": -1.6599112749099731,
    "filesize": 59120,
    "single_event": true,
    "tonality": "A# minor",
    "tonality_confidence": 0.7647883296012878,
    "loop": false,
    "tempo": 172,
    "tempo_confidence": 0.0,
    "note_midi": 39,
    "note_name": "D#2",
    "note_frequency": 77.66336059570312,
    "note_confidence": 0.5038012266159058,
    "hardness": 36.68454395611032,
    "depth": 64.48894644805955,
    "brightness": 28.462080005428337,
    "roughness": 36.724500562302275,
    "warmth": 58.499301330922634,
    "sharpness": 10.693284835544734,
    "boominess": 53.99891860301416,
    "reverb": false,
    "genre": "Genre A",
    "mood": "Mood A"
}