{
    "duration": 1.8461250066757202,
    "lossless": 1.0,
    "codec": "pcm_s16le",
    "bitrate": 256000.0,
    "samplerate": 16000.0,
    "channels": 1.0,
    "audio_md5": "9e9d7a2853940c15ce5bc01b60c20d21",
    "loudness": -31.205238342285156,
    "dynamic_range": 0.0,
    "temporal_centroid": 0.3780566453933716,
    "log_attack_time": -0.10621688514947891,
    "filesize": 59120,
    "single_event": true,
    "tonality": "B minor",
    "tonality_confidence": 0.6258140206336975,
    "loop": true,
    "tempo": 130,
    "tempo_confidence": 0.9999017119407654,
    "note_midi": 33,
    "note_name": "A1",
    "note_frequency": 56.081050872802734,
    "note_confidence": 0.34732675552368164,
    "hardness": 35.05363172705424,
    "depth": 67.63268224309164,
    "brightness": 37.134114759385646,
    "roughness": 34.657188209524,
    "warmth": 59.88088240977629,
    "sharpness": 8.971114339536566,
    "boominess": 57.27332260821632,
    "reverb": false,
    "genre": "Genre A",
    "mood": "Mood A"
}