{
    "duration": 1.8461250066757202,
    "lossless": 1.0,
    "codec": "pcm_s16le",
    "bitrate": 256000.0,
    "samplerate": 16000.0,
    "channels": 1.0,
    "audio_md5": "1e7a5e6c698950ec9593eddb798fd2dd",
    "loudness": -27.235502243041992,
    "dynamic_range": 0.0,
    "temporal_centroid": 0.1786014884710312,
    "log_attack_time": -1.3303606510162354,
    "filesize": 59120,
    "single_event": true,
    "tonality": "G major",
    "tonality_confidence": 0.4173586368560791,
    "loop": false,
    "tempo": 133,
    "tempo_confidence": 0.0,
    "note_midi": 39,
    "note_name": "D#2",
    "note_frequency": 75.57890319824219,
    "note_confidence": 0.36498379707336426,
    "hardness": 36.055808850890074,
    "depth": 68.2295665951707,
    "brightness": 35.81325537104269,
    "roughness": 26.760945016216137,
    "warmth": 54.55531930476752,
    "sharpness": 16.047174897120033,
    "boominess": 60.57838525645922,
    "reverb": false,
    "genre": "Genre A",
    "mood": "Mood A"
}