{
    "duration": 1.8461250066757202,
    "lossless": 1.0,
    "codec": "pcm_s16le",
    "bitrate": 256000.0,
    "samplerate": 16000.0,
    "channels": 1.0,
    "audio_md5": "62c73aa93b1395ec33985322dce97dc9",
    "loudness": -26.356843948364258,
    "dynamic_range": 0.0,
    "temporal_centroid": 0.16614633798599243,
    "log_attack_time": -1.3255409002304077,
    "filesize": 59120,
    "single_event": true,
    "tonality": "B minor",
    "tonality_confidence": 0.3830610513687134,
    "loop": false,
    "tempo": 134,
    "tempo_confidence": 0.0,
    "note_midi": 43,
    "note_name": "G2",
    "note_frequency": 100.79346466064453,
    "note_confidence": 0.3663431406021118,
    "hardness": 39.5363488849178,
    "depth": 64.29130994637856,
    "brightness": 35.169103477502375,
    "roughness": 28.856654753474412,
    "warmth": 54.9374758239898,
    "sharpness": 18.78274916913047,
    "boominess": 60.080510441928006,
    "reverb": false,
    "genre": "Genre A",
    "mood": "Mood A"
}