{
    "duration": 1.8461250066757202,
    "lossless": 1.0,
    "codec": "pcm_s16le",
    "bitrate": 256000.0,
    "samplerate": 16000.0,
    "channels": 1.0,
    "audio_md5": "f55500ce0d8bb47d050bdcfa4a570480",
    "loudness": -29.416269302368164,
    "dynamic_range": 0.0,
    "temporal_centroid": 0.3700224459171295,
    "log_attack_time": -0.03235439211130142,
    "filesize": 59120,
    "single_event": true,
    "tonality": "B minor",
    "tonality_confidence": 0.519555926322937,
    "loop": false,
    "tempo": 131,
    "tempo_confidence": 0.0,
    "note_midi": 43,
    "note_name": "G2",
    "note_frequency": 96.65528106689453,
    "note_confidence": 0.4369264841079712,
    "hardness": 35.72947014116909,
    "depth": 60.27380816717891,
    "brightness": 41.17428009472725,
    "roughness": 30.738371554034384,
    "warmth": 55.47621145309271,
    "sharpness": 25.829954695822543,
    "boominess": 50.73633097521013,
    "reverb": false,
    "genre": "Genre A",
    "mood": "Mood A"
}