{
    "duration": 1.8461250066757202,
    "lossless": 1.0,
    "codec": "pcm_s16le",
    "bitrate": 256000.0,
    "samplerate": 16000.0,
    "channels": 1.0,
    "audio_md5": "c417aa238060ead587728beef53f0044",
    "loudness": -25.76136589050293,
    "dynamic_range": 0.0,
    "temporal_centroid": 0.19650982320308685,
    "log_attack_time": -1.3860408067703247,
    "filesize": 59120,
    "single_event": true,
    "tonality": "G major",
    "tonality_confidence": 0.7165663838386536,
    "loop": false,
    "tempo": 129,
    "tempo_confidence": 0.0,
    "note_midi": 37,
    "note_name": "C#2",
    "note_frequency": 68.8471450805664,
    "note_confidence": 0.385331392288208,
    "hardness": 34.9351705534356,
    "depth": 68.17410294461907,
    "brightness": 34.68099816912201,
    "roughness": 29.78156679744512,
    "warmth": 55.59372353711848,
    "sharpness": 12.513955863829363,
    "boominess": 60.71166558153436,
    "reverb": false,
    "genre": "Genre A",
    "mood": "Mood A"
}