{
    "duration": 1.8461250066757202,
    "lossless": 1.0,
    "codec": "pcm_s16le",
    "bitrate": 256000.0,
    "samplerate": 16000.0,
    "channels": 1.0,
    "audio_md5": "c4cb6fdde0031513225216ea46e62d2b",
    "loudness": -30.005388259887695,
    "dynamic_range": 0.0,
    "temporal_centroid": 0.33274751901626587,
    "log_attack_time": -0.04300878942012787,
    "filesize": 59120,
    "single_event": true,
    "tonality": "B minor",
    "tonality_confidence": 0.6333125829696655,
    "loop": false,
    "tempo": 129,
    "tempo_confidence": 0.0,
    "note_midi": 55,
    "note_name": "G3",
    "note_frequency": 199.63894653320312,
    "note_confidence": 0.4674834609031677,
    "hardness": 39.15464132661383,
    "depth": 62.52156745336073,
    "brightness": 42.03592139667281,
    "roughness": 30.12040198601428,
    "warmth": 56.359316527533615,
    "sharpness": 27.570203073177527,
    "boominess": 48.91758214199302,
    "reverb": false,
    "genre": "Genre A",
    "mood": "Mood A"
}