{
    "duration": 1.8461250066757202,
    "lossless": 1.0,
    "codec": "pcm_s16le",
    "bitrate": 256000.0,
    "samplerate": 16000.0,
    "channels": 1.0,
    "audio_md5": "be5fda916518a2234cbd319cb1e0500d",
    "loudness": -36.03281784057617,
    "dynamic_range": 0.0,
    "temporal_centroid": 0.3831912875175476,
    "log_attack_time": -0.1591005176305771,
    "filesize": 59120,
    "single_event": true,
    "tonality": "C major",
    "tonality_confidence": 0.7237240076065063,
    "loop": false,
    "tempo": 144,
    "tempo_confidence": 0.0,
    "note_midi": 41,
    "note_name": "F2",
    "note_frequency": 85.70685577392578,
    "note_confidence": 0.4168540835380554,
    "hardness": 36.29860899770071,
    "depth": 62.52525337797407,
    "brightness": 27.734413137254254,
    "roughness": 34.00914221326618,
    "warmth": 59.07126726227652,
    "sharpness": 7.770878481167497,
    "boominess": 54.23638010784896,
    "reverb": false,
    "genre": "Genre A",
    "mood": "Mood A"
}