{
    "duration": 1.8461250066757202,
    "lossless": 1.0,
    "codec": "pcm_s16le",
    "bitrate": 256000.0,
    "samplerate": 16000.0,
    "channels": 1.0,
    "audio_md5": "ae01b71a41eeb166b78525788c9d02d7",
    "loudness": -30.422216415405273,
    "dynamic_range": 0.0,
    "temporal_centroid": 0.3487934470176697,
    "log_attack_time": -0.04888726398348808,
    "filesize": 59120,
    "single_event": true,
    "tonality": "B minor",
    "tonality_confidence": 0.5680019855499268,
    "loop": false,
    "tempo": 161,
    "tempo_confidence": 0.0,
    "note_midi": 58,
    "note_name": "A#3",
    "note_frequency": 232.3846435546875,
    "note_confidence": 0.5080006122589111,
    "hardness": 41.771842228182905,
    "depth": 58.69737772822751,
    "brightness": 40.84897582075361,
    "roughness": 34.8288087874939,
    "warmth": 56.16707793453294,
    "sharpness": 31.032209633758423,
    "boominess": 45.34529591123095,
    "reverb": false,
    "genre": "Genre A",
    "mood": "Mood A"
}