{
    "duration": 1.8461250066757202,
    "lossless": 1.0,
    "codec": "pcm_s16le",
    "bitrate": 256000.0,
    "samplerate": 16000.0,
    "channels": 1.0,
    "audio_md5": "5f8434531a51f6b7e34c2233506fb140",
    "loudness": -26.908185958862305,
    "dynamic_range": 0.0,
    "temporal_centroid": 0.20054055750370026,
    "log_attack_time": -1.2945785522460938,
    "filesize": 59120,
    "single_event": true,
    "tonality": "G minor",
    "tonality_confidence": 0.4400549530982971,
    "loop": false,
    "tempo": 129,
    "tempo_confidence": 0.0,
    "note_midi": 37,
    "note_name": "C#2",
    "note_frequency": 69.56881713867188,
    "note_confidence": 0.4097263216972351,
    "hardness": 37.65676122945939,
    "depth": 65.78389714094641,
    "brightness": 36.324532874902914,
    "roughness": 30.636547647635922,
    "warmth": 56.86456354721377,
    "sharpness": 24.69797233101135,
    "boominess": 57.630286241629,
    "reverb": false,
    "genre": "Genre A",
    "mood": "Mood A"
}