{
    "duration": 1.8461250066757202,
    "lossless": 1.0,
    "codec": "pcm_s16le",
    "bitrate": 256000.0,
    "samplerate": 16000.0,
    "channels": 1.0,
    "audio_md5": "b2517143667d791e462a737d018b0914",
    "loudness": -31.070959091186523,
    "dynamic_range": 0.0,
    "temporal_centroid": 0.5508008003234863,
    "log_attack_time": 0.13748902082443237,
    "filesize": 59120,
    "single_event": true,
    "tonality": "B minor",
    "tonality_confidence": 0.6327396035194397,
    "loop": true,
    "tempo": 130,
    "tempo_confidence": 0.9999017119407654,
    "note_midi": 44,
    "note_name": "G#2",
    "note_frequency": 103.81798553466797,
    "note_confidence": 0.4776993989944458,
    "hardness": 41.746600703162784,
    "depth": 56.58700820321383,
    "brightness": 40.635421737719,
    "roughness": 33.093284642363265,
    "warmth": 52.24936693329129,
    "sharpness": 32.63640377711051,
    "boominess": 42.33006282506975,
    "reverb": false,
    "genre": "Genre A",
    "mood": "Mood A"
}