{
    "duration": 1.8461250066757202,
    "lossless": 1.0,
    "codec": "pcm_s16le",
    "bitrate": 256000.0,
    "samplerate": 16000.0,
    "channels": 1.0,
    "audio_md5": "8cd558a178fbabe5546a02f02e272c41",
    "loudness": -35.54853057861328,
    "dynamic_range": 0.0,
    "temporal_centroid": 0.2953059673309326,
    "log_attack_time": -0.03271527215838432,
    "filesize": 59120,
    "single_event": true,
    "tonality": "B minor",
    "tonality_confidence": 0.46631795167922974,
    "loop": false,
    "tempo": 126,
    "tempo_confidence": 0.0,
    "note_midi": 41,
    "note_name": "F2",
    "note_frequency": 86.84722900390625,
    "note_confidence": 0.4478791356086731,
    "hardness": 48.949278813200095,
    "depth": 63.52531003092669,
    "brightness": 43.11478192916644,
    "roughness": 35.33422992178315,
    "warmth": 52.71593848067979,
    "sharpness": 30.02666041514421,
    "boominess": 49.551399395545275,
    "reverb": false,
    "genre": "Genre A",
    "mood": "Mood A"
}