{
    "duration": 1.8461250066757202,
    "lossless": 1.0,
    "codec": "pcm_s16le",
    "bitrate": 256000.0,
    "samplerate": 16000.0,
    "channels": 1.0,
    "audio_md5": "65c767cd5c16c792aee368a9f8a7bd78",
    "loudness": -36.25038146972656,
    "dynamic_range": 0.0,
    "temporal_centroid": 0.6271873116493225,
    "log_attack_time": -0.1545926034450531,
    "filesize": 59120,
    "single_event": true,
    "tonality": "B minor",
    "tonality_confidence": 0.6752305030822754,
    "loop": false,
    "tempo": 167,
    "tempo_confidence": 0.0,
    "note_midi": 36,
    "note_name": "C2",
    "note_frequency": 66.86862182617188,
    "note_confidence": 0.23616784811019897,
    "hardness": 43.83368580837268,
    "depth": 63.05321833561458,
    "brightness": 37.03137504720455,
    "roughness": 32.01617292910093,
    "warmth": 56.291344436066225,
    "sharpness": 34.07305570501746,
    "boominess": 47.58386444988077,
    "reverb": false,
    "genre": "Genre A",
    "mood": "Mood A"
}