{
    "duration": 1.8461250066757202,
    "lossless": 1.0,
    "codec": "pcm_s16le",
    "bitrate": 256000.0,
    "samplerate": 16000.0,
    "channels": 1.0,
    "audio_md5": "c463418c8d5f8cfd673aed8c93d0c4d9",
    "loudness": -26.344053268432617,
    "dynamic_range": 0.0,
    "temporal_centroid": 0.5584167838096619,
    "log_attack_time": -0.02730187587440014,
    "filesize": 59120,
    "single_event": true,
    "tonality": "B minor",
    "tonality_confidence": 0.6736664772033691,
    "loop": true,
    "tempo": 130,
    "tempo_confidence": 0.9999017119407654,
    "note_midi": 42,
    "note_name": "F#2",
    "note_frequency": 94.46668243408203,
    "note_confidence": 0.4786837697029114,
    "hardness": 38.82863853902553,
    "depth": 50.35329383264731,
    "brightness": 38.98051176283939,
    "roughness": 29.85792073927839,
    "warmth": 52.67841941467658,
    "sharpness": 32.28524497747476,
    "boominess": 45.4914504495606,
    "reverb": false,
    "genre": "Genre A",
    "mood": "Mood A"
}