{
    "duration": 1.8461250066757202,
    "lossless": 1.0,
    "codec": "pcm_s16le",
    "bitrate": 256000.0,
    "samplerate": 16000.0,
    "channels": 1.0,
    "audio_md5": "94e4a7da6b54d3d388f6f93a8c554cb8",
    "loudness": -28.068723678588867,
    "dynamic_range": 0.0,
    "temporal_centroid": 0.5505786538124084,
    "log_attack_time": -0.02876202017068863,
    "filesize": 59120,
    "single_event": true,
    "tonality": "B minor",
    "tonality_confidence": 0.7240021228790283,
    "loop": true,
    "tempo": 130,
    "tempo_confidence": 0.9999017119407654,
    "note_midi": 38,
    "note_name": "D2",
    "note_frequency": 72.14271545410156,
    "note_confidence": 0.45152342319488525,
    "hardness": 42.09961698893086,
    "depth": 53.87622839017759,
    "brightness": 39.34987134812819,
    "roughness": 36.81863611420453,
    "warmth": 52.8377162152646,
    "sharpness": 36.74437605442172,
    "boominess": 41.49908249367945,
    "reverb": false,
    "genre": "Genre A",
    "mood": "Mood A"
}