{
    "duration": 1.8461250066757202,
    "lossless": 1.0,
    "codec": "pcm_s16le",
    "bitrate": 256000.0,
    "samplerate": 16000.0,
    "channels": 1.0,
    "audio_md5": "aa1d6db0bfa44264fbba28980e732e5e",
    "loudness": -28.592288970947266,
    "dynamic_range": 0.0,
    "temporal_centroid": 0.36157286167144775,
    "log_attack_time": -0.03212105855345726,
    "filesize": 59120,
    "single_event": true,
    "tonality": "B minor",
    "tonality_confidence": 0.7833338975906372,
    "loop": false,
    "tempo": 129,
    "tempo_confidence": 0.0,
    "note_midi": 43,
    "note_name": "G2",
    "note_frequency": 96.5847396850586,
    "note_confidence": 0.4321930408477783,
    "hardness": 35.643801320905055,
    "depth": 59.96121572730068,
    "brightness": 41.028814616994396,
    "roughness": 31.414126564544684,
    "warmth": 55.58955409451433,
    "sharpness": 27.993758270721273,
    "boominess": 49.93062859401599,
    "reverb": false,
    "genre": "Genre A",
    "mood": "Mood A"
}