{
    "duration": 1.8461250066757202,
    "lossless": 1.0,
    "codec": "pcm_s16le",
    "bitrate": 256000.0,
    "samplerate": 16000.0,
    "channels": 1.0,
    "audio_md5": "76111db5cff79bbc1c4b4cd9dca11d67",
    "loudness": -24.53515625,
    "dynamic_range": 0.0,
    "temporal_centroid": 0.46271711587905884,
    "log_attack_time": 0.14920514822006226,
    "filesize": 59120,
    "single_event": true,
    "tonality": "D minor",
    "tonality_confidence": 0.6563409566879272,
    "loop": false,
    "tempo": 164,
    "tempo_confidence": 0.0,
    "note_midi": 48,
    "note_name": "C3",
    "note_frequency": 132.82540893554688,
    "note_confidence": 0.3941250443458557,
    "hardness": 30.209439876698966,
    "depth": 66.72596014588649,
    "brightness": 18.102782530397057,
    "roughness": 29.877978891913113,
    "warmth": 58.38394132667379,
    "sharpness": 26.631781373162234,
    "boominess": 58.85899651674791,
    "reverb": false,
    "genre": "Genre A",
    "mood": "Mood A"
}