{
    "duration": 1.8461250066757202,
    "lossless": 1.0,
    "codec": "pcm_s16le",
    "bitrate": 256000.0,
    "samplerate": 16000.0,
    "channels": 1.0,
    "audio_md5": "d755abc1f995bce7bb8b60a33baf2104",
    "loudness": -29.77911949157715,
    "dynamic_range": 0.0,
    "temporal_centroid": 0.3600630760192871,
    "log_attack_time": -0.030987905338406563,
    "filesize": 59120,
    "single_event": true,
    "tonality": "B minor",
    "tonality_confidence": 0.6132482290267944,
    "loop": false,
    "tempo": 131,
    "tempo_confidence": 0.0,
    "note_midi": 47,
    "note_name": "B2",
    "note_frequency": 124.42277526855469,
    "note_confidence": 0.45355546474456787,
    "hardness": 34.272907841154364,
    "depth": 60.29043520014872,
    "brightness": 41.22314345625129,
    "roughness": 33.11119735304132,
    "warmth": 55.974338701654084,
    "sharpness": 27.331886436118666,
    "boominess": 50.16210574762586,
    "reverb": false,
    "genre": "Genre A",
    "mood": "Mood A"
}