{
    "duration": 1.8461250066757202,
    "lossless": 1.0,
    "codec": "pcm_s16le",
    "bitrate": 256000.0,
    "samplerate": 16000.0,
    "channels": 1.0,
    "audio_md5": "14ffee8fa6f2822c295c144f518e5af9",
    "loudness": -33.826419830322266,
    "dynamic_range": 0.0,
    "temporal_centroid": 0.41281604766845703,
    "log_attack_time": -0.1605803668498993,
    "filesize": 59120,
    "single_event": true,
    "tonality": "D# major",
    "tonality_confidence": 0.4336722195148468,
    "loop": false,
    "tempo": 178,
    "tempo_confidence": 0.0,
    "note_midi": 45,
    "note_name": "A2",
    "note_frequency": 109.34033966064453,
    "note_confidence": 0.4796990156173706,
    "hardness": 35.73195747939576,
    "depth": 61.16381843099877,
    "brightness": 28.231594557291498,
    "roughness": 35.200880368653394,
    "warmth": 56.794831928055515,
    "sharpness": 6.646000180502945,
    "boominess": 54.37306278335871,
    "reverb": false,
    "genre": "Genre A",
    "mood": "Mood A"
}