{
    "duration": 1.8461250066757202,
    "lossless": 1.0,
    "codec": "pcm_s16le",
    "bitrate": 256000.0,
    "samplerate": 16000.0,
    "channels": 1.0,
    "audio_md5": "321963410cae1b793d452a51455a8733",
    "loudness": -25.874446868896484,
    "dynamic_range": 0.0,
    "temporal_centroid": 0.13480719923973083,
    "log_attack_time": -1.4127142429351807,
    "filesize": 59120,
    "single_event": true,
    "tonality": "G major",
    "tonality_confidence": 0.4067859649658203,
    "loop": false,
    "tempo": 133,
    "tempo_confidence": 0.0,
    "note_midi": 38,
    "note_name": "D2",
    "note_frequency": 73.84050750732422,
    "note_confidence": 0.3960103988647461,
    "hardness": 37.54470109258864,
    "depth": 65.79411421542348,
    "brightness": 33.15844441000719,
    "roughness": 27.457047054979444,
    "warmth": 53.901916613556466,
    "sharpness": 24.6931416976131,
    "boominess": 59.19422048159419,
    "reverb": false,
    "genre": "Genre A",
    "mood": "Mood A"
}