{
    "duration": 1.8461250066757202,
    "lossless": 1.0,
    "codec": "pcm_s16le",
    "bitrate": 256000.0,
    "samplerate": 16000.0,
    "channels": 1.0,
    "audio_md5": "f5eb928c14a8e2b73273065b03074527",
    "loudness": -34.22620391845703,
    "dynamic_range": 0.0,
    "temporal_centroid": 0.35219958424568176,
    "log_attack_time": -1.7877097129821777,
    "filesize": 59120,
    "single_event": true,
    "tonality": "C# major",
    "tonality_confidence": 0.583726704120636,
    "loop": false,
    "tempo": 172,
    "tempo_confidence": 0.0,
    "note_midi": 44,
    "note_name": "G#2",
    "note_frequency": 101.74118041992188,
    "note_confidence": 0.5146090984344482,
    "hardness": 40.514535120936074,
    "depth": 63.05431730221435,
    "brightness": 28.37990084226417,
    "roughness": 37.139311513020196,
    "warmth": 58.388802030456894,
    "sharpness": 9.949988364266812,
    "boominess": 52.62772976494633,
    "reverb": false,
    "genre": "Genre A",
    "mood": "Mood A"
}