{
    "duration": 1.8461250066757202,
    "lossless": 1.0,
    "codec": "pcm_s16le",
    "bitrate": 256000.0,
    "samplerate": 16000.0,
    "channels": 1.0,
    "audio_md5": "a9c4dee3dd68b2541ab1f026058c11f4",
    "loudness": -28.788715362548828,
    "dynamic_range": 0.0,
    "temporal_centroid": 0.6217262148857117,
    "log_attack_time": -1.745712161064148,
    "filesize": 59120,
    "single_event": true,
    "tonality": "B minor",
    "tonality_confidence": 0.5562150478363037,
    "loop": true,
    "tempo": 131,
    "tempo_confidence": 0.9824739098548889,
    "note_midi": 36,
    "note_name": "C2",
    "note_frequency": 66.74374389648438,
    "note_confidence": 0.45030850172042847,
    "hardness": 41.029428887828445,
    "depth": 50.58285235192493,
    "brightness": 39.62962809402952,
    "roughness": 31.609939874258938,
    "warmth": 53.225425413764604,
    "sharpness": 24.805808476720994,
    "boominess": 47.97440155946563,
    "reverb": false,
    "genre": "Genre A",
    "mood": "Mood A"
}