{
    "duration": 1.8461250066757202,
    "lossless": 1.0,
    "codec": "pcm_s16le",
    "bitrate": 256000.0,
    "samplerate": 16000.0,
    "channels": 1.0,
    "audio_md5": "6848c4b19c9a9daa3dfac5a42864310e",
    "loudness": -23.82937240600586,
    "dynamic_range": 0.0,
    "temporal_centroid": 0.48807501792907715,
    "log_attack_time": 0.147651806473732,
    "filesize": 59120,
    "single_event": true,
    "tonality": "D# minor",
    "tonality_confidence": 0.6014803051948547,
    "loop": false,
    "tempo": 172,
    "tempo_confidence": 0.0,
    "note_midi": 40,
    "note_name": "E2",
    "note_frequency": 81.64111328125,
    "note_confidence": 0.46945178508758545,
    "hardness": 26.293314225477175,
    "depth": 65.83236327913941,
    "brightness": 17.42719759380892,
    "roughness": 0,
    "warmth": 56.65972544555295,
    "sharpness": 26.881738690013798,
    "boominess": 59.81686581326922,
    "reverb": false,
    "genre": "Genre A",
    "mood": "Mood A"
}