{
    "duration": 1.8461250066757202,
    "lossless": 1.0,
    "codec": "pcm_s16le",
    "bitrate": 256000.0,
    "samplerate": 16000.0,
    "channels": 1.0,
    "audio_md5": "d82fb17892dd18902fb305f8ba06f361",
    "loudness": -31.97284507751465,
    "dynamic_range": 0.0,
    "temporal_centroid": 0.4162951409816742,
    "log_attack_time": -0.118914395570755,
    "filesize": 59120,
    "single_event": true,
    "tonality": "B minor",
    "tonality_confidence": 0.6865819096565247,
    "loop": true,
    "tempo": 130,
    "tempo_confidence": 0.9999017119407654,
    "note_midi": 33,
    "note_name": "A1",
    "note_frequency": 53.90704345703125,
    "note_confidence": 0.28349876403808594,
    "hardness": 36.627882293507014,
    "depth": 67.1331990936718,
    "brightness": 37.27743014577554,
    "roughness": 33.67467922510881,
    "warmth": 58.64350226032575,
    "sharpness": 8.232051368168332,
    "boominess": 59.11916119432071,
    "reverb": false,
    "genre": "Genre A",
    "mood": "Mood A"
}