{
    "duration": 1.8461250066757202,
    "lossless": 1.0,
    "codec": "pcm_s16le",
    "bitrate": 256000.0,
    "samplerate": 16000.0,
    "channels": 1.0,
    "audio_md5": "83dea53d00a1154fda7ee51c89091b26",
    "loudness": -43.152366638183594,
    "dynamic_range": 0.0,
    "temporal_centroid": 0.2904404401779175,
    "log_attack_time": -1.3166711330413818,
    "filesize": 59120,
    "single_event": true,
    "tonality": "B major",
    "tonality_confidence": 0.7028411030769348,
    "loop": true,
    "tempo": 135,
    "tempo_confidence": 0.9830611944198608,
    "note_midi": 43,
    "note_name": "G2",
    "note_frequency": 98.36263275146484,
    "note_confidence": 0.4916788935661316,
    "hardness": 50.53583252528216,
    "depth": 59.65000613712766,
    "brightness": 45.08676143337043,
    "roughness": 46.28800354493418,
    "warmth": 58.077151288384655,
    "sharpness": 30.298720262940083,
    "boominess": 42.940530369055836,
    "reverb": false,
    "genre": "Genre A",
    "mood": "Mood A"
}