{
    "duration": 1.8461250066757202,
    "lossless": 1.0,
    "codec": "pcm_s16le",
    "bitrate": 256000.0,
    "samplerate": 16000.0,
    "channels": 1.0,
    "audio_md5": "0376c9ee162a06dd8fa6385426629093",
    "loudness": -23.1624813079834,
    "dynamic_range": 0.0,
    "temporal_centroid": 0.44741418957710266,
    "log_attack_time": 0.15709544718265533,
    "filesize": 59120,
    "single_event": true,
    "tonality": "D minor",
    "tonality_confidence": 0.5486817955970764,
    "loop": false,
    "tempo": 157,
    "tempo_confidence": 0.0,
    "note_midi": 43,
    "note_name": "G2",
    "note_frequency": 99.90245056152344,
    "note_confidence": 0.3283458948135376,
    "hardness": 26.51453585688246,
    "depth": 66.64339967953777,
    "brightness": 19.086917695197357,
    "roughness": 29.318846362349294,
    "warmth": 58.39702586531645,
    "sharpness": 25.58258059566371,
    "boominess": 58.995943092413114,
    "reverb": false,
    "genre": "Genre A",
    "mood": "Mood A"
}