{
    "duration": 1.8461250066757202,
    "lossless": 1.0,
    "codec": "pcm_s16le",
    "bitrate": 256000.0,
    "samplerate": 16000.0,
    "channels": 1.0,
    "audio_md5": "50a350503633b6c7aac4900e8b691936",
    "loudness": -26.105154037475586,
    "dynamic_range": 0.0,
    "temporal_centroid": 0.5160683393478394,
    "log_attack_time": -0.029815560206770897,
    "filesize": 59120,
    "single_event": true,
    "tonality": "B minor",
    "tonality_confidence": 0.6247628331184387,
    "loop": true,
    "tempo": 131,
    "tempo_confidence": 0.9881179332733154,
    "note_midi": 58,
    "note_name": "A#3",
    "note_frequency": 235.89195251464844,
    "note_confidence": 0.48177993297576904,
    "hardness": 37.45220023945717,
    "depth": 57.85868875778328,
    "brightness": 38.644323439966044,
    "roughness": 28.342775990121098,
    "warmth": 55.18705228983236,
    "sharpness": 27.740215102954128,
    "boominess": 47.71036975404457,
    "reverb": false,
    "genre": "Genre A",
    "mood": "Mood A"
}