{
    "duration": 1.8461250066757202,
    "lossless": 1.0,
    "codec": "pcm_s16le",
    "bitrate": 256000.0,
    "samplerate": 16000.0,
    "channels": 1.0,
    "audio_md5": "3fbd688d77199d41f8efc91a56d0d6ab",
    "loudness": -26.419519424438477,
    "dynamic_range": 0.0,
    "temporal_centroid": 0.1705755889415741,
    "log_attack_time": -1.4989314079284668,
    "filesize": 59120,
    "single_event": true,
    "tonality": "G major",
    "tonality_confidence": 0.4867541790008545,
    "loop": false,
    "tempo": 128,
    "tempo_confidence": 0.0,
    "note_midi": 35,
    "note_name": "B1",
    "note_frequency": 62.44794464111328,
    "note_confidence": 0.37684130668640137,
    "hardness": 35.627883443384064,
    "depth": 66.94535841424067,
    "brightness": 34.235794385639636,
    "roughness": 24.3836792642163,
    "warmth": 55.09533018537614,
    "sharpness": 29.05191952944247,
    "boominess": 59.430423667776125,
    "reverb": false,
    "genre": "Genre A",
    "mood": "Mood A"
}