{
    "duration": 1.8461250066757202,
    "lossless": 1.0,
    "codec": "pcm_s16le",
    "bitrate": 256000.0,
    "samplerate": 16000.0,
    "channels": 1.0,
    "audio_md5": "3212c7ef0c3fced737932fe4ccdeb290",
    "loudness": -28.704322814941406,
    "dynamic_range": 0.0,
    "temporal_centroid": 0.36554184556007385,
    "log_attack_time": -0.032078638672828674,
    "filesize": 59120,
    "single_event": true,
    "tonality": "B minor",
    "tonality_confidence": 0.6600498557090759,
    "loop": false,
    "tempo": 129,
    "tempo_confidence": 0.0,
    "note_midi": 47,
    "note_name": "B2",
    "note_frequency": 124.9132080078125,
    "note_confidence": 0.44846779108047485,
    "hardness": 36.135366641160914,
    "depth": 59.940742151930664,
    "brightness": 41.02333629098418,
    "roughness": 30.756716910570248,
    "warmth": 56.357702514653376,
    "sharpness": 28.99881020709222,
    "boominess": 49.51907978114725,
    "reverb": false,
    "genre": "Genre A",
    "mood": "Mood A"
}