{
    "duration": 1.8461250066757202,
    "lossless": 1.0,
    "codec": "pcm_s16le",
    "bitrate": 256000.0,
    "samplerate": 16000.0,
    "channels": 1.0,
    "audio_md5": "76e9331a3c4060a7c69a0c409baf3cc8",
    "loudness": -27.731008529663086,
    "dynamic_range": 0.0,
    "temporal_centroid": 0.5836421251296997,
    "log_attack_time": -0.02981550432741642,
    "filesize": 59120,
    "single_event": true,
    "tonality": "B major",
    "tonality_confidence": 0.6717422604560852,
    "loop": true,
    "tempo": 130,
    "tempo_confidence": 0.9999017119407654,
    "note_midi": 43,
    "note_name": "G2",
    "note_frequency": 98.75396728515625,
    "note_confidence": 0.4788215160369873,
    "hardness": 40.472111619454054,
    "depth": 47.98426432826335,
    "brightness": 36.998242543594955,
    "roughness": 36.61659626675852,
    "warmth": 53.52790036405453,
    "sharpness": 34.35441632154688,
    "boominess": 41.588355408927185,
    "reverb": false,
    "genre": "Genre A",
    "mood": "Mood A"
}