{
    "duration": 1.8461250066757202,
    "lossless": 1.0,
    "codec": "pcm_s16le",
    "bitrate": 256000.0,
    "samplerate": 16000.0,
    "channels": 1.0,
    "audio_md5": "ceaee5b61a23fa0c575ece36589659d7",
    "loudness": -34.353736877441406,
    "dynamic_range": 0.0,
    "temporal_centroid": 0.41929569840431213,
    "log_attack_time": -0.1613507717847824,
    "filesize": 59120,
    "single_event": true,
    "tonality": "G# major",
    "tonality_confidence": 0.679947018623352,
    "loop": false,
    "tempo": 167,
    "tempo_confidence": 0.0,
    "note_midi": 39,
    "note_name": "D#2",
    "note_frequency": 77.72663879394531,
    "note_confidence": 0.5730509757995605,
    "hardness": 36.78133484914247,
    "depth": 61.154383878861054,
    "brightness": 28.983531777101796,
    "roughness": 34.39173567570123,
    "warmth": 56.631584373373315,
    "sharpness": 8.29450508599648,
    "boominess": 53.6586880834141,
    "reverb": false,
    "genre": "Genre A",
    "mood": "Mood A"
}