{
    "duration": 1.8461250066757202,
    "lossless": 1.0,
    "codec": "pcm_s16le",
    "bitrate": 256000.0,
    "samplerate": 16000.0,
    "channels": 1.0,
    "audio_md5": "0d819fa7ef6b41adf5947bb4d60c5d5b",
    "loudness": -27.24152183532715,
    "dynamic_range": 0.0,
    "temporal_centroid": 0.38981354236602783,
    "log_attack_time": -0.11522646248340607,
    "filesize": 59120,
    "single_event": true,
    "tonality": "F# major",
    "tonality_confidence": 0.48939085006713867,
    "loop": false,
    "tempo": 129,
    "tempo_confidence": 0.0,
    "note_midi": 31,
    "note_name": "G1",
    "note_frequency": 48.317420959472656,
    "note_confidence": 0.36312103271484375,
    "hardness": 29.535648626015416,
    "depth": 67.89256118515159,
    "brightness": 36.04448008428945,
    "roughness": 31.448859278092264,
    "warmth": 57.5435566002955,
    "sharpness": 18.944692875663044,
    "boominess": 59.612267302790286,
    "reverb": false,
    "genre": "Genre A",
    "mood": "Mood A"
}