{
    "duration": 1.8461250066757202,
    "lossless": 1.0,
    "codec": "pcm_s16le",
    "bitrate": 256000.0,
    "samplerate": 16000.0,
    "channels": 1.0,
    "audio_md5": "ab8f8f9e36711f588f39fad140778b67",
    "loudness": -24.386926651000977,
    "dynamic_range": 0.0,
    "temporal_centroid": 0.44735100865364075,
    "log_attack_time": 0.15505361557006836,
    "filesize": 59120,
    "single_event": true,
    "tonality": "D major",
    "tonality_confidence": 0.6521711945533752,
    "loop": false,
    "tempo": 152,
    "tempo_confidence": 0.0,
    "note_midi": 43,
    "note_name": "G2",
    "note_frequency": 99.9024887084961,
    "note_confidence": 0.31317979097366333,
    "hardness": 28.888637330274122,
    "depth": 65.94261737730304,
    "brightness": 18.283462345238526,
    "roughness": 29.33340997288017,
    "warmth": 58.82340706430796,
    "sharpness": 25.382607316425833,
    "boominess": 58.51132845161215,
    "reverb": false,
    "genre": "Genre A",
    "mood": "Mood A"
}