{
    "duration": 1.8461250066757202,
    "lossless": 1.0,
    "codec": "pcm_s16le",
    "bitrate": 256000.0,
    "samplerate": 16000.0,
    "channels": 1.0,
    "audio_md5": "86bcb5915962731a20d696d51ecf30f6",
    "loudness": -28.380611419677734,
    "dynamic_range": 0.0,
    "temporal_centroid": 0.5351731181144714,
    "log_attack_time": -0.027322879061102867,
    "filesize": 59120,
    "single_event": true,
    "tonality": "B minor",
    "tonality_confidence": 0.6825525760650635,
    "loop": true,
    "tempo": 130,
    "tempo_confidence": 0.9999017119407654,
    "note_midi": 42,
    "note_name": "F#2",
    "note_frequency": 92.74425506591797,
    "note_confidence": 0.46215492486953735,
    "hardness": 42.883115964541986,
    "depth": 56.79612522345381,
    "brightness": 39.81444967193229,
    "roughness": 33.75345184028623,
    "warmth": 52.76174454148345,
    "sharpness": 33.156913961877976,
    "boominess": 44.16183261967154,
    "reverb": false,
    "genre": "Genre A",
    "mood": "Mood A"
}