{
    "duration": 1.8461250066757202,
    "lossless": 1.0,
    "codec": "pcm_s16le",
    "bitrate": 256000.0,
    "samplerate": 16000.0,
    "channels": 1.0,
    "audio_md5": "e0fc62b2b9e0993788c77d4be0dc6f2a",
    "loudness": -31.34539222717285,
    "dynamic_range": 0.0,
    "temporal_centroid": 0.5665313005447388,
    "log_attack_time": -0.030174309387803078,
    "filesize": 59120,
    "single_event": true,
    "tonality": "B minor",
    "tonality_confidence": 0.6887943744659424,
    "loop": true,
    "tempo": 130,
    "tempo_confidence": 0.9999017119407654,
    "note_midi": 42,
    "note_name": "F#2",
    "note_frequency": 92.93180847167969,
    "note_confidence": 0.44587934017181396,
    "hardness": 43.543124689103394,
    "depth": 46.440930880217365,
    "brightness": 40.148647254153836,
    "roughness": 38.66626758404001,
    "warmth": 52.25024104314436,
    "sharpness": 35.563862505315726,
    "boominess": 41.33279574515982,
    "reverb": false,
    "genre": "Genre A",
    "mood": "Mood A"
}