{
    "duration": 1.8461250066757202,
    "lossless": 1.0,
    "codec": "pcm_s16le",
    "bitrate": 256000.0,
    "samplerate": 16000.0,
    "channels": 1.0,
    "audio_md5": "76eb53e5303d41037729bcb778487520",
    "loudness": -34.396759033203125,
    "dynamic_range": 0.0,
    "temporal_centroid": 0.40240082144737244,
    "log_attack_time": -0.1603381484746933,
    "filesize": 59120,
    "single_event": true,
    "tonality": "C# major",
    "tonality_confidence": 0.7136250734329224,
    "loop": false,
    "tempo": 161,
    "tempo_confidence": 0.0,
    "note_midi": 48,
    "note_name": "C3",
    "note_frequency": 130.6029510498047,
    "note_confidence": 0.5129448175430298,
    "hardness": 36.3778484472743,
    "depth": 62.25642094354806,
    "brightness": 28.45409278470674,
    "roughness": 34.31512180630854,
    "warmth": 58.280552310111624,
    "sharpness": 5.5261597995705,
    "boominess": 54.80197525358357,
    "reverb": false,
    "genre": "Genre A",
    "mood": "Mood A"
}