{
    "duration": 1.8461250066757202,
    "lossless": 1.0,
    "codec": "pcm_s16le",
    "bitrate": 256000.0,
    "samplerate": 16000.0,
    "channels": 1.0,
    "audio_md5": "a20b27b55070341f554a9df346444168",
    "loudness": -28.55072784423828,
    "dynamic_range": 0.0,
    "temporal_centroid": 0.24341002106666565,
    "log_attack_time": -1.4518711566925049,
    "filesize": 59120,
    "single_event": true,
    "tonality": "C major",
    "tonality_confidence": 0.7009080052375793,
    "loop": false,
    "tempo": 131,
    "tempo_confidence": 0.0,
    "note_midi": 34,
    "note_name": "A#1",
    "note_frequency": 58.564292907714844,
    "note_confidence": 0.4246218800544739,
    "hardness": 31.322535924101246,
    "depth": 71.96458847684681,
    "brightness": 28.381220503414898,
    "roughness": 32.733203796561455,
    "warmth": 56.846053130247526,
    "sharpness": 22.32329466062662,
    "boominess": 59.8687252052477,
    "reverb": false,
    "genre": "Genre A",
    "mood": "Mood A"
}