{
    "duration": 1.8461250066757202,
    "lossless": 1.0,
    "codec": "pcm_s16le",
    "bitrate": 256000.0,
    "samplerate": 16000.0,
    "channels": 1.0,
    "audio_md5": "2560caee07bd0eb2a2f6c6008e752edf",
    "loudness": -33.602439880371094,
    "dynamic_range": 0.0,
    "temporal_centroid": 0.32294633984565735,
    "log_attack_time": -1.4695069789886475,
    "filesize": 59120,
    "single_event": true,
    "tonality": "B major",
    "tonality_confidence": 0.42724835872650146,
    "loop": true,
    "tempo": 131,
    "tempo_confidence": 0.9945540428161621,
    "note_midi": 38,
    "note_name": "D2",
    "note_frequency": 74.73617553710938,
    "note_confidence": 0.337105393409729,
    "hardness": 33.54916390902349,
    "depth": 64.63450476772131,
    "brightness": 36.62855640518009,
    "roughness": 29.24879894235937,
    "warmth": 58.296583278741174,
    "sharpness": 0.7228761120487661,
    "boominess": 60.21685194134395,
    "reverb": false,
    "genre": "Genre A",
    "mood": "Mood A"
}