{
    "duration": 1.8461250066757202,
    "lossless": 1.0,
    "codec": "pcm_s16le",
    "bitrate": 256000.0,
    "samplerate": 16000.0,
    "channels": 1.0,
    "audio_md5": "3f9d681b818298c40d08ba6ef78b70a9",
    "loudness": -24.28053855895996,
    "dynamic_range": 0.0,
    "temporal_centroid": 0.44686418771743774,
    "log_attack_time": 0.15677297115325928,
    "filesize": 59120,
    "single_event": true,
    "tonality": "C major",
    "tonality_confidence": 0.5304522514343262,
    "loop": false,
    "tempo": 161,
    "tempo_confidence": 0.0,
    "note_midi": 39,
    "note_name": "D#2",
    "note_frequency": 79.79109191894531,
    "note_confidence": 0.1853293776512146,
    "hardness": 25.19212042625358,
    "depth": 66.2588941463353,
    "brightness": 16.428183078070084,
    "roughness": 29.135889922044612,
    "warmth": 58.52915197142816,
    "sharpness": 16.327210223994236,
    "boominess": 62.22309283401445,
    "reverb": false,
    "genre": "Genre A",
    "mood": "Mood A"
}