{
    "duration": 1.8461250066757202,
    "lossless": 1.0,
    "codec": "pcm_s16le",
    "bitrate": 256000.0,
    "samplerate": 16000.0,
    "channels": 1.0,
    "audio_md5": "20352a31eb8f571215f8679617805ec6",
    "loudness": -27.006229400634766,
    "dynamic_range": 0.0,
    "temporal_centroid": 0.28370076417922974,
    "log_attack_time": -1.634987711906433,
    "filesize": 59120,
    "single_event": true,
    "tonality": "B minor",
    "tonality_confidence": 0.4664883613586426,
    "loop": false,
    "tempo": 172,
    "tempo_confidence": 0.0,
    "note_midi": 35,
    "note_name": "B1",
    "note_frequency": 60.76858901977539,
    "note_confidence": 0.33799415826797485,
    "hardness": 28.237626230048804,
    "depth": 66.23386772693891,
    "brightness": 33.176798018144126,
    "roughness": 0,
    "warmth": 57.14185401504972,
    "sharpness": 0.0,
    "boominess": 64.72875065961043,
    "reverb": false,
    "genre": "Genre A",
    "mood": "Mood A"
}