{
    "duration": 1.8461250066757202,
    "lossless": 1.0,
    "codec": "pcm_s16le",
    "bitrate": 256000.0,
    "samplerate": 16000.0,
    "channels": 1.0,
    "audio_md5": "2c2f83c63c0f0395d5055385fc2e72a8",
    "loudness": -23.707359313964844,
    "dynamic_range": 0.0,
    "temporal_centroid": 0.4551023244857788,
    "log_attack_time": 0.15406017005443573,
    "filesize": 59120,
    "single_event": true,
    "tonality": "B minor",
    "tonality_confidence": 0.5067301392555237,
    "loop": false,
    "tempo": 172,
    "tempo_confidence": 0.0,
    "note_midi": 43,
    "note_name": "G2",
    "note_frequency": 100.18587493896484,
    "note_confidence": 0.1507190465927124,
    "hardness": 28.105928283348234,
    "depth": 67.1222690206986,
    "brightness": 18.497975626968014,
    "roughness": 27.115667995256537,
    "warmth": 58.042686012291995,
    "sharpness": 25.971479780159754,
    "boominess": 59.33016908524147,
    "reverb": false,
    "genre": "Genre A",
    "mood": "Mood A"
}