{
    "duration": 1.8461250066757202,
    "lossless": 1.0,
    "codec": "pcm_s16le",
    "bitrate": 256000.0,
    "samplerate": 16000.0,
    "channels": 1.0,
    "audio_md5": "94d9c6e5718db6653d789553c61c8c35",
    "loudness": -34.4266471862793,
    "dynamic_range": 0.0,
    "temporal_centroid": 0.3356371819972992,
    "log_attack_time": -1.6545439958572388,
    "filesize": 59120,
    "single_event": true,
    "tonality": "D minor",
    "tonality_confidence": 0.5171388387680054,
    "loop": false,
    "tempo": 172,
    "tempo_confidence": 0.0,
    "note_midi": 34,
    "note_name": "A#1",
    "note_frequency": 57.260154724121094,
    "note_confidence": 0.4977189898490906,
    "hardness": 35.68685062326455,
    "depth": 64.74208887025411,
    "brightness": 27.888109575823616,
    "roughness": 35.116936021621754,
    "warmth": 59.115632893956075,
    "sharpness": 5.775604469951297,
    "boominess": 54.720867671632405,
    "reverb": false,
    "genre": "Genre A",
    "mood": "Mood A"
}