{
    "duration": 1.8461250066757202,
    "lossless": 1.0,
    "codec": "pcm_s16le",
    "bitrate": 256000.0,
    "samplerate": 16000.0,
    "channels": 1.0,
    "audio_md5": "2a38e3d2f312731511fb2aceaa4a4306",
    "loudness": -28.71622657775879,
    "dynamic_range": 0.0,
    "temporal_centroid": 0.36156943440437317,
    "log_attack_time": -0.032237693667411804,
    "filesize": 59120,
    "single_event": true,
    "tonality": "B minor",
    "tonality_confidence": 0.45724090933799744,
    "loop": false,
    "tempo": 129,
    "tempo_confidence": 0.0,
    "note_midi": 41,
    "note_name": "F2",
    "note_frequency": 88.61248016357422,
    "note_confidence": 0.4559982419013977,
    "hardness": 35.01086954578672,
    "depth": 60.28730389366919,
    "brightness": 40.8907312874777,
    "roughness": 30.552068509061897,
    "warmth": 56.313091075144,
    "sharpness": 24.270006404092335,
    "boominess": 50.14311974795549,
    "reverb": false,
    "genre": "Genre A",
    "mood": "Mood A"
}