{
    "duration": 1.8461250066757202,
    "lossless": 1.0,
    "codec": "pcm_s16le",
    "bitrate": 256000.0,
    "samplerate": 16000.0,
    "channels": 1.0,
    "audio_md5": "9a5d66cf9891969012e27778d093f6dc",
    "loudness": -24.608884811401367,
    "dynamic_range": 0.0,
    "temporal_centroid": 0.4593675136566162,
    "log_attack_time": 0.1540670245885849,
    "filesize": 59120,
    "single_event": true,
    "tonality": "D# minor",
    "tonality_confidence": 0.2602856159210205,
    "loop": false,
    "tempo": 172,
    "tempo_confidence": 0.0,
    "note_midi": 63,
    "note_name": "D#4",
    "note_frequency": 306.5307312011719,
    "note_confidence": 0.44232892990112305,
    "hardness": 30.149988381133184,
    "depth": 67.02528786484496,
    "brightness": 18.03313299372285,
    "roughness": 30.040883729482797,
    "warmth": 58.24689965717459,
    "sharpness": 26.46368001151876,
    "boominess": 58.95914015249233,
    "reverb": false,
    "genre": "Genre A",
    "mood": "Mood A"
}