{
    "duration": 1.8461250066757202,
    "lossless": 1.0,
    "codec": "pcm_s16le",
    "bitrate": 256000.0,
    "samplerate": 16000.0,
    "channels": 1.0,
    "audio_md5": "4b8dabd65691195acceee9704b1c9f1d",
    "loudness": -32.578956604003906,
    "dynamic_range": 0.0,
    "temporal_centroid": 0.45524680614471436,
    "log_attack_time": -0.3428877592086792,
    "filesize": 59120,
    "single_event": true,
    "tonality": "B minor",
    "tonality_confidence": 0.6697179079055786,
    "loop": true,
    "tempo": 130,
    "tempo_confidence": 0.9999017119407654,
    "note_midi": 40,
    "note_name": "E2",
    "note_frequency": 84.65612030029297,
    "note_confidence": 0.4604417681694031,
    "hardness": 41.03298552021759,
    "depth": 54.3424046957855,
    "brightness": 41.03001623766202,
    "roughness": 42.71554264840311,
    "warmth": 53.81551216340613,
    "sharpness": 30.508240993465197,
    "boominess": 41.705961742001534,
    "reverb": false,
    "genre": "Genre A",
    "mood": "Mood A"
}