{
    "duration": 1.8461250066757202,
    "lossless": 1.0,
    "codec": "pcm_s16le",
    "bitrate": 256000.0,
    "samplerate": 16000.0,
    "channels": 1.0,
    "audio_md5": "836329b6a6417fd8905d5cd9f657170c",
    "loudness": -39.20696258544922,
    "dynamic_range": 0.0,
    "temporal_centroid": 0.27888888120651245,
    "log_attack_time": -1.236538052558899,
    "filesize": 59120,
    "single_event": true,
    "tonality": "B minor",
    "tonality_confidence": 0.4406956732273102,
    "loop": false,
    "tempo": 131,
    "tempo_confidence": 0.0,
    "note_midi": 57,
    "note_name": "A3",
    "note_frequency": 225.18832397460938,
    "note_confidence": 0.4925365447998047,
    "hardness": 51.68984387660498,
    "depth": 59.741108622487616,
    "brightness": 45.12143196338987,
    "roughness": 40.2578249961258,
    "warmth": 55.14972546532661,
    "sharpness": 32.3267496298831,
    "boominess": 45.824395001758674,
    "reverb": false,
    "genre": "Genre A",
    "mood": "Mood A"
}