{
    "duration": 1.8461250066757202,
    "lossless": 1.0,
    "codec": "pcm_s16le",
    "bitrate": 256000.0,
    "samplerate": 16000.0,
    "channels": 1.0,
    "audio_md5": "a52c718d949a31e0f129f8c8f03e2742",
    "loudness": -26.74440574645996,
    "dynamic_range": 0.0,
    "temporal_centroid": 0.18715669214725494,
    "log_attack_time": -1.3822249174118042,
    "filesize": 59120,
    "single_event": true,
    "tonality": "A# major",
    "tonality_confidence": 0.334873765707016,
    "loop": false,
    "tempo": 133,
    "tempo_confidence": 0.0,
    "note_midi": 40,
    "note_name": "E2",
    "note_frequency": 83.26162719726562,
    "note_confidence": 0.40137195587158203,
    "hardness": 36.79499257352413,
    "depth": 68.60573118951868,
    "brightness": 35.09995042054914,
    "roughness": 29.76874914584642,
    "warmth": 55.363103988908165,
    "sharpness": 9.673000919086011,
    "boominess": 60.69259951833614,
    "reverb": false,
    "genre": "Genre A",
    "mood": "Mood A"
}