{
    "duration": 1.8461250066757202,
    "lossless": 1.0,
    "codec": "pcm_s16le",
    "bitrate": 256000.0,
    "samplerate": 16000.0,
    "channels": 1.0,
    "audio_md5": "c69181cc5ce35654854eb0dd80801706",
    "loudness": -28.959186553955078,
    "dynamic_range": 0.0,
    "temporal_centroid": 0.3407321870326996,
    "log_attack_time": -0.04177100956439972,
    "filesize": 59120,
    "single_event": true,
    "tonality": "B minor",
    "tonality_confidence": 0.7952948808670044,
    "loop": false,
    "tempo": 126,
    "tempo_confidence": 0.0,
    "note_midi": 40,
    "note_name": "E2",
    "note_frequency": 82.27955627441406,
    "note_confidence": 0.4292861819267273,
    "hardness": 34.181410939632244,
    "depth": 61.713980493864625,
    "brightness": 41.7306356466123,
    "roughness": 28.88171629882754,
    "warmth": 54.76508668221814,
    "sharpness": 30.468013626477777,
    "boominess": 49.49285431617128,
    "reverb": false,
    "genre": "Genre A",
    "mood": "Mood A"
}