{
    "duration": 1.8461250066757202,
    "lossless": 1.0,
    "codec": "pcm_s16le",
    "bitrate": 256000.0,
    "samplerate": 16000.0,
    "channels": 1.0,
    "audio_md5": "8d1efb40b8c4896bd02327735b396bc8",
    "loudness": -35.24161911010742,
    "dynamic_range": 0.0,
    "temporal_centroid": 0.1090208888053894,
    "log_attack_time": -1.4180965423583984,
    "filesize": 59120,
    "single_event": true,
    "tonality": "G major",
    "tonality_confidence": 0.6908503174781799,
    "loop": false,
    "tempo": 129,
    "tempo_confidence": 0.0,
    "note_midi": 38,
    "note_name": "D2",
    "note_frequency": 75.07440948486328,
    "note_confidence": 0.35935288667678833,
    "hardness": 41.60299122211174,
    "depth": 61.78526413960878,
    "brightness": 38.765432847106666,
    "roughness": 29.20027548533744,
    "warmth": 52.54145980665791,
    "sharpness": 11.67756200465574,
    "boominess": 60.114793383596194,
    "reverb": false,
    "genre": "Genre A",
    "mood": "Mood A"
}