{
    "duration": 1.8461250066757202,
    "lossless": 1.0,
    "codec": "pcm_s16le",
    "bitrate": 256000.0,
    "samplerate": 16000.0,
    "channels": 1.0,
    "audio_md5": "72167b754a0f38874b98bac024ef2a20",
    "loudness": -32.804893493652344,
    "dynamic_range": 0.0,
    "temporal_centroid": 0.4114670753479004,
    "log_attack_time": -0.3342340290546417,
    "filesize": 59120,
    "single_event": true,
    "tonality": "G# minor",
    "tonality_confidence": 0.6052653789520264,
    "loop": true,
    "tempo": 131,
    "tempo_confidence": 0.9599969983100891,
    "note_midi": 34,
    "note_name": "A#1",
    "note_frequency": 57.86753463745117,
    "note_confidence": 0.5303895473480225,
    "hardness": 39.949390102540065,
    "depth": 62.56363920647402,
    "brightness": 42.73151628841389,
    "roughness": 33.22109750018406,
    "warmth": 58.167350661365624,
    "sharpness": 35.690595659547036,
    "boominess": 47.46566267746715,
    "reverb": false,
    "genre": "Genre A",
    "mood": "Mood A"
}