{
    "duration": 1.8461250066757202,
    "lossless": 1.0,
    "codec": "pcm_s16le",
    "bitrate": 256000.0,
    "samplerate": 16000.0,
    "channels": 1.0,
    "audio_md5": "e057e5f7022ff2af076281c0ddaf94ae",
    "loudness": -20.240171432495117,
    "dynamic_range": 0.0,
    "temporal_centroid": 0.5326017141342163,
    "log_attack_time": -0.844822347164154,
    "filesize": 59120,
    "single_event": true,
    "tonality": "C minor",
    "tonality_confidence": 0.775974452495575,
    "loop": true,
    "tempo": 130,
    "tempo_confidence": 0.9999017119407654,
    "note_midi": 29,
    "note_name": "F1",
    "note_frequency": 43.024391174316406,
    "note_confidence": 0.3198282718658447,
    "hardness": 32.98475586242884,
    "depth": 72.85317071809322,
    "brightness": 24.5147432164507,
    "roughness": 37.557387974241635,
    "warmth": 58.330797690883756,
    "sharpness": 40.28114620529131,
    "boominess": 50.327885569045,
    "reverb": false,
    "genre": "Genre A",
    "mood": "Mood A"
}