{
    "duration": 1.8461250066757202,
    "lossless": 1.0,
    "codec": "pcm_s16le",
    "bitrate": 256000.0,
    "samplerate": 16000.0,
    "channels": 1.0,
    "audio_md5": "fbc8ce18c9e7fca878392d70a2579728",
    "loudness": -19.334274291992188,
    "dynamic_range": 0.0,
    "temporal_centroid": 0.47184163331985474,
    "log_attack_time": -0.9396020174026489,
    "filesize": 59120,
    "single_event": true,
    "tonality": "B major",
    "tonality_confidence": 0.5266863107681274,
    "loop": false,
    "tempo": 133,
    "tempo_confidence": 0.0,
    "note_midi": 32,
    "note_name": "G#1",
    "note_frequency": 52.22842025756836,
    "note_confidence": 0.7714006900787354,
    "hardness": 31.486239077343612,
    "depth": 69.50170053022852,
    "brightness": 29.45151010232749,
    "roughness": 36.81188332608119,
    "warmth": 60.914277511651306,
    "sharpness": 34.77449254882594,
    "boominess": 52.31501047888477,
    "reverb": false,
    "genre": "Genre A",
    "mood": "Mood A"
}