{
    "duration": 1.8461250066757202,
    "lossless": 1.0,
    "codec": "pcm_s16le",
    "bitrate": 256000.0,
    "samplerate": 16000.0,
    "channels": 1.0,
    "audio_md5": "02f9481a1a65f7b8df2d62fd3bb793d1",
    "loudness": -35.03290557861328,
    "dynamic_range": 0.0,
    "temporal_centroid": 0.4010922610759735,
    "log_attack_time": -0.02978389710187912,
    "filesize": 59120,
    "single_event": true,
    "tonality": "D# major",
    "tonality_confidence": 0.7604100704193115,
    "loop": false,
    "tempo": 172,
    "tempo_confidence": 0.0,
    "note_midi": 34,
    "note_name": "A#1",
    "note_frequency": 57.758544921875,
    "note_confidence": 0.6423808336257935,
    "hardness": 38.970534082183605,
    "depth": 64.76037044861854,
    "brightness": 38.9783667789586,
    "roughness": 38.60684226310019,
    "warmth": 59.698923340537405,
    "sharpness": 26.332921281743666,
    "boominess": 49.05442511596714,
    "reverb": false,
    "genre": "Genre A",
    "mood": "Mood A"
}