{
    "duration": 1.8461250066757202,
    "lossless": 1.0,
    "codec": "pcm_s16le",
    "bitrate": 256000.0,
    "samplerate": 16000.0,
    "channels": 1.0,
    "audio_md5": "3499b8388cc5b1523b2327dee49af8e3",
    "loudness": -39.49782943725586,
    "dynamic_range": 0.0,
    "temporal_centroid": 0.4022901654243469,
    "log_attack_time": -0.33376654982566833,
    "filesize": 59120,
    "single_event": true,
    "tonality": "C# major",
    "tonality_confidence": 0.658901572227478,
    "loop": false,
    "tempo": 128,
    "tempo_confidence": 0.0,
    "note_midi": 35,
    "note_name": "B1",
    "note_frequency": 60.41349792480469,
    "note_confidence": 0.503292441368103,
    "hardness": 44.29697081654376,
    "depth": 59.84161899313921,
    "brightness": 44.576068823491575,
    "roughness": 45.437666696825524,
    "warmth": 57.45129496244586,
    "sharpness": 24.24232950453461,
    "boominess": 45.77178500013404,
    "reverb": false,
    "genre": "Genre A",
    "mood": "Mood A"
}