{
    "duration": 1.8461250066757202,
    "lossless": 1.0,
    "codec": "pcm_s16le",
    "bitrate": 256000.0,
    "samplerate": 16000.0,
    "channels": 1.0,
    "audio_md5": "5106fa0046e37ed9dfca08d3d655cf6c",
    "loudness": -36.96041488647461,
    "dynamic_range": 0.0,
    "temporal_centroid": 0.5163208842277527,
    "log_attack_time": -1.5667074918746948,
    "filesize": 59120,
    "single_event": true,
    "tonality": "G minor",
    "tonality_confidence": 0.3646808862686157,
    "loop": true,
    "tempo": 130,
    "tempo_confidence": 0.9999017119407654,
    "note_midi": 30,
    "note_name": "F#1",
    "note_frequency": 45.8453254699707,
    "note_confidence": 0.4204671382904053,
    "hardness": 38.17101659855862,
    "depth": 67.88246184291677,
    "brightness": 39.434242990754186,
    "roughness": 41.18949754844917,
    "warmth": 56.72490739853778,
    "sharpness": 25.077796536359685,
    "boominess": 50.61135257204498,
    "reverb": false,
    "genre": "Genre A",
    "mood": "Mood A"
}