{
    "duration": 1.8461250066757202,
    "lossless": 1.0,
    "codec": "pcm_s16le",
    "bitrate": 256000.0,
    "samplerate": 16000.0,
    "channels": 1.0,
    "audio_md5": "fc3bfeb16f7db24c9498ed148d7452e6",
    "loudness": -18.05840492248535,
    "dynamic_range": 0.0,
    "temporal_centroid": 0.47389888763427734,
    "log_attack_time": -1.4301246404647827,
    "filesize": 59120,
    "single_event": true,
    "tonality": "F minor",
    "tonality_confidence": 0.2506304085254669,
    "loop": false,
    "tempo": 86,
    "tempo_confidence": 0.0,
    "note_midi": 31,
    "note_name": "G1",
    "note_frequency": 49.027503967285156,
    "note_confidence": 0.7890835404396057,
    "hardness": 30.988892051734496,
    "depth": 69.68609950459164,
    "brightness": 28.0303123618914,
    "roughness": 35.42479760652051,
    "warmth": 60.64251680739761,
    "sharpness": 38.082785834114475,
    "boominess": 50.225177503848556,
    "reverb": false,
    "genre": "Genre A",
    "mood": "Mood A"
}