{
    "duration": 1.8461250066757202,
    "lossless": 1.0,
    "codec": "pcm_s16le",
    "bitrate": 256000.0,
    "samplerate": 16000.0,
    "channels": 1.0,
    "audio_md5": "57c0e5422e5144347de00af9f9b63db5",
    "loudness": -27.31485939025879,
    "dynamic_range": 0.0,
    "temporal_centroid": 0.3253903090953827,
    "log_attack_time": -1.3882020711898804,
    "filesize": 59120,
    "single_event": true,
    "tonality": "C# major",
    "tonality_confidence": 0.36208224296569824,
    "loop": false,
    "tempo": 126,
    "tempo_confidence": 0.0,
    "note_midi": 32,
    "note_name": "G#1",
    "note_frequency": 50.733299255371094,
    "note_confidence": 0.38396555185317993,
    "hardness": 33.98557967532584,
    "depth": 67.65913769522156,
    "brightness": 32.681378521753096,
    "roughness": 29.882395942455446,
    "warmth": 58.31878479945331,
    "sharpness": 26.855621537908334,
    "boominess": 56.40112437616273,
    "reverb": false,
    "genre": "Genre A",
    "mood": "Mood A"
}