{
    "duration": 1.8461250066757202,
    "lossless": 1.0,
    "codec": "pcm_s16le",
    "bitrate": 256000.0,
    "samplerate": 16000.0,
    "channels": 1.0,
    "audio_md5": "4cbf62a17caa30882177d261e2a57dd7",
    "loudness": -25.578582763671875,
    "dynamic_range": 0.0,
    "temporal_centroid": 0.31458812952041626,
    "log_attack_time": -1.5595049858093262,
    "filesize": 59120,
    "single_event": true,
    "tonality": "C# major",
    "tonality_confidence": 0.4547358453273773,
    "loop": false,
    "tempo": 128,
    "tempo_confidence": 0.0,
    "note_midi": 32,
    "note_name": "G#1",
    "note_frequency": 52.62100601196289,
    "note_confidence": 0.46530991792678833,
    "hardness": 32.39456369374166,
    "depth": 68.81316846040475,
    "brightness": 30.980223712433652,
    "roughness": 28.319418988749867,
    "warmth": 56.03224280346345,
    "sharpness": 21.242096361397024,
    "boominess": 58.99732812504985,
    "reverb": false,
    "genre": "Genre A",
    "mood": "Mood A"
}