{
    "duration": 1.8461250066757202,
    "lossless": 1.0,
    "codec": "pcm_s16le",
    "bitrate": 256000.0,
    "samplerate": 16000.0,
    "channels": 1.0,
    "audio_md5": "9abf48541800990b1cceb46caa8b98b5",
    "loudness": -19.072662353515625,
    "dynamic_range": 0.0,
    "temporal_centroid": 0.4636247158050537,
    "log_attack_time": -0.945816159248352,
    "filesize": 59120,
    "single_event": true,
    "tonality": "A minor",
    "tonality_confidence": 0.333667129278183,
    "loop": false,
    "tempo": 129,
    "tempo_confidence": 0.0,
    "note_midi": 32,
    "note_name": "G#1",
    "note_frequency": 51.93138885498047,
    "note_confidence": 0.8002471923828125,
    "hardness": 30.842213190614146,
    "depth": 68.49426998364927,
    "brightness": 28.98911681405469,
    "roughness": 37.00058401831203,
    "warmth": 61.3349947789315,
    "sharpness": 33.57023587779922,
    "boominess": 52.73073349277911,
    "reverb": false,
    "genre": "Genre A",
    "mood": "Mood A"
}