{
    "duration": 1.8461250066757202,
    "lossless": 1.0,
    "codec": "pcm_s16le",
    "bitrate": 256000.0,
    "samplerate": 16000.0,
    "channels": 1.0,
    "audio_md5": "303c6119bb63a055b649d021936de00a",
    "loudness": -37.76920700073242,
    "dynamic_range": 0.0,
    "temporal_centroid": 0.5040763020515442,
    "log_attack_time": -1.6844435930252075,
    "filesize": 59120,
    "single_event": true,
    "tonality": "C# minor",
    "tonality_confidence": 0.6162004470825195,
    "loop": true,
    "tempo": 130,
    "tempo_confidence": 0.9999017119407654,
    "note_midi": 29,
    "note_name": "F1",
    "note_frequency": 43.76715087890625,
    "note_confidence": 0.4525388479232788,
    "hardness": 42.16899142250007,
    "depth": 68.33508612601892,
    "brightness": 40.094358229758384,
    "roughness": 41.0346255806509,
    "warmth": 59.5549411045085,
    "sharpness": 24.71114596345786,
    "boominess": 51.73482494970321,
    "reverb": false,
    "genre": "Genre A",
    "mood": "Mood A"
}