{
    "duration": 1.8461250066757202,
    "lossless": 1.0,
    "codec": "pcm_s16le",
    "bitrate": 256000.0,
    "samplerate": 16000.0,
    "channels": 1.0,
    "audio_md5": "ad3ba1dfb52b08bfddd3cafcf084a5ad",
    "loudness": -20.739042282104492,
    "dynamic_range": 0.0,
    "temporal_centroid": 0.45903506875038147,
    "log_attack_time": -0.9553962349891663,
    "filesize": 59120,
    "single_event": true,
    "tonality": "C# minor",
    "tonality_confidence": 0.6844918131828308,
    "loop": false,
    "tempo": 129,
    "tempo_confidence": 0.0,
    "note_midi": 34,
    "note_name": "A#1",
    "note_frequency": 59.009952545166016,
    "note_confidence": 0.6677722930908203,
    "hardness": 32.64028211137209,
    "depth": 67.51033633997804,
    "brightness": 30.75951750739206,
    "roughness": 35.164910687807605,
    "warmth": 59.714054700213154,
    "sharpness": 31.423419292396204,
    "boominess": 53.86796518309521,
    "reverb": false,
    "genre": "Genre A",
    "mood": "Mood A"
}