{
    "duration": 1.8461250066757202,
    "lossless": 1.0,
    "codec": "pcm_s16le",
    "bitrate": 256000.0,
    "samplerate": 16000.0,
    "channels": 1.0,
    "audio_md5": "77e7624dac2dcd07d7c1d0b48fa0605b",
    "loudness": -36.75756072998047,
    "dynamic_range": 0.0,
    "temporal_centroid": 0.4680909514427185,
    "log_attack_time": 0.05068393051624298,
    "filesize": 59120,
    "single_event": true,
    "tonality": "E minor",
    "tonality_confidence": 0.4204137623310089,
    "loop": false,
    "tempo": 128,
    "tempo_confidence": 0.0,
    "note_midi": 35,
    "note_name": "B1",
    "note_frequency": 62.60101318359375,
    "note_confidence": 0.4579126238822937,
    "hardness": 41.51180017369724,
    "depth": 60.26461489930647,
    "brightness": 42.605151681278514,
    "roughness": 36.66318264309138,
    "warmth": 57.11104307150457,
    "sharpness": 12.642721474833422,
    "boominess": 51.248364948486696,
    "reverb": false,
    "genre": "Genre A",
    "mood": "Mood A"
}