{
    "duration": 1.8461250066757202,
    "lossless": 1.0,
    "codec": "pcm_s16le",
    "bitrate": 256000.0,
    "samplerate": 16000.0,
    "channels": 1.0,
    "audio_md5": "c8b30e3355f2577fcd5ce9ebca8bf991",
    "loudness": -36.15487289428711,
    "dynamic_range": 0.0,
    "temporal_centroid": 0.3801116645336151,
    "log_attack_time": -0.037219539284706116,
    "filesize": 59120,
    "single_event": true,
    "tonality": "B major",
    "tonality_confidence": 0.7510930895805359,
    "loop": false,
    "tempo": 172,
    "tempo_confidence": 0.0,
    "note_midi": 33,
    "note_name": "A1",
    "note_frequency": 54.639041900634766,
    "note_confidence": 0.6516077518463135,
    "hardness": 38.28735079858592,
    "depth": 65.83360301402485,
    "brightness": 38.98402997166714,
    "roughness": 41.74637515383575,
    "warmth": 60.36566918352003,
    "sharpness": 26.436936417747688,
    "boominess": 48.85830417040575,
    "reverb": false,
    "genre": "Genre A",
    "mood": "Mood A"
}