{
    "duration": 1.8461250066757202,
    "lossless": 1.0,
    "codec": "pcm_s16le",
    "bitrate": 256000.0,
    "samplerate": 16000.0,
    "channels": 1.0,
    "audio_md5": "c7f6edbbfa7af176bcf44fee2cb00550",
    "loudness": -34.69352340698242,
    "dynamic_range": 0.0,
    "temporal_centroid": 0.4062343239784241,
    "log_attack_time": -0.031739477068185806,
    "filesize": 59120,
    "single_event": true,
    "tonality": "D minor",
    "tonality_confidence": 0.45863813161849976,
    "loop": false,
    "tempo": 172,
    "tempo_confidence": 0.0,
    "note_midi": 35,
    "note_name": "B1",
    "note_frequency": 60.66084289550781,
    "note_confidence": 0.6321569681167603,
    "hardness": 38.83469577816895,
    "depth": 64.18641027239492,
    "brightness": 38.954247305458026,
    "roughness": 39.94074484099055,
    "warmth": 59.242443309824594,
    "sharpness": 24.231068487519913,
    "boominess": 49.51486592325844,
    "reverb": false,
    "genre": "Genre A",
    "mood": "Mood A"
}