{
    "duration": 1.8461250066757202,
    "lossless": 1.0,
    "codec": "pcm_s16le",
    "bitrate": 256000.0,
    "samplerate": 16000.0,
    "channels": 1.0,
    "audio_md5": "501a0c08c2864f2baca8eeaec7ad5401",
    "loudness": -35.2518310546875,
    "dynamic_range": 0.0,
    "temporal_centroid": 0.39654842019081116,
    "log_attack_time": -0.028688400983810425,
    "filesize": 59120,
    "single_event": true,
    "tonality": "D# major",
    "tonality_confidence": 0.8325574994087219,
    "loop": false,
    "tempo": 172,
    "tempo_confidence": 0.0,
    "note_midi": 34,
    "note_name": "A#1",
    "note_frequency": 58.07379913330078,
    "note_confidence": 0.6614214181900024,
    "hardness": 37.46141929495323,
    "depth": 64.8998958072553,
    "brightness": 38.839079702651034,
    "roughness": 39.06103393444019,
    "warmth": 59.07026386028791,
    "sharpness": 25.147479226888144,
    "boominess": 49.72979843301292,
    "reverb": false,
    "genre": "Genre A",
    "mood": "Mood A"
}