{
    "duration": 1.8461250066757202,
    "lossless": 1.0,
    "codec": "pcm_s16le",
    "bitrate": 256000.0,
    "samplerate": 16000.0,
    "channels": 1.0,
    "audio_md5": "61a6e2b8e546073a2e8b47990f052c79",
    "loudness": -33.82304000854492,
    "dynamic_range": 0.0,
    "temporal_centroid": 0.4578820466995239,
    "log_attack_time": -0.33707094192504883,
    "filesize": 59120,
    "single_event": true,
    "tonality": "G major",
    "tonality_confidence": 0.25711140036582947,
    "loop": false,
    "tempo": 129,
    "tempo_confidence": 0.0,
    "note_midi": 33,
    "note_name": "A1",
    "note_frequency": 55.5152587890625,
    "note_confidence": 0.695651113986969,
    "hardness": 39.7227227070953,
    "depth": 65.35484987411664,
    "brightness": 41.212270670446465,
    "roughness": 41.452333037436524,
    "warmth": 62.04644478020341,
    "sharpness": 25.184115720554097,
    "boominess": 49.73517840879948,
    "reverb": false,
    "genre": "Genre A",
    "mood": "Mood A"
}