{
    "duration": 1.8461250066757202,
    "lossless": 1.0,
    "codec": "pcm_s16le",
    "bitrate": 256000.0,
    "samplerate": 16000.0,
    "channels": 1.0,
    "audio_md5": "698faa590e33e8ba42d35abcaa2ca696",
    "loudness": -39.61011505126953,
    "dynamic_range": 0.0,
    "temporal_centroid": 0.41905972361564636,
    "log_attack_time": -0.33118319511413574,
    "filesize": 59120,
    "single_event": true,
    "tonality": "E minor",
    "tonality_confidence": 0.6876979470252991,
    "loop": false,
    "tempo": 128,
    "tempo_confidence": 0.0,
    "note_midi": 34,
    "note_name": "A#1",
    "note_frequency": 56.937896728515625,
    "note_confidence": 0.5007202625274658,
    "hardness": 45.83212501507589,
    "depth": 60.04848312858885,
    "brightness": 44.335932298252374,
    "roughness": 43.537487565397214,
    "warmth": 57.88341064894505,
    "sharpness": 22.388040136556846,
    "boominess": 46.54881943685737,
    "reverb": false,
    "genre": "Genre A",
    "mood": "Mood A"
}