{
    "duration": 1.8461250066757202,
    "lossless": 1.0,
    "codec": "pcm_s16le",
    "bitrate": 256000.0,
    "samplerate": 16000.0,
    "channels": 1.0,
    "audio_md5": "10cdadf1077c9c1e1bf11d02b918b490",
    "loudness": -33.4228515625,
    "dynamic_range": 0.0,
    "temporal_centroid": 0.4887946546077728,
    "log_attack_time": -1.7074229717254639,
    "filesize": 59120,
    "single_event": true,
    "tonality": "G major",
    "tonality_confidence": 0.6968627572059631,
    "loop": true,
    "tempo": 130,
    "tempo_confidence": 0.9999017119407654,
    "note_midi": 30,
    "note_name": "F#1",
    "note_frequency": 46.076019287109375,
    "note_confidence": 0.4267411231994629,
    "hardness": 40.86709911228803,
    "depth": 68.03867772366496,
    "brightness": 38.318069236231565,
    "roughness": 37.4455213068598,
    "warmth": 58.46996444366292,
    "sharpness": 20.871464011775316,
    "boominess": 51.28454387963775,
    "reverb": false,
    "genre": "Genre A",
    "mood": "Mood A"
}