{
    "duration": 1.8461250066757202,
    "lossless": 1.0,
    "codec": "pcm_s16le",
    "bitrate": 256000.0,
    "samplerate": 16000.0,
    "channels": 1.0,
    "audio_md5": "20d25d1d4685891963bbea1a5fbd91b5",
    "loudness": -35.62049102783203,
    "dynamic_range": 0.0,
    "temporal_centroid": 0.3910544514656067,
    "log_attack_time": -0.03023766167461872,
    "filesize": 59120,
    "single_event": true,
    "tonality": "F# major",
    "tonality_confidence": 0.596311092376709,
    "loop": false,
    "tempo": 172,
    "tempo_confidence": 0.0,
    "note_midi": 34,
    "note_name": "A#1",
    "note_frequency": 59.372230529785156,
    "note_confidence": 0.7262015342712402,
    "hardness": 37.35602770759394,
    "depth": 65.58001460652852,
    "brightness": 39.320438256717246,
    "roughness": 37.43870700194077,
    "warmth": 59.46014963109762,
    "sharpness": 27.024485697371407,
    "boominess": 49.61774068299083,
    "reverb": false,
    "genre": "Genre A",
    "mood": "Mood A"
}