{
    "duration": 1.8461250066757202,
    "lossless": 1.0,
    "codec": "pcm_s16le",
    "bitrate": 256000.0,
    "samplerate": 16000.0,
    "channels": 1.0,
    "audio_md5": "b60df8ee77c3c9ae3dc750e3eb325a46",
    "loudness": -38.93014144897461,
    "dynamic_range": 0.0,
    "temporal_centroid": 0.4382140636444092,
    "log_attack_time": 0.06169004365801811,
    "filesize": 59120,
    "single_event": true,
    "tonality": "G major",
    "tonality_confidence": 0.561435341835022,
    "loop": false,
    "tempo": 128,
    "tempo_confidence": 0.0,
    "note_midi": 33,
    "note_name": "A1",
    "note_frequency": 55.011932373046875,
    "note_confidence": 0.4883430600166321,
    "hardness": 42.88621417813533,
    "depth": 60.18975595313071,
    "brightness": 43.59547784946146,
    "roughness": 43.6059774997098,
    "warmth": 57.73705072921284,
    "sharpness": 20.08208331963062,
    "boominess": 47.5980766924715,
    "reverb": false,
    "genre": "Genre A",
    "mood": "Mood A"
}