{
    "duration": 1.8461250066757202,
    "lossless": 1.0,
    "codec": "pcm_s16le",
    "bitrate": 256000.0,
    "samplerate": 16000.0,
    "channels": 1.0,
    "audio_md5": "9581d1e53d53dd1a5c6240a91dde723c",
    "loudness": -47.96461868286133,
    "dynamic_range": 0.0,
    "temporal_centroid": 0.5431680083274841,
    "log_attack_time": -0.41004788875579834,
    "filesize": 59120,
    "single_event": true,
    "tonality": "G major",
    "tonality_confidence": 0.6985064744949341,
    "loop": false,
    "tempo": 101,
    "tempo_confidence": 0.0,
    "note_midi": 34,
    "note_name": "A#1",
    "note_frequency": 59.5496826171875,
    "note_confidence": 0.3164028525352478,
    "hardness": 55.43839718403095,
    "depth": 55.15783001676482,
    "brightness": 49.69991446616187,
    "roughness": 50.1578699314122,
    "warmth": 54.34564975955748,
    "sharpness": 29.774309268086995,
    "boominess": 40.13828337179065,
    "reverb": false,
    "genre": "Genre B",
    "mood": "Mood B"
}