{
    "duration": 1.8461250066757202,
    "lossless": 1.0,
    "codec": "pcm_s16le",
    "bitrate": 256000.0,
    "samplerate": 16000.0,
    "channels": 1.0,
    "audio_md5": "6f9d1f1bf3de7c0bbefe83c8645e9fe5",
    "loudness": -36.919368743896484,
    "dynamic_range": 0.0,
    "temporal_centroid": 0.3810098171234131,
    "log_attack_time": -2.110412359237671,
    "filesize": 59120,
    "single_event": true,
    "tonality": "E major",
    "tonality_confidence": 0.8331701159477234,
    "loop": false,
    "tempo": 83,
    "tempo_confidence": 0.0,
    "note_midi": 33,
    "note_name": "A1",
    "note_frequency": 54.972381591796875,
    "note_confidence": 0.6674181222915649,
    "hardness": 41.7438940984691,
    "depth": 64.2178903045711,
    "brightness": 40.49628584310682,
    "roughness": 38.402179485717184,
    "warmth": 58.56432315535907,
    "sharpness": 21.98722306140187,
    "boominess": 48.99854035919708,
    "reverb": false,
    "genre": "Genre A",
    "mood": "Mood A"
}