{
    "duration": 1.8461250066757202,
    "lossless": 1.0,
    "codec": "pcm_s16le",
    "bitrate": 256000.0,
    "samplerate": 16000.0,
    "channels": 1.0,
    "audio_md5": "20b16ec67998f00726a83467eaf77c74",
    "loudness": -36.12892532348633,
    "dynamic_range": 0.0,
    "temporal_centroid": 0.4095505475997925,
    "log_attack_time": -0.9961761832237244,
    "filesize": 59120,
    "single_event": true,
    "tonality": "A minor",
    "tonality_confidence": 0.4217468202114105,
    "loop": true,
    "tempo": 130,
    "tempo_confidence": 0.9999017119407654,
    "note_midi": 31,
    "note_name": "G1",
    "note_frequency": 47.684730529785156,
    "note_confidence": 0.24105006456375122,
    "hardness": 34.47902817013785,
    "depth": 67.86511512628904,
    "brightness": 32.28360080819914,
    "roughness": 34.04257401053458,
    "warmth": 59.672938975972045,
    "sharpness": 30.632010819590278,
    "boominess": 53.03750455306056,
    "reverb": false,
    "genre": "Genre A",
    "mood": "Mood A"
}