{
    "duration": 1.8461250066757202,
    "lossless": 1.0,
    "codec": "pcm_s16le",
    "bitrate": 256000.0,
    "samplerate": 16000.0,
    "channels": 1.0,
    "audio_md5": "f69bcf3c91bdf83b5e0e01e0d3d4aa6a",
    "loudness": -18.632448196411133,
    "dynamic_range": 0.0,
    "temporal_centroid": 0.5298171043395996,
    "log_attack_time": -0.8856024146080017,
    "filesize": 59120,
    "single_event": true,
    "tonality": "G minor",
    "tonality_confidence": 0.8206980228424072,
    "loop": false,
    "tempo": 128,
    "tempo_confidence": 0.0,
    "note_midi": 30,
    "note_name": "F#1",
    "note_frequency": 46.920387268066406,
    "note_confidence": 0.7824229001998901,
    "hardness": 31.2487609976358,
    "depth": 70.76412034194874,
    "brightness": 25.789090070214215,
    "roughness": 28.2960783944314,
    "warmth": 58.117539545491915,
    "sharpness": 36.56710187858643,
    "boominess": 53.36051651122324,
    "reverb": false,
    "genre": "Genre A",
    "mood": "Mood A"
}