{
    "duration": 1.8461250066757202,
    "lossless": 1.0,
    "codec": "pcm_s16le",
    "bitrate": 256000.0,
    "samplerate": 16000.0,
    "channels": 1.0,
    "audio_md5": "666c415e6002b2660926b319d7f4508c",
    "loudness": -21.30567741394043,
    "dynamic_range": 0.0,
    "temporal_centroid": 0.5351746082305908,
    "log_attack_time": -0.8420754671096802,
    "filesize": 59120,
    "single_event": true,
    "tonality": "F minor",
    "tonality_confidence": 0.6868470907211304,
    "loop": true,
    "tempo": 131,
    "tempo_confidence": 0.9836621284484863,
    "note_midi": 29,
    "note_name": "F1",
    "note_frequency": 43.024391174316406,
    "note_confidence": 0.242132306098938,
    "hardness": 36.08384529191841,
    "depth": 73.87973783643781,
    "brightness": 25.511828545071534,
    "roughness": 35.90799967794812,
    "warmth": 60.231714021411484,
    "sharpness": 41.03351411215361,
    "boominess": 50.13126061813222,
    "reverb": false,
    "genre": "Genre A",
    "mood": "Mood A"
}