{
    "duration": 1.8461250066757202,
    "lossless": 1.0,
    "codec": "pcm_s16le",
    "bitrate": 256000.0,
    "samplerate": 16000.0,
    "channels": 1.0,
    "audio_md5": "83f4b8f09f27c65f894a5d86d8c3e801",
    "loudness": -19.551057815551758,
    "dynamic_range": 0.0,
    "temporal_centroid": 0.471133291721344,
    "log_attack_time": -0.9410611987113953,
    "filesize": 59120,
    "single_event": true,
    "tonality": "C major",
    "tonality_confidence": 0.7403566837310791,
    "loop": false,
    "tempo": 133,
    "tempo_confidence": 0.0,
    "note_midi": 34,
    "note_name": "A#1",
    "note_frequency": 57.63172912597656,
    "note_confidence": 0.7740128636360168,
    "hardness": 32.877327718247756,
    "depth": 69.34505999318212,
    "brightness": 29.416626244696683,
    "roughness": 37.013700639645386,
    "warmth": 60.569163746831315,
    "sharpness": 31.892052803084773,
    "boominess": 53.61082404727759,
    "reverb": false,
    "genre": "Genre A",
    "mood": "Mood A"
}