{
    "duration": 1.8461250066757202,
    "lossless": 1.0,
    "codec": "pcm_s16le",
    "bitrate": 256000.0,
    "samplerate": 16000.0,
    "channels": 1.0,
    "audio_md5": "13ce64006bda96ba73c30ec5da0e53ee",
    "loudness": -25.725181579589844,
    "dynamic_range": 0.0,
    "temporal_centroid": 0.5309114456176758,
    "log_attack_time": -0.9962738156318665,
    "filesize": 59120,
    "single_event": true,
    "tonality": "B minor",
    "tonality_confidence": 0.37973108887672424,
    "loop": false,
    "tempo": 167,
    "tempo_confidence": 0.0,
    "note_midi": 36,
    "note_name": "C2",
    "note_frequency": 64.30973815917969,
    "note_confidence": 0.0,
    "hardness": 39.260003900524296,
    "depth": 66.83539271576785,
    "brightness": 28.68583118810802,
    "roughness": 34.08187222773962,
    "warmth": 63.236071875320505,
    "sharpness": 44.63634418183414,
    "boominess": 43.21757905259034,
    "reverb": false,
    "genre": "Genre A",
    "mood": "Mood A"
}