{
    "duration": 1.8461250066757202,
    "lossless": 1.0,
    "codec": "pcm_s16le",
    "bitrate": 256000.0,
    "samplerate": 16000.0,
    "channels": 1.0,
    "audio_md5": "f2367478baf778b4985023c43c0f30e1",
    "loudness": -36.4757194519043,
    "dynamic_range": 0.0,
    "temporal_centroid": 0.38864392042160034,
    "log_attack_time": -1.9489569664001465,
    "filesize": 59120,
    "single_event": true,
    "tonality": "G minor",
    "tonality_confidence": 0.5992878079414368,
    "loop": false,
    "tempo": 172,
    "tempo_confidence": 0.0,
    "note_midi": 33,
    "note_name": "A1",
    "note_frequency": 56.457801818847656,
    "note_confidence": 0.7160916328430176,
    "hardness": 39.317434141029366,
    "depth": 64.2243850479357,
    "brightness": 40.734944736502655,
    "roughness": 36.81409856886682,
    "warmth": 58.86988311469982,
    "sharpness": 22.94476367253222,
    "boominess": 49.86130689350969,
    "reverb": false,
    "genre": "Genre A",
    "mood": "Mood A"
}