{
    "duration": 1.8461250066757202,
    "lossless": 1.0,
    "codec": "pcm_s16le",
    "bitrate": 256000.0,
    "samplerate": 16000.0,
    "channels": 1.0,
    "audio_md5": "7a36fe5ae113f23779a4cb9ee06bb233",
    "loudness": -38.662498474121094,
    "dynamic_range": 0.0,
    "temporal_centroid": 0.39531850814819336,
    "log_attack_time": -0.33065569400787354,
    "filesize": 59120,
    "single_event": true,
    "tonality": "B minor",
    "tonality_confidence": 0.6115710139274597,
    "loop": false,
    "tempo": 128,
    "tempo_confidence": 0.0,
    "note_midi": 35,
    "note_name": "B1",
    "note_frequency": 62.37154769897461,
    "note_confidence": 0.5112259387969971,
    "hardness": 44.46567945757738,
    "depth": 59.83296760719321,
    "brightness": 44.00262317613264,
    "roughness": 43.92716401265853,
    "warmth": 57.55489552555787,
    "sharpness": 22.129147665929096,
    "boominess": 46.85003344407254,
    "reverb": false,
    "genre": "Genre A",
    "mood": "Mood A"
}