{
    "duration": 1.8461250066757202,
    "lossless": 1.0,
    "codec": "pcm_s16le",
    "bitrate": 256000.0,
    "samplerate": 16000.0,
    "channels": 1.0,
    "audio_md5": "d61ec1997661bbf600ff8d41a4f676f1",
    "loudness": -38.680503845214844,
    "dynamic_range": 0.0,
    "temporal_centroid": 0.5151954889297485,
    "log_attack_time": -1.5451035499572754,
    "filesize": 59120,
    "single_event": true,
    "tonality": "C major",
    "tonality_confidence": 0.4325592517852783,
    "loop": true,
    "tempo": 130,
    "tempo_confidence": 0.9999017119407654,
    "note_midi": 29,
    "note_name": "F1",
    "note_frequency": 43.538360595703125,
    "note_confidence": 0.4305605888366699,
    "hardness": 40.343764653213086,
    "depth": 68.14367802972394,
    "brightness": 40.29951146347328,
    "roughness": 42.077159908832165,
    "warmth": 60.747586716335626,
    "sharpness": 26.087726018912743,
    "boominess": 51.35541506168466,
    "reverb": false,
    "genre": "Genre A",
    "mood": "Mood A"
}