{
    "duration": 1.8461250066757202,
    "lossless": 1.0,
    "codec": "pcm_s16le",
    "bitrate": 256000.0,
    "samplerate": 16000.0,
    "channels": 1.0,
    "audio_md5": "6ddd11157913ec66ca84cd5235ddcfa1",
    "loudness": -35.319950103759766,
    "dynamic_range": 0.0,
    "temporal_centroid": 0.39906030893325806,
    "log_attack_time": -0.02914099395275116,
    "filesize": 59120,
    "single_event": true,
    "tonality": "D# major",
    "tonality_confidence": 0.7903833985328674,
    "loop": false,
    "tempo": 172,
    "tempo_confidence": 0.0,
    "note_midi": 34,
    "note_name": "A#1",
    "note_frequency": 59.22865676879883,
    "note_confidence": 0.6543612480163574,
    "hardness": 39.98330195552059,
    "depth": 64.75757935043802,
    "brightness": 38.60974303424989,
    "roughness": 38.67208905681216,
    "warmth": 60.14525396364677,
    "sharpness": 25.970094111576824,
    "boominess": 49.54690744447902,
    "reverb": false,
    "genre": "Genre A",
    "mood": "Mood A"
}