{
    "duration": 1.8461250066757202,
    "lossless": 1.0,
    "codec": "pcm_s16le",
    "bitrate": 256000.0,
    "samplerate": 16000.0,
    "channels": 1.0,
    "audio_md5": "553d7df30626637cf0f4106ad01459da",
    "loudness": -34.29585266113281,
    "dynamic_range": 0.0,
    "temporal_centroid": 0.5078250169754028,
    "log_attack_time": -2.3000452518463135,
    "filesize": 59120,
    "single_event": true,
    "tonality": "F minor",
    "tonality_confidence": 0.38677412271499634,
    "loop": true,
    "tempo": 130,
    "tempo_confidence": 0.9999017119407654,
    "note_midi": 29,
    "note_name": "F1",
    "note_frequency": 44.539527893066406,
    "note_confidence": 0.4715040326118469,
    "hardness": 39.79860665966454,
    "depth": 65.81771267793647,
    "brightness": 36.0396376214503,
    "roughness": 38.17241154017446,
    "warmth": 57.08250817480058,
    "sharpness": 23.047495393178274,
    "boominess": 51.18163529169692,
    "reverb": false,
    "genre": "Genre A",
    "mood": "Mood A"
}