{
    "duration": 1.8461250066757202,
    "lossless": 1.0,
    "codec": "pcm_s16le",
    "bitrate": 256000.0,
    "samplerate": 16000.0,
    "channels": 1.0,
    "audio_md5": "ec49b615321667352538d72d557a729f",
    "loudness": -37.321903228759766,
    "dynamic_range": 0.0,
    "temporal_centroid": 0.4977833926677704,
    "log_attack_time": -1.558435082435608,
    "filesize": 59120,
    "single_event": true,
    "tonality": "C minor",
    "tonality_confidence": 0.4159454107284546,
    "loop": true,
    "tempo": 130,
    "tempo_confidence": 0.9999017119407654,
    "note_midi": 29,
    "note_name": "F1",
    "note_frequency": 43.78691482543945,
    "note_confidence": 0.42887741327285767,
    "hardness": 40.30209524187492,
    "depth": 67.43648410376126,
    "brightness": 39.90382381898446,
    "roughness": 42.141350497055406,
    "warmth": 58.184984080512514,
    "sharpness": 22.707396777724817,
    "boominess": 51.73023213733207,
    "reverb": false,
    "genre": "Genre A",
    "mood": "Mood A"
}