{
    "duration": 1.8461250066757202,
    "lossless": 1.0,
    "codec": "pcm_s16le",
    "bitrate": 256000.0,
    "samplerate": 16000.0,
    "channels": 1.0,
    "audio_md5": "2345b1d6c554c8a138161f426ef37b22",
    "loudness": -38.26556396484375,
    "dynamic_range": 0.0,
    "temporal_centroid": 0.4005494713783264,
    "log_attack_time": -0.040763843804597855,
    "filesize": 59120,
    "single_event": true,
    "tonality": "B minor",
    "tonality_confidence": 0.5866047739982605,
    "loop": false,
    "tempo": 167,
    "tempo_confidence": 0.0,
    "note_midi": 36,
    "note_name": "C2",
    "note_frequency": 65.75993347167969,
    "note_confidence": 0.5816491842269897,
    "hardness": 43.37612496365887,
    "depth": 62.60528837842364,
    "brightness": 40.454568707405414,
    "roughness": 42.28182929751172,
    "warmth": 58.40949061134776,
    "sharpness": 20.45897946840928,
    "boominess": 47.34429888824623,
    "reverb": false,
    "genre": "Genre A",
    "mood": "Mood A"
}