{
    "duration": 1.8461250066757202,
    "lossless": 1.0,
    "codec": "pcm_s16le",
    "bitrate": 256000.0,
    "samplerate": 16000.0,
    "channels": 1.0,
    "audio_md5": "e43be1e1a7acd761d45b0af26e2c214e",
    "loudness": -20.994596481323242,
    "dynamic_range": 0.0,
    "temporal_centroid": 0.5022896528244019,
    "log_attack_time": -0.9793268442153931,
    "filesize": 59120,
    "single_event": true,
    "tonality": "C minor",
    "tonality_confidence": 0.4902494549751282,
    "loop": false,
    "tempo": 164,
    "tempo_confidence": 0.0,
    "note_midi": 30,
    "note_name": "F#1",
    "note_frequency": 47.60011672973633,
    "note_confidence": 0.40560513734817505,
    "hardness": 33.7930513377525,
    "depth": 68.19029780652885,
    "brightness": 29.13200112020268,
    "roughness": 37.27618807588688,
    "warmth": 60.19324129864915,
    "sharpness": 36.301653063438785,
    "boominess": 51.470449371535736,
    "reverb": false,
    "genre": "Genre A",
    "mood": "Mood A"
}