{
    "duration": 1.8461250066757202,
    "lossless": 1.0,
    "codec": "pcm_s16le",
    "bitrate": 256000.0,
    "samplerate": 16000.0,
    "channels": 1.0,
    "audio_md5": "b031c4158f81b480b07ff45489727910",
    "loudness": -37.1822509765625,
    "dynamic_range": 0.0,
    "temporal_centroid": 0.4977041184902191,
    "log_attack_time": -1.5496182441711426,
    "filesize": 59120,
    "single_event": true,
    "tonality": "G minor",
    "tonality_confidence": 0.4379454553127289,
    "loop": true,
    "tempo": 130,
    "tempo_confidence": 0.9999017119407654,
    "note_midi": 30,
    "note_name": "F#1",
    "note_frequency": 46.23566818237305,
    "note_confidence": 0.42292875051498413,
    "hardness": 39.2397532264398,
    "depth": 66.66010637625477,
    "brightness": 39.461263300419134,
    "roughness": 41.86191243062564,
    "warmth": 58.665673015727364,
    "sharpness": 23.563819997766778,
    "boominess": 50.48307024942566,
    "reverb": false,
    "genre": "Genre A",
    "mood": "Mood A"
}