{
    "duration": 1.8461250066757202,
    "lossless": 1.0,
    "codec": "pcm_s16le",
    "bitrate": 256000.0,
    "samplerate": 16000.0,
    "channels": 1.0,
    "audio_md5": "50ed43e88e6136db8a67e16f5ec61464",
    "loudness": -39.385501861572266,
    "dynamic_range": 0.0,
    "temporal_centroid": 0.5216413736343384,
    "log_attack_time": -1.6820693016052246,
    "filesize": 59120,
    "single_event": true,
    "tonality": "C major",
    "tonality_confidence": 0.701397180557251,
    "loop": true,
    "tempo": 130,
    "tempo_confidence": 0.9999017119407654,
    "note_midi": 29,
    "note_name": "F1",
    "note_frequency": 44.30815505981445,
    "note_confidence": 0.38957732915878296,
    "hardness": 40.09270224570324,
    "depth": 69.14347056417752,
    "brightness": 40.56113442160721,
    "roughness": 41.92177563351096,
    "warmth": 58.712538309430826,
    "sharpness": 28.621721061998795,
    "boominess": 50.48133948985304,
    "reverb": false,
    "genre": "Genre A",
    "mood": "Mood A"
}