{
    "duration": 1.8461250066757202,
    "lossless": 1.0,
    "codec": "pcm_s16le",
    "bitrate": 256000.0,
    "samplerate": 16000.0,
    "channels": 1.0,
    "audio_md5": "a16a85191056bd5a6fe4a41a4bf645c4",
    "loudness": -23.814546585083008,
    "dynamic_range": 0.0,
    "temporal_centroid": 0.35503894090652466,
    "log_attack_time": -0.9710490107536316,
    "filesize": 59120,
    "single_event": true,
    "tonality": "F# major",
    "tonality_confidence": 0.6638458967208862,
    "loop": false,
    "tempo": 91,
    "tempo_confidence": 0.0,
    "note_midi": 33,
    "note_name": "A1",
    "note_frequency": 56.3498420715332,
    "note_confidence": 0.7506128549575806,
    "hardness": 31.765127037748613,
    "depth": 68.55605608963914,
    "brightness": 29.215014748284304,
    "roughness": 38.747864533382945,
    "warmth": 59.84223988610808,
    "sharpness": 34.96270697209848,
    "boominess": 52.76072068863178,
    "reverb": false,
    "genre": "Genre A",
    "mood": "Mood A"
}