{
    "duration": 1.8461250066757202,
    "lossless": 1.0,
    "codec": "pcm_s16le",
    "bitrate": 256000.0,
    "samplerate": 16000.0,
    "channels": 1.0,
    "audio_md5": "d2279fcdbaeec2e143bf833fd940cddf",
    "loudness": -32.28877258300781,
    "dynamic_range": 0.0,
    "temporal_centroid": 0.45526713132858276,
    "log_attack_time": -0.3320496380329132,
    "filesize": 59120,
    "single_event": true,
    "tonality": "B major",
    "tonality_confidence": 0.4480881094932556,
    "loop": true,
    "tempo": 132,
    "tempo_confidence": 0.9574965834617615,
    "note_midi": 32,
    "note_name": "G#1",
    "note_frequency": 53.216575622558594,
    "note_confidence": 0.4850395917892456,
    "hardness": 35.42002075395793,
    "depth": 59.12632823084713,
    "brightness": 39.46764382630678,
    "roughness": 46.78241991413559,
    "warmth": 60.81536765167832,
    "sharpness": 15.279968631281175,
    "boominess": 47.048573833584115,
    "reverb": false,
    "genre": "Genre A",
    "mood": "Mood A"
}