{
    "duration": 1.8461250066757202,
    "lossless": 1.0,
    "codec": "pcm_s16le",
    "bitrate": 256000.0,
    "samplerate": 16000.0,
    "channels": 1.0,
    "audio_md5": "38feed73377db7849bdeaca706d12b83",
    "loudness": -21.761484146118164,
    "dynamic_range": 0.0,
    "temporal_centroid": 0.35868823528289795,
    "log_attack_time": -0.6225467324256897,
    "filesize": 59120,
    "single_event": true,
    "tonality": "A minor",
    "tonality_confidence": 0.6771610379219055,
    "loop": false,
    "tempo": 120,
    "tempo_confidence": 0.0,
    "note_midi": 33,
    "note_name": "A1",
    "note_frequency": 53.682228088378906,
    "note_confidence": 0.8572538495063782,
    "hardness": 31.66948314017253,
    "depth": 69.04619710001374,
    "brightness": 28.943863978589643,
    "roughness": 36.01448673829677,
    "warmth": 59.14283048815075,
    "sharpness": 34.01142373646847,
    "boominess": 53.25697725943357,
    "reverb": false,
    "genre": "Genre A",
    "mood": "Mood A"
}