{
    "duration": 1.8461250066757202,
    "lossless": 1.0,
    "codec": "pcm_s16le",
    "bitrate": 256000.0,
    "samplerate": 16000.0,
    "channels": 1.0,
    "audio_md5": "300ccf449216a1ad66c852c9a770008e",
    "loudness": -18.26727867126465,
    "dynamic_range": 0.0,
    "temporal_centroid": 0.4719289243221283,
    "log_attack_time": -1.176534652709961,
    "filesize": 59120,
    "single_event": true,
    "tonality": "A# major",
    "tonality_confidence": 0.372437059879303,
    "loop": false,
    "tempo": 129,
    "tempo_confidence": 0.0,
    "note_midi": 33,
    "note_name": "A1",
    "note_frequency": 54.9912109375,
    "note_confidence": 0.7765158414840698,
    "hardness": 27.76392154481303,
    "depth": 69.48801761149194,
    "brightness": 28.088156474275454,
    "roughness": 31.980352854810697,
    "warmth": 60.861897992690686,
    "sharpness": 32.76251349620256,
    "boominess": 52.876847517893545,
    "reverb": false,
    "genre": "Genre A",
    "mood": "Mood A"
}