{
    "duration": 1.8461250066757202,
    "lossless": 1.0,
    "codec": "pcm_s16le",
    "bitrate": 256000.0,
    "samplerate": 16000.0,
    "channels": 1.0,
    "audio_md5": "ea34f1ef61285be33bbdb30b99705fa9",
    "loudness": -21.339006423950195,
    "dynamic_range": 0.0,
    "temporal_centroid": 0.384204238653183,
    "log_attack_time": 0.09331049025058746,
    "filesize": 59120,
    "single_event": true,
    "tonality": "D minor",
    "tonality_confidence": 0.4565581679344177,
    "loop": false,
    "tempo": 152,
    "tempo_confidence": 0.0,
    "note_midi": 32,
    "note_name": "G#1",
    "note_frequency": 52.05317687988281,
    "note_confidence": 0.8422169089317322,
    "hardness": 28.218006289217456,
    "depth": 68.90401512123988,
    "brightness": 27.756954330048146,
    "roughness": 38.047249289387295,
    "warmth": 58.6111798189101,
    "sharpness": 34.342993144149354,
    "boominess": 53.5991162763961,
    "reverb": false,
    "genre": "Genre A",
    "mood": "Mood A"
}