{
    "duration": 1.8461250066757202,
    "lossless": 1.0,
    "codec": "pcm_s16le",
    "bitrate": 256000.0,
    "samplerate": 16000.0,
    "channels": 1.0,
    "audio_md5": "bbbbae149d128885ec8505961e540dbb",
    "loudness": -27.2985782623291,
    "dynamic_range": 0.0,
    "temporal_centroid": 0.3229003846645355,
    "log_attack_time": -1.392557144165039,
    "filesize": 59120,
    "single_event": true,
    "tonality": "F major",
    "tonality_confidence": 0.519489049911499,
    "loop": false,
    "tempo": 126,
    "tempo_confidence": 0.0,
    "note_midi": 32,
    "note_name": "G#1",
    "note_frequency": 50.43899154663086,
    "note_confidence": 0.41095560789108276,
    "hardness": 35.782604484477915,
    "depth": 67.90085057117992,
    "brightness": 32.70555396115518,
    "roughness": 32.93312774089446,
    "warmth": 57.05318078490593,
    "sharpness": 26.882405499562694,
    "boominess": 56.41573965043784,
    "reverb": false,
    "genre": "Genre A",
    "mood": "Mood A"
}