{
    "duration": 1.8461250066757202,
    "lossless": 1.0,
    "codec": "pcm_s16le",
    "bitrate": 256000.0,
    "samplerate": 16000.0,
    "channels": 1.0,
    "audio_md5": "3023018bd2d018ec4e3a14b9f2b2fa4b",
    "loudness": -35.190948486328125,
    "dynamic_range": 0.0,
    "temporal_centroid": 0.39230990409851074,
    "log_attack_time": -0.029425442218780518,
    "filesize": 59120,
    "single_event": true,
    "tonality": "G# major",
    "tonality_confidence": 0.8518824577331543,
    "loop": false,
    "tempo": 172,
    "tempo_confidence": 0.0,
    "note_midi": 34,
    "note_name": "A#1",
    "note_frequency": 58.156314849853516,
    "note_confidence": 0.7069226503372192,
    "hardness": 38.05038731148301,
    "depth": 64.61210284797895,
    "brightness": 38.62525255190431,
    "roughness": 39.15423629738019,
    "warmth": 59.32221563454825,
    "sharpness": 25.245439156294047,
    "boominess": 49.92963438441026,
    "reverb": false,
    "genre": "Genre A",
    "mood": "Mood A"
}