{
    "duration": 1.8461250066757202,
    "lossless": 1.0,
    "codec": "pcm_s16le",
    "bitrate": 256000.0,
    "samplerate": 16000.0,
    "channels": 1.0,
    "audio_md5": "dccb0950112fd7fe002135a950872119",
    "loudness": -44.37090301513672,
    "dynamic_range": 0.0,
    "temporal_centroid": 0.3059675395488739,
    "log_attack_time": -1.9326313734054565,
    "filesize": 59120,
    "single_event": true,
    "tonality": "B minor",
    "tonality_confidence": 0.9154824018478394,
    "loop": false,
    "tempo": 128,
    "tempo_confidence": 0.0,
    "note_midi": 38,
    "note_name": "D2",
    "note_frequency": 75.21556091308594,
    "note_confidence": 0.27894216775894165,
    "hardness": 48.41105138953901,
    "depth": 62.22060073392329,
    "brightness": 45.173277016513836,
    "roughness": 34.74746228311132,
    "warmth": 55.07262488216686,
    "sharpness": 24.300925930965604,
    "boominess": 50.115240555546364,
    "reverb": false,
    "genre": "Genre A",
    "mood": "Mood A"
}