{
    "duration": 1.8461250066757202,
    "lossless": 1.0,
    "codec": "pcm_s16le",
    "bitrate": 256000.0,
    "samplerate": 16000.0,
    "channels": 1.0,
    "audio_md5": "aaaec62283a11351ce24ff8a39f1aa18",
    "loudness": -32.177040100097656,
    "dynamic_range": 0.0,
    "temporal_centroid": 0.4335990250110626,
    "log_attack_time": -0.3359595537185669,
    "filesize": 59120,
    "single_event": true,
    "tonality": "G major",
    "tonality_confidence": 0.6158009171485901,
    "loop": false,
    "tempo": 129,
    "tempo_confidence": 0.0,
    "note_midi": 35,
    "note_name": "B1",
    "note_frequency": 61.31938552856445,
    "note_confidence": 0.60367351770401,
    "hardness": 38.58000673034314,
    "depth": 64.2126488075351,
    "brightness": 40.77503729394981,
    "roughness": 40.7047206456329,
    "warmth": 60.58333070345866,
    "sharpness": 29.3750524281531,
    "boominess": 48.33847877102008,
    "reverb": false,
    "genre": "Genre A",
    "mood": "Mood A"
}