{
    "duration": 1.8461250066757202,
    "lossless": 1.0,
    "codec": "pcm_s16le",
    "bitrate": 256000.0,
    "samplerate": 16000.0,
    "channels": 1.0,
    "audio_md5": "099a3375fdadcc34b30eb7678dcc7b72",
    "loudness": -20.757009506225586,
    "dynamic_range": 0.0,
    "temporal_centroid": 0.527135968208313,
    "log_attack_time": -0.6255717277526855,
    "filesize": 59120,
    "single_event": true,
    "tonality": "C minor",
    "tonality_confidence": 0.7723751068115234,
    "loop": true,
    "tempo": 131,
    "tempo_confidence": 0.9747505784034729,
    "note_midi": 29,
    "note_name": "F1",
    "note_frequency": 43.024391174316406,
    "note_confidence": 0.40731459856033325,
    "hardness": 33.42609832524906,
    "depth": 73.32212599742127,
    "brightness": 25.671527422155464,
    "roughness": 35.25208827622748,
    "warmth": 58.68021056260618,
    "sharpness": 45.47672045943514,
    "boominess": 46.69695696789083,
    "reverb": false,
    "genre": "Genre A",
    "mood": "Mood A"
}