{
    "duration": 1.8461250066757202,
    "lossless": 1.0,
    "codec": "pcm_s16le",
    "bitrate": 256000.0,
    "samplerate": 16000.0,
    "channels": 1.0,
    "audio_md5": "daac4169a0dedadb1075946edfca2768",
    "loudness": -27.70941162109375,
    "dynamic_range": 0.0,
    "temporal_centroid": 0.3184254467487335,
    "log_attack_time": -1.187617301940918,
    "filesize": 59120,
    "single_event": true,
    "tonality": "F# major",
    "tonality_confidence": 0.4852244257926941,
    "loop": false,
    "tempo": 131,
    "tempo_confidence": 0.0,
    "note_midi": 33,
    "note_name": "A1",
    "note_frequency": 54.00446701049805,
    "note_confidence": 0.4006122350692749,
    "hardness": 36.91563649138992,
    "depth": 66.63915548194075,
    "brightness": 31.99403580084057,
    "roughness": 29.378285827967954,
    "warmth": 57.01728276543651,
    "sharpness": 29.098714909268857,
    "boominess": 55.294009610285585,
    "reverb": false,
    "genre": "Genre A",
    "mood": "Mood A"
}