{
    "duration": 1.8461250066757202,
    "lossless": 1.0,
    "codec": "pcm_s16le",
    "bitrate": 256000.0,
    "samplerate": 16000.0,
    "channels": 1.0,
    "audio_md5": "be8b710f0a2523872d91bee44b06b421",
    "loudness": -18.491418838500977,
    "dynamic_range": 0.0,
    "temporal_centroid": 0.37549102306365967,
    "log_attack_time": -0.6934412717819214,
    "filesize": 59120,
    "single_event": true,
    "tonality": "E major",
    "tonality_confidence": 0.5666678547859192,
    "loop": false,
    "tempo": 123,
    "tempo_confidence": 0.0,
    "note_midi": 32,
    "note_name": "G#1",
    "note_frequency": 51.022762298583984,
    "note_confidence": 0.7883004546165466,
    "hardness": 25.565494269749195,
    "depth": 70.57965947097308,
    "brightness": 26.729566964068333,
    "roughness": 32.12034183525194,
    "warmth": 57.452877815060056,
    "sharpness": 39.27944408244278,
    "boominess": 50.96731276198321,
    "reverb": false,
    "genre": "Genre A",
    "mood": "Mood A"
}