{
    "duration": 1.8461250066757202,
    "lossless": 1.0,
    "codec": "pcm_s16le",
    "bitrate": 256000.0,
    "samplerate": 16000.0,
    "channels": 1.0,
    "audio_md5": "2d289b2b78d16e584b0836b8964c40af",
    "loudness": -33.18686294555664,
    "dynamic_range": 0.0,
    "temporal_centroid": 0.47753316164016724,
    "log_attack_time": -0.3348509967327118,
    "filesize": 59120,
    "single_event": true,
    "tonality": "G major",
    "tonality_confidence": 0.7893374562263489,
    "loop": true,
    "tempo": 131,
    "tempo_confidence": 0.9648488163948059,
    "note_midi": 37,
    "note_name": "C#2",
    "note_frequency": 71.0422592163086,
    "note_confidence": 0.5848485231399536,
    "hardness": 40.24722284559796,
    "depth": 62.12154213888967,
    "brightness": 42.11529896502728,
    "roughness": 44.46501306296207,
    "warmth": 61.53915966084516,
    "sharpness": 20.34659599467436,
    "boominess": 48.01537454908444,
    "reverb": false,
    "genre": "Genre A",
    "mood": "Mood A"
}