{
    "duration": 1.8461250066757202,
    "lossless": 1.0,
    "codec": "pcm_s16le",
    "bitrate": 256000.0,
    "samplerate": 16000.0,
    "channels": 1.0,
    "audio_md5": "13e8f2920c39fdc98d071b625ba263e2",
    "loudness": -34.01414489746094,
    "dynamic_range": 0.0,
    "temporal_centroid": 0.43431076407432556,
    "log_attack_time": -0.3348935842514038,
    "filesize": 59120,
    "single_event": true,
    "tonality": "A# major",
    "tonality_confidence": 0.6286554336547852,
    "loop": false,
    "tempo": 129,
    "tempo_confidence": 0.0,
    "note_midi": 33,
    "note_name": "A1",
    "note_frequency": 54.171592712402344,
    "note_confidence": 0.6799657344818115,
    "hardness": 35.6083709073547,
    "depth": 63.020795672770305,
    "brightness": 42.33289848061216,
    "roughness": 41.34686797681727,
    "warmth": 60.00317280501612,
    "sharpness": 18.414855163928216,
    "boominess": 51.095847604037104,
    "reverb": false,
    "genre": "Genre A",
    "mood": "Mood A"
}