{
    "duration": 1.8461250066757202,
    "lossless": 1.0,
    "codec": "pcm_s16le",
    "bitrate": 256000.0,
    "samplerate": 16000.0,
    "channels": 1.0,
    "audio_md5": "49853ae3b3a268b48ed0319870b3e965",
    "loudness": -25.766813278198242,
    "dynamic_range": 0.0,
    "temporal_centroid": 0.39652112126350403,
    "log_attack_time": -0.15792310237884521,
    "filesize": 59120,
    "single_event": true,
    "tonality": "E major",
    "tonality_confidence": 0.5683044195175171,
    "loop": false,
    "tempo": 126,
    "tempo_confidence": 0.0,
    "note_midi": 32,
    "note_name": "G#1",
    "note_frequency": 51.78981399536133,
    "note_confidence": 0.3589782118797302,
    "hardness": 34.51313055942323,
    "depth": 68.3781685200793,
    "brightness": 30.928270129670274,
    "roughness": 34.3299298471366,
    "warmth": 57.47206703520291,
    "sharpness": 28.576462167555206,
    "boominess": 56.380172126891324,
    "reverb": false,
    "genre": "Genre A",
    "mood": "Mood A"
}