{
    "duration": 1.8461250066757202,
    "lossless": 1.0,
    "codec": "pcm_s16le",
    "bitrate": 256000.0,
    "samplerate": 16000.0,
    "channels": 1.0,
    "audio_md5": "8d60e42cac5ec6fccd25549d50c80359",
    "loudness": -31.740488052368164,
    "dynamic_range": 0.0,
    "temporal_centroid": 0.44468626379966736,
    "log_attack_time": -0.3361303508281708,
    "filesize": 59120,
    "single_event": true,
    "tonality": "B major",
    "tonality_confidence": 0.4718809723854065,
    "loop": true,
    "tempo": 131,
    "tempo_confidence": 0.9788102507591248,
    "note_midi": 34,
    "note_name": "A#1",
    "note_frequency": 57.468666076660156,
    "note_confidence": 0.48891693353652954,
    "hardness": 41.05286140395425,
    "depth": 61.885393493724465,
    "brightness": 40.78372266526459,
    "roughness": 43.44680810207,
    "warmth": 60.56683890343352,
    "sharpness": 22.08070062167731,
    "boominess": 48.56870847273514,
    "reverb": false,
    "genre": "Genre A",
    "mood": "Mood A"
}