{
    "duration": 1.8461250066757202,
    "lossless": 1.0,
    "codec": "pcm_s16le",
    "bitrate": 256000.0,
    "samplerate": 16000.0,
    "channels": 1.0,
    "audio_md5": "822554bf9d9ef5877469b15ea81d863e",
    "loudness": -21.573678970336914,
    "dynamic_range": 0.0,
    "temporal_centroid": 0.37348878383636475,
    "log_attack_time": -0.9660112857818604,
    "filesize": 59120,
    "single_event": true,
    "tonality": "G minor",
    "tonality_confidence": 0.5934719443321228,
    "loop": false,
    "tempo": 86,
    "tempo_confidence": 0.0,
    "note_midi": 32,
    "note_name": "G#1",
    "note_frequency": 52.46638488769531,
    "note_confidence": 0.7750221490859985,
    "hardness": 31.1400440686225,
    "depth": 68.69743321754108,
    "brightness": 27.634479765703077,
    "roughness": 36.75612285323967,
    "warmth": 58.6197596910111,
    "sharpness": 36.89391898767544,
    "boominess": 52.038072184124786,
    "reverb": false,
    "genre": "Genre A",
    "mood": "Mood A"
}