{
    "duration": 1.8461250066757202,
    "lossless": 1.0,
    "codec": "pcm_s16le",
    "bitrate": 256000.0,
    "samplerate": 16000.0,
    "channels": 1.0,
    "audio_md5": "821201181b4f99e8aca3d95730e6f20a",
    "loudness": -23.468523025512695,
    "dynamic_range": 0.0,
    "temporal_centroid": 0.5515123605728149,
    "log_attack_time": -0.8850730657577515,
    "filesize": 59120,
    "single_event": true,
    "tonality": "F minor",
    "tonality_confidence": 0.5020281076431274,
    "loop": true,
    "tempo": 131,
    "tempo_confidence": 0.9832660555839539,
    "note_midi": 29,
    "note_name": "F1",
    "note_frequency": 43.024391174316406,
    "note_confidence": 0.263077974319458,
    "hardness": 34.32056924991049,
    "depth": 73.84915409538435,
    "brightness": 24.43941053259703,
    "roughness": 34.61321119701826,
    "warmth": 59.20307534934955,
    "sharpness": 38.79039832619808,
    "boominess": 51.164060182746,
    "reverb": false,
    "genre": "Genre A",
    "mood": "Mood A"
}