{
    "duration": 1.8461250066757202,
    "lossless": 1.0,
    "codec": "pcm_s16le",
    "bitrate": 256000.0,
    "samplerate": 16000.0,
    "channels": 1.0,
    "audio_md5": "7a696b7a919d65853c2356e3c4f56467",
    "loudness": -21.859832763671875,
    "dynamic_range": 0.0,
    "temporal_centroid": 0.4592404365539551,
    "log_attack_time": -0.94321608543396,
    "filesize": 59120,
    "single_event": true,
    "tonality": "C minor",
    "tonality_confidence": 0.5016745924949646,
    "loop": false,
    "tempo": 138,
    "tempo_confidence": 0.0,
    "note_midi": 33,
    "note_name": "A1",
    "note_frequency": 55.493194580078125,
    "note_confidence": 0.5679619312286377,
    "hardness": 33.39288757116148,
    "depth": 66.78214833259345,
    "brightness": 30.849030515046366,
    "roughness": 35.84075900015658,
    "warmth": 60.00702084160937,
    "sharpness": 33.799897234148006,
    "boominess": 52.806334569858606,
    "reverb": false,
    "genre": "Genre A",
    "mood": "Mood A"
}