{
    "duration": 1.8461250066757202,
    "lossless": 1.0,
    "codec": "pcm_s16le",
    "bitrate": 256000.0,
    "samplerate": 16000.0,
    "channels": 1.0,
    "audio_md5": "5687ec3cc4ece154a40adfd2abe3f102",
    "loudness": -35.50056076049805,
    "dynamic_range": 0.0,
    "temporal_centroid": 0.39933761954307556,
    "log_attack_time": -0.040763869881629944,
    "filesize": 59120,
    "single_event": true,
    "tonality": "B major",
    "tonality_confidence": 0.6111175417900085,
    "loop": false,
    "tempo": 167,
    "tempo_confidence": 0.0,
    "note_midi": 32,
    "note_name": "G#1",
    "note_frequency": 51.62053298950195,
    "note_confidence": 0.5467095971107483,
    "hardness": 37.55629932887287,
    "depth": 64.36600379735216,
    "brightness": 40.503857542242145,
    "roughness": 43.58975203731534,
    "warmth": 60.46643752613544,
    "sharpness": 26.846632764304704,
    "boominess": 44.397329329047054,
    "reverb": false,
    "genre": "Genre A",
    "mood": "Mood A"
}