{
    "duration": 1.8461250066757202,
    "lossless": 1.0,
    "codec": "pcm_s16le",
    "bitrate": 256000.0,
    "samplerate": 16000.0,
    "channels": 1.0,
    "audio_md5": "44162f78ce9a8d5c9fc27fb96dcb1fc3",
    "loudness": -35.34115982055664,
    "dynamic_range": 0.0,
    "temporal_centroid": 0.39476045966148376,
    "log_attack_time": -0.02876204624772072,
    "filesize": 59120,
    "single_event": true,
    "tonality": "G# major",
    "tonality_confidence": 0.6033886671066284,
    "loop": false,
    "tempo": 172,
    "tempo_confidence": 0.0,
    "note_midi": 33,
    "note_name": "A1",
    "note_frequency": 53.68571472167969,
    "note_confidence": 0.6967436075210571,
    "hardness": 35.10117232445859,
    "depth": 65.38154105952917,
    "brightness": 38.45608803039116,
    "roughness": 38.88669143936663,
    "warmth": 59.39062862086092,
    "sharpness": 24.703528796796896,
    "boominess": 50.43384459694765,
    "reverb": false,
    "genre": "Genre A",
    "mood": "Mood A"
}