{
    "duration": 1.8461250066757202,
    "lossless": 1.0,
    "codec": "pcm_s16le",
    "bitrate": 256000.0,
    "samplerate": 16000.0,
    "channels": 1.0,
    "audio_md5": "eb508a99bb61205c4cc1230f3e6d7ad5",
    "loudness": -29.982906341552734,
    "dynamic_range": 0.0,
    "temporal_centroid": 0.37717097997665405,
    "log_attack_time": -0.15476132929325104,
    "filesize": 59120,
    "single_event": true,
    "tonality": "B major",
    "tonality_confidence": 0.720173716545105,
    "loop": false,
    "tempo": 129,
    "tempo_confidence": 0.0,
    "note_midi": 32,
    "note_name": "G#1",
    "note_frequency": 53.07673263549805,
    "note_confidence": 0.38428038358688354,
    "hardness": 34.681633332788095,
    "depth": 68.33306257741987,
    "brightness": 32.801751266171294,
    "roughness": 34.514530567846016,
    "warmth": 57.32054596373597,
    "sharpness": 27.736116592143084,
    "boominess": 55.476438415561674,
    "reverb": false,
    "genre": "Genre A",
    "mood": "Mood A"
}