{
    "duration": 1.8461250066757202,
    "lossless": 1.0,
    "codec": "pcm_s16le",
    "bitrate": 256000.0,
    "samplerate": 16000.0,
    "channels": 1.0,
    "audio_md5": "d720eacc3b344498e47ee9520df2bf99",
    "loudness": -31.530345916748047,
    "dynamic_range": 0.0,
    "temporal_centroid": 0.4206615686416626,
    "log_attack_time": -0.3332147002220154,
    "filesize": 59120,
    "single_event": true,
    "tonality": "C minor",
    "tonality_confidence": 0.5891647338867188,
    "loop": false,
    "tempo": 129,
    "tempo_confidence": 0.0,
    "note_midi": 34,
    "note_name": "A#1",
    "note_frequency": 59.444583892822266,
    "note_confidence": 0.5938900709152222,
    "hardness": 36.184720264359356,
    "depth": 62.10754986280152,
    "brightness": 40.96879319193372,
    "roughness": 36.16880569398687,
    "warmth": 57.783200189867884,
    "sharpness": 27.133431214503858,
    "boominess": 50.726874289704156,
    "reverb": false,
    "genre": "Genre A",
    "mood": "Mood A"
}