{
    "duration": 1.8461250066757202,
    "lossless": 1.0,
    "codec": "pcm_s16le",
    "bitrate": 256000.0,
    "samplerate": 16000.0,
    "channels": 1.0,
    "audio_md5": "ecdb5efedd033798d42dedd4b9da61db",
    "loudness": -29.37208366394043,
    "dynamic_range": 0.0,
    "temporal_centroid": 0.4164663851261139,
    "log_attack_time": 0.06074068695306778,
    "filesize": 59120,
    "single_event": true,
    "tonality": "D minor",
    "tonality_confidence": 0.45792266726493835,
    "loop": false,
    "tempo": 131,
    "tempo_confidence": 0.0,
    "note_midi": 32,
    "note_name": "G#1",
    "note_frequency": 51.45177459716797,
    "note_confidence": 0.2783377766609192,
    "hardness": 35.161758880701086,
    "depth": 69.51372226109349,
    "brightness": 31.68312780866128,
    "roughness": 34.635236300322944,
    "warmth": 58.30998933330898,
    "sharpness": 28.13411061077504,
    "boominess": 54.73497679278808,
    "reverb": false,
    "genre": "Genre A",
    "mood": "Mood A"
}