{
    "duration": 1.8461250066757202,
    "lossless": 1.0,
    "codec": "pcm_s16le",
    "bitrate": 256000.0,
    "samplerate": 16000.0,
    "channels": 1.0,
    "audio_md5": "9f8fa192ce92cb101dbe2959ed368608",
    "loudness": -37.79935073852539,
    "dynamic_range": 0.0,
    "temporal_centroid": 0.4880257546901703,
    "log_attack_time": 0.060492273420095444,
    "filesize": 59120,
    "single_event": true,
    "tonality": "B minor",
    "tonality_confidence": 0.5040482878684998,
    "loop": false,
    "tempo": 128,
    "tempo_confidence": 0.0,
    "note_midi": 35,
    "note_name": "B1",
    "note_frequency": 60.31316375732422,
    "note_confidence": 0.4812561273574829,
    "hardness": 44.39127290959638,
    "depth": 59.684428641195744,
    "brightness": 42.04406793854023,
    "roughness": 42.57052543924026,
    "warmth": 58.040137069279666,
    "sharpness": 16.255160191216753,
    "boominess": 48.564079084522206,
    "reverb": false,
    "genre": "Genre A",
    "mood": "Mood A"
}