{
    "duration": 1.8461250066757202,
    "lossless": 1.0,
    "codec": "pcm_s16le",
    "bitrate": 256000.0,
    "samplerate": 16000.0,
    "channels": 1.0,
    "audio_md5": "a39e73d17f7202901cc15cf00c60ff35",
    "loudness": -26.428802490234375,
    "dynamic_range": 0.0,
    "temporal_centroid": 0.3343711793422699,
    "log_attack_time": -1.1880725622177124,
    "filesize": 59120,
    "single_event": true,
    "tonality": "C# major",
    "tonality_confidence": 0.5878891348838806,
    "loop": false,
    "tempo": 129,
    "tempo_confidence": 0.0,
    "note_midi": 33,
    "note_name": "A1",
    "note_frequency": 54.41657638549805,
    "note_confidence": 0.3844764232635498,
    "hardness": 34.38379335788623,
    "depth": 67.47470690045277,
    "brightness": 33.02754373893026,
    "roughness": 29.653312920767206,
    "warmth": 55.45964490360075,
    "sharpness": 22.963653029224588,
    "boominess": 57.96864891392179,
    "reverb": false,
    "genre": "Genre A",
    "mood": "Mood A"
}