{
    "duration": 1.8461250066757202,
    "lossless": 1.0,
    "codec": "pcm_s16le",
    "bitrate": 256000.0,
    "samplerate": 16000.0,
    "channels": 1.0,
    "audio_md5": "16c90aa6a391fe6fbbed74901c8e2098",
    "loudness": -21.262414932250977,
    "dynamic_range": 0.0,
    "temporal_centroid": 0.3544209599494934,
    "log_attack_time": -0.652504026889801,
    "filesize": 59120,
    "single_event": true,
    "tonality": "D major",
    "tonality_confidence": 0.5588780641555786,
    "loop": true,
    "tempo": 97,
    "tempo_confidence": 0.9691330194473267,
    "note_midi": 33,
    "note_name": "A1",
    "note_frequency": 55.136009216308594,
    "note_confidence": 0.723339319229126,
    "hardness": 33.39319801424263,
    "depth": 68.67387507075922,
    "brightness": 26.95236340124468,
    "roughness": 37.77724112283588,
    "warmth": 58.36597695550978,
    "sharpness": 34.904440517858966,
    "boominess": 53.109611728534205,
    "reverb": false,
    "genre": "Genre A",
    "mood": "Mood A"
}