{
    "duration": 1.8461250066757202,
    "lossless": 1.0,
    "codec": "pcm_s16le",
    "bitrate": 256000.0,
    "samplerate": 16000.0,
    "channels": 1.0,
    "audio_md5": "7c9072a44410dd12258be98b5fcf4676",
    "loudness": -34.30650329589844,
    "dynamic_range": 0.0,
    "temporal_centroid": 0.4852055609226227,
    "log_attack_time": -1.563812255859375,
    "filesize": 59120,
    "single_event": true,
    "tonality": "C major",
    "tonality_confidence": 0.5314155220985413,
    "loop": true,
    "tempo": 130,
    "tempo_confidence": 0.9999017119407654,
    "note_midi": 29,
    "note_name": "F1",
    "note_frequency": 44.23651885986328,
    "note_confidence": 0.3702934980392456,
    "hardness": 35.02011453068239,
    "depth": 64.96679850511656,
    "brightness": 37.75551546643032,
    "roughness": 39.09240600929807,
    "warmth": 58.44821000048676,
    "sharpness": 17.398594957362903,
    "boominess": 51.865621282267455,
    "reverb": false,
    "genre": "Genre A",
    "mood": "Mood A"
}