{
    "duration": 1.8461250066757202,
    "lossless": 1.0,
    "codec": "pcm_s16le",
    "bitrate": 256000.0,
    "samplerate": 16000.0,
    "channels": 1.0,
    "audio_md5": "e401d3240e2e4582c1f6c646e07e58a6",
    "loudness": -29.57222557067871,
    "dynamic_range": 0.0,
    "temporal_centroid": 0.37434887886047363,
    "log_attack_time": -1.6150548458099365,
    "filesize": 59120,
    "single_event": true,
    "tonality": "B minor",
    "tonality_confidence": 0.2541898190975189,
    "loop": false,
    "tempo": 129,
    "tempo_confidence": 0.0,
    "note_midi": 32,
    "note_name": "G#1",
    "note_frequency": 52.63700866699219,
    "note_confidence": 0.577482283115387,
    "hardness": 36.51208526387411,
    "depth": 64.67530311783699,
    "brightness": 37.707687626014454,
    "roughness": 38.6137603208118,
    "warmth": 59.49571002800786,
    "sharpness": 17.618176260469696,
    "boominess": 51.45030252950295,
    "reverb": false,
    "genre": "Genre A",
    "mood": "Mood A"
}