{
    "duration": 1.8461250066757202,
    "lossless": 1.0,
    "codec": "pcm_s16le",
    "bitrate": 256000.0,
    "samplerate": 16000.0,
    "channels": 1.0,
    "audio_md5": "519eb50cd1a511a917707ec316b4ee8e",
    "loudness": -18.088706970214844,
    "dynamic_range": 0.0,
    "temporal_centroid": 0.4557523727416992,
    "log_attack_time": -1.1388816833496094,
    "filesize": 59120,
    "single_event": true,
    "tonality": "G minor",
    "tonality_confidence": 0.6753969192504883,
    "loop": false,
    "tempo": 157,
    "tempo_confidence": 0.0,
    "note_midi": 32,
    "note_name": "G#1",
    "note_frequency": 50.81157684326172,
    "note_confidence": 0.657309889793396,
    "hardness": 30.768493936935158,
    "depth": 69.6815309743405,
    "brightness": 25.92996281200414,
    "roughness": 35.843326584184666,
    "warmth": 60.97206470556736,
    "sharpness": 33.0116933222528,
    "boominess": 53.021443609735535,
    "reverb": false,
    "genre": "Genre A",
    "mood": "Mood A"
}