{
    "duration": 1.8461250066757202,
    "lossless": 1.0,
    "codec": "pcm_s16le",
    "bitrate": 256000.0,
    "samplerate": 16000.0,
    "channels": 1.0,
    "audio_md5": "d0795c813cf534762522e3a0a7436482",
    "loudness": -33.46873474121094,
    "dynamic_range": 0.0,
    "temporal_centroid": 0.37622231245040894,
    "log_attack_time": -1.4648867845535278,
    "filesize": 59120,
    "single_event": true,
    "tonality": "C major",
    "tonality_confidence": 0.5117027759552002,
    "loop": false,
    "tempo": 128,
    "tempo_confidence": 0.0,
    "note_midi": 38,
    "note_name": "D2",
    "note_frequency": 73.7748031616211,
    "note_confidence": 0.5512128472328186,
    "hardness": 38.927617654970874,
    "depth": 59.858351894453904,
    "brightness": 32.892163415336086,
    "roughness": 43.54808063937922,
    "warmth": 64.3547802160996,
    "sharpness": 3.8168287689173432,
    "boominess": 49.42581713824568,
    "reverb": false,
    "genre": "Genre A",
    "mood": "Mood A"
}