{
    "duration": 1.8461250066757202,
    "lossless": 1.0,
    "codec": "pcm_s16le",
    "bitrate": 256000.0,
    "samplerate": 16000.0,
    "channels": 1.0,
    "audio_md5": "e254b0a703bbeb1b94be81715744d606",
    "loudness": -28.996633529663086,
    "dynamic_range": 0.0,
    "temporal_centroid": 0.3931388854980469,
    "log_attack_time": -0.15293684601783752,
    "filesize": 59120,
    "single_event": true,
    "tonality": "B minor",
    "tonality_confidence": 0.4828932285308838,
    "loop": false,
    "tempo": 126,
    "tempo_confidence": 0.0,
    "note_midi": 35,
    "note_name": "B1",
    "note_frequency": 60.553279876708984,
    "note_confidence": 0.39218807220458984,
    "hardness": 37.560214648953504,
    "depth": 66.31491072232053,
    "brightness": 33.6838779225999,
    "roughness": 30.296360614853484,
    "warmth": 56.250872799258104,
    "sharpness": 26.450924686218393,
    "boominess": 56.847318297583044,
    "reverb": false,
    "genre": "Genre A",
    "mood": "Mood A"
}