{
    "duration": 1.8461250066757202,
    "lossless": 1.0,
    "codec": "pcm_s16le",
    "bitrate": 256000.0,
    "samplerate": 16000.0,
    "channels": 1.0,
    "audio_md5": "d7d10e72f8e67a09880e00f9bd0d4d18",
    "loudness": -20.237686157226562,
    "dynamic_range": 0.0,
    "temporal_centroid": 0.5216799378395081,
    "log_attack_time": -0.9337291121482849,
    "filesize": 59120,
    "single_event": true,
    "tonality": "A# minor",
    "tonality_confidence": 0.5520166158676147,
    "loop": true,
    "tempo": 131,
    "tempo_confidence": 0.98306804895401,
    "note_midi": 29,
    "note_name": "F1",
    "note_frequency": 43.4751091003418,
    "note_confidence": 0.4784383177757263,
    "hardness": 34.31615855466566,
    "depth": 72.97006239411942,
    "brightness": 26.20052590867897,
    "roughness": 30.10398475730933,
    "warmth": 56.991556682528504,
    "sharpness": 43.87889596265938,
    "boominess": 48.25685587676449,
    "reverb": false,
    "genre": "Genre A",
    "mood": "Mood A"
}