{
    "duration": 1.8461250066757202,
    "lossless": 1.0,
    "codec": "pcm_s16le",
    "bitrate": 256000.0,
    "samplerate": 16000.0,
    "channels": 1.0,
    "audio_md5": "611292af23c6f3e32a07ffc2a1b13a62",
    "loudness": -19.562742233276367,
    "dynamic_range": 0.0,
    "temporal_centroid": 0.47281020879745483,
    "log_attack_time": -0.9474709033966064,
    "filesize": 59120,
    "single_event": true,
    "tonality": "G major",
    "tonality_confidence": 0.5526345372200012,
    "loop": false,
    "tempo": 133,
    "tempo_confidence": 0.0,
    "note_midi": 33,
    "note_name": "A1",
    "note_frequency": 55.57601547241211,
    "note_confidence": 0.787763237953186,
    "hardness": 29.65193436413587,
    "depth": 69.01258906369718,
    "brightness": 29.40421744329085,
    "roughness": 36.29307476631706,
    "warmth": 60.79743986421069,
    "sharpness": 30.373973512537233,
    "boominess": 54.1974593008934,
    "reverb": false,
    "genre": "Genre A",
    "mood": "Mood A"
}