{
    "duration": 1.8461250066757202,
    "lossless": 1.0,
    "codec": "pcm_s16le",
    "bitrate": 256000.0,
    "samplerate": 16000.0,
    "channels": 1.0,
    "audio_md5": "859981b074906b4961f0385de7896f81",
    "loudness": -23.781448364257812,
    "dynamic_range": 0.0,
    "temporal_centroid": 0.3827376365661621,
    "log_attack_time": 0.09330251067876816,
    "filesize": 59120,
    "single_event": true,
    "tonality": "G# major",
    "tonality_confidence": 0.6764395833015442,
    "loop": false,
    "tempo": 172,
    "tempo_confidence": 0.0,
    "note_midi": 32,
    "note_name": "G#1",
    "note_frequency": 52.85086441040039,
    "note_confidence": 0.7145388126373291,
    "hardness": 29.01314597630514,
    "depth": 68.23610027465965,
    "brightness": 27.792907541728916,
    "roughness": 37.48967675352685,
    "warmth": 58.40344488230303,
    "sharpness": 37.569591400357325,
    "boominess": 51.77305991760605,
    "reverb": false,
    "genre": "Genre A",
    "mood": "Mood A"
}