{
    "duration": 1.8461250066757202,
    "lossless": 1.0,
    "codec": "pcm_s16le",
    "bitrate": 256000.0,
    "samplerate": 16000.0,
    "channels": 1.0,
    "audio_md5": "2dc65ed7907c6c46b74f389132caf7f7",
    "loudness": -35.96063995361328,
    "dynamic_range": 0.0,
    "temporal_centroid": 0.3746801018714905,
    "log_attack_time": -0.0289514921605587,
    "filesize": 59120,
    "single_event": true,
    "tonality": "D minor",
    "tonality_confidence": 0.6243381500244141,
    "loop": false,
    "tempo": 126,
    "tempo_confidence": 0.0,
    "note_midi": 32,
    "note_name": "G#1",
    "note_frequency": 51.574771881103516,
    "note_confidence": 0.4555533528327942,
    "hardness": 36.731684900721405,
    "depth": 66.14887279218136,
    "brightness": 39.16328128775429,
    "roughness": 39.72009355822996,
    "warmth": 60.230444045694654,
    "sharpness": 15.849940622349386,
    "boominess": 52.065119917450815,
    "reverb": false,
    "genre": "Genre A",
    "mood": "Mood A"
}