{
    "duration": 1.8461250066757202,
    "lossless": 1.0,
    "codec": "pcm_s16le",
    "bitrate": 256000.0,
    "samplerate": 16000.0,
    "channels": 1.0,
    "audio_md5": "593ed2fd6dd3e6ef3262fa0be2f49ccb",
    "loudness": -37.68146896362305,
    "dynamic_range": 0.0,
    "temporal_centroid": 0.3349395990371704,
    "log_attack_time": -1.7664916515350342,
    "filesize": 59120,
    "single_event": true,
    "tonality": "B major",
    "tonality_confidence": 0.6434222459793091,
    "loop": false,
    "tempo": 129,
    "tempo_confidence": 0.0,
    "note_midi": 35,
    "note_name": "B1",
    "note_frequency": 62.350948333740234,
    "note_confidence": 0.5264567136764526,
    "hardness": 41.441538063875,
    "depth": 60.91465711559661,
    "brightness": 42.52202300693918,
    "roughness": 38.9498791219164,
    "warmth": 58.428500501955256,
    "sharpness": 13.56089218915184,
    "boominess": 50.43200829623789,
    "reverb": false,
    "genre": "Genre A",
    "mood": "Mood A"
}