{
    "duration": 1.8461250066757202,
    "lossless": 1.0,
    "codec": "pcm_s16le",
    "bitrate": 256000.0,
    "samplerate": 16000.0,
    "channels": 1.0,
    "audio_md5": "ef4023cd8c3fa77273be85bc96d4f4d7",
    "loudness": -36.83356475830078,
    "dynamic_range": 0.0,
    "temporal_centroid": 0.5051745772361755,
    "log_attack_time": -1.5620125532150269,
    "filesize": 59120,
    "single_event": true,
    "tonality": "C major",
    "tonality_confidence": 0.5002689957618713,
    "loop": true,
    "tempo": 130,
    "tempo_confidence": 0.9999017119407654,
    "note_midi": 30,
    "note_name": "F#1",
    "note_frequency": 44.94804763793945,
    "note_confidence": 0.4319276809692383,
    "hardness": 37.60521878877036,
    "depth": 68.79334595789948,
    "brightness": 39.722949228073304,
    "roughness": 39.677409270563025,
    "warmth": 54.506875852171774,
    "sharpness": 21.968675338810776,
    "boominess": 51.97118008927315,
    "reverb": false,
    "genre": "Genre A",
    "mood": "Mood A"
}