{
    "duration": 1.8461250066757202,
    "lossless": 1.0,
    "codec": "pcm_s16le",
    "bitrate": 256000.0,
    "samplerate": 16000.0,
    "channels": 1.0,
    "audio_md5": "8662af504f33f27ceb39461c95f640e3",
    "loudness": -23.021562576293945,
    "dynamic_range": 0.0,
    "temporal_centroid": 0.3588099777698517,
    "log_attack_time": -0.973543643951416,
    "filesize": 59120,
    "single_event": true,
    "tonality": "A# major",
    "tonality_confidence": 0.6028632521629333,
    "loop": false,
    "tempo": 172,
    "tempo_confidence": 0.0,
    "note_midi": 34,
    "note_name": "A#1",
    "note_frequency": 56.946144104003906,
    "note_confidence": 0.745844841003418,
    "hardness": 27.679151305924407,
    "depth": 68.23376031189225,
    "brightness": 28.175541742877986,
    "roughness": 38.16097969281282,
    "warmth": 58.32302370644357,
    "sharpness": 30.026225598001467,
    "boominess": 55.614454849654486,
    "reverb": false,
    "genre": "Genre A",
    "mood": "Mood A"
}