{
    "duration": 1.8461250066757202,
    "lossless": 1.0,
    "codec": "pcm_s16le",
    "bitrate": 256000.0,
    "samplerate": 16000.0,
    "channels": 1.0,
    "audio_md5": "963eb175fa4485ba7c594aa121d17436",
    "loudness": -20.92551040649414,
    "dynamic_range": 0.0,
    "temporal_centroid": 0.5298519134521484,
    "log_attack_time": -0.8473097085952759,
    "filesize": 59120,
    "single_event": true,
    "tonality": "C minor",
    "tonality_confidence": 0.906536877155304,
    "loop": true,
    "tempo": 130,
    "tempo_confidence": 0.9999017119407654,
    "note_midi": 29,
    "note_name": "F1",
    "note_frequency": 43.024391174316406,
    "note_confidence": 0.32099759578704834,
    "hardness": 36.33922926526243,
    "depth": 73.7440203173334,
    "brightness": 25.141526022091515,
    "roughness": 35.4499490429929,
    "warmth": 58.60483822287184,
    "sharpness": 41.56338970239984,
    "boominess": 49.9910586925892,
    "reverb": false,
    "genre": "Genre A",
    "mood": "Mood A"
}