{
    "duration": 1.8461250066757202,
    "lossless": 1.0,
    "codec": "pcm_s16le",
    "bitrate": 256000.0,
    "samplerate": 16000.0,
    "channels": 1.0,
    "audio_md5": "f4e5af6dc2fe71524fb88fd10e48444b",
    "loudness": -41.69737243652344,
    "dynamic_range": 0.0,
    "temporal_centroid": 0.43752580881118774,
    "log_attack_time": 0.060346588492393494,
    "filesize": 59120,
    "single_event": true,
    "tonality": "D# major",
    "tonality_confidence": 0.5037734508514404,
    "loop": false,
    "tempo": 128,
    "tempo_confidence": 0.0,
    "note_midi": 35,
    "note_name": "B1",
    "note_frequency": 62.53219223022461,
    "note_confidence": 0.46243441104888916,
    "hardness": 46.793429824004875,
    "depth": 58.448973597532834,
    "brightness": 44.74579650005422,
    "roughness": 45.30030143367398,
    "warmth": 57.618829233629356,
    "sharpness": 20.53043683361622,
    "boominess": 45.6296888308206,
    "reverb": false,
    "genre": "Genre A",
    "mood": "Mood A"
}