{
    "duration": 1.8461250066757202,
    "lossless": 1.0,
    "codec": "pcm_s16le",
    "bitrate": 256000.0,
    "samplerate": 16000.0,
    "channels": 1.0,
    "audio_md5": "e28c43baffe8d6559a39de3af9647de2",
    "loudness": -27.704137802124023,
    "dynamic_range": 0.0,
    "temporal_centroid": 0.4762118458747864,
    "log_attack_time": 0.14130397140979767,
    "filesize": 59120,
    "single_event": true,
    "tonality": "D# major",
    "tonality_confidence": 0.3766056001186371,
    "loop": true,
    "tempo": 131,
    "tempo_confidence": 0.9603930711746216,
    "note_midi": 37,
    "note_name": "C#2",
    "note_frequency": 69.06550598144531,
    "note_confidence": 0.5730549097061157,
    "hardness": 37.696992440498676,
    "depth": 64.44867874687694,
    "brightness": 29.96134193034169,
    "roughness": 45.38390442806064,
    "warmth": 65.15278367711059,
    "sharpness": 20.012269881166006,
    "boominess": 48.005329330097965,
    "reverb": false,
    "genre": "Genre A",
    "mood": "Mood A"
}