{
    "duration": 1.8461250066757202,
    "lossless": 1.0,
    "codec": "pcm_s16le",
    "bitrate": 256000.0,
    "samplerate": 16000.0,
    "channels": 1.0,
    "audio_md5": "96ec4cb5525ca145e6cae57026206591",
    "loudness": -24.70985984802246,
    "dynamic_range": 0.0,
    "temporal_centroid": 0.33381187915802,
    "log_attack_time": -0.44293221831321716,
    "filesize": 59120,
    "single_event": true,
    "tonality": "C minor",
    "tonality_confidence": 0.28306272625923157,
    "loop": false,
    "tempo": 131,
    "tempo_confidence": 0.0,
    "note_midi": 32,
    "note_name": "G#1",
    "note_frequency": 52.989837646484375,
    "note_confidence": 0.4299301505088806,
    "hardness": 33.54592748897882,
    "depth": 68.30219270701762,
    "brightness": 29.20103258258914,
    "roughness": 29.127613618569686,
    "warmth": 56.619734966718894,
    "sharpness": 23.301453127747713,
    "boominess": 57.356095643003115,
    "reverb": false,
    "genre": "Genre A",
    "mood": "Mood A"
}