{
    "duration": 1.8461250066757202,
    "lossless": 1.0,
    "codec": "pcm_s16le",
    "bitrate": 256000.0,
    "samplerate": 16000.0,
    "channels": 1.0,
    "audio_md5": "c3baf4ee488b5df7af8136e73bb9d3ff",
    "loudness": -33.066375732421875,
    "dynamic_range": 0.0,
    "temporal_centroid": 0.4079740047454834,
    "log_attack_time": -1.5058201551437378,
    "filesize": 59120,
    "single_event": true,
    "tonality": "B minor",
    "tonality_confidence": 0.5054972171783447,
    "loop": true,
    "tempo": 149,
    "tempo_confidence": 0.9552887678146362,
    "note_midi": 35,
    "note_name": "B1",
    "note_frequency": 63.267852783203125,
    "note_confidence": 0.35252678394317627,
    "hardness": 35.7355052073744,
    "depth": 67.01265030809297,
    "brightness": 32.80882874699481,
    "roughness": 33.102085054871544,
    "warmth": 56.052789299588206,
    "sharpness": 25.821605326367,
    "boominess": 56.33162576710012,
    "reverb": false,
    "genre": "Genre A",
    "mood": "Mood A"
}