{
    "duration": 1.8461250066757202,
    "lossless": 1.0,
    "codec": "pcm_s16le",
    "bitrate": 256000.0,
    "samplerate": 16000.0,
    "channels": 1.0,
    "audio_md5": "3ce4fe813a89840f93b7eb95d348bc3d",
    "loudness": -22.903236389160156,
    "dynamic_range": 0.0,
    "temporal_centroid": 0.5329365730285645,
    "log_attack_time": -0.316711962223053,
    "filesize": 59120,
    "single_event": true,
    "tonality": "G major",
    "tonality_confidence": 0.6442810893058777,
    "loop": false,
    "tempo": 138,
    "tempo_confidence": 0.0,
    "note_midi": 34,
    "note_name": "A#1",
    "note_frequency": 59.096229553222656,
    "note_confidence": 0.6146163940429688,
    "hardness": 31.75501175876471,
    "depth": 66.62062470089799,
    "brightness": 31.386712187572414,
    "roughness": 38.54508058399432,
    "warmth": 60.33161024481308,
    "sharpness": 32.523571704738586,
    "boominess": 53.05367212883231,
    "reverb": false,
    "genre": "Genre A",
    "mood": "Mood A"
}