{
    "duration": 1.8461250066757202,
    "lossless": 1.0,
    "codec": "pcm_s16le",
    "bitrate": 256000.0,
    "samplerate": 16000.0,
    "channels": 1.0,
    "audio_md5": "2ff2ca16b08486233631f46cdea98708",
    "loudness": -21.99199104309082,
    "dynamic_range": 0.0,
    "temporal_centroid": 0.5373794436454773,
    "log_attack_time": -0.850089967250824,
    "filesize": 59120,
    "single_event": true,
    "tonality": "F minor",
    "tonality_confidence": 0.6138383746147156,
    "loop": false,
    "tempo": 126,
    "tempo_confidence": 0.0,
    "note_midi": 29,
    "note_name": "F1",
    "note_frequency": 43.024391174316406,
    "note_confidence": 0.29127734899520874,
    "hardness": 30.420493181359348,
    "depth": 74.12541475105792,
    "brightness": 24.637713814944995,
    "roughness": 37.565705690821915,
    "warmth": 59.069254976109136,
    "sharpness": 38.78260970254904,
    "boominess": 51.57094230203951,
    "reverb": false,
    "genre": "Genre A",
    "mood": "Mood A"
}