{
    "duration": 1.8461250066757202,
    "lossless": 1.0,
    "codec": "pcm_s16le",
    "bitrate": 256000.0,
    "samplerate": 16000.0,
    "channels": 1.0,
    "audio_md5": "3ec0839b2bc9787c6a7b65639039dae3",
    "loudness": -25.201242446899414,
    "dynamic_range": 0.0,
    "temporal_centroid": 0.3188728988170624,
    "log_attack_time": -1.5382477045059204,
    "filesize": 59120,
    "single_event": true,
    "tonality": "B minor",
    "tonality_confidence": 0.6968129277229309,
    "loop": false,
    "tempo": 129,
    "tempo_confidence": 0.0,
    "note_midi": 32,
    "note_name": "G#1",
    "note_frequency": 51.11598205566406,
    "note_confidence": 0.46595096588134766,
    "hardness": 37.40204783528887,
    "depth": 68.88446535977761,
    "brightness": 31.038539363178156,
    "roughness": 22.15358192812737,
    "warmth": 55.089099632718835,
    "sharpness": 25.546179727353717,
    "boominess": 57.85728622352384,
    "reverb": false,
    "genre": "Genre A",
    "mood": "Mood A"
}