{
    "duration": 1.8461250066757202,
    "lossless": 1.0,
    "codec": "pcm_s16le",
    "bitrate": 256000.0,
    "samplerate": 16000.0,
    "channels": 1.0,
    "audio_md5": "65d18ddfd00130b53c846fc49bf1de7e",
    "loudness": -39.107913970947266,
    "dynamic_range": 0.0,
    "temporal_centroid": 0.411178857088089,
    "log_attack_time": 0.2077302187681198,
    "filesize": 59120,
    "single_event": true,
    "tonality": "C# major",
    "tonality_confidence": 0.6122130155563354,
    "loop": false,
    "tempo": 128,
    "tempo_confidence": 0.0,
    "note_midi": 36,
    "note_name": "C2",
    "note_frequency": 66.51428985595703,
    "note_confidence": 0.6201188564300537,
    "hardness": 37.35307248143289,
    "depth": 62.91030281022363,
    "brightness": 41.2159175806704,
    "roughness": 38.1282060905607,
    "warmth": 57.862099610202996,
    "sharpness": 16.52027757920791,
    "boominess": 50.63239071995562,
    "reverb": false,
    "genre": "Genre A",
    "mood": "Mood A"
}