{
    "duration": 1.8461250066757202,
    "lossless": 1.0,
    "codec": "pcm_s16le",
    "bitrate": 256000.0,
    "samplerate": 16000.0,
    "channels": 1.0,
    "audio_md5": "d391c9b4912b16704861d0efa0b8ad29",
    "loudness": -37.29505920410156,
    "dynamic_range": 0.0,
    "temporal_centroid": 0.44549915194511414,
    "log_attack_time": 0.06017516553401947,
    "filesize": 59120,
    "single_event": true,
    "tonality": "C# major",
    "tonality_confidence": 0.40941303968429565,
    "loop": true,
    "tempo": 130,
    "tempo_confidence": 0.9999017119407654,
    "note_midi": 35,
    "note_name": "B1",
    "note_frequency": 61.131229400634766,
    "note_confidence": 0.43583524227142334,
    "hardness": 38.883251146391075,
    "depth": 61.2652902847136,
    "brightness": 42.56500954944286,
    "roughness": 34.1687635909644,
    "warmth": 57.96922553710109,
    "sharpness": 12.027089730376549,
    "boominess": 51.9862486302645,
    "reverb": false,
    "genre": "Genre A",
    "mood": "Mood A"
}