{
    "duration": 1.8461250066757202,
    "lossless": 1.0,
    "codec": "pcm_s16le",
    "bitrate": 256000.0,
    "samplerate": 16000.0,
    "channels": 1.0,
    "audio_md5": "6fb72e8bff0b86a7a4dd332daeb1359f",
    "loudness": -21.559499740600586,
    "dynamic_range": 0.0,
    "temporal_centroid": 0.5346488356590271,
    "log_attack_time": -0.836768388748169,
    "filesize": 59120,
    "single_event": true,
    "tonality": "C minor",
    "tonality_confidence": 0.649155855178833,
    "loop": true,
    "tempo": 94,
    "tempo_confidence": 0.9580090641975403,
    "note_midi": 29,
    "note_name": "F1",
    "note_frequency": 43.024391174316406,
    "note_confidence": 0.23789936304092407,
    "hardness": 35.48516990711737,
    "depth": 73.87815491627657,
    "brightness": 25.647482035043318,
    "roughness": 34.73437136464676,
    "warmth": 58.67677331782146,
    "sharpness": 41.15104661095348,
    "boominess": 50.00262829766016,
    "reverb": false,
    "genre": "Genre A",
    "mood": "Mood A"
}