{
    "duration": 1.8461250066757202,
    "lossless": 1.0,
    "codec": "pcm_s16le",
    "bitrate": 256000.0,
    "samplerate": 16000.0,
    "channels": 1.0,
    "audio_md5": "5f0d743415bf5481a2c15dea9d3bd336",
    "loudness": -24.125812530517578,
    "dynamic_range": 0.0,
    "temporal_centroid": 0.3788514733314514,
    "log_attack_time": -0.6906788945198059,
    "filesize": 59120,
    "single_event": true,
    "tonality": "C major",
    "tonality_confidence": 0.8239459991455078,
    "loop": false,
    "tempo": 185,
    "tempo_confidence": 0.0,
    "note_midi": 32,
    "note_name": "G#1",
    "note_frequency": 52.8878059387207,
    "note_confidence": 0.7012505531311035,
    "hardness": 33.03468477894047,
    "depth": 67.95104318310844,
    "brightness": 29.903451889544773,
    "roughness": 40.447285898592966,
    "warmth": 60.07038881835331,
    "sharpness": 32.551373481945426,
    "boominess": 54.18802445001401,
    "reverb": false,
    "genre": "Genre A",
    "mood": "Mood A"
}