{
    "duration": 1.8461250066757202,
    "lossless": 1.0,
    "codec": "pcm_s16le",
    "bitrate": 256000.0,
    "samplerate": 16000.0,
    "channels": 1.0,
    "audio_md5": "081823db4adda5e8167473e4a3274c39",
    "loudness": -21.25943946838379,
    "dynamic_range": 0.0,
    "temporal_centroid": 0.5350302457809448,
    "log_attack_time": -0.8415281772613525,
    "filesize": 59120,
    "single_event": true,
    "tonality": "F minor",
    "tonality_confidence": 0.6278592944145203,
    "loop": true,
    "tempo": 131,
    "tempo_confidence": 0.9831670522689819,
    "note_midi": 29,
    "note_name": "F1",
    "note_frequency": 43.024391174316406,
    "note_confidence": 0.2840949296951294,
    "hardness": 36.160897129194126,
    "depth": 73.86831437215025,
    "brightness": 25.509106317903186,
    "roughness": 35.742918994917005,
    "warmth": 60.21762198931581,
    "sharpness": 41.223953186290686,
    "boominess": 49.94093442897622,
    "reverb": false,
    "genre": "Genre A",
    "mood": "Mood A"
}