{
    "duration": 1.8461250066757202,
    "lossless": 1.0,
    "codec": "pcm_s16le",
    "bitrate": 256000.0,
    "samplerate": 16000.0,
    "channels": 1.0,
    "audio_md5": "37c4f12767eb3be2a4fe5993122766a9",
    "loudness": -20.783998489379883,
    "dynamic_range": 0.0,
    "temporal_centroid": 0.5263321399688721,
    "log_attack_time": -0.8530988693237305,
    "filesize": 59120,
    "single_event": true,
    "tonality": "C minor",
    "tonality_confidence": 0.5109621286392212,
    "loop": true,
    "tempo": 130,
    "tempo_confidence": 0.9999017119407654,
    "note_midi": 29,
    "note_name": "F1",
    "note_frequency": 43.024391174316406,
    "note_confidence": 0.30801695585250854,
    "hardness": 35.68634033677317,
    "depth": 74.09591347334471,
    "brightness": 24.964819608930682,
    "roughness": 29.494249072390485,
    "warmth": 59.0809280424088,
    "sharpness": 41.414921303053255,
    "boominess": 50.087977968101114,
    "reverb": false,
    "genre": "Genre A",
    "mood": "Mood A"
}