{
    "duration": 1.8461250066757202,
    "lossless": 1.0,
    "codec": "pcm_s16le",
    "bitrate": 256000.0,
    "samplerate": 16000.0,
    "channels": 1.0,
    "audio_md5": "658388a47de13de694a1837a59d51d08",
    "loudness": -20.46536636352539,
    "dynamic_range": 0.0,
    "temporal_centroid": 0.3723656237125397,
    "log_attack_time": -0.9378914833068848,
    "filesize": 59120,
    "single_event": true,
    "tonality": "C# major",
    "tonality_confidence": 0.7821640372276306,
    "loop": false,
    "tempo": 108,
    "tempo_confidence": 0.0,
    "note_midi": 33,
    "note_name": "A1",
    "note_frequency": 54.76736068725586,
    "note_confidence": 0.8097779154777527,
    "hardness": 32.21004236931668,
    "depth": 69.33338342963596,
    "brightness": 27.412562192820495,
    "roughness": 37.72311960881969,
    "warmth": 58.490653485512595,
    "sharpness": 38.408542390151084,
    "boominess": 51.017545029073645,
    "reverb": false,
    "genre": "Genre A",
    "mood": "Mood A"
}