{
    "duration": 1.8461250066757202,
    "lossless": 1.0,
    "codec": "pcm_s16le",
    "bitrate": 256000.0,
    "samplerate": 16000.0,
    "channels": 1.0,
    "audio_md5": "7dc392fb2fb378c4bccf88d262577e56",
    "loudness": -40.762672424316406,
    "dynamic_range": 0.0,
    "temporal_centroid": 0.3904062807559967,
    "log_attack_time": -1.594058871269226,
    "filesize": 59120,
    "single_event": true,
    "tonality": "B major",
    "tonality_confidence": 0.7847684621810913,
    "loop": false,
    "tempo": 129,
    "tempo_confidence": 0.0,
    "note_midi": 35,
    "note_name": "B1",
    "note_frequency": 60.40816116333008,
    "note_confidence": 0.4919856786727905,
    "hardness": 46.677226235779244,
    "depth": 61.69498629225576,
    "brightness": 44.876534585775346,
    "roughness": 42.83694629219232,
    "warmth": 57.64150287978173,
    "sharpness": 21.074411948770994,
    "boominess": 48.93584904294886,
    "reverb": false,
    "genre": "Genre A",
    "mood": "Mood A"
}