{
    "duration": 1.8461250066757202,
    "lossless": 1.0,
    "codec": "pcm_s16le",
    "bitrate": 256000.0,
    "samplerate": 16000.0,
    "channels": 1.0,
    "audio_md5": "5191a1a22c2774fec6988d8b3edca3b2",
    "loudness": -30.999954223632812,
    "dynamic_range": 0.0,
    "temporal_centroid": 0.43177157640457153,
    "log_attack_time": -0.3391302227973938,
    "filesize": 59120,
    "single_event": true,
    "tonality": "G minor",
    "tonality_confidence": 0.6545606255531311,
    "loop": false,
    "tempo": 129,
    "tempo_confidence": 0.0,
    "note_midi": 35,
    "note_name": "B1",
    "note_frequency": 63.217750549316406,
    "note_confidence": 0.589672863483429,
    "hardness": 39.24384990879123,
    "depth": 63.138229003341856,
    "brightness": 40.81465710680941,
    "roughness": 39.322029938137305,
    "warmth": 58.9576373050772,
    "sharpness": 32.99782664412583,
    "boominess": 47.462245361904394,
    "reverb": false,
    "genre": "Genre A",
    "mood": "Mood A"
}