{
    "duration": 1.8461250066757202,
    "lossless": 1.0,
    "codec": "pcm_s16le",
    "bitrate": 256000.0,
    "samplerate": 16000.0,
    "channels": 1.0,
    "audio_md5": "6941c75a562e67fa578473d3121ddaee",
    "loudness": -26.991361618041992,
    "dynamic_range": 0.0,
    "temporal_centroid": 0.31063103675842285,
    "log_attack_time": -1.0488321781158447,
    "filesize": 59120,
    "single_event": true,
    "tonality": "B minor",
    "tonality_confidence": 0.7347171306610107,
    "loop": false,
    "tempo": 152,
    "tempo_confidence": 0.0,
    "note_midi": 36,
    "note_name": "C2",
    "note_frequency": 64.1170883178711,
    "note_confidence": 0.6449995040893555,
    "hardness": 31.126425073441467,
    "depth": 69.89970327657926,
    "brightness": 28.56018892426564,
    "roughness": 37.37515690520124,
    "warmth": 57.62350407893359,
    "sharpness": 36.04739133728782,
    "boominess": 52.305172566358465,
    "reverb": false,
    "genre": "Genre A",
    "mood": "Mood A"
}