{
    "duration": 1.8461250066757202,
    "lossless": 1.0,
    "codec": "pcm_s16le",
    "bitrate": 256000.0,
    "samplerate": 16000.0,
    "channels": 1.0,
    "audio_md5": "7e67b8f358a50c19409af51f96c2309f",
    "loudness": -20.992765426635742,
    "dynamic_range": 0.0,
    "temporal_centroid": 0.537535548210144,
    "log_attack_time": -1.5406347513198853,
    "filesize": 59120,
    "single_event": true,
    "tonality": "C major",
    "tonality_confidence": 0.8107187151908875,
    "loop": true,
    "tempo": 134,
    "tempo_confidence": 0.9512819647789001,
    "note_midi": 29,
    "note_name": "F1",
    "note_frequency": 43.024391174316406,
    "note_confidence": 0.21058082580566406,
    "hardness": 35.85193426452794,
    "depth": 74.29325764394625,
    "brightness": 24.838645080385348,
    "roughness": 36.71004266236493,
    "warmth": 58.154161793836984,
    "sharpness": 43.936489515776216,
    "boominess": 47.04196816088702,
    "reverb": false,
    "genre": "Genre A",
    "mood": "Mood A"
}