{
    "duration": 1.8461250066757202,
    "lossless": 1.0,
    "codec": "pcm_s16le",
    "bitrate": 256000.0,
    "samplerate": 16000.0,
    "channels": 1.0,
    "audio_md5": "6ae18447cc1d369f46b046aa06b3a802",
    "loudness": -24.51494789123535,
    "dynamic_range": 0.0,
    "temporal_centroid": 0.31161820888519287,
    "log_attack_time": -0.14523279666900635,
    "filesize": 59120,
    "single_event": true,
    "tonality": "G minor",
    "tonality_confidence": 0.8070371747016907,
    "loop": true,
    "tempo": 87,
    "tempo_confidence": 0.9919115900993347,
    "note_midi": 32,
    "note_name": "G#1",
    "note_frequency": 51.49011993408203,
    "note_confidence": 0.4442882537841797,
    "hardness": 34.83721369056494,
    "depth": 68.31933494462129,
    "brightness": 30.859487952939226,
    "roughness": 29.63111448209016,
    "warmth": 56.6108801454254,
    "sharpness": 28.6746347939614,
    "boominess": 56.14249411058186,
    "reverb": false,
    "genre": "Genre A",
    "mood": "Mood A"
}