{
    "duration": 1.8461250066757202,
    "lossless": 1.0,
    "codec": "pcm_s16le",
    "bitrate": 256000.0,
    "samplerate": 16000.0,
    "channels": 1.0,
    "audio_md5": "ec68cca99051875f3f7993658386ac2b",
    "loudness": -36.72892761230469,
    "dynamic_range": 0.0,
    "temporal_centroid": 0.4955860674381256,
    "log_attack_time": -1.5656193494796753,
    "filesize": 59120,
    "single_event": true,
    "tonality": "C minor",
    "tonality_confidence": 0.37334707379341125,
    "loop": true,
    "tempo": 130,
    "tempo_confidence": 0.9999017119407654,
    "note_midi": 29,
    "note_name": "F1",
    "note_frequency": 43.024391174316406,
    "note_confidence": 0.4178876280784607,
    "hardness": 35.54521556617274,
    "depth": 67.13297212206007,
    "brightness": 38.954441329667475,
    "roughness": 40.500541144345306,
    "warmth": 58.53757298496779,
    "sharpness": 22.209862356442727,
    "boominess": 51.99483909747647,
    "reverb": false,
    "genre": "Genre A",
    "mood": "Mood A"
}