{
    "duration": 1.8461250066757202,
    "lossless": 1.0,
    "codec": "pcm_s16le",
    "bitrate": 256000.0,
    "samplerate": 16000.0,
    "channels": 1.0,
    "audio_md5": "74c266fc3258738929a06af59b4a283d",
    "loudness": -37.68470001220703,
    "dynamic_range": 0.0,
    "temporal_centroid": 0.5425339937210083,
    "log_attack_time": -0.307818740606308,
    "filesize": 59120,
    "single_event": true,
    "tonality": "D minor",
    "tonality_confidence": 0.492777943611145,
    "loop": true,
    "tempo": 131,
    "tempo_confidence": 0.9628684520721436,
    "note_midi": 30,
    "note_name": "F#1",
    "note_frequency": 46.67549514770508,
    "note_confidence": 0.4567130208015442,
    "hardness": 41.37305813284611,
    "depth": 69.62661090175739,
    "brightness": 37.99661460673343,
    "roughness": 39.10843192509767,
    "warmth": 57.609972320663914,
    "sharpness": 30.260120175950846,
    "boominess": 49.36793128548331,
    "reverb": false,
    "genre": "Genre A",
    "mood": "Mood A"
}