{
    "duration": 1.8461250066757202,
    "lossless": 1.0,
    "codec": "pcm_s16le",
    "bitrate": 256000.0,
    "samplerate": 16000.0,
    "channels": 1.0,
    "audio_md5": "ba82eaae5593bb490c7009c14ea4006d",
    "loudness": -32.90180206298828,
    "dynamic_range": 0.0,
    "temporal_centroid": 0.5462340712547302,
    "log_attack_time": -0.31058844923973083,
    "filesize": 59120,
    "single_event": true,
    "tonality": "D# minor",
    "tonality_confidence": 0.5877414345741272,
    "loop": true,
    "tempo": 131,
    "tempo_confidence": 0.9826719760894775,
    "note_midi": 33,
    "note_name": "A1",
    "note_frequency": 55.31751251220703,
    "note_confidence": 0.4608904719352722,
    "hardness": 38.855909416765826,
    "depth": 65.87689678186258,
    "brightness": 32.68345061585017,
    "roughness": 43.622813521458106,
    "warmth": 60.40481435179997,
    "sharpness": 23.393222675172844,
    "boominess": 48.60514408190312,
    "reverb": false,
    "genre": "Genre A",
    "mood": "Mood A"
}