{
    "duration": 1.8461250066757202,
    "lossless": 1.0,
    "codec": "pcm_s16le",
    "bitrate": 256000.0,
    "samplerate": 16000.0,
    "channels": 1.0,
    "audio_md5": "23c77dd3d82927bf3188ea17ebd6e2bf",
    "loudness": -19.745229721069336,
    "dynamic_range": 0.0,
    "temporal_centroid": 0.4855930805206299,
    "log_attack_time": -0.9812089204788208,
    "filesize": 59120,
    "single_event": true,
    "tonality": "F# minor",
    "tonality_confidence": 0.6604041457176208,
    "loop": false,
    "tempo": 129,
    "tempo_confidence": 0.0,
    "note_midi": 32,
    "note_name": "G#1",
    "note_frequency": 51.61224365234375,
    "note_confidence": 0.8777589797973633,
    "hardness": 33.73444978844424,
    "depth": 68.54032238172218,
    "brightness": 27.54312125411746,
    "roughness": 34.25804451201674,
    "warmth": 59.30987816325167,
    "sharpness": 35.232092280329,
    "boominess": 51.86827816791643,
    "reverb": false,
    "genre": "Genre A",
    "mood": "Mood A"
}