{
    "duration": 1.8461250066757202,
    "lossless": 1.0,
    "codec": "pcm_s16le",
    "bitrate": 256000.0,
    "samplerate": 16000.0,
    "channels": 1.0,
    "audio_md5": "89fa88ef0330bf33cb4696505e4fefd4",
    "loudness": -23.045116424560547,
    "dynamic_range": 0.0,
    "temporal_centroid": 0.5466971397399902,
    "log_attack_time": -0.8330647349357605,
    "filesize": 59120,
    "single_event": true,
    "tonality": "F minor",
    "tonality_confidence": 0.5157619714736938,
    "loop": true,
    "tempo": 131,
    "tempo_confidence": 0.9905933737754822,
    "note_midi": 33,
    "note_name": "A1",
    "note_frequency": 54.605220794677734,
    "note_confidence": 0.39937758445739746,
    "hardness": 35.22526598695619,
    "depth": 68.50459176041258,
    "brightness": 27.332866320820152,
    "roughness": 33.10931196239355,
    "warmth": 57.727071357049134,
    "sharpness": 39.873398483169765,
    "boominess": 50.75806248774626,
    "reverb": false,
    "genre": "Genre A",
    "mood": "Mood A"
}