{
    "duration": 1.8461250066757202,
    "lossless": 1.0,
    "codec": "pcm_s16le",
    "bitrate": 256000.0,
    "samplerate": 16000.0,
    "channels": 1.0,
    "audio_md5": "81444e64e3673a398ee4d458462d4b0f",
    "loudness": -34.69709014892578,
    "dynamic_range": 0.0,
    "temporal_centroid": 0.49428412318229675,
    "log_attack_time": -0.32762980461120605,
    "filesize": 59120,
    "single_event": true,
    "tonality": "C major",
    "tonality_confidence": 0.6237090229988098,
    "loop": true,
    "tempo": 130,
    "tempo_confidence": 0.9999017119407654,
    "note_midi": 31,
    "note_name": "G1",
    "note_frequency": 47.73426055908203,
    "note_confidence": 0.41095083951950073,
    "hardness": 38.588426953681534,
    "depth": 64.13807237450762,
    "brightness": 38.63944874779558,
    "roughness": 38.85826906274367,
    "warmth": 55.23343702981741,
    "sharpness": 21.379349915586822,
    "boominess": 50.19863268963613,
    "reverb": false,
    "genre": "Genre A",
    "mood": "Mood A"
}