{
    "duration": 1.8461250066757202,
    "lossless": 1.0,
    "codec": "pcm_s16le",
    "bitrate": 256000.0,
    "samplerate": 16000.0,
    "channels": 1.0,
    "audio_md5": "0de604a804fb667db01862c7ea63e23a",
    "loudness": -20.92793846130371,
    "dynamic_range": 0.0,
    "temporal_centroid": 0.5390018820762634,
    "log_attack_time": -0.8301243782043457,
    "filesize": 59120,
    "single_event": true,
    "tonality": "C major",
    "tonality_confidence": 0.4287322759628296,
    "loop": false,
    "tempo": 129,
    "tempo_confidence": 0.0,
    "note_midi": 29,
    "note_name": "F1",
    "note_frequency": 43.024391174316406,
    "note_confidence": 0.2206774353981018,
    "hardness": 33.091244315813896,
    "depth": 74.19024466301306,
    "brightness": 24.598027658257166,
    "roughness": 33.143254738162746,
    "warmth": 56.9823541791543,
    "sharpness": 45.88972651137493,
    "boominess": 45.80322605293503,
    "reverb": false,
    "genre": "Genre A",
    "mood": "Mood A"
}