{
    "duration": 1.8461250066757202,
    "lossless": 1.0,
    "codec": "pcm_s16le",
    "bitrate": 256000.0,
    "samplerate": 16000.0,
    "channels": 1.0,
    "audio_md5": "588bcdfad4a734f5ecd9becbf1dbc0b7",
    "loudness": -36.41510009765625,
    "dynamic_range": 0.0,
    "temporal_centroid": 0.4312330484390259,
    "log_attack_time": -0.02873046137392521,
    "filesize": 59120,
    "single_event": true,
    "tonality": "B major",
    "tonality_confidence": 0.5976125597953796,
    "loop": false,
    "tempo": 172,
    "tempo_confidence": 0.0,
    "note_midi": 34,
    "note_name": "A#1",
    "note_frequency": 57.070098876953125,
    "note_confidence": 0.44748401641845703,
    "hardness": 40.74628037180874,
    "depth": 63.616045416170124,
    "brightness": 40.33292952443973,
    "roughness": 46.9248295738323,
    "warmth": 63.15866471297424,
    "sharpness": 12.777870501701138,
    "boominess": 46.45468960351459,
    "reverb": false,
    "genre": "Genre A",
    "mood": "Mood A"
}