{
    "duration": 1.8461250066757202,
    "lossless": 1.0,
    "codec": "pcm_s16le",
    "bitrate": 256000.0,
    "samplerate": 16000.0,
    "channels": 1.0,
    "audio_md5": "48d4e8600abf60a62b1a864f63d5e2b0",
    "loudness": -22.43056869506836,
    "dynamic_range": 0.0,
    "temporal_centroid": 0.44622763991355896,
    "log_attack_time": -0.956285834312439,
    "filesize": 59120,
    "single_event": true,
    "tonality": "B major",
    "tonality_confidence": 0.43689191341400146,
    "loop": false,
    "tempo": 128,
    "tempo_confidence": 0.0,
    "note_midi": 33,
    "note_name": "A1",
    "note_frequency": 54.61608123779297,
    "note_confidence": 0.5627254247665405,
    "hardness": 34.9760888972131,
    "depth": 66.62937876013054,
    "brightness": 31.711307974774623,
    "roughness": 33.952397627997,
    "warmth": 60.530477861630864,
    "sharpness": 33.39876822881912,
    "boominess": 53.3194455594083,
    "reverb": false,
    "genre": "Genre A",
    "mood": "Mood A"
}