{
    "duration": 1.8461250066757202,
    "lossless": 1.0,
    "codec": "pcm_s16le",
    "bitrate": 256000.0,
    "samplerate": 16000.0,
    "channels": 1.0,
    "audio_md5": "42e49ad5ff89455f4bf012d48972a271",
    "loudness": -39.780303955078125,
    "dynamic_range": 0.0,
    "temporal_centroid": 0.44831982254981995,
    "log_attack_time": 0.059746257960796356,
    "filesize": 59120,
    "single_event": true,
    "tonality": "C major",
    "tonality_confidence": 0.7186465263366699,
    "loop": false,
    "tempo": 128,
    "tempo_confidence": 0.0,
    "note_midi": 32,
    "note_name": "G#1",
    "note_frequency": 53.02712631225586,
    "note_confidence": 0.47555088996887207,
    "hardness": 43.69590738397585,
    "depth": 60.5113090378945,
    "brightness": 44.67483211004933,
    "roughness": 43.46650949075035,
    "warmth": 55.78524328831138,
    "sharpness": 20.550570606906703,
    "boominess": 47.97374143589095,
    "reverb": false,
    "genre": "Genre A",
    "mood": "Mood A"
}