{
    "duration": 1.8461250066757202,
    "lossless": 1.0,
    "codec": "pcm_s16le",
    "bitrate": 256000.0,
    "samplerate": 16000.0,
    "channels": 1.0,
    "audio_md5": "eda2535a25b2350318bf42beadaccafb",
    "loudness": -31.984678268432617,
    "dynamic_range": 0.0,
    "temporal_centroid": 0.45055586099624634,
    "log_attack_time": -0.3391517400741577,
    "filesize": 59120,
    "single_event": true,
    "tonality": "B minor",
    "tonality_confidence": 0.3459218442440033,
    "loop": false,
    "tempo": 129,
    "tempo_confidence": 0.0,
    "note_midi": 35,
    "note_name": "B1",
    "note_frequency": 60.08039474487305,
    "note_confidence": 0.6297656297683716,
    "hardness": 38.34636398547714,
    "depth": 62.71499577107983,
    "brightness": 41.24297882557714,
    "roughness": 39.63248395817989,
    "warmth": 59.91588558165378,
    "sharpness": 29.92262928633479,
    "boominess": 47.64743889672741,
    "reverb": false,
    "genre": "Genre A",
    "mood": "Mood A"
}