{
    "duration": 1.8461250066757202,
    "lossless": 1.0,
    "codec": "pcm_s16le",
    "bitrate": 256000.0,
    "samplerate": 16000.0,
    "channels": 1.0,
    "audio_md5": "3bc1d9d28d2ebcdbdc35c5ced15e7fd2",
    "loudness": -39.17815017700195,
    "dynamic_range": 0.0,
    "temporal_centroid": 0.43323662877082825,
    "log_attack_time": 0.062279168516397476,
    "filesize": 59120,
    "single_event": true,
    "tonality": "B major",
    "tonality_confidence": 0.7686969041824341,
    "loop": false,
    "tempo": 128,
    "tempo_confidence": 0.0,
    "note_midi": 33,
    "note_name": "A1",
    "note_frequency": 53.55244445800781,
    "note_confidence": 0.4903520941734314,
    "hardness": 44.742504972091496,
    "depth": 59.17859594451657,
    "brightness": 44.181080615843584,
    "roughness": 45.07654729301606,
    "warmth": 57.712106262770924,
    "sharpness": 21.570992833610234,
    "boominess": 45.627673032868046,
    "reverb": false,
    "genre": "Genre A",
    "mood": "Mood A"
}