{
    "duration": 1.8461250066757202,
    "lossless": 1.0,
    "codec": "pcm_s16le",
    "bitrate": 256000.0,
    "samplerate": 16000.0,
    "channels": 1.0,
    "audio_md5": "0b88949a161d616440d9df966915a5cb",
    "loudness": -36.336669921875,
    "dynamic_range": 0.0,
    "temporal_centroid": 0.46782737970352173,
    "log_attack_time": 0.06291865557432175,
    "filesize": 59120,
    "single_event": true,
    "tonality": "B major",
    "tonality_confidence": 0.5087026357650757,
    "loop": false,
    "tempo": 129,
    "tempo_confidence": 0.0,
    "note_midi": 35,
    "note_name": "B1",
    "note_frequency": 61.06348419189453,
    "note_confidence": 0.480951189994812,
    "hardness": 42.17818868226797,
    "depth": 59.65858984672757,
    "brightness": 38.775403442789,
    "roughness": 41.41436858042092,
    "warmth": 57.07305309986984,
    "sharpness": 8.49379778148823,
    "boominess": 48.89307223388367,
    "reverb": false,
    "genre": "Genre A",
    "mood": "Mood A"
}