{
    "duration": 1.8461250066757202,
    "lossless": 1.0,
    "codec": "pcm_s16le",
    "bitrate": 256000.0,
    "samplerate": 16000.0,
    "channels": 1.0,
    "audio_md5": "c3912116acda3b4a473a24d79c35ca28",
    "loudness": -22.038442611694336,
    "dynamic_range": 0.0,
    "temporal_centroid": 0.3697083294391632,
    "log_attack_time": -0.1459488570690155,
    "filesize": 59120,
    "single_event": true,
    "tonality": "F minor",
    "tonality_confidence": 0.530127763748169,
    "loop": false,
    "tempo": 128,
    "tempo_confidence": 0.0,
    "note_midi": 32,
    "note_name": "G#1",
    "note_frequency": 51.29149627685547,
    "note_confidence": 0.370222270488739,
    "hardness": 31.42425760031587,
    "depth": 67.61000469826325,
    "brightness": 25.805231197052933,
    "roughness": 30.37630034591938,
    "warmth": 57.65980970425051,
    "sharpness": 27.463608351352484,
    "boominess": 56.60592364303916,
    "reverb": false,
    "genre": "Genre A",
    "mood": "Mood A"
}