{
    "duration": 1.8461250066757202,
    "lossless": 1.0,
    "codec": "pcm_s16le",
    "bitrate": 256000.0,
    "samplerate": 16000.0,
    "channels": 1.0,
    "audio_md5": "2ee1f9233c2554032b996a5300d6d289",
    "loudness": -31.94248390197754,
    "dynamic_range": 0.0,
    "temporal_centroid": 0.4346800744533539,
    "log_attack_time": -0.33749914169311523,
    "filesize": 59120,
    "single_event": true,
    "tonality": "B major",
    "tonality_confidence": 0.3648034632205963,
    "loop": false,
    "tempo": 129,
    "tempo_confidence": 0.0,
    "note_midi": 35,
    "note_name": "B1",
    "note_frequency": 60.72841262817383,
    "note_confidence": 0.6368796825408936,
    "hardness": 38.884134904361574,
    "depth": 62.97502523282411,
    "brightness": 41.021709402137844,
    "roughness": 40.81082710869697,
    "warmth": 60.390921583969174,
    "sharpness": 30.863847252285062,
    "boominess": 47.87387797197067,
    "reverb": false,
    "genre": "Genre A",
    "mood": "Mood A"
}