{
    "duration": 1.8461250066757202,
    "lossless": 1.0,
    "codec": "pcm_s16le",
    "bitrate": 256000.0,
    "samplerate": 16000.0,
    "channels": 1.0,
    "audio_md5": "8211e274764c97f3f1ba9dd7567e7c70",
    "loudness": -27.254011154174805,
    "dynamic_range": 0.0,
    "temporal_centroid": 0.3346465826034546,
    "log_attack_time": -1.3908582925796509,
    "filesize": 59120,
    "single_event": true,
    "tonality": "G major",
    "tonality_confidence": 0.32981109619140625,
    "loop": false,
    "tempo": 126,
    "tempo_confidence": 0.0,
    "note_midi": 32,
    "note_name": "G#1",
    "note_frequency": 50.97462463378906,
    "note_confidence": 0.43545323610305786,
    "hardness": 36.27854398170432,
    "depth": 68.51141870698018,
    "brightness": 32.817634078319145,
    "roughness": 30.728251598466148,
    "warmth": 57.11019438705774,
    "sharpness": 27.692875430477578,
    "boominess": 56.11183363800933,
    "reverb": false,
    "genre": "Genre A",
    "mood": "Mood A"
}