{
    "duration": 1.8461250066757202,
    "lossless": 1.0,
    "codec": "pcm_s16le",
    "bitrate": 256000.0,
    "samplerate": 16000.0,
    "channels": 1.0,
    "audio_md5": "7813c6b0aa244922a8e8153ac575a7e0",
    "loudness": -39.631690979003906,
    "dynamic_range": 0.0,
    "temporal_centroid": 0.4027988016605377,
    "log_attack_time": -0.33139437437057495,
    "filesize": 59120,
    "single_event": true,
    "tonality": "F# minor",
    "tonality_confidence": 0.6745131015777588,
    "loop": false,
    "tempo": 128,
    "tempo_confidence": 0.0,
    "note_midi": 33,
    "note_name": "A1",
    "note_frequency": 54.473384857177734,
    "note_confidence": 0.49109452962875366,
    "hardness": 45.345665458067174,
    "depth": 60.51470427880271,
    "brightness": 44.63060579197204,
    "roughness": 44.097140773592216,
    "warmth": 57.20220863792404,
    "sharpness": 22.817485911709817,
    "boominess": 46.82814184230031,
    "reverb": false,
    "genre": "Genre A",
    "mood": "Mood A"
}