{
    "duration": 1.8461250066757202,
    "lossless": 1.0,
    "codec": "pcm_s16le",
    "bitrate": 256000.0,
    "samplerate": 16000.0,
    "channels": 1.0,
    "audio_md5": "e1b789ba8876ba9c99d07415ae42f022",
    "loudness": -19.569093704223633,
    "dynamic_range": 0.0,
    "temporal_centroid": 0.474425733089447,
    "log_attack_time": -0.9479075074195862,
    "filesize": 59120,
    "single_event": true,
    "tonality": "C minor",
    "tonality_confidence": 0.6348211169242859,
    "loop": false,
    "tempo": 133,
    "tempo_confidence": 0.0,
    "note_midi": 32,
    "note_name": "G#1",
    "note_frequency": 52.915260314941406,
    "note_confidence": 0.8150625824928284,
    "hardness": 30.81122853301649,
    "depth": 69.89284651552545,
    "brightness": 29.60075155560455,
    "roughness": 34.24497790694107,
    "warmth": 60.226261135739676,
    "sharpness": 32.88607732139921,
    "boominess": 53.357901540618684,
    "reverb": false,
    "genre": "Genre A",
    "mood": "Mood A"
}