{
    "duration": 1.8461250066757202,
    "lossless": 1.0,
    "codec": "pcm_s16le",
    "bitrate": 256000.0,
    "samplerate": 16000.0,
    "channels": 1.0,
    "audio_md5": "c1866b7d086abe3db255d53c6d8488be",
    "loudness": -31.110397338867188,
    "dynamic_range": 0.0,
    "temporal_centroid": 0.4474387764930725,
    "log_attack_time": -0.3394958972930908,
    "filesize": 59120,
    "single_event": true,
    "tonality": "B minor",
    "tonality_confidence": 0.5419344305992126,
    "loop": true,
    "tempo": 131,
    "tempo_confidence": 0.9769289493560791,
    "note_midi": 35,
    "note_name": "B1",
    "note_frequency": 60.15930938720703,
    "note_confidence": 0.5496183633804321,
    "hardness": 39.647539109429545,
    "depth": 62.776491916545,
    "brightness": 40.54770521452126,
    "roughness": 39.21897612875878,
    "warmth": 59.69469759329673,
    "sharpness": 31.838770053046332,
    "boominess": 47.50137117708559,
    "reverb": false,
    "genre": "Genre A",
    "mood": "Mood A"
}