{
    "duration": 1.8461250066757202,
    "lossless": 1.0,
    "codec": "pcm_s16le",
    "bitrate": 256000.0,
    "samplerate": 16000.0,
    "channels": 1.0,
    "audio_md5": "f0f827801311a704cee01d1e7c45f79c",
    "loudness": -21.119688034057617,
    "dynamic_range": 0.0,
    "temporal_centroid": 0.5317174196243286,
    "log_attack_time": -0.8450291156768799,
    "filesize": 59120,
    "single_event": true,
    "tonality": "C major",
    "tonality_confidence": 0.6627492904663086,
    "loop": true,
    "tempo": 131,
    "tempo_confidence": 0.9857414960861206,
    "note_midi": 29,
    "note_name": "F1",
    "note_frequency": 43.024391174316406,
    "note_confidence": 0.24087530374526978,
    "hardness": 36.62459345134188,
    "depth": 74.3089232914831,
    "brightness": 25.03080210429017,
    "roughness": 33.42247414440095,
    "warmth": 59.527487943309765,
    "sharpness": 42.213053747850644,
    "boominess": 49.245116732566615,
    "reverb": false,
    "genre": "Genre A",
    "mood": "Mood A"
}