{
    "duration": 1.8461250066757202,
    "lossless": 1.0,
    "codec": "pcm_s16le",
    "bitrate": 256000.0,
    "samplerate": 16000.0,
    "channels": 1.0,
    "audio_md5": "79d105e2a35c6fda73ca2e025800fc8e",
    "loudness": -20.809431076049805,
    "dynamic_range": 0.0,
    "temporal_centroid": 0.3721435070037842,
    "log_attack_time": -0.5007993578910828,
    "filesize": 59120,
    "single_event": true,
    "tonality": "C# minor",
    "tonality_confidence": 0.5567753911018372,
    "loop": false,
    "tempo": 178,
    "tempo_confidence": 0.0,
    "note_midi": 32,
    "note_name": "G#1",
    "note_frequency": 52.4483757019043,
    "note_confidence": 0.8819018602371216,
    "hardness": 27.441788473600127,
    "depth": 68.9354699434552,
    "brightness": 26.455582389513257,
    "roughness": 34.635052857107254,
    "warmth": 57.94415894651256,
    "sharpness": 35.12175565193246,
    "boominess": 53.38647459220839,
    "reverb": false,
    "genre": "Genre A",
    "mood": "Mood A"
}