{
    "duration": 1.8461250066757202,
    "lossless": 1.0,
    "codec": "pcm_s16le",
    "bitrate": 256000.0,
    "samplerate": 16000.0,
    "channels": 1.0,
    "audio_md5": "a07113b5cde29c20d00f909f36214722",
    "loudness": -21.91083526611328,
    "dynamic_range": 0.0,
    "temporal_centroid": 0.36800500750541687,
    "log_attack_time": -0.6872624754905701,
    "filesize": 59120,
    "single_event": true,
    "tonality": "A minor",
    "tonality_confidence": 0.7541161179542542,
    "loop": false,
    "tempo": 112,
    "tempo_confidence": 0.0,
    "note_midi": 34,
    "note_name": "A#1",
    "note_frequency": 57.423316955566406,
    "note_confidence": 0.6788554191589355,
    "hardness": 27.118861734436308,
    "depth": 68.31905900412568,
    "brightness": 27.46438942553038,
    "roughness": 35.93179319663792,
    "warmth": 59.159506124131156,
    "sharpness": 34.38496494424561,
    "boominess": 53.9640086177908,
    "reverb": false,
    "genre": "Genre A",
    "mood": "Mood A"
}