{
    "duration": 1.8461250066757202,
    "lossless": 1.0,
    "codec": "pcm_s16le",
    "bitrate": 256000.0,
    "samplerate": 16000.0,
    "channels": 1.0,
    "audio_md5": "db24a678a797ef828249907ac6dd7e61",
    "loudness": -19.815242767333984,
    "dynamic_range": 0.0,
    "temporal_centroid": 0.4746067225933075,
    "log_attack_time": -0.9502723217010498,
    "filesize": 59120,
    "single_event": true,
    "tonality": "G major",
    "tonality_confidence": 0.5550011396408081,
    "loop": false,
    "tempo": 133,
    "tempo_confidence": 0.0,
    "note_midi": 34,
    "note_name": "A#1",
    "note_frequency": 57.14765167236328,
    "note_confidence": 0.7520760297775269,
    "hardness": 31.410879143810504,
    "depth": 67.88642921444169,
    "brightness": 29.443215255190673,
    "roughness": 36.522201987530174,
    "warmth": 60.832782940953145,
    "sharpness": 32.78623249390104,
    "boominess": 53.60378759794923,
    "reverb": false,
    "genre": "Genre A",
    "mood": "Mood A"
}