{
    "duration": 1.8461250066757202,
    "lossless": 1.0,
    "codec": "pcm_s16le",
    "bitrate": 256000.0,
    "samplerate": 16000.0,
    "channels": 1.0,
    "audio_md5": "7b75ff5bf4d46ff9677318c8bc34e56c",
    "loudness": -20.067935943603516,
    "dynamic_range": 0.0,
    "temporal_centroid": 0.46653497219085693,
    "log_attack_time": -0.9518560171127319,
    "filesize": 59120,
    "single_event": true,
    "tonality": "C minor",
    "tonality_confidence": 0.5338868498802185,
    "loop": false,
    "tempo": 129,
    "tempo_confidence": 0.0,
    "note_midi": 33,
    "note_name": "A1",
    "note_frequency": 55.43282699584961,
    "note_confidence": 0.7315107583999634,
    "hardness": 32.53517416143535,
    "depth": 68.81659514014935,
    "brightness": 29.546629897772537,
    "roughness": 33.143690069928994,
    "warmth": 60.23122804410568,
    "sharpness": 35.0767261202607,
    "boominess": 51.98686755480776,
    "reverb": false,
    "genre": "Genre A",
    "mood": "Mood A"
}