{
    "duration": 1.8461250066757202,
    "lossless": 1.0,
    "codec": "pcm_s16le",
    "bitrate": 256000.0,
    "samplerate": 16000.0,
    "channels": 1.0,
    "audio_md5": "9f3b3ba0e2e94fc45689b48b7c261e7d",
    "loudness": -40.90494918823242,
    "dynamic_range": 0.0,
    "temporal_centroid": 0.3861861526966095,
    "log_attack_time": -1.802453875541687,
    "filesize": 59120,
    "single_event": true,
    "tonality": "F major",
    "tonality_confidence": 0.7262294888496399,
    "loop": false,
    "tempo": 128,
    "tempo_confidence": 0.0,
    "note_midi": 33,
    "note_name": "A1",
    "note_frequency": 53.56303787231445,
    "note_confidence": 0.45731091499328613,
    "hardness": 47.65234275366481,
    "depth": 61.93002729769288,
    "brightness": 45.318848514576715,
    "roughness": 43.866547242541714,
    "warmth": 56.909871468059315,
    "sharpness": 22.85223318032171,
    "boominess": 47.267848008329054,
    "reverb": false,
    "genre": "Genre A",
    "mood": "Mood A"
}