{
    "duration": 1.8461250066757202,
    "lossless": 1.0,
    "codec": "pcm_s16le",
    "bitrate": 256000.0,
    "samplerate": 16000.0,
    "channels": 1.0,
    "audio_md5": "855a152fc255ca5190138f9271e1cf7b",
    "loudness": -21.683134078979492,
    "dynamic_range": 0.0,
    "temporal_centroid": 0.5427420735359192,
    "log_attack_time": -0.9028931856155396,
    "filesize": 59120,
    "single_event": true,
    "tonality": "E minor",
    "tonality_confidence": 0.7044036984443665,
    "loop": true,
    "tempo": 130,
    "tempo_confidence": 0.9999017119407654,
    "note_midi": 29,
    "note_name": "F1",
    "note_frequency": 43.41972351074219,
    "note_confidence": 0.4385800361633301,
    "hardness": 31.21937743437823,
    "depth": 72.3325422690853,
    "brightness": 26.326663830572056,
    "roughness": 36.74580483850347,
    "warmth": 57.93064250677473,
    "sharpness": 38.6351047303186,
    "boominess": 52.16792169346395,
    "reverb": false,
    "genre": "Genre A",
    "mood": "Mood A"
}