{
    "duration": 1.8461250066757202,
    "lossless": 1.0,
    "codec": "pcm_s16le",
    "bitrate": 256000.0,
    "samplerate": 16000.0,
    "channels": 1.0,
    "audio_md5": "183c9a8725168ab15100f444fe5c14b0",
    "loudness": -15.47963809967041,
    "dynamic_range": 0.0,
    "temporal_centroid": 0.5283457636833191,
    "log_attack_time": -0.2951999008655548,
    "filesize": 59120,
    "single_event": true,
    "tonality": "E minor",
    "tonality_confidence": 0.6086947917938232,
    "loop": false,
    "tempo": 144,
    "tempo_confidence": 0.0,
    "note_midi": 29,
    "note_name": "F1",
    "note_frequency": 43.024391174316406,
    "note_confidence": 0.5803396105766296,
    "hardness": 34.02030543612628,
    "depth": 70.62232146143869,
    "brightness": 26.59317917444556,
    "roughness": 43.922611528424056,
    "warmth": 62.390697619488506,
    "sharpness": 35.86702614653107,
    "boominess": 50.49268583511836,
    "reverb": false,
    "genre": "Genre A",
    "mood": "Mood A"
}