{
    "duration": 1.8461250066757202,
    "lossless": 1.0,
    "codec": "pcm_s16le",
    "bitrate": 256000.0,
    "samplerate": 16000.0,
    "channels": 1.0,
    "audio_md5": "f4d0d68a32a716113560021e9dd014f9",
    "loudness": -23.15818214416504,
    "dynamic_range": 0.0,
    "temporal_centroid": 0.4432937204837799,
    "log_attack_time": -1.6916459798812866,
    "filesize": 59120,
    "single_event": true,
    "tonality": "B minor",
    "tonality_confidence": 0.6288216710090637,
    "loop": false,
    "tempo": 101,
    "tempo_confidence": 0.0,
    "note_midi": 34,
    "note_name": "A#1",
    "note_frequency": 58.48240280151367,
    "note_confidence": 0.4357753396034241,
    "hardness": 33.00705200075279,
    "depth": 67.3187757819363,
    "brightness": 30.737054528795213,
    "roughness": 29.188612561123144,
    "warmth": 56.93722505584274,
    "sharpness": 9.108458144909633,
    "boominess": 61.4176585744697,
    "reverb": false,
    "genre": "Genre A",
    "mood": "Mood A"
}