{
    "duration": 1.8461250066757202,
    "lossless": 1.0,
    "codec": "pcm_s16le",
    "bitrate": 256000.0,
    "samplerate": 16000.0,
    "channels": 1.0,
    "audio_md5": "4af3ba7fb034e3b0524747b1a2b14bf5",
    "loudness": -27.6611270904541,
    "dynamic_range": 0.0,
    "temporal_centroid": 0.4967171549797058,
    "log_attack_time": -0.3043912649154663,
    "filesize": 59120,
    "single_event": true,
    "tonality": "G minor",
    "tonality_confidence": 0.581100583076477,
    "loop": false,
    "tempo": 144,
    "tempo_confidence": 0.0,
    "note_midi": 35,
    "note_name": "B1",
    "note_frequency": 63.19251251220703,
    "note_confidence": 0.4110516309738159,
    "hardness": 41.33697296535905,
    "depth": 64.96089233510983,
    "brightness": 36.289248797691926,
    "roughness": 49.66789574947859,
    "warmth": 67.40700709245333,
    "sharpness": 15.59720080101038,
    "boominess": 46.756287676049,
    "reverb": false,
    "genre": "Genre A",
    "mood": "Mood A"
}