{
    "duration": 1.8461250066757202,
    "lossless": 1.0,
    "codec": "pcm_s16le",
    "bitrate": 256000.0,
    "samplerate": 16000.0,
    "channels": 1.0,
    "audio_md5": "648432c4966bef66f3634e24d64ec260",
    "loudness": -28.957050323486328,
    "dynamic_range": 0.0,
    "temporal_centroid": 0.49162450432777405,
    "log_attack_time": -1.1442021131515503,
    "filesize": 59120,
    "single_event": true,
    "tonality": "A minor",
    "tonality_confidence": 0.6514490246772766,
    "loop": false,
    "tempo": 103,
    "tempo_confidence": 0.0,
    "note_midi": 34,
    "note_name": "A#1",
    "note_frequency": 58.14738464355469,
    "note_confidence": 0.3873722553253174,
    "hardness": 43.08918607563626,
    "depth": 65.20205515568797,
    "brightness": 38.23690026718171,
    "roughness": 49.929240802085594,
    "warmth": 67.52147611453012,
    "sharpness": 22.88640770375752,
    "boominess": 45.85086214860393,
    "reverb": false,
    "genre": "Genre A",
    "mood": "Mood A"
}