{
    "duration": 1.8461250066757202,
    "lossless": 1.0,
    "codec": "pcm_s16le",
    "bitrate": 256000.0,
    "samplerate": 16000.0,
    "channels": 1.0,
    "audio_md5": "44d628e4a1c2a290d645c0fe6a9fee52",
    "loudness": -17.21738052368164,
    "dynamic_range": 0.0,
    "temporal_centroid": 0.50926274061203,
    "log_attack_time": -1.1053624153137207,
    "filesize": 59120,
    "single_event": true,
    "tonality": "A# major",
    "tonality_confidence": 0.41545140743255615,
    "loop": false,
    "tempo": 148,
    "tempo_confidence": 0.0,
    "note_midi": 29,
    "note_name": "F1",
    "note_frequency": 43.024391174316406,
    "note_confidence": 0.3613486886024475,
    "hardness": 34.931031430544124,
    "depth": 72.93813048417289,
    "brightness": 24.780173307692152,
    "roughness": 44.58339883412408,
    "warmth": 62.942942273774655,
    "sharpness": 41.695616071765116,
    "boominess": 46.54326974244128,
    "reverb": false,
    "genre": "Genre A",
    "mood": "Mood A"
}