{
    "duration": 1.8461250066757202,
    "lossless": 1.0,
    "codec": "pcm_s16le",
    "bitrate": 256000.0,
    "samplerate": 16000.0,
    "channels": 1.0,
    "audio_md5": "92d304a0097866a6a1faa91881271cc0",
    "loudness": -24.070180892944336,
    "dynamic_range": 0.0,
    "temporal_centroid": 0.47782209515571594,
    "log_attack_time": -1.5218950510025024,
    "filesize": 59120,
    "single_event": true,
    "tonality": "C minor",
    "tonality_confidence": 0.859928548336029,
    "loop": false,
    "tempo": 154,
    "tempo_confidence": 0.0,
    "note_midi": 29,
    "note_name": "F1",
    "note_frequency": 43.024391174316406,
    "note_confidence": 0.2964829206466675,
    "hardness": 35.03789933849113,
    "depth": 70.90226988924141,
    "brightness": 21.91811816796899,
    "roughness": 40.68568671003251,
    "warmth": 61.58734921271773,
    "sharpness": 43.87289253882975,
    "boominess": 45.655571288445834,
    "reverb": false,
    "genre": "Genre A",
    "mood": "Mood A"
}