{
    "duration": 1.8461250066757202,
    "lossless": 1.0,
    "codec": "pcm_s16le",
    "bitrate": 256000.0,
    "samplerate": 16000.0,
    "channels": 1.0,
    "audio_md5": "c2bdf79e47580edbffb4fa296cb19c0f",
    "loudness": -35.39336013793945,
    "dynamic_range": 0.0,
    "temporal_centroid": 0.45538201928138733,
    "log_attack_time": -0.8716769814491272,
    "filesize": 59120,
    "single_event": true,
    "tonality": "B minor",
    "tonality_confidence": 0.7555631995201111,
    "loop": true,
    "tempo": 86,
    "tempo_confidence": 0.966913104057312,
    "note_midi": 33,
    "note_name": "A1",
    "note_frequency": 54.938419342041016,
    "note_confidence": 0.19437676668167114,
    "hardness": 43.994820365072144,
    "depth": 68.3152584037702,
    "brightness": 34.79446375129528,
    "roughness": 29.016117595706785,
    "warmth": 58.32258781463365,
    "sharpness": 21.634213635440027,
    "boominess": 53.151590309813024,
    "reverb": false,
    "genre": "Genre A",
    "mood": "Mood A"
}