{
    "duration": 1.8461250066757202,
    "lossless": 1.0,
    "codec": "pcm_s16le",
    "bitrate": 256000.0,
    "samplerate": 16000.0,
    "channels": 1.0,
    "audio_md5": "dd1e7b147dbb1558b9b8fc43ca549057",
    "loudness": -37.94860076904297,
    "dynamic_range": 0.0,
    "temporal_centroid": 0.48276716470718384,
    "log_attack_time": -2.2752225399017334,
    "filesize": 59120,
    "single_event": true,
    "tonality": "B minor",
    "tonality_confidence": 0.43862709403038025,
    "loop": false,
    "tempo": 103,
    "tempo_confidence": 0.0,
    "note_midi": 41,
    "note_name": "F2",
    "note_frequency": 84.97638702392578,
    "note_confidence": 0.4469103217124939,
    "hardness": 45.34333849479813,
    "depth": 57.35548448569668,
    "brightness": 42.78501487394945,
    "roughness": 37.68411063196201,
    "warmth": 57.68416748857174,
    "sharpness": 21.014260998668014,
    "boominess": 47.712537857356715,
    "reverb": false,
    "genre": "Genre A",
    "mood": "Mood A"
}