{
    "duration": 1.8461250066757202,
    "lossless": 1.0,
    "codec": "pcm_s16le",
    "bitrate": 256000.0,
    "samplerate": 16000.0,
    "channels": 1.0,
    "audio_md5": "047f01f1bc2486e1429236e28034ab48",
    "loudness": -39.491783142089844,
    "dynamic_range": 0.0,
    "temporal_centroid": 0.5155484676361084,
    "log_attack_time": -2.2447643280029297,
    "filesize": 59120,
    "single_event": true,
    "tonality": "B minor",
    "tonality_confidence": 0.652883768081665,
    "loop": false,
    "tempo": 103,
    "tempo_confidence": 0.0,
    "note_midi": 41,
    "note_name": "F2",
    "note_frequency": 86.24040222167969,
    "note_confidence": 0.4465177655220032,
    "hardness": 42.82501443346246,
    "depth": 58.75900658586014,
    "brightness": 42.69552691830255,
    "roughness": 40.091264975773626,
    "warmth": 59.865250127232116,
    "sharpness": 23.36656221975892,
    "boominess": 47.736277950932944,
    "reverb": false,
    "genre": "Genre A",
    "mood": "Mood A"
}