{
    "duration": 1.8461250066757202,
    "lossless": 1.0,
    "codec": "pcm_s16le",
    "bitrate": 256000.0,
    "samplerate": 16000.0,
    "channels": 1.0,
    "audio_md5": "a525d77015a2ac9fcb9d7176724260e9",
    "loudness": -28.313720703125,
    "dynamic_range": 0.0,
    "temporal_centroid": 0.46660277247428894,
    "log_attack_time": -0.22883100807666779,
    "filesize": 59120,
    "single_event": true,
    "tonality": "B minor",
    "tonality_confidence": 0.6693487167358398,
    "loop": true,
    "tempo": 88,
    "tempo_confidence": 0.9531065821647644,
    "note_midi": 33,
    "note_name": "A1",
    "note_frequency": 55.76734924316406,
    "note_confidence": 0.3151394724845886,
    "hardness": 30.544621225496527,
    "depth": 65.8018163780691,
    "brightness": 33.817784020228224,
    "roughness": 29.874442621894683,
    "warmth": 59.18399955331003,
    "sharpness": 5.787168844631893,
    "boominess": 60.69954876948951,
    "reverb": false,
    "genre": "Genre A",
    "mood": "Mood A"
}