{
    "duration": 1.8461250066757202,
    "lossless": 1.0,
    "codec": "pcm_s16le",
    "bitrate": 256000.0,
    "samplerate": 16000.0,
    "channels": 1.0,
    "audio_md5": "0d937fce7852f0fb175ea212e9d5826f",
    "loudness": -32.866920471191406,
    "dynamic_range": 0.0,
    "temporal_centroid": 0.4112057387828827,
    "log_attack_time": -0.3074588179588318,
    "filesize": 59120,
    "single_event": true,
    "tonality": "B minor",
    "tonality_confidence": 0.511176586151123,
    "loop": false,
    "tempo": 154,
    "tempo_confidence": 0.0,
    "note_midi": 35,
    "note_name": "B1",
    "note_frequency": 60.98939514160156,
    "note_confidence": 0.40793585777282715,
    "hardness": 36.74093476936724,
    "depth": 63.04380101697151,
    "brightness": 35.56572333852908,
    "roughness": 48.18291345914135,
    "warmth": 65.2152490867279,
    "sharpness": 17.546472629224148,
    "boominess": 44.379345038392756,
    "reverb": false,
    "genre": "Genre A",
    "mood": "Mood A"
}