{
    "duration": 1.8461250066757202,
    "lossless": 1.0,
    "codec": "pcm_s16le",
    "bitrate": 256000.0,
    "samplerate": 16000.0,
    "channels": 1.0,
    "audio_md5": "c4cefe115b3d877539d11f82d2fe6053",
    "loudness": -34.61391830444336,
    "dynamic_range": 0.0,
    "temporal_centroid": 0.4964175820350647,
    "log_attack_time": -0.09073752909898758,
    "filesize": 59120,
    "single_event": true,
    "tonality": "B major",
    "tonality_confidence": 0.6133069396018982,
    "loop": false,
    "tempo": 152,
    "tempo_confidence": 0.0,
    "note_midi": 42,
    "note_name": "F#2",
    "note_frequency": 94.6642837524414,
    "note_confidence": 0.4876972436904907,
    "hardness": 44.56063507800013,
    "depth": 56.64312861257924,
    "brightness": 41.519878467393156,
    "roughness": 32.65777913002735,
    "warmth": 57.92443991953876,
    "sharpness": 20.604660467814043,
    "boominess": 45.19606798421604,
    "reverb": false,
    "genre": "Genre A",
    "mood": "Mood A"
}