{
    "duration": 1.8461250066757202,
    "lossless": 1.0,
    "codec": "pcm_s16le",
    "bitrate": 256000.0,
    "samplerate": 16000.0,
    "channels": 1.0,
    "audio_md5": "3d6d4fa454979556e645a7c6849c0851",
    "loudness": -26.581199645996094,
    "dynamic_range": 0.0,
    "temporal_centroid": 0.4625546336174011,
    "log_attack_time": -0.2284308671951294,
    "filesize": 59120,
    "single_event": true,
    "tonality": "E minor",
    "tonality_confidence": 0.6014899611473083,
    "loop": false,
    "tempo": 103,
    "tempo_confidence": 0.0,
    "note_midi": 34,
    "note_name": "A#1",
    "note_frequency": 57.492977142333984,
    "note_confidence": 0.306876540184021,
    "hardness": 35.04243930442739,
    "depth": 66.0914470360979,
    "brightness": 32.55219131479663,
    "roughness": 27.443963241744626,
    "warmth": 58.79742870321304,
    "sharpness": 11.656846088756922,
    "boominess": 60.08095089161697,
    "reverb": false,
    "genre": "Genre A",
    "mood": "Mood A"
}