{
    "duration": 1.8461250066757202,
    "lossless": 1.0,
    "codec": "pcm_s16le",
    "bitrate": 256000.0,
    "samplerate": 16000.0,
    "channels": 1.0,
    "audio_md5": "5e8e144cb88a11daf1551acc568a179d",
    "loudness": -30.206886291503906,
    "dynamic_range": 0.0,
    "temporal_centroid": 0.4848301112651825,
    "log_attack_time": -1.3860408067703247,
    "filesize": 59120,
    "single_event": true,
    "tonality": "B major",
    "tonality_confidence": 0.47503677010536194,
    "loop": false,
    "tempo": 129,
    "tempo_confidence": 0.0,
    "note_midi": 32,
    "note_name": "G#1",
    "note_frequency": 51.611061096191406,
    "note_confidence": 0.3271491527557373,
    "hardness": 38.31432004631098,
    "depth": 66.13370512366588,
    "brightness": 34.67468971099477,
    "roughness": 48.34655603614855,
    "warmth": 67.60703331936656,
    "sharpness": 17.072559372694638,
    "boominess": 47.42432925302738,
    "reverb": false,
    "genre": "Genre A",
    "mood": "Mood A"
}