{
    "duration": 1.8461250066757202,
    "lossless": 1.0,
    "codec": "pcm_s16le",
    "bitrate": 256000.0,
    "samplerate": 16000.0,
    "channels": 1.0,
    "audio_md5": "0ccabfae04325f7a67340a77613b5001",
    "loudness": -26.15651512145996,
    "dynamic_range": 0.0,
    "temporal_centroid": 0.49139681458473206,
    "log_attack_time": -0.2282809615135193,
    "filesize": 59120,
    "single_event": true,
    "tonality": "B minor",
    "tonality_confidence": 0.5656375885009766,
    "loop": false,
    "tempo": 99,
    "tempo_confidence": 0.0,
    "note_midi": 34,
    "note_name": "A#1",
    "note_frequency": 58.56494903564453,
    "note_confidence": 0.3272472023963928,
    "hardness": 31.945422398387862,
    "depth": 66.34019510247529,
    "brightness": 32.835709747464115,
    "roughness": 26.18839352582851,
    "warmth": 59.19966919484384,
    "sharpness": 8.823438861101142,
    "boominess": 60.6476508466518,
    "reverb": false,
    "genre": "Genre A",
    "mood": "Mood A"
}