{
    "duration": 1.8461250066757202,
    "lossless": 1.0,
    "codec": "pcm_s16le",
    "bitrate": 256000.0,
    "samplerate": 16000.0,
    "channels": 1.0,
    "audio_md5": "78e67fd88c07e388ee825f5fe20b5d35",
    "loudness": -18.58009147644043,
    "dynamic_range": 0.0,
    "temporal_centroid": 0.5436826944351196,
    "log_attack_time": -0.2062286138534546,
    "filesize": 59120,
    "single_event": true,
    "tonality": "C major",
    "tonality_confidence": 0.6886610388755798,
    "loop": false,
    "tempo": 92,
    "tempo_confidence": 0.0,
    "note_midi": 29,
    "note_name": "F1",
    "note_frequency": 43.024391174316406,
    "note_confidence": 0.3091201186180115,
    "hardness": 35.49500682721674,
    "depth": 71.9609004690509,
    "brightness": 24.608899682678544,
    "roughness": 44.503768191427945,
    "warmth": 63.60218444859416,
    "sharpness": 40.58339200762967,
    "boominess": 47.24777134915524,
    "reverb": false,
    "genre": "Genre A",
    "mood": "Mood A"
}