{
    "duration": 1.8461250066757202,
    "lossless": 1.0,
    "codec": "pcm_s16le",
    "bitrate": 256000.0,
    "samplerate": 16000.0,
    "channels": 1.0,
    "audio_md5": "5b0f91b777a9fdeab78c4010c6724f02",
    "loudness": -30.828548431396484,
    "dynamic_range": 0.0,
    "temporal_centroid": 0.4307492673397064,
    "log_attack_time": -0.8733658790588379,
    "filesize": 59120,
    "single_event": true,
    "tonality": "F major",
    "tonality_confidence": 0.2712915539741516,
    "loop": true,
    "tempo": 86,
    "tempo_confidence": 0.9627528190612793,
    "note_midi": 32,
    "note_name": "G#1",
    "note_frequency": 51.44382095336914,
    "note_confidence": 0.30186301469802856,
    "hardness": 35.71170288174471,
    "depth": 66.95198119143012,
    "brightness": 34.22023348692305,
    "roughness": 32.7529225802655,
    "warmth": 59.557470347868595,
    "sharpness": 21.134677417169257,
    "boominess": 57.01583737447119,
    "reverb": false,
    "genre": "Genre A",
    "mood": "Mood A"
}