{
    "duration": 1.8461250066757202,
    "lossless": 1.0,
    "codec": "pcm_s16le",
    "bitrate": 256000.0,
    "samplerate": 16000.0,
    "channels": 1.0,
    "audio_md5": "7575206334ca9ca57a7deb9c47ce2bb1",
    "loudness": -19.974672317504883,
    "dynamic_range": 0.0,
    "temporal_centroid": 0.5150307416915894,
    "log_attack_time": -0.14802099764347076,
    "filesize": 59120,
    "single_event": true,
    "tonality": "A minor",
    "tonality_confidence": 0.5172479748725891,
    "loop": false,
    "tempo": 128,
    "tempo_confidence": 0.0,
    "note_midi": 29,
    "note_name": "F1",
    "note_frequency": 43.024391174316406,
    "note_confidence": 0.292421817779541,
    "hardness": 33.583500301704035,
    "depth": 71.39093189362178,
    "brightness": 26.030478562561566,
    "roughness": 44.99277052522869,
    "warmth": 62.94413232606931,
    "sharpness": 38.42752694075301,
    "boominess": 47.638313404199316,
    "reverb": false,
    "genre": "Genre A",
    "mood": "Mood A"
}