{
    "duration": 1.8461250066757202,
    "lossless": 1.0,
    "codec": "pcm_s16le",
    "bitrate": 256000.0,
    "samplerate": 16000.0,
    "channels": 1.0,
    "audio_md5": "3d4891b20b29086c2ede1338ea3d450b",
    "loudness": -37.1478271484375,
    "dynamic_range": 0.0,
    "temporal_centroid": 0.5412255525588989,
    "log_attack_time": -0.6323609948158264,
    "filesize": 59120,
    "single_event": true,
    "tonality": "B minor",
    "tonality_confidence": 0.6571313738822937,
    "loop": false,
    "tempo": 101,
    "tempo_confidence": 0.0,
    "note_midi": 50,
    "note_name": "D3",
    "note_frequency": 146.9498291015625,
    "note_confidence": 0.5017018914222717,
    "hardness": 38.1334197454927,
    "depth": 52.03145462874721,
    "brightness": 34.66375754546442,
    "roughness": 41.54336207153966,
    "warmth": 62.20528982353263,
    "sharpness": 10.036862258435534,
    "boominess": 48.740858715432026,
    "reverb": false,
    "genre": "Genre A",
    "mood": "Mood A"
}