{
    "duration": 1.8461250066757202,
    "lossless": 1.0,
    "codec": "pcm_s16le",
    "bitrate": 256000.0,
    "samplerate": 16000.0,
    "channels": 1.0,
    "audio_md5": "d60a35a3829658aa050d0037f6be8f11",
    "loudness": -15.234195709228516,
    "dynamic_range": 0.0,
    "temporal_centroid": 0.521342933177948,
    "log_attack_time": -0.34482237696647644,
    "filesize": 59120,
    "single_event": true,
    "tonality": "G# major",
    "tonality_confidence": 0.5582800507545471,
    "loop": false,
    "tempo": 111,
    "tempo_confidence": 0.0,
    "note_midi": 32,
    "note_name": "G#1",
    "note_frequency": 51.280582427978516,
    "note_confidence": 0.7921234965324402,
    "hardness": 33.045222912727894,
    "depth": 68.24471798296076,
    "brightness": 22.791109473024036,
    "roughness": 39.958475870885195,
    "warmth": 60.90800766532021,
    "sharpness": 37.239581692597554,
    "boominess": 50.953908874556205,
    "reverb": false,
    "genre": "Genre A",
    "mood": "Mood A"
}