{
    "duration": 1.8461250066757202,
    "lossless": 1.0,
    "codec": "pcm_s16le",
    "bitrate": 256000.0,
    "samplerate": 16000.0,
    "channels": 1.0,
    "audio_md5": "e76932c7622dc6657b7da829ad227546",
    "loudness": -15.15117073059082,
    "dynamic_range": 0.0,
    "temporal_centroid": 0.5353079438209534,
    "log_attack_time": -0.045309100300073624,
    "filesize": 59120,
    "single_event": true,
    "tonality": "D# minor",
    "tonality_confidence": 0.616640567779541,
    "loop": false,
    "tempo": 144,
    "tempo_confidence": 0.0,
    "note_midi": 30,
    "note_name": "F#1",
    "note_frequency": 47.450565338134766,
    "note_confidence": 0.7921633720397949,
    "hardness": 34.18699579551421,
    "depth": 68.33626378517033,
    "brightness": 27.595352566655958,
    "roughness": 41.394448951872626,
    "warmth": 60.93260089010224,
    "sharpness": 37.77818299316391,
    "boominess": 50.39945014913382,
    "reverb": false,
    "genre": "Genre A",
    "mood": "Mood A"
}