{
    "duration": 1.8461250066757202,
    "lossless": 1.0,
    "codec": "pcm_s16le",
    "bitrate": 256000.0,
    "samplerate": 16000.0,
    "channels": 1.0,
    "audio_md5": "c50e7b336ee51d304893d77cf3eca785",
    "loudness": -27.8089599609375,
    "dynamic_range": 0.0,
    "temporal_centroid": 0.48108890652656555,
    "log_attack_time": -0.30646049976348877,
    "filesize": 59120,
    "single_event": true,
    "tonality": "B major",
    "tonality_confidence": 0.5385369658470154,
    "loop": false,
    "tempo": 144,
    "tempo_confidence": 0.0,
    "note_midi": 34,
    "note_name": "A#1",
    "note_frequency": 58.096038818359375,
    "note_confidence": 0.39220815896987915,
    "hardness": 39.95570654282237,
    "depth": 64.98284903556676,
    "brightness": 36.38466015025284,
    "roughness": 50.07565614310346,
    "warmth": 66.93826381576088,
    "sharpness": 17.16732655199288,
    "boominess": 46.52149560196008,
    "reverb": false,
    "genre": "Genre A",
    "mood": "Mood A"
}