{
    "duration": 1.8461250066757202,
    "lossless": 1.0,
    "codec": "pcm_s16le",
    "bitrate": 256000.0,
    "samplerate": 16000.0,
    "channels": 1.0,
    "audio_md5": "2852d2e139377124664827e95bbe414f",
    "loudness": -34.648414611816406,
    "dynamic_range": 0.0,
    "temporal_centroid": 0.45648157596588135,
    "log_attack_time": -0.22848090529441833,
    "filesize": 59120,
    "single_event": true,
    "tonality": "B major",
    "tonality_confidence": 0.40496835112571716,
    "loop": false,
    "tempo": 101,
    "tempo_confidence": 0.0,
    "note_midi": 32,
    "note_name": "G#1",
    "note_frequency": 52.65825271606445,
    "note_confidence": 0.2563380002975464,
    "hardness": 40.0514305955617,
    "depth": 66.94614483499481,
    "brightness": 36.7617393588884,
    "roughness": 33.15078990568806,
    "warmth": 58.70354341915747,
    "sharpness": 13.292054218197752,
    "boominess": 57.95502461281772,
    "reverb": false,
    "genre": "Genre A",
    "mood": "Mood A"
}