{
    "duration": 1.8461250066757202,
    "lossless": 1.0,
    "codec": "pcm_s16le",
    "bitrate": 256000.0,
    "samplerate": 16000.0,
    "channels": 1.0,
    "audio_md5": "0b547f77bd3f3c16267d93cb2dbb22ca",
    "loudness": -34.38931655883789,
    "dynamic_range": 0.0,
    "temporal_centroid": 0.5190162062644958,
    "log_attack_time": 0.03353315219283104,
    "filesize": 59120,
    "single_event": true,
    "tonality": "D# minor",
    "tonality_confidence": 0.5231478214263916,
    "loop": false,
    "tempo": 133,
    "tempo_confidence": 0.0,
    "note_midi": 31,
    "note_name": "G1",
    "note_frequency": 48.409156799316406,
    "note_confidence": 0.4342958927154541,
    "hardness": 38.448671490713465,
    "depth": 67.50259219237142,
    "brightness": 40.158073642697524,
    "roughness": 46.171226529678286,
    "warmth": 64.54859467736192,
    "sharpness": 27.697928665652615,
    "boominess": 48.917341151904665,
    "reverb": false,
    "genre": "Genre A",
    "mood": "Mood A"
}