{
    "duration": 1.8461250066757202,
    "lossless": 1.0,
    "codec": "pcm_s16le",
    "bitrate": 256000.0,
    "samplerate": 16000.0,
    "channels": 1.0,
    "audio_md5": "a8d0a17f65200e824366469b39635665",
    "loudness": -17.27644920349121,
    "dynamic_range": 0.0,
    "temporal_centroid": 0.5010666847229004,
    "log_attack_time": -1.358656406402588,
    "filesize": 59120,
    "single_event": true,
    "tonality": "A major",
    "tonality_confidence": 0.3930804431438446,
    "loop": false,
    "tempo": 126,
    "tempo_confidence": 0.0,
    "note_midi": 29,
    "note_name": "F1",
    "note_frequency": 43.024391174316406,
    "note_confidence": 0.46135997772216797,
    "hardness": 36.20588387838478,
    "depth": 76.35168283411122,
    "brightness": 19.627761495325608,
    "roughness": 42.00854769737082,
    "warmth": 61.51609573099206,
    "sharpness": 39.14227670157017,
    "boominess": 49.35243929623824,
    "reverb": false,
    "genre": "Genre A",
    "mood": "Mood A"
}