{
    "duration": 1.8461250066757202,
    "lossless": 1.0,
    "codec": "pcm_s16le",
    "bitrate": 256000.0,
    "samplerate": 16000.0,
    "channels": 1.0,
    "audio_md5": "61dfc11256ab0586062edcf6762221fc",
    "loudness": -38.50358581542969,
    "dynamic_range": 0.0,
    "temporal_centroid": 0.47367438673973083,
    "log_attack_time": -1.9218047857284546,
    "filesize": 59120,
    "single_event": true,
    "tonality": "B minor",
    "tonality_confidence": 0.7340462803840637,
    "loop": true,
    "tempo": 86,
    "tempo_confidence": 0.9944746494293213,
    "note_midi": 39,
    "note_name": "D#2",
    "note_frequency": 78.0376205444336,
    "note_confidence": 0.4177141785621643,
    "hardness": 45.623177894144476,
    "depth": 58.449340115594524,
    "brightness": 42.803467444326394,
    "roughness": 34.070387917775435,
    "warmth": 56.28071399370954,
    "sharpness": 26.855898385207915,
    "boominess": 49.459429355990764,
    "reverb": false,
    "genre": "Genre A",
    "mood": "Mood A"
}