{
    "duration": 1.8461250066757202,
    "lossless": 1.0,
    "codec": "pcm_s16le",
    "bitrate": 256000.0,
    "samplerate": 16000.0,
    "channels": 1.0,
    "audio_md5": "b1ef27071b70ad8ed4d85be9f87e3239",
    "loudness": -29.261367797851562,
    "dynamic_range": 0.0,
    "temporal_centroid": 0.47569650411605835,
    "log_attack_time": -0.22929821908473969,
    "filesize": 59120,
    "single_event": true,
    "tonality": "C major",
    "tonality_confidence": 0.48807305097579956,
    "loop": true,
    "tempo": 88,
    "tempo_confidence": 0.9551685452461243,
    "note_midi": 33,
    "note_name": "A1",
    "note_frequency": 54.64494323730469,
    "note_confidence": 0.3198878765106201,
    "hardness": 34.20481783628776,
    "depth": 66.20701644166041,
    "brightness": 34.14840579712602,
    "roughness": 27.654716422764622,
    "warmth": 59.987983750065766,
    "sharpness": 6.597100414594447,
    "boominess": 60.05549746934146,
    "reverb": false,
    "genre": "Genre A",
    "mood": "Mood A"
}