{
    "duration": 1.8461250066757202,
    "lossless": 1.0,
    "codec": "pcm_s16le",
    "bitrate": 256000.0,
    "samplerate": 16000.0,
    "channels": 1.0,
    "audio_md5": "3fd3d317787a8e6aee00f4e9be42ee1a",
    "loudness": -34.38551330566406,
    "dynamic_range": 0.0,
    "temporal_centroid": 0.4707207977771759,
    "log_attack_time": -0.45242899656295776,
    "filesize": 59120,
    "single_event": true,
    "tonality": "B minor",
    "tonality_confidence": 0.40420839190483093,
    "loop": false,
    "tempo": 140,
    "tempo_confidence": 0.0,
    "note_midi": 35,
    "note_name": "B1",
    "note_frequency": 63.25132751464844,
    "note_confidence": 0.37756913900375366,
    "hardness": 42.4179885551645,
    "depth": 63.489949942308385,
    "brightness": 40.4454315878638,
    "roughness": 35.124915115198185,
    "warmth": 58.038211602169646,
    "sharpness": 15.747769958565204,
    "boominess": 50.90509169339829,
    "reverb": false,
    "genre": "Genre A",
    "mood": "Mood A"
}