{
    "duration": 1.8461250066757202,
    "lossless": 1.0,
    "codec": "pcm_s16le",
    "bitrate": 256000.0,
    "samplerate": 16000.0,
    "channels": 1.0,
    "audio_md5": "d0d38b14f92876501f61f20fe91839db",
    "loudness": -40.36342239379883,
    "dynamic_range": 0.0,
    "temporal_centroid": 0.5026745200157166,
    "log_attack_time": -0.14221636950969696,
    "filesize": 59120,
    "single_event": true,
    "tonality": "B major",
    "tonality_confidence": 0.5778064727783203,
    "loop": false,
    "tempo": 99,
    "tempo_confidence": 0.0,
    "note_midi": 37,
    "note_name": "C#2",
    "note_frequency": 68.87677001953125,
    "note_confidence": 0.4434018135070801,
    "hardness": 48.46436714532905,
    "depth": 60.03509571354131,
    "brightness": 43.821724907515694,
    "roughness": 40.52310866259673,
    "warmth": 57.273561324693915,
    "sharpness": 24.68339274292694,
    "boominess": 47.86310574076046,
    "reverb": false,
    "genre": "Genre A",
    "mood": "Mood A"
}