{
    "duration": 1.8461250066757202,
    "lossless": 1.0,
    "codec": "pcm_s16le",
    "bitrate": 256000.0,
    "samplerate": 16000.0,
    "channels": 1.0,
    "audio_md5": "2eff6cff0f9bb27c52d36515cc58f879",
    "loudness": -16.780147552490234,
    "dynamic_range": 0.0,
    "temporal_centroid": 0.5136291980743408,
    "log_attack_time": -1.0677517652511597,
    "filesize": 59120,
    "single_event": true,
    "tonality": "B minor",
    "tonality_confidence": 0.5549654960632324,
    "loop": false,
    "tempo": 110,
    "tempo_confidence": 0.0,
    "note_midi": 29,
    "note_name": "F1",
    "note_frequency": 43.024391174316406,
    "note_confidence": 0.31322044134140015,
    "hardness": 34.32621923302666,
    "depth": 71.36528980518091,
    "brightness": 24.917328063341756,
    "roughness": 43.50341452727916,
    "warmth": 62.530048840006344,
    "sharpness": 41.94557226998593,
    "boominess": 46.76833064777394,
    "reverb": false,
    "genre": "Genre A",
    "mood": "Mood A"
}