{
    "duration": 1.8461250066757202,
    "lossless": 1.0,
    "codec": "pcm_s16le",
    "bitrate": 256000.0,
    "samplerate": 16000.0,
    "channels": 1.0,
    "audio_md5": "b875b3b7c460bcbd5426868b78fcf3a6",
    "loudness": -29.374296188354492,
    "dynamic_range": 0.0,
    "temporal_centroid": 0.4552628695964813,
    "log_attack_time": -0.23290304839611053,
    "filesize": 59120,
    "single_event": true,
    "tonality": "G major",
    "tonality_confidence": 0.5542986989021301,
    "loop": true,
    "tempo": 131,
    "tempo_confidence": 0.9719780683517456,
    "note_midi": 33,
    "note_name": "A1",
    "note_frequency": 54.39455795288086,
    "note_confidence": 0.2784832715988159,
    "hardness": 33.52870210788846,
    "depth": 66.2605244500212,
    "brightness": 33.348231228918884,
    "roughness": 28.915818937448908,
    "warmth": 60.00500561791131,
    "sharpness": 0.0,
    "boominess": 61.48522207381063,
    "reverb": false,
    "genre": "Genre A",
    "mood": "Mood A"
}