{
    "duration": 1.8461250066757202,
    "lossless": 1.0,
    "codec": "pcm_s16le",
    "bitrate": 256000.0,
    "samplerate": 16000.0,
    "channels": 1.0,
    "audio_md5": "1de214081cc53cbb802ec019554d29bb",
    "loudness": -29.3825740814209,
    "dynamic_range": 0.0,
    "temporal_centroid": 0.5044487714767456,
    "log_attack_time": -1.0768241882324219,
    "filesize": 59120,
    "single_event": true,
    "tonality": "C major",
    "tonality_confidence": 0.6217811107635498,
    "loop": false,
    "tempo": 155,
    "tempo_confidence": 0.0,
    "note_midi": 34,
    "note_name": "A#1",
    "note_frequency": 58.891727447509766,
    "note_confidence": 0.35339319705963135,
    "hardness": 38.21837874921758,
    "depth": 64.9406591414252,
    "brightness": 38.343867350917265,
    "roughness": 49.04874144263345,
    "warmth": 67.15127556598232,
    "sharpness": 19.068934932747872,
    "boominess": 47.65944614504565,
    "reverb": false,
    "genre": "Genre A",
    "mood": "Mood A"
}