{
    "duration": 1.8461250066757202,
    "lossless": 1.0,
    "codec": "pcm_s16le",
    "bitrate": 256000.0,
    "samplerate": 16000.0,
    "channels": 1.0,
    "audio_md5": "606baa90408111b57bfc168ccec10db2",
    "loudness": -28.43427085876465,
    "dynamic_range": 0.0,
    "temporal_centroid": 0.4762333929538727,
    "log_attack_time": -1.8369040489196777,
    "filesize": 59120,
    "single_event": true,
    "tonality": "B minor",
    "tonality_confidence": 0.5888592004776001,
    "loop": false,
    "tempo": 99,
    "tempo_confidence": 0.0,
    "note_midi": 33,
    "note_name": "A1",
    "note_frequency": 54.581974029541016,
    "note_confidence": 0.30387043952941895,
    "hardness": 32.640410078790026,
    "depth": 67.37807298720453,
    "brightness": 33.12589651963106,
    "roughness": 21.1353258131308,
    "warmth": 59.30335680150431,
    "sharpness": 4.730930680526686,
    "boominess": 61.132960614634754,
    "reverb": false,
    "genre": "Genre A",
    "mood": "Mood A"
}