{
    "duration": 1.8461250066757202,
    "lossless": 1.0,
    "codec": "pcm_s16le",
    "bitrate": 256000.0,
    "samplerate": 16000.0,
    "channels": 1.0,
    "audio_md5": "d6d10b7a52e8f3b66adf5856bfb83483",
    "loudness": -15.864940643310547,
    "dynamic_range": 0.0,
    "temporal_centroid": 0.516171395778656,
    "log_attack_time": -0.788495659828186,
    "filesize": 59120,
    "single_event": true,
    "tonality": "B minor",
    "tonality_confidence": 0.42032313346862793,
    "loop": false,
    "tempo": 167,
    "tempo_confidence": 0.0,
    "note_midi": 29,
    "note_name": "F1",
    "note_frequency": 43.024391174316406,
    "note_confidence": 0.44545894861221313,
    "hardness": 33.85967936940503,
    "depth": 71.2134874286273,
    "brightness": 24.83692901130786,
    "roughness": 44.526480297042774,
    "warmth": 62.77214398335986,
    "sharpness": 39.47385527015983,
    "boominess": 48.43218438585667,
    "reverb": false,
    "genre": "Genre A",
    "mood": "Mood A"
}