{
    "duration": 1.8461250066757202,
    "lossless": 1.0,
    "codec": "pcm_s16le",
    "bitrate": 256000.0,
    "samplerate": 16000.0,
    "channels": 1.0,
    "audio_md5": "d93430f9639a96bb3df1f9c1e4d7f200",
    "loudness": -15.331710815429688,
    "dynamic_range": 0.0,
    "temporal_centroid": 0.5136798024177551,
    "log_attack_time": -0.26596799492836,
    "filesize": 59120,
    "single_event": true,
    "tonality": "B major",
    "tonality_confidence": 0.45959243178367615,
    "loop": false,
    "tempo": 144,
    "tempo_confidence": 0.0,
    "note_midi": 29,
    "note_name": "F1",
    "note_frequency": 43.024391174316406,
    "note_confidence": 0.5885854959487915,
    "hardness": 33.481810578739584,
    "depth": 70.4225823210732,
    "brightness": 25.02443422931223,
    "roughness": 42.109002444217985,
    "warmth": 62.23353443422433,
    "sharpness": 39.92988886382714,
    "boominess": 48.535098329463935,
    "reverb": false,
    "genre": "Genre A",
    "mood": "Mood A"
}