{
    "duration": 1.8461250066757202,
    "lossless": 1.0,
    "codec": "pcm_s16le",
    "bitrate": 256000.0,
    "samplerate": 16000.0,
    "channels": 1.0,
    "audio_md5": "ad7bde448e2a3a71a168af5d7cd6c020",
    "loudness": -27.908823013305664,
    "dynamic_range": 0.0,
    "temporal_centroid": 0.5002956986427307,
    "log_attack_time": -0.3065003454685211,
    "filesize": 59120,
    "single_event": true,
    "tonality": "B minor",
    "tonality_confidence": 0.7136312127113342,
    "loop": false,
    "tempo": 99,
    "tempo_confidence": 0.0,
    "note_midi": 35,
    "note_name": "B1",
    "note_frequency": 61.88160705566406,
    "note_confidence": 0.38258904218673706,
    "hardness": 40.96271105652575,
    "depth": 64.8838551121011,
    "brightness": 37.24602681664379,
    "roughness": 50.21700251884758,
    "warmth": 67.42092147692023,
    "sharpness": 17.61032187289048,
    "boominess": 46.41749591043084,
    "reverb": false,
    "genre": "Genre A",
    "mood": "Mood A"
}