{
    "duration": 1.8461250066757202,
    "lossless": 1.0,
    "codec": "pcm_s16le",
    "bitrate": 256000.0,
    "samplerate": 16000.0,
    "channels": 1.0,
    "audio_md5": "2e2a3116f2ec7e5e54d771de33d5de18",
    "loudness": -35.34212112426758,
    "dynamic_range": 0.0,
    "temporal_centroid": 0.49578580260276794,
    "log_attack_time": -0.4562416076660156,
    "filesize": 59120,
    "single_event": true,
    "tonality": "F minor",
    "tonality_confidence": 0.46165192127227783,
    "loop": false,
    "tempo": 103,
    "tempo_confidence": 0.0,
    "note_midi": 35,
    "note_name": "B1",
    "note_frequency": 62.4589729309082,
    "note_confidence": 0.42900240421295166,
    "hardness": 47.623536170708036,
    "depth": 61.88465674800131,
    "brightness": 42.00073013372078,
    "roughness": 37.448626869424416,
    "warmth": 57.58444026860523,
    "sharpness": 13.553476596168444,
    "boominess": 50.92770721577915,
    "reverb": false,
    "genre": "Genre A",
    "mood": "Mood A"
}