{
    "duration": 1.8461250066757202,
    "lossless": 1.0,
    "codec": "pcm_s16le",
    "bitrate": 256000.0,
    "samplerate": 16000.0,
    "channels": 1.0,
    "audio_md5": "1e2cc24fa459a8c44677e7aedc32590f",
    "loudness": -15.924400329589844,
    "dynamic_range": 0.0,
    "temporal_centroid": 0.5138935446739197,
    "log_attack_time": -1.1320210695266724,
    "filesize": 59120,
    "single_event": true,
    "tonality": "C minor",
    "tonality_confidence": 0.5975183248519897,
    "loop": false,
    "tempo": 152,
    "tempo_confidence": 0.0,
    "note_midi": 29,
    "note_name": "F1",
    "note_frequency": 43.024391174316406,
    "note_confidence": 0.43723493814468384,
    "hardness": 34.97034237054788,
    "depth": 69.56375430782401,
    "brightness": 23.529737208784073,
    "roughness": 44.005653206033536,
    "warmth": 61.27081929522452,
    "sharpness": 42.203497109718846,
    "boominess": 46.924652806542966,
    "reverb": false,
    "genre": "Genre A",
    "mood": "Mood A"
}