{
    "duration": 1.8461250066757202,
    "lossless": 1.0,
    "codec": "pcm_s16le",
    "bitrate": 256000.0,
    "samplerate": 16000.0,
    "channels": 1.0,
    "audio_md5": "4208e38fc46d236fb41acd10af707ccf",
    "loudness": -38.23135757446289,
    "dynamic_range": 0.0,
    "temporal_centroid": 0.4839235842227936,
    "log_attack_time": -2.25883412361145,
    "filesize": 59120,
    "single_event": true,
    "tonality": "B minor",
    "tonality_confidence": 0.7144215703010559,
    "loop": false,
    "tempo": 103,
    "tempo_confidence": 0.0,
    "note_midi": 39,
    "note_name": "D#2",
    "note_frequency": 79.4863052368164,
    "note_confidence": 0.4538816213607788,
    "hardness": 48.665732291596214,
    "depth": 58.11392666288886,
    "brightness": 42.67857080406283,
    "roughness": 38.19661470979017,
    "warmth": 58.479179584213924,
    "sharpness": 17.3110626308611,
    "boominess": 48.523006035874346,
    "reverb": false,
    "genre": "Genre A",
    "mood": "Mood A"
}