{
    "duration": 1.8461250066757202,
    "lossless": 1.0,
    "codec": "pcm_s16le",
    "bitrate": 256000.0,
    "samplerate": 16000.0,
    "channels": 1.0,
    "audio_md5": "0c65a22b11323fb95ce8daadaad7d87d",
    "loudness": -29.270856857299805,
    "dynamic_range": 0.0,
    "temporal_centroid": 0.43877893686294556,
    "log_attack_time": -0.08191970735788345,
    "filesize": 59120,
    "single_event": true,
    "tonality": "C minor",
    "tonality_confidence": 0.3521661162376404,
    "loop": false,
    "tempo": 101,
    "tempo_confidence": 0.0,
    "note_midi": 33,
    "note_name": "A1",
    "note_frequency": 54.94719314575195,
    "note_confidence": 0.28868770599365234,
    "hardness": 40.6479395419784,
    "depth": 66.26567587847354,
    "brightness": 34.210191001659126,
    "roughness": 30.501765345155395,
    "warmth": 58.36338114841959,
    "sharpness": 8.370340229295508,
    "boominess": 59.26724574056202,
    "reverb": false,
    "genre": "Genre A",
    "mood": "Mood A"
}