{
    "duration": 1.8461250066757202,
    "lossless": 1.0,
    "codec": "pcm_s16le",
    "bitrate": 256000.0,
    "samplerate": 16000.0,
    "channels": 1.0,
    "audio_md5": "ce9a95d3b6a84a3dfa20fab92927f399",
    "loudness": -41.04649353027344,
    "dynamic_range": 0.0,
    "temporal_centroid": 0.5396602153778076,
    "log_attack_time": -0.096270352602005,
    "filesize": 59120,
    "single_event": true,
    "tonality": "B minor",
    "tonality_confidence": 0.5512508749961853,
    "loop": false,
    "tempo": 103,
    "tempo_confidence": 0.0,
    "note_midi": 38,
    "note_name": "D2",
    "note_frequency": 74.873291015625,
    "note_confidence": 0.45918023586273193,
    "hardness": 45.654911954560134,
    "depth": 59.38370983208326,
    "brightness": 43.81146326281966,
    "roughness": 36.33665085171546,
    "warmth": 58.69218356442981,
    "sharpness": 26.87482118076078,
    "boominess": 46.49983192075868,
    "reverb": false,
    "genre": "Genre A",
    "mood": "Mood A"
}