{
    "duration": 1.8461250066757202,
    "lossless": 1.0,
    "codec": "pcm_s16le",
    "bitrate": 256000.0,
    "samplerate": 16000.0,
    "channels": 1.0,
    "audio_md5": "175a0d193582249b793ca472c16f0417",
    "loudness": -24.078777313232422,
    "dynamic_range": 0.0,
    "temporal_centroid": 0.5189985036849976,
    "log_attack_time": -0.2320115864276886,
    "filesize": 59120,
    "single_event": true,
    "tonality": "A minor",
    "tonality_confidence": 0.7325441241264343,
    "loop": false,
    "tempo": 103,
    "tempo_confidence": 0.0,
    "note_midi": 32,
    "note_name": "G#1",
    "note_frequency": 50.91969299316406,
    "note_confidence": 0.49562710523605347,
    "hardness": 33.03464818615441,
    "depth": 68.59355555872212,
    "brightness": 31.935051596492773,
    "roughness": 31.627602685010647,
    "warmth": 60.08839283921435,
    "sharpness": 21.017978185669456,
    "boominess": 58.24820911490418,
    "reverb": false,
    "genre": "Genre A",
    "mood": "Mood A"
}