{
    "duration": 1.8461250066757202,
    "lossless": 1.0,
    "codec": "pcm_s16le",
    "bitrate": 256000.0,
    "samplerate": 16000.0,
    "channels": 1.0,
    "audio_md5": "5752c477a65283da8ea6262a8fa2f2bb",
    "loudness": -27.80758285522461,
    "dynamic_range": 0.0,
    "temporal_centroid": 0.4882156252861023,
    "log_attack_time": -0.3071390986442566,
    "filesize": 59120,
    "single_event": true,
    "tonality": "G major",
    "tonality_confidence": 0.7659571766853333,
    "loop": false,
    "tempo": 101,
    "tempo_confidence": 0.0,
    "note_midi": 35,
    "note_name": "B1",
    "note_frequency": 60.74637222290039,
    "note_confidence": 0.3744962215423584,
    "hardness": 41.31481259092864,
    "depth": 64.9829760287531,
    "brightness": 36.60901683996155,
    "roughness": 50.12349718540384,
    "warmth": 67.09705278723344,
    "sharpness": 17.259899780905965,
    "boominess": 46.24111749278955,
    "reverb": false,
    "genre": "Genre A",
    "mood": "Mood A"
}