{
    "duration": 1.8461250066757202,
    "lossless": 1.0,
    "codec": "pcm_s16le",
    "bitrate": 256000.0,
    "samplerate": 16000.0,
    "channels": 1.0,
    "audio_md5": "2c1e876e4b358f9ea8b3963e9598f29b",
    "loudness": -38.4444465637207,
    "dynamic_range": 0.0,
    "temporal_centroid": 0.4834248423576355,
    "log_attack_time": -2.2130753993988037,
    "filesize": 59120,
    "single_event": true,
    "tonality": "B minor",
    "tonality_confidence": 0.5056785941123962,
    "loop": false,
    "tempo": 103,
    "tempo_confidence": 0.0,
    "note_midi": 42,
    "note_name": "F#2",
    "note_frequency": 90.81383514404297,
    "note_confidence": 0.4448801279067993,
    "hardness": 45.04408804977123,
    "depth": 58.24505261054745,
    "brightness": 42.92508531011343,
    "roughness": 35.32792820161381,
    "warmth": 56.96804967641752,
    "sharpness": 22.89421561204621,
    "boominess": 48.60891446435207,
    "reverb": false,
    "genre": "Genre A",
    "mood": "Mood A"
}