{
    "duration": 1.8461250066757202,
    "lossless": 1.0,
    "codec": "pcm_s16le",
    "bitrate": 256000.0,
    "samplerate": 16000.0,
    "channels": 1.0,
    "audio_md5": "b2016c139f943fccb63b7de41029091e",
    "loudness": -28.64534568786621,
    "dynamic_range": 0.0,
    "temporal_centroid": 0.46203434467315674,
    "log_attack_time": -0.448400616645813,
    "filesize": 59120,
    "single_event": true,
    "tonality": "G# minor",
    "tonality_confidence": 0.608666718006134,
    "loop": true,
    "tempo": 87,
    "tempo_confidence": 0.996317446231842,
    "note_midi": 38,
    "note_name": "D2",
    "note_frequency": 75.21092224121094,
    "note_confidence": 0.2647397518157959,
    "hardness": 35.416449405073394,
    "depth": 64.30938223929546,
    "brightness": 33.526506754751324,
    "roughness": 31.43368675700271,
    "warmth": 55.70700686920428,
    "sharpness": 26.019286340847636,
    "boominess": 56.63007556207417,
    "reverb": false,
    "genre": "Genre A",
    "mood": "Mood A"
}