{
    "duration": 1.8461250066757202,
    "lossless": 1.0,
    "codec": "pcm_s16le",
    "bitrate": 256000.0,
    "samplerate": 16000.0,
    "channels": 1.0,
    "audio_md5": "71c990c5ef42e13c774f19b0c3fadda5",
    "loudness": -38.978538513183594,
    "dynamic_range": 0.0,
    "temporal_centroid": 0.4988505244255066,
    "log_attack_time": -0.1509944349527359,
    "filesize": 59120,
    "single_event": true,
    "tonality": "B minor",
    "tonality_confidence": 0.6405579447746277,
    "loop": false,
    "tempo": 103,
    "tempo_confidence": 0.0,
    "note_midi": 37,
    "note_name": "C#2",
    "note_frequency": 70.72767639160156,
    "note_confidence": 0.4454902410507202,
    "hardness": 46.053120770296346,
    "depth": 57.14365815209109,
    "brightness": 43.23365108328472,
    "roughness": 38.92582382543264,
    "warmth": 59.009340169219996,
    "sharpness": 17.926374171299926,
    "boominess": 47.37677669271714,
    "reverb": false,
    "genre": "Genre A",
    "mood": "Mood A"
}