{
    "duration": 1.8461250066757202,
    "lossless": 1.0,
    "codec": "pcm_s16le",
    "bitrate": 256000.0,
    "samplerate": 16000.0,
    "channels": 1.0,
    "audio_md5": "83ef08c01841b9fc23689d3339722aaa",
    "loudness": -16.143884658813477,
    "dynamic_range": 0.0,
    "temporal_centroid": 0.5131744146347046,
    "log_attack_time": -1.1148799657821655,
    "filesize": 59120,
    "single_event": true,
    "tonality": "C major",
    "tonality_confidence": 0.9223004579544067,
    "loop": false,
    "tempo": 108,
    "tempo_confidence": 0.0,
    "note_midi": 29,
    "note_name": "F1",
    "note_frequency": 43.024391174316406,
    "note_confidence": 0.4219622015953064,
    "hardness": 33.160724707777334,
    "depth": 72.02033699613503,
    "brightness": 25.072791846684737,
    "roughness": 42.44441682757998,
    "warmth": 61.13070077389888,
    "sharpness": 43.19774353368357,
    "boominess": 45.94792452128093,
    "reverb": false,
    "genre": "Genre A",
    "mood": "Mood A"
}