{
    "duration": 1.8461250066757202,
    "lossless": 1.0,
    "codec": "pcm_s16le",
    "bitrate": 256000.0,
    "samplerate": 16000.0,
    "channels": 1.0,
    "audio_md5": "6217d724b641b72c4e9817b974bfae1b",
    "loudness": -26.570890426635742,
    "dynamic_range": 0.0,
    "temporal_centroid": 0.5062746405601501,
    "log_attack_time": -0.3049275279045105,
    "filesize": 59120,
    "single_event": true,
    "tonality": "B minor",
    "tonality_confidence": 0.7305226922035217,
    "loop": false,
    "tempo": 149,
    "tempo_confidence": 0.0,
    "note_midi": 37,
    "note_name": "C#2",
    "note_frequency": 70.7787094116211,
    "note_confidence": 0.4304102063179016,
    "hardness": 40.01279466045261,
    "depth": 63.77142185233244,
    "brightness": 36.56451731593582,
    "roughness": 51.21810891537325,
    "warmth": 66.39805967661877,
    "sharpness": 22.891228183096892,
    "boominess": 43.914175436823044,
    "reverb": false,
    "genre": "Genre A",
    "mood": "Mood A"
}