{
    "duration": 1.8461250066757202,
    "lossless": 1.0,
    "codec": "pcm_s16le",
    "bitrate": 256000.0,
    "samplerate": 16000.0,
    "channels": 1.0,
    "audio_md5": "466b885ba120df54e75e47ca088b234f",
    "loudness": -14.98584270477295,
    "dynamic_range": 0.0,
    "temporal_centroid": 0.5335230827331543,
    "log_attack_time": -1.1447515487670898,
    "filesize": 59120,
    "single_event": true,
    "tonality": "C major",
    "tonality_confidence": 0.6356700658798218,
    "loop": false,
    "tempo": 115,
    "tempo_confidence": 0.0,
    "note_midi": 29,
    "note_name": "F1",
    "note_frequency": 43.024391174316406,
    "note_confidence": 0.51048743724823,
    "hardness": 33.86950380334571,
    "depth": 69.72098614499409,
    "brightness": 25.522676205209518,
    "roughness": 42.90539782721565,
    "warmth": 62.435619814452345,
    "sharpness": 35.36450197226536,
    "boominess": 51.02277881824996,
    "reverb": false,
    "genre": "Genre A",
    "mood": "Mood A"
}