{
    "duration": 1.8461250066757202,
    "lossless": 1.0,
    "codec": "pcm_s16le",
    "bitrate": 256000.0,
    "samplerate": 16000.0,
    "channels": 1.0,
    "audio_md5": "e2ca9bbf8edf439b82a4544f96583015",
    "loudness": -26.562725067138672,
    "dynamic_range": 0.0,
    "temporal_centroid": 0.47534969449043274,
    "log_attack_time": -0.7937310934066772,
    "filesize": 59120,
    "single_event": true,
    "tonality": "G minor",
    "tonality_confidence": 0.45597243309020996,
    "loop": true,
    "tempo": 98,
    "tempo_confidence": 0.9715555310249329,
    "note_midi": 37,
    "note_name": "C#2",
    "note_frequency": 67.83915710449219,
    "note_confidence": 0.4277591109275818,
    "hardness": 39.402098443207095,
    "depth": 64.63579083545183,
    "brightness": 35.1067185143841,
    "roughness": 49.37610525210522,
    "warmth": 67.41815748546455,
    "sharpness": 14.436920196775393,
    "boominess": 46.35672406827261,
    "reverb": false,
    "genre": "Genre A",
    "mood": "Mood A"
}