{
    "duration": 1.8461250066757202,
    "lossless": 1.0,
    "codec": "pcm_s16le",
    "bitrate": 256000.0,
    "samplerate": 16000.0,
    "channels": 1.0,
    "audio_md5": "3a9c28f7526f051cf2e14e4b08430b29",
    "loudness": -36.565834045410156,
    "dynamic_range": 0.0,
    "temporal_centroid": 0.4760926365852356,
    "log_attack_time": -2.2163050174713135,
    "filesize": 59120,
    "single_event": true,
    "tonality": "B minor",
    "tonality_confidence": 0.6558758020401001,
    "loop": true,
    "tempo": 86,
    "tempo_confidence": 0.9955147504806519,
    "note_midi": 38,
    "note_name": "D2",
    "note_frequency": 71.39004516601562,
    "note_confidence": 0.45115357637405396,
    "hardness": 47.3694261751653,
    "depth": 60.84050049882801,
    "brightness": 42.62989610261215,
    "roughness": 37.78054885816116,
    "warmth": 57.98937047924048,
    "sharpness": 19.99913064740867,
    "boominess": 47.976616536946196,
    "reverb": false,
    "genre": "Genre A",
    "mood": "Mood A"
}