{
    "duration": 1.8461250066757202,
    "lossless": 1.0,
    "codec": "pcm_s16le",
    "bitrate": 256000.0,
    "samplerate": 16000.0,
    "channels": 1.0,
    "audio_md5": "9a5dc00df8078bb3a102d1411ef6bf60",
    "loudness": -28.17608070373535,
    "dynamic_range": 0.0,
    "temporal_centroid": 0.49731290340423584,
    "log_attack_time": -0.3053450584411621,
    "filesize": 59120,
    "single_event": true,
    "tonality": "G major",
    "tonality_confidence": 0.6903024315834045,
    "loop": false,
    "tempo": 99,
    "tempo_confidence": 0.0,
    "note_midi": 36,
    "note_name": "C2",
    "note_frequency": 65.89308166503906,
    "note_confidence": 0.36141765117645264,
    "hardness": 40.16062050779256,
    "depth": 65.92353844016921,
    "brightness": 36.2577525350996,
    "roughness": 49.65261895338899,
    "warmth": 67.47217792599119,
    "sharpness": 13.593266274723813,
    "boominess": 47.40059812036395,
    "reverb": false,
    "genre": "Genre A",
    "mood": "Mood A"
}