{
    "duration": 1.8461250066757202,
    "lossless": 1.0,
    "codec": "pcm_s16le",
    "bitrate": 256000.0,
    "samplerate": 16000.0,
    "channels": 1.0,
    "audio_md5": "04ea316a97e56d2c31ea7c9eb1fc6117",
    "loudness": -39.30724334716797,
    "dynamic_range": 0.0,
    "temporal_centroid": 0.5070619583129883,
    "log_attack_time": -0.15394634008407593,
    "filesize": 59120,
    "single_event": true,
    "tonality": "B minor",
    "tonality_confidence": 0.7258895039558411,
    "loop": false,
    "tempo": 103,
    "tempo_confidence": 0.0,
    "note_midi": 41,
    "note_name": "F2",
    "note_frequency": 87.94772338867188,
    "note_confidence": 0.43918097019195557,
    "hardness": 44.70379460684342,
    "depth": 58.63269771647978,
    "brightness": 43.05736338555891,
    "roughness": 37.12720289020267,
    "warmth": 59.25228978223178,
    "sharpness": 22.686878624070715,
    "boominess": 47.76953461407152,
    "reverb": false,
    "genre": "Genre A",
    "mood": "Mood A"
}