{
    "duration": 1.809499979019165,
    "lossless": 1.0,
    "codec": "pcm_s16le",
    "bitrate": 256000.0,
    "samplerate": 16000.0,
    "channels": 1.0,
    "audio_md5": "21f89af8c3594f809bffce4291201450",
    "loudness": -15.28992748260498,
    "dynamic_range": 0.0,
    "temporal_centroid": 0.48700886964797974,
    "log_attack_time": 0.2179790437221527,
    "filesize": 57948,
    "single_event": false,
    "tonality": "D major",
    "tonality_confidence": 0.6768779754638672,
    "loop": false,
    "tempo": 83,
    "tempo_confidence": 0.0,
    "note_midi": 37,
    "note_name": "C#2",
    "note_frequency": 68.68941497802734,
    "note_confidence": 0.5123733282089233,
    "hardness": 44.30974907336309,
    "depth": 61.220426217973014,
    "brightness": 42.6432791204698,
    "roughness": 50.91763488863426,
    "warmth": 64.28407449640139,
    "sharpness": 25.831003381447324,
    "boominess": 41.863634086111205,
    "reverb": false,
    "genre": "Genre A",
    "mood": "Mood A"
}