{
    "duration": 1.809499979019165,
    "lossless": 1.0,
    "codec": "pcm_s16le",
    "bitrate": 256000.0,
    "samplerate": 16000.0,
    "channels": 1.0,
    "audio_md5": "cefe708d43906b2234f3302bd041e6a7",
    "loudness": -17.04582405090332,
    "dynamic_range": 0.0,
    "temporal_centroid": 0.5032335519790649,
    "log_attack_time": 0.13317671418190002,
    "filesize": 57948,
    "single_event": false,
    "tonality": "G# minor",
    "tonality_confidence": 0.5005887150764465,
    "loop": false,
    "tempo": 133,
    "tempo_confidence": 0.0,
    "note_midi": 37,
    "note_name": "C#2",
    "note_frequency": 71.31391143798828,
    "note_confidence": 0.43017858266830444,
    "hardness": 41.54261333356307,
    "depth": 64.08941266907233,
    "brightness": 43.6897543935667,
    "roughness": 49.166160850706554,
    "warmth": 64.63421292387471,
    "sharpness": 23.699400937285905,
    "boominess": 43.34879426951111,
    "reverb": false,
    "genre": "Genre A",
    "mood": "Mood A"
}