{
    "duration": 1.809499979019165,
    "lossless": 1.0,
    "codec": "pcm_s16le",
    "bitrate": 256000.0,
    "samplerate": 16000.0,
    "channels": 1.0,
    "audio_md5": "5bfef4a400c280184b5ba03782999ca6",
    "loudness": -8.98967456817627,
    "dynamic_range": 0.0,
    "temporal_centroid": 0.493624746799469,
    "log_attack_time": -0.7649413347244263,
    "filesize": 57948,
    "single_event": false,
    "tonality": "A minor",
    "tonality_confidence": 0.5895194411277771,
    "loop": false,
    "tempo": 199,
    "tempo_confidence": 0.0,
    "note_midi": 32,
    "note_name": "G#1",
    "note_frequency": 50.450279235839844,
    "note_confidence": 0.5258021354675293,
    "hardness": 45.97069273824911,
    "depth": 70.27501586386059,
    "brightness": 39.365282942115584,
    "roughness": 45.90745777254726,
    "warmth": 61.34263599058694,
    "sharpness": 36.62026696657297,
    "boominess": 46.34268507794057,
    "reverb": false,
    "genre": "Genre B",
    "mood": "Mood B"
}