{
    "duration": 1.809499979019165,
    "lossless": 1.0,
    "codec": "pcm_s16le",
    "bitrate": 256000.0,
    "samplerate": 16000.0,
    "channels": 1.0,
    "audio_md5": "73eb8ea1c3aab90ddaa870cb5e21127a",
    "loudness": -9.347604751586914,
    "dynamic_range": 0.0,
    "temporal_centroid": 0.4640430808067322,
    "log_attack_time": -1.2620612382888794,
    "filesize": 57948,
    "single_event": false,
    "tonality": "A# minor",
    "tonality_confidence": 0.48653313517570496,
    "loop": false,
    "tempo": 133,
    "tempo_confidence": 0.0,
    "note_midi": 30,
    "note_name": "F#1",
    "note_frequency": 46.043331146240234,
    "note_confidence": 0.6750854253768921,
    "hardness": 36.31841232680483,
    "depth": 69.33811903019512,
    "brightness": 35.341061339922625,
    "roughness": 45.42020609606927,
    "warmth": 60.78785518302991,
    "sharpness": 37.904754744531125,
    "boominess": 47.56288056571001,
    "reverb": false,
    "genre": "Genre B",
    "mood": "Mood B"
}