{
    "duration": 1.809499979019165,
    "lossless": 1.0,
    "codec": "pcm_s16le",
    "bitrate": 256000.0,
    "samplerate": 16000.0,
    "channels": 1.0,
    "audio_md5": "d2119bdb9b7eaa9c6241a631459ab8cf",
    "loudness": -18.09430503845215,
    "dynamic_range": 0.0,
    "temporal_centroid": 0.4305034875869751,
    "log_attack_time": -0.17585499584674835,
    "filesize": 57948,
    "single_event": false,
    "tonality": "F# major",
    "tonality_confidence": 0.49427345395088196,
    "loop": false,
    "tempo": 126,
    "tempo_confidence": 0.0,
    "note_midi": 34,
    "note_name": "A#1",
    "note_frequency": 58.87806701660156,
    "note_confidence": 0.43195122480392456,
    "hardness": 45.025619611109505,
    "depth": 62.39790639233636,
    "brightness": 47.30896389666198,
    "roughness": 50.24713829906479,
    "warmth": 60.95514441530332,
    "sharpness": 26.94505532356537,
    "boominess": 42.6338264003918,
    "reverb": false,
    "genre": "Genre A",
    "mood": "Mood A"
}