{
    "duration": 1.809499979019165,
    "lossless": 1.0,
    "codec": "pcm_s16le",
    "bitrate": 256000.0,
    "samplerate": 16000.0,
    "channels": 1.0,
    "audio_md5": "ded0e946ee12c9aa957834c96c4f021a",
    "loudness": -16.67147445678711,
    "dynamic_range": 0.0,
    "temporal_centroid": 0.3661474883556366,
    "log_attack_time": -1.580355167388916,
    "filesize": 57948,
    "single_event": false,
    "tonality": "D major",
    "tonality_confidence": 0.49631068110466003,
    "loop": false,
    "tempo": 185,
    "tempo_confidence": 0.0,
    "note_midi": 40,
    "note_name": "E2",
    "note_frequency": 82.85550689697266,
    "note_confidence": 0.5204951167106628,
    "hardness": 41.40045552657749,
    "depth": 61.95647888398043,
    "brightness": 44.68288002623396,
    "roughness": 49.56372095356273,
    "warmth": 60.21068711759473,
    "sharpness": 23.42583768218939,
    "boominess": 43.36365301124028,
    "reverb": false,
    "genre": "Genre B",
    "mood": "Mood B"
}