{
    "duration": 1.809499979019165,
    "lossless": 1.0,
    "codec": "pcm_s16le",
    "bitrate": 256000.0,
    "samplerate": 16000.0,
    "channels": 1.0,
    "audio_md5": "02c919103363e8edb4d61c9ac42301ed",
    "loudness": -6.998858451843262,
    "dynamic_range": 0.0,
    "temporal_centroid": 0.520055890083313,
    "log_attack_time": -1.0787087678909302,
    "filesize": 57948,
    "single_event": false,
    "tonality": "A# minor",
    "tonality_confidence": 0.6210047602653503,
    "loop": false,
    "tempo": 112,
    "tempo_confidence": 0.0,
    "note_midi": 60,
    "note_name": "C4",
    "note_frequency": 262.390869140625,
    "note_confidence": 0.5819572806358337,
    "hardness": 38.52363402816502,
    "depth": 52.7476165340294,
    "brightness": 40.272030065108865,
    "roughness": 52.1250246754186,
    "warmth": 64.56890255061532,
    "sharpness": 24.830572350614148,
    "boominess": 40.58369884485532,
    "reverb": false,
    "genre": "Genre A",
    "mood": "Mood A"
}