{
    "duration": 1.809499979019165,
    "lossless": 1.0,
    "codec": "pcm_s16le",
    "bitrate": 256000.0,
    "samplerate": 16000.0,
    "channels": 1.0,
    "audio_md5": "049af5dd1cf65a8b9aa56d1892deb2b7",
    "loudness": -20.493206024169922,
    "dynamic_range": 0.0,
    "temporal_centroid": 0.5243894457817078,
    "log_attack_time": 0.21175236999988556,
    "filesize": 57948,
    "single_event": false,
    "tonality": "C major",
    "tonality_confidence": 0.712286114692688,
    "loop": false,
    "tempo": 114,
    "tempo_confidence": 0.0,
    "note_midi": 37,
    "note_name": "C#2",
    "note_frequency": 67.68589782714844,
    "note_confidence": 0.379224956035614,
    "hardness": 68.92106167808836,
    "depth": 69.79479702167488,
    "brightness": 51.3398326340989,
    "roughness": 55.810410894978034,
    "warmth": 60.345062273465494,
    "sharpness": 42.8656802092743,
    "boominess": 37.73062504627303,
    "reverb": false,
    "genre": "Genre B",
    "mood": "Mood B"
}