{
    "duration": 1.809499979019165,
    "lossless": 1.0,
    "codec": "pcm_s16le",
    "bitrate": 256000.0,
    "samplerate": 16000.0,
    "channels": 1.0,
    "audio_md5": "fa412b322534239726cfad86ae8336f9",
    "loudness": -16.4935302734375,
    "dynamic_range": 0.0,
    "temporal_centroid": 0.4835531711578369,
    "log_attack_time": -0.36095646023750305,
    "filesize": 57948,
    "single_event": false,
    "tonality": "A minor",
    "tonality_confidence": 0.2838206887245178,
    "loop": false,
    "tempo": 103,
    "tempo_confidence": 0.0,
    "note_midi": 37,
    "note_name": "C#2",
    "note_frequency": 71.27580261230469,
    "note_confidence": 0.48691487312316895,
    "hardness": 44.45335321342583,
    "depth": 62.551731662609384,
    "brightness": 43.47079822326633,
    "roughness": 51.20829097680501,
    "warmth": 64.20391778771567,
    "sharpness": 27.577024183497294,
    "boominess": 41.51997615387262,
    "reverb": false,
    "genre": "Genre A",
    "mood": "Mood A"
}