{
    "duration": 1.809499979019165,
    "lossless": 1.0,
    "codec": "pcm_s16le",
    "bitrate": 256000.0,
    "samplerate": 16000.0,
    "channels": 1.0,
    "audio_md5": "3b969a871a1277dbfe266eff4f08d54b",
    "loudness": -14.507766723632812,
    "dynamic_range": 0.0,
    "temporal_centroid": 0.48894548416137695,
    "log_attack_time": -0.3520053029060364,
    "filesize": 57948,
    "single_event": false,
    "tonality": "D minor",
    "tonality_confidence": 0.451093465089798,
    "loop": false,
    "tempo": 178,
    "tempo_confidence": 0.0,
    "note_midi": 39,
    "note_name": "D#2",
    "note_frequency": 77.74440002441406,
    "note_confidence": 0.4846346974372864,
    "hardness": 44.46534093832429,
    "depth": 62.042111193968154,
    "brightness": 45.22463618551335,
    "roughness": 53.24724893689057,
    "warmth": 61.888141414927944,
    "sharpness": 27.69785155424507,
    "boominess": 39.11288316602993,
    "reverb": false,
    "genre": "Genre B",
    "mood": "Mood B"
}