{
    "duration": 1.809499979019165,
    "lossless": 1.0,
    "codec": "pcm_s16le",
    "bitrate": 256000.0,
    "samplerate": 16000.0,
    "channels": 1.0,
    "audio_md5": "95d95cd01a66efc5d27e0b93a69cae6e",
    "loudness": -38.406105041503906,
    "dynamic_range": 0.0,
    "temporal_centroid": 0.06526587158441544,
    "log_attack_time": -3.0881361961364746,
    "filesize": 57948,
    "single_event": false,
    "tonality": "G# minor",
    "tonality_confidence": 0.687966525554657,
    "loop": false,
    "tempo": 101,
    "tempo_confidence": 0.0,
    "note_midi": 107,
    "note_name": "B7",
    "note_frequency": 4009.193115234375,
    "note_confidence": 0.9996625185012817,
    "hardness": 63.30934722992373,
    "depth": 0.5797177066155825,
    "brightness": 85.2334076340934,
    "roughness": 0,
    "warmth": 31.766373843569486,
    "sharpness": 88.16298922842705,
    "boominess": 13.769318436674308,
    "reverb": false,
    "genre": "Genre A",
    "mood": "Mood A"
}