{
    "duration": 1.809499979019165,
    "lossless": 1.0,
    "codec": "pcm_s16le",
    "bitrate": 256000.0,
    "samplerate": 16000.0,
    "channels": 1.0,
    "audio_md5": "e868ce1a36cedceb6215d5e76ad27010",
    "loudness": -9.500463485717773,
    "dynamic_range": 0.0,
    "temporal_centroid": 0.4936061203479767,
    "log_attack_time": -1.467768669128418,
    "filesize": 57948,
    "single_event": false,
    "tonality": "C minor",
    "tonality_confidence": 0.72072833776474,
    "loop": false,
    "tempo": 140,
    "tempo_confidence": 0.0,
    "note_midi": 29,
    "note_name": "F1",
    "note_frequency": 43.024391174316406,
    "note_confidence": 0.10859858989715576,
    "hardness": 47.39176704765174,
    "depth": 75.98737979845357,
    "brightness": 30.642038997415085,
    "roughness": 47.22224208737066,
    "warmth": 62.24566230942545,
    "sharpness": 42.417115244031244,
    "boominess": 45.177541674605266,
    "reverb": false,
    "genre": "Genre B",
    "mood": "Mood B"
}