{
    "duration": 1.809499979019165,
    "lossless": 1.0,
    "codec": "pcm_s16le",
    "bitrate": 256000.0,
    "samplerate": 16000.0,
    "channels": 1.0,
    "audio_md5": "db9e353e4ed2d73f59535ea1ec2a654a",
    "loudness": -7.763602256774902,
    "dynamic_range": 0.0,
    "temporal_centroid": 0.5032998919487,
    "log_attack_time": -1.0719155073165894,
    "filesize": 57948,
    "single_event": false,
    "tonality": "F minor",
    "tonality_confidence": 0.3920527398586273,
    "loop": false,
    "tempo": 129,
    "tempo_confidence": 0.0,
    "note_midi": 31,
    "note_name": "G1",
    "note_frequency": 50.03785705566406,
    "note_confidence": 0.8452744483947754,
    "hardness": 35.33913116332597,
    "depth": 68.64405291162157,
    "brightness": 36.99161125691938,
    "roughness": 45.43152730581248,
    "warmth": 62.386332433295244,
    "sharpness": 36.34377845982098,
    "boominess": 47.39746760325109,
    "reverb": false,
    "genre": "Genre A",
    "mood": "Mood A"
}