{
    "duration": 1.809499979019165,
    "lossless": 1.0,
    "codec": "pcm_s16le",
    "bitrate": 256000.0,
    "samplerate": 16000.0,
    "channels": 1.0,
    "audio_md5": "f71efc18b235fdd88a567bec0d10e044",
    "loudness": -18.46404457092285,
    "dynamic_range": 0.0,
    "temporal_centroid": 0.4391593933105469,
    "log_attack_time": -1.1877689361572266,
    "filesize": 57948,
    "single_event": false,
    "tonality": "E minor",
    "tonality_confidence": 0.7590379118919373,
    "loop": false,
    "tempo": 172,
    "tempo_confidence": 0.0,
    "note_midi": 36,
    "note_name": "C2",
    "note_frequency": 64.29035949707031,
    "note_confidence": 0.4307902455329895,
    "hardness": 44.941046583914414,
    "depth": 62.622536841754396,
    "brightness": 46.95338611957642,
    "roughness": 50.390558522595796,
    "warmth": 63.314845956124216,
    "sharpness": 28.039626268196823,
    "boominess": 42.03886381332114,
    "reverb": false,
    "genre": "Genre A",
    "mood": "Mood A"
}