{
    "duration": 1.809499979019165,
    "lossless": 1.0,
    "codec": "pcm_s16le",
    "bitrate": 256000.0,
    "samplerate": 16000.0,
    "channels": 1.0,
    "audio_md5": "83ec980f4ebf2a8305d88b572794aab5",
    "loudness": -15.620010375976562,
    "dynamic_range": 0.0,
    "temporal_centroid": 0.49349457025527954,
    "log_attack_time": -0.6350727081298828,
    "filesize": 57948,
    "single_event": false,
    "tonality": "D minor",
    "tonality_confidence": 0.8083972334861755,
    "loop": false,
    "tempo": 129,
    "tempo_confidence": 0.0,
    "note_midi": 36,
    "note_name": "C2",
    "note_frequency": 63.55488586425781,
    "note_confidence": 0.45864546298980713,
    "hardness": 36.53939816123557,
    "depth": 64.198903699708,
    "brightness": 42.278868563884885,
    "roughness": 51.15931807180084,
    "warmth": 63.935486924534196,
    "sharpness": 22.55415273343135,
    "boominess": 42.71412778826932,
    "reverb": false,
    "genre": "Genre A",
    "mood": "Mood A"
}