{
    "duration": 1.809499979019165,
    "lossless": 1.0,
    "codec": "pcm_s16le",
    "bitrate": 256000.0,
    "samplerate": 16000.0,
    "channels": 1.0,
    "audio_md5": "e7e04f4e9ecf2f924b8152c9d1503672",
    "loudness": -16.699384689331055,
    "dynamic_range": 0.0,
    "temporal_centroid": 0.4838436245918274,
    "log_attack_time": -0.3681606650352478,
    "filesize": 57948,
    "single_event": false,
    "tonality": "F minor",
    "tonality_confidence": 0.5473281145095825,
    "loop": false,
    "tempo": 126,
    "tempo_confidence": 0.0,
    "note_midi": 36,
    "note_name": "C2",
    "note_frequency": 65.46662139892578,
    "note_confidence": 0.45790010690689087,
    "hardness": 43.365692727126145,
    "depth": 64.46724905727382,
    "brightness": 43.854552733012255,
    "roughness": 49.25962512024242,
    "warmth": 63.8685716655591,
    "sharpness": 20.846824667729432,
    "boominess": 43.582066527965736,
    "reverb": false,
    "genre": "Genre A",
    "mood": "Mood A"
}