{
    "duration": 1.809499979019165,
    "lossless": 1.0,
    "codec": "pcm_s16le",
    "bitrate": 256000.0,
    "samplerate": 16000.0,
    "channels": 1.0,
    "audio_md5": "d74d9cea0d12d239ef31eb95bc62999e",
    "loudness": -15.866035461425781,
    "dynamic_range": 0.0,
    "temporal_centroid": 0.4792187809944153,
    "log_attack_time": 0.0020338022150099277,
    "filesize": 57948,
    "single_event": false,
    "tonality": "G minor",
    "tonality_confidence": 0.8015977740287781,
    "loop": false,
    "tempo": 157,
    "tempo_confidence": 0.0,
    "note_midi": 39,
    "note_name": "D#2",
    "note_frequency": 79.65388488769531,
    "note_confidence": 0.481039822101593,
    "hardness": 43.77364036059163,
    "depth": 68.35655406927364,
    "brightness": 48.06464422466222,
    "roughness": 51.633534803927674,
    "warmth": 60.90542276259551,
    "sharpness": 38.28406390164511,
    "boominess": 39.000047058272656,
    "reverb": false,
    "genre": "Genre A",
    "mood": "Mood A"
}