{
    "duration": 1.809499979019165,
    "lossless": 1.0,
    "codec": "pcm_s16le",
    "bitrate": 256000.0,
    "samplerate": 16000.0,
    "channels": 1.0,
    "audio_md5": "87b52c3e8387896b3fb4a19ce80229b0",
    "loudness": -15.9675931930542,
    "dynamic_range": 0.0,
    "temporal_centroid": 0.5097071528434753,
    "log_attack_time": -0.207338348031044,
    "filesize": 57948,
    "single_event": false,
    "tonality": "F# minor",
    "tonality_confidence": 0.5615245699882507,
    "loop": false,
    "tempo": 146,
    "tempo_confidence": 0.0,
    "note_midi": 34,
    "note_name": "A#1",
    "note_frequency": 58.517879486083984,
    "note_confidence": 0.2601519823074341,
    "hardness": 62.247454958209744,
    "depth": 61.26215301505006,
    "brightness": 48.142192919661326,
    "roughness": 51.26431155669417,
    "warmth": 62.18585593166197,
    "sharpness": 37.33076156539399,
    "boominess": 39.421524415427214,
    "reverb": false,
    "genre": "Genre B",
    "mood": "Mood B"
}