{
    "duration": 1.809499979019165,
    "lossless": 1.0,
    "codec": "pcm_s16le",
    "bitrate": 256000.0,
    "samplerate": 16000.0,
    "channels": 1.0,
    "audio_md5": "33de9ce46db3a8758637cd3e49347c70",
    "loudness": -9.110671997070312,
    "dynamic_range": 0.0,
    "temporal_centroid": 0.5026277899742126,
    "log_attack_time": -1.4502018690109253,
    "filesize": 57948,
    "single_event": false,
    "tonality": "E major",
    "tonality_confidence": 0.4540794789791107,
    "loop": false,
    "tempo": 129,
    "tempo_confidence": 0.0,
    "note_midi": 29,
    "note_name": "F1",
    "note_frequency": 43.024391174316406,
    "note_confidence": 0.13634330034255981,
    "hardness": 35.21319973439681,
    "depth": 74.9574751941473,
    "brightness": 26.980020360533057,
    "roughness": 47.160326760177895,
    "warmth": 63.577546345193404,
    "sharpness": 39.25081976698844,
    "boominess": 46.45719005948513,
    "reverb": false,
    "genre": "Genre B",
    "mood": "Mood B"
}