{
    "duration": 1.809499979019165,
    "lossless": 1.0,
    "codec": "pcm_s16le",
    "bitrate": 256000.0,
    "samplerate": 16000.0,
    "channels": 1.0,
    "audio_md5": "f1bcc8f4ba9ad8f11f4003bfa75254d1",
    "loudness": -8.312485694885254,
    "dynamic_range": 0.0,
    "temporal_centroid": 0.4973728656768799,
    "log_attack_time": -1.3561893701553345,
    "filesize": 57948,
    "single_event": false,
    "tonality": "F minor",
    "tonality_confidence": 0.4886150360107422,
    "loop": false,
    "tempo": 152,
    "tempo_confidence": 0.0,
    "note_midi": 29,
    "note_name": "F1",
    "note_frequency": 43.024391174316406,
    "note_confidence": 0.8685098886489868,
    "hardness": 35.38835264615963,
    "depth": 70.88905404353808,
    "brightness": 35.15119863976834,
    "roughness": 45.65972230212706,
    "warmth": 60.87690957008658,
    "sharpness": 40.67833522720364,
    "boominess": 46.37088122271632,
    "reverb": false,
    "genre": "Genre B",
    "mood": "Mood B"
}