{
    "duration": 1.809499979019165,
    "lossless": 1.0,
    "codec": "pcm_s16le",
    "bitrate": 256000.0,
    "samplerate": 16000.0,
    "channels": 1.0,
    "audio_md5": "bc140faa73d55611b6806ffe5f85ba06",
    "loudness": -17.805997848510742,
    "dynamic_range": 0.0,
    "temporal_centroid": 0.40846961736679077,
    "log_attack_time": -1.114879846572876,
    "filesize": 57948,
    "single_event": false,
    "tonality": "D# major",
    "tonality_confidence": 0.48010823130607605,
    "loop": false,
    "tempo": 134,
    "tempo_confidence": 0.0,
    "note_midi": 35,
    "note_name": "B1",
    "note_frequency": 60.316612243652344,
    "note_confidence": 0.4571942090988159,
    "hardness": 45.46978963900443,
    "depth": 61.35709201958775,
    "brightness": 46.34442884344496,
    "roughness": 49.72378626396273,
    "warmth": 61.58762676937242,
    "sharpness": 32.02940956262079,
    "boominess": 42.18389336024791,
    "reverb": false,
    "genre": "Genre A",
    "mood": "Mood A"
}