{
    "duration": 1.809499979019165,
    "lossless": 1.0,
    "codec": "pcm_s16le",
    "bitrate": 256000.0,
    "samplerate": 16000.0,
    "channels": 1.0,
    "audio_md5": "fdc740dd5caf474309dd49f3183fd615",
    "loudness": -16.601530075073242,
    "dynamic_range": 0.0,
    "temporal_centroid": 0.4850480258464813,
    "log_attack_time": -0.35773518681526184,
    "filesize": 57948,
    "single_event": false,
    "tonality": "C minor",
    "tonality_confidence": 0.620755136013031,
    "loop": false,
    "tempo": 167,
    "tempo_confidence": 0.0,
    "note_midi": 33,
    "note_name": "A1",
    "note_frequency": 55.808143615722656,
    "note_confidence": 0.4918866753578186,
    "hardness": 44.79783834215783,
    "depth": 61.67080563563909,
    "brightness": 46.4918017953236,
    "roughness": 52.43384447530872,
    "warmth": 63.58887285053563,
    "sharpness": 30.66187237456265,
    "boominess": 41.445784146999685,
    "reverb": false,
    "genre": "Genre A",
    "mood": "Mood A"
}