{
    "duration": 1.809499979019165,
    "lossless": 1.0,
    "codec": "pcm_s16le",
    "bitrate": 256000.0,
    "samplerate": 16000.0,
    "channels": 1.0,
    "audio_md5": "862f2ad7920e50230d2b65187cf6b66a",
    "loudness": -9.159223556518555,
    "dynamic_range": 0.0,
    "temporal_centroid": 0.44632238149642944,
    "log_attack_time": -1.240289330482483,
    "filesize": 57948,
    "single_event": false,
    "tonality": "C# major",
    "tonality_confidence": 0.6500539183616638,
    "loop": false,
    "tempo": 172,
    "tempo_confidence": 0.0,
    "note_midi": 30,
    "note_name": "F#1",
    "note_frequency": 45.89319610595703,
    "note_confidence": 0.8122108578681946,
    "hardness": 38.317553821890414,
    "depth": 69.83590940423757,
    "brightness": 35.60796072889628,
    "roughness": 44.550585440170494,
    "warmth": 61.107346684979866,
    "sharpness": 39.3513916942408,
    "boominess": 47.06568069784933,
    "reverb": false,
    "genre": "Genre B",
    "mood": "Mood B"
}