{
    "duration": 1.809499979019165,
    "lossless": 1.0,
    "codec": "pcm_s16le",
    "bitrate": 256000.0,
    "samplerate": 16000.0,
    "channels": 1.0,
    "audio_md5": "3c1fc4a4461f6bb37bf9595bfde85fc3",
    "loudness": -9.444795608520508,
    "dynamic_range": 0.0,
    "temporal_centroid": 0.4990963339805603,
    "log_attack_time": -1.448538899421692,
    "filesize": 57948,
    "single_event": false,
    "tonality": "F minor",
    "tonality_confidence": 0.7544302344322205,
    "loop": false,
    "tempo": 157,
    "tempo_confidence": 0.0,
    "note_midi": 29,
    "note_name": "F1",
    "note_frequency": 43.024391174316406,
    "note_confidence": 0.18298083543777466,
    "hardness": 40.891152522465774,
    "depth": 72.71413366981264,
    "brightness": 33.78783471170772,
    "roughness": 46.43639278068011,
    "warmth": 62.88831535332952,
    "sharpness": 42.48957565413237,
    "boominess": 44.7987599078856,
    "reverb": false,
    "genre": "Genre B",
    "mood": "Mood B"
}