{
    "duration": 1.809499979019165,
    "lossless": 1.0,
    "codec": "pcm_s16le",
    "bitrate": 256000.0,
    "samplerate": 16000.0,
    "channels": 1.0,
    "audio_md5": "4c0956ee12dc5b927481214d3f9b2882",
    "loudness": -16.2822265625,
    "dynamic_range": 0.0,
    "temporal_centroid": 0.4497968852519989,
    "log_attack_time": -0.37886613607406616,
    "filesize": 57948,
    "single_event": false,
    "tonality": "A# major",
    "tonality_confidence": 0.6527678966522217,
    "loop": false,
    "tempo": 123,
    "tempo_confidence": 0.0,
    "note_midi": 34,
    "note_name": "A#1",
    "note_frequency": 59.36072540283203,
    "note_confidence": 0.5200287699699402,
    "hardness": 45.56358703585653,
    "depth": 62.747848207480615,
    "brightness": 43.016615917639996,
    "roughness": 49.6443227244834,
    "warmth": 64.72307459592403,
    "sharpness": 23.137727324931504,
    "boominess": 43.4588388002654,
    "reverb": false,
    "genre": "Genre A",
    "mood": "Mood A"
}