{
    "duration": 1.809499979019165,
    "lossless": 1.0,
    "codec": "pcm_s16le",
    "bitrate": 256000.0,
    "samplerate": 16000.0,
    "channels": 1.0,
    "audio_md5": "2e384c65abab6d7fb0c6436388b01ee0",
    "loudness": -11.294632911682129,
    "dynamic_range": 0.0,
    "temporal_centroid": 0.15223968029022217,
    "log_attack_time": -1.329308271408081,
    "filesize": 57948,
    "single_event": false,
    "tonality": "B major",
    "tonality_confidence": 0.6069872379302979,
    "loop": false,
    "tempo": 134,
    "tempo_confidence": 0.0,
    "note_midi": 37,
    "note_name": "C#2",
    "note_frequency": 69.33443450927734,
    "note_confidence": 0.0,
    "hardness": 42.141675388245574,
    "depth": 66.48932998879637,
    "brightness": 39.71311631525718,
    "roughness": 32.87814853489034,
    "warmth": 50.05676979166274,
    "sharpness": 40.572357012362595,
    "boominess": 52.590917259502575,
    "reverb": false,
    "genre": "Genre A",
    "mood": "Mood A"
}