{
    "duration": 1.809499979019165,
    "lossless": 1.0,
    "codec": "pcm_s16le",
    "bitrate": 256000.0,
    "samplerate": 16000.0,
    "channels": 1.0,
    "audio_md5": "f3c4c9ff696dc97c915ab3d2c7d0b10e",
    "loudness": -12.715554237365723,
    "dynamic_range": 0.0,
    "temporal_centroid": 0.45124587416648865,
    "log_attack_time": -1.357757568359375,
    "filesize": 57948,
    "single_event": false,
    "tonality": "D minor",
    "tonality_confidence": 0.4701423645019531,
    "loop": false,
    "tempo": 125,
    "tempo_confidence": 0.0,
    "note_midi": 34,
    "note_name": "A#1",
    "note_frequency": 58.93252944946289,
    "note_confidence": 0.3851282596588135,
    "hardness": 38.508981075840694,
    "depth": 68.73913769077888,
    "brightness": 37.78149049153002,
    "roughness": 44.27487678305808,
    "warmth": 62.44875689790894,
    "sharpness": 29.306721805931566,
    "boominess": 49.459322798610266,
    "reverb": false,
    "genre": "Genre B",
    "mood": "Mood B"
}