{
    "duration": 1.809499979019165,
    "lossless": 1.0,
    "codec": "pcm_s16le",
    "bitrate": 256000.0,
    "samplerate": 16000.0,
    "channels": 1.0,
    "audio_md5": "ddd49e74c2999e93243aaee45c2cd5be",
    "loudness": -16.531604766845703,
    "dynamic_range": 0.0,
    "temporal_centroid": 0.47583267092704773,
    "log_attack_time": -0.16776631772518158,
    "filesize": 57948,
    "single_event": false,
    "tonality": "C major",
    "tonality_confidence": 0.3859345018863678,
    "loop": false,
    "tempo": 131,
    "tempo_confidence": 0.0,
    "note_midi": 36,
    "note_name": "C2",
    "note_frequency": 65.92998504638672,
    "note_confidence": 0.45508068799972534,
    "hardness": 41.91701333112559,
    "depth": 63.72373518061877,
    "brightness": 41.81851527338441,
    "roughness": 50.32130047476505,
    "warmth": 64.5839675695664,
    "sharpness": 22.447665463870955,
    "boominess": 43.09659595301913,
    "reverb": false,
    "genre": "Genre A",
    "mood": "Mood A"
}