{
    "duration": 1.809499979019165,
    "lossless": 1.0,
    "codec": "pcm_s16le",
    "bitrate": 256000.0,
    "samplerate": 16000.0,
    "channels": 1.0,
    "audio_md5": "23dd3facc0b8da4d05a4cc01107ce82c",
    "loudness": -19.812477111816406,
    "dynamic_range": 0.0,
    "temporal_centroid": 0.28805065155029297,
    "log_attack_time": -0.16663745045661926,
    "filesize": 57948,
    "single_event": false,
    "tonality": "E minor",
    "tonality_confidence": 0.42695152759552,
    "loop": false,
    "tempo": 91,
    "tempo_confidence": 0.0,
    "note_midi": 40,
    "note_name": "E2",
    "note_frequency": 80.4421157836914,
    "note_confidence": 0.44816774129867554,
    "hardness": 46.94908035978088,
    "depth": 57.836713681342395,
    "brightness": 47.69775507053042,
    "roughness": 43.28027673464983,
    "warmth": 51.362834355145964,
    "sharpness": 24.48275274164125,
    "boominess": 45.211399943090996,
    "reverb": false,
    "genre": "Genre A",
    "mood": "Mood A"
}