{
    "duration": 1.809499979019165,
    "lossless": 1.0,
    "codec": "pcm_s16le",
    "bitrate": 256000.0,
    "samplerate": 16000.0,
    "channels": 1.0,
    "audio_md5": "4db9ee5fe481cfad642b00e9ff5c8d1f",
    "loudness": -11.746477127075195,
    "dynamic_range": 0.0,
    "temporal_centroid": 0.30621159076690674,
    "log_attack_time": -1.1905089616775513,
    "filesize": 57948,
    "single_event": false,
    "tonality": "C major",
    "tonality_confidence": 0.7653868794441223,
    "loop": false,
    "tempo": 155,
    "tempo_confidence": 0.0,
    "note_midi": 32,
    "note_name": "G#1",
    "note_frequency": 51.055274963378906,
    "note_confidence": 0.43209195137023926,
    "hardness": 40.48900199171261,
    "depth": 68.44150245181518,
    "brightness": 38.325921149245715,
    "roughness": 37.180357961289324,
    "warmth": 57.15304626765359,
    "sharpness": 40.63238040661298,
    "boominess": 49.80328381956504,
    "reverb": false,
    "genre": "Genre A",
    "mood": "Mood A"
}