{
    "duration": 1.809499979019165,
    "lossless": 1.0,
    "codec": "pcm_s16le",
    "bitrate": 256000.0,
    "samplerate": 16000.0,
    "channels": 1.0,
    "audio_md5": "b451543ed53d278d6b90842ecc94b3c0",
    "loudness": -11.726913452148438,
    "dynamic_range": 0.0,
    "temporal_centroid": 0.4775271415710449,
    "log_attack_time": -1.2618812322616577,
    "filesize": 57948,
    "single_event": false,
    "tonality": "G minor",
    "tonality_confidence": 0.5688282251358032,
    "loop": false,
    "tempo": 133,
    "tempo_confidence": 0.0,
    "note_midi": 36,
    "note_name": "C2",
    "note_frequency": 65.64671325683594,
    "note_confidence": 0.42072439193725586,
    "hardness": 33.14878275288699,
    "depth": 65.81743970076343,
    "brightness": 38.300925812245374,
    "roughness": 43.723616327151255,
    "warmth": 60.99862459445938,
    "sharpness": 31.21144447946393,
    "boominess": 50.03081442715201,
    "reverb": false,
    "genre": "Genre A",
    "mood": "Mood A"
}