{
    "duration": 1.809499979019165,
    "lossless": 1.0,
    "codec": "pcm_s16le",
    "bitrate": 256000.0,
    "samplerate": 16000.0,
    "channels": 1.0,
    "audio_md5": "6f4b03ad5a0d839fb33cdb82504a4f98",
    "loudness": -13.400813102722168,
    "dynamic_range": 0.0,
    "temporal_centroid": 0.4083462655544281,
    "log_attack_time": -1.3006362915039062,
    "filesize": 57948,
    "single_event": false,
    "tonality": "A minor",
    "tonality_confidence": 0.5803350210189819,
    "loop": false,
    "tempo": 167,
    "tempo_confidence": 0.0,
    "note_midi": 35,
    "note_name": "B1",
    "note_frequency": 62.375667572021484,
    "note_confidence": 0.29433977603912354,
    "hardness": 42.281505178176246,
    "depth": 69.46729621456173,
    "brightness": 43.36311688180466,
    "roughness": 36.995128973901096,
    "warmth": 55.151228400311,
    "sharpness": 36.196555295816644,
    "boominess": 51.32984791592099,
    "reverb": false,
    "genre": "Genre A",
    "mood": "Mood A"
}