{
    "duration": 1.809499979019165,
    "lossless": 1.0,
    "codec": "pcm_s16le",
    "bitrate": 256000.0,
    "samplerate": 16000.0,
    "channels": 1.0,
    "audio_md5": "636769005f629b68d0e367cc6fa9ad4d",
    "loudness": -14.253522872924805,
    "dynamic_range": 0.0,
    "temporal_centroid": 0.12779919803142548,
    "log_attack_time": -1.3122020959854126,
    "filesize": 57948,
    "single_event": false,
    "tonality": "F minor",
    "tonality_confidence": 0.5082162618637085,
    "loop": false,
    "tempo": 133,
    "tempo_confidence": 0.0,
    "note_midi": 40,
    "note_name": "E2",
    "note_frequency": 82.68533325195312,
    "note_confidence": 0.3601272702217102,
    "hardness": 41.112511416928115,
    "depth": 67.82803501286782,
    "brightness": 42.7291234234354,
    "roughness": 27.905624156559398,
    "warmth": 49.02836266287257,
    "sharpness": 38.27231902679182,
    "boominess": 53.20406058954561,
    "reverb": false,
    "genre": "Genre A",
    "mood": "Mood A"
}