{
    "duration": 1.809499979019165,
    "lossless": 1.0,
    "codec": "pcm_s16le",
    "bitrate": 256000.0,
    "samplerate": 16000.0,
    "channels": 1.0,
    "audio_md5": "abf19e031442a6742e61d3d225733807",
    "loudness": -9.317106246948242,
    "dynamic_range": 0.0,
    "temporal_centroid": 0.49971529841423035,
    "log_attack_time": -1.5096242427825928,
    "filesize": 57948,
    "single_event": false,
    "tonality": "F major",
    "tonality_confidence": 0.7194163203239441,
    "loop": false,
    "tempo": 111,
    "tempo_confidence": 0.0,
    "note_midi": 29,
    "note_name": "F1",
    "note_frequency": 43.024391174316406,
    "note_confidence": 0.15386539697647095,
    "hardness": 46.96326527329373,
    "depth": 79.263058858934,
    "brightness": 26.215104685354085,
    "roughness": 47.74044462444789,
    "warmth": 63.7413687114906,
    "sharpness": 41.98130481872745,
    "boominess": 45.071406726375834,
    "reverb": false,
    "genre": "Genre B",
    "mood": "Mood B"
}