{
    "duration": 1.809499979019165,
    "lossless": 1.0,
    "codec": "pcm_s16le",
    "bitrate": 256000.0,
    "samplerate": 16000.0,
    "channels": 1.0,
    "audio_md5": "b29c0f895c627e698c8ff7c887eb3eed",
    "loudness": -11.346113204956055,
    "dynamic_range": 0.0,
    "temporal_centroid": 0.2694970667362213,
    "log_attack_time": -1.3860408067703247,
    "filesize": 57948,
    "single_event": false,
    "tonality": "B major",
    "tonality_confidence": 0.5653185844421387,
    "loop": false,
    "tempo": 167,
    "tempo_confidence": 0.0,
    "note_midi": 32,
    "note_name": "G#1",
    "note_frequency": 51.353668212890625,
    "note_confidence": 0.38468945026397705,
    "hardness": 39.35439510131329,
    "depth": 72.20674591187931,
    "brightness": 42.232887701403676,
    "roughness": 39.64041710076462,
    "warmth": 57.41810771532138,
    "sharpness": 38.78413296877551,
    "boominess": 50.51155606944029,
    "reverb": false,
    "genre": "Genre A",
    "mood": "Mood A"
}