{
    "duration": 1.809499979019165,
    "lossless": 1.0,
    "codec": "pcm_s16le",
    "bitrate": 256000.0,
    "samplerate": 16000.0,
    "channels": 1.0,
    "audio_md5": "93a6ab6d1da0350662f143c10defed2e",
    "loudness": -8.633382797241211,
    "dynamic_range": 0.0,
    "temporal_centroid": 0.49677515029907227,
    "log_attack_time": -1.2633235454559326,
    "filesize": 57948,
    "single_event": false,
    "tonality": "F major",
    "tonality_confidence": 0.7562386393547058,
    "loop": false,
    "tempo": 125,
    "tempo_confidence": 0.0,
    "note_midi": 29,
    "note_name": "F1",
    "note_frequency": 43.024391174316406,
    "note_confidence": 0.5679836273193359,
    "hardness": 38.900824253344524,
    "depth": 73.24121419375571,
    "brightness": 30.185751430576357,
    "roughness": 45.404552190383605,
    "warmth": 62.19453631357541,
    "sharpness": 43.69736425503423,
    "boominess": 44.811880117525874,
    "reverb": false,
    "genre": "Genre A",
    "mood": "Mood A"
}