{
    "duration": 1.809499979019165,
    "lossless": 1.0,
    "codec": "pcm_s16le",
    "bitrate": 256000.0,
    "samplerate": 16000.0,
    "channels": 1.0,
    "audio_md5": "a0e493fda4c7ca48a42286bc16ffa32c",
    "loudness": -27.54454231262207,
    "dynamic_range": 0.0,
    "temporal_centroid": 0.6287965178489685,
    "log_attack_time": -1.630338430404663,
    "filesize": 57948,
    "single_event": false,
    "tonality": "A major",
    "tonality_confidence": 0.752840518951416,
    "loop": false,
    "tempo": 96,
    "tempo_confidence": 0.0,
    "note_midi": 61,
    "note_name": "C#4",
    "note_frequency": 274.05853271484375,
    "note_confidence": 0.5824841260910034,
    "hardness": 45.72999218279256,
    "depth": 47.83761436133154,
    "brightness": 44.859438449257794,
    "roughness": 40.21772295946318,
    "warmth": 54.5168900662119,
    "sharpness": 30.020429935962714,
    "boominess": 39.284731137219225,
    "reverb": false,
    "genre": "Genre A",
    "mood": "Mood A"
}