{
    "duration": 1.809499979019165,
    "lossless": 1.0,
    "codec": "pcm_s16le",
    "bitrate": 256000.0,
    "samplerate": 16000.0,
    "channels": 1.0,
    "audio_md5": "22d467fb2d360b5582d69cd7689818e0",
    "loudness": -18.49408721923828,
    "dynamic_range": 0.0,
    "temporal_centroid": 0.34502050280570984,
    "log_attack_time": -0.03618006035685539,
    "filesize": 57948,
    "single_event": false,
    "tonality": "A major",
    "tonality_confidence": 0.7649064064025879,
    "loop": false,
    "tempo": 126,
    "tempo_confidence": 0.0,
    "note_midi": 40,
    "note_name": "E2",
    "note_frequency": 81.02757263183594,
    "note_confidence": 0.48515254259109497,
    "hardness": 44.48782109581586,
    "depth": 59.70804142031125,
    "brightness": 47.248952223075236,
    "roughness": 41.481721550766906,
    "warmth": 53.31084533725624,
    "sharpness": 32.81105890099673,
    "boominess": 44.83931413621124,
    "reverb": false,
    "genre": "Genre A",
    "mood": "Mood A"
}