{
    "duration": 1.809499979019165,
    "lossless": 1.0,
    "codec": "pcm_s16le",
    "bitrate": 256000.0,
    "samplerate": 16000.0,
    "channels": 1.0,
    "audio_md5": "074f783e5eb8310f576e1cd611e19ee2",
    "loudness": -9.73823356628418,
    "dynamic_range": 0.0,
    "temporal_centroid": 0.3815898001194,
    "log_attack_time": -1.3691272735595703,
    "filesize": 57948,
    "single_event": false,
    "tonality": "G major",
    "tonality_confidence": 0.9061605930328369,
    "loop": false,
    "tempo": 157,
    "tempo_confidence": 0.0,
    "note_midi": 31,
    "note_name": "G1",
    "note_frequency": 49.37690734863281,
    "note_confidence": 0.5367595553398132,
    "hardness": 36.552270832315145,
    "depth": 69.53351418348336,
    "brightness": 35.8056790597282,
    "roughness": 41.7869929086739,
    "warmth": 58.788305515616116,
    "sharpness": 40.31639238677871,
    "boominess": 48.021832814524075,
    "reverb": false,
    "genre": "Genre A",
    "mood": "Mood A"
}