{
    "duration": 1.809499979019165,
    "lossless": 1.0,
    "codec": "pcm_s16le",
    "bitrate": 256000.0,
    "samplerate": 16000.0,
    "channels": 1.0,
    "audio_md5": "1a9a4b35174dee96f010c8fc6e7044ae",
    "loudness": -15.98902416229248,
    "dynamic_range": 0.0,
    "temporal_centroid": 0.49261030554771423,
    "log_attack_time": -0.14643146097660065,
    "filesize": 57948,
    "single_event": false,
    "tonality": "G# major",
    "tonality_confidence": 0.3836268484592438,
    "loop": false,
    "tempo": 92,
    "tempo_confidence": 0.0,
    "note_midi": 41,
    "note_name": "F2",
    "note_frequency": 85.5003890991211,
    "note_confidence": 0.31315088272094727,
    "hardness": 47.67106980651181,
    "depth": 60.38720090408709,
    "brightness": 45.84971104062568,
    "roughness": 54.97147342598156,
    "warmth": 63.512123237322434,
    "sharpness": 30.69784001409583,
    "boominess": 39.879499925300536,
    "reverb": false,
    "genre": "Genre B",
    "mood": "Mood B"
}