{
    "duration": 1.809499979019165,
    "lossless": 1.0,
    "codec": "pcm_s16le",
    "bitrate": 256000.0,
    "samplerate": 16000.0,
    "channels": 1.0,
    "audio_md5": "e6fc3b84c1c2144e3ffe0f7b92d21b5d",
    "loudness": -15.962661743164062,
    "dynamic_range": 0.0,
    "temporal_centroid": 0.19300158321857452,
    "log_attack_time": -1.369357705116272,
    "filesize": 57948,
    "single_event": false,
    "tonality": "A minor",
    "tonality_confidence": 0.6077160835266113,
    "loop": false,
    "tempo": 133,
    "tempo_confidence": 0.0,
    "note_midi": 31,
    "note_name": "G1",
    "note_frequency": 49.73569869995117,
    "note_confidence": 0.30429571866989136,
    "hardness": 47.65049982741749,
    "depth": 71.3879121433938,
    "brightness": 43.20336925921068,
    "roughness": 35.90841666611965,
    "warmth": 56.639428778736296,
    "sharpness": 41.89535045497852,
    "boominess": 49.044413969359994,
    "reverb": false,
    "genre": "Genre A",
    "mood": "Mood A"
}