{
    "duration": 1.809499979019165,
    "lossless": 1.0,
    "codec": "pcm_s16le",
    "bitrate": 256000.0,
    "samplerate": 16000.0,
    "channels": 1.0,
    "audio_md5": "e4c811b972778d21fd8b27670823d775",
    "loudness": -8.910058975219727,
    "dynamic_range": 0.0,
    "temporal_centroid": 0.4461330771446228,
    "log_attack_time": -1.2724477052688599,
    "filesize": 57948,
    "single_event": false,
    "tonality": "F minor",
    "tonality_confidence": 0.7656161785125732,
    "loop": false,
    "tempo": 133,
    "tempo_confidence": 0.0,
    "note_midi": 30,
    "note_name": "F#1",
    "note_frequency": 45.07075881958008,
    "note_confidence": 0.7614774107933044,
    "hardness": 39.353542799334534,
    "depth": 68.62309181004008,
    "brightness": 35.47081181460415,
    "roughness": 42.1594606035912,
    "warmth": 61.19924698741518,
    "sharpness": 38.406932006313006,
    "boominess": 48.555796736212926,
    "reverb": false,
    "genre": "Genre A",
    "mood": "Mood A"
}