{
    "duration": 1.809499979019165,
    "lossless": 1.0,
    "codec": "pcm_s16le",
    "bitrate": 256000.0,
    "samplerate": 16000.0,
    "channels": 1.0,
    "audio_md5": "3da1c21fbad571f29000af62d294abdf",
    "loudness": -7.447967529296875,
    "dynamic_range": 0.0,
    "temporal_centroid": 0.5245502591133118,
    "log_attack_time": -0.043291572481393814,
    "filesize": 57948,
    "single_event": false,
    "tonality": "A# major",
    "tonality_confidence": 0.6961620450019836,
    "loop": false,
    "tempo": 136,
    "tempo_confidence": 0.0,
    "note_midi": 61,
    "note_name": "C#4",
    "note_frequency": 270.5792236328125,
    "note_confidence": 0.5745493173599243,
    "hardness": 36.973253827154764,
    "depth": 52.43156115121728,
    "brightness": 39.43329368596197,
    "roughness": 51.7981038441829,
    "warmth": 62.68420657327145,
    "sharpness": 26.89906549805777,
    "boominess": 40.50240062799446,
    "reverb": false,
    "genre": "Genre A",
    "mood": "Mood A"
}