{
    "duration": 1.809499979019165,
    "lossless": 1.0,
    "codec": "pcm_s16le",
    "bitrate": 256000.0,
    "samplerate": 16000.0,
    "channels": 1.0,
    "audio_md5": "4584864f8a47a0e8f4a147747ebee63d",
    "loudness": -30.850017547607422,
    "dynamic_range": 0.0,
    "temporal_centroid": 0.4187808036804199,
    "log_attack_time": -0.04367254301905632,
    "filesize": 57948,
    "single_event": false,
    "tonality": "G minor",
    "tonality_confidence": 0.26051196455955505,
    "loop": false,
    "tempo": 123,
    "tempo_confidence": 0.0,
    "note_midi": 32,
    "note_name": "G#1",
    "note_frequency": 53.10773468017578,
    "note_confidence": 0.5108280777931213,
    "hardness": 62.22925434522455,
    "depth": 52.23804144772551,
    "brightness": 59.816857609247585,
    "roughness": 50.823928900700906,
    "warmth": 47.50113848793569,
    "sharpness": 46.74586957667994,
    "boominess": 38.93608715183222,
    "reverb": false,
    "genre": "Genre B",
    "mood": "Mood B"
}