{
    "duration": 1.809499979019165,
    "lossless": 1.0,
    "codec": "pcm_s16le",
    "bitrate": 256000.0,
    "samplerate": 16000.0,
    "channels": 1.0,
    "audio_md5": "51631478fe776d6ef9fd61fbff62c627",
    "loudness": -13.681790351867676,
    "dynamic_range": 0.0,
    "temporal_centroid": 0.09136896580457687,
    "log_attack_time": -1.4031412601470947,
    "filesize": 57948,
    "single_event": false,
    "tonality": "G major",
    "tonality_confidence": 0.5375813841819763,
    "loop": false,
    "tempo": 134,
    "tempo_confidence": 0.0,
    "note_midi": 34,
    "note_name": "A#1",
    "note_frequency": 59.50397491455078,
    "note_confidence": 0.4134255051612854,
    "hardness": 33.034378666072456,
    "depth": 62.4595684831787,
    "brightness": 36.45741065125665,
    "roughness": 26.092948829603536,
    "warmth": 52.07731513051926,
    "sharpness": 28.58510145163369,
    "boominess": 59.35391503983605,
    "reverb": false,
    "genre": "Genre A",
    "mood": "Mood A"
}