{
    "duration": 1.809499979019165,
    "lossless": 1.0,
    "codec": "pcm_s16le",
    "bitrate": 256000.0,
    "samplerate": 16000.0,
    "channels": 1.0,
    "audio_md5": "d45398367ba39a20a0eb6556765b7f8e",
    "loudness": -18.71349334716797,
    "dynamic_range": 0.0,
    "temporal_centroid": 0.4068431854248047,
    "log_attack_time": -1.2339987754821777,
    "filesize": 57948,
    "single_event": false,
    "tonality": "F# minor",
    "tonality_confidence": 0.45926618576049805,
    "loop": false,
    "tempo": 86,
    "tempo_confidence": 0.0,
    "note_midi": 36,
    "note_name": "C2",
    "note_frequency": 65.79500579833984,
    "note_confidence": 0.46334290504455566,
    "hardness": 41.489200569274786,
    "depth": 62.24839216417236,
    "brightness": 44.300032832602675,
    "roughness": 48.23774517919213,
    "warmth": 61.93387524415427,
    "sharpness": 18.21737730503596,
    "boominess": 45.29802875168805,
    "reverb": false,
    "genre": "Genre A",
    "mood": "Mood A"
}