{
    "duration": 1.809499979019165,
    "lossless": 1.0,
    "codec": "pcm_s16le",
    "bitrate": 256000.0,
    "samplerate": 16000.0,
    "channels": 1.0,
    "audio_md5": "cafc412b1d5c07db3747f75deba0246b",
    "loudness": -16.855533599853516,
    "dynamic_range": 0.0,
    "temporal_centroid": 0.4851944148540497,
    "log_attack_time": 0.13297373056411743,
    "filesize": 57948,
    "single_event": false,
    "tonality": "A# major",
    "tonality_confidence": 0.6314946413040161,
    "loop": false,
    "tempo": 126,
    "tempo_confidence": 0.0,
    "note_midi": 37,
    "note_name": "C#2",
    "note_frequency": 69.7882308959961,
    "note_confidence": 0.48456722497940063,
    "hardness": 40.80389183576686,
    "depth": 59.64872651204427,
    "brightness": 45.080154019413406,
    "roughness": 48.52798374200332,
    "warmth": 61.79978215718522,
    "sharpness": 28.84269927964956,
    "boominess": 41.988194588028065,
    "reverb": false,
    "genre": "Genre A",
    "mood": "Mood A"
}