{
    "duration": 1.809499979019165,
    "lossless": 1.0,
    "codec": "pcm_s16le",
    "bitrate": 256000.0,
    "samplerate": 16000.0,
    "channels": 1.0,
    "audio_md5": "1a60b4e295babca0a0f8b8e4e6e7f092",
    "loudness": -21.703384399414062,
    "dynamic_range": 0.0,
    "temporal_centroid": 0.2788952887058258,
    "log_attack_time": -1.3386573791503906,
    "filesize": 57948,
    "single_event": false,
    "tonality": "E minor",
    "tonality_confidence": 0.5463557839393616,
    "loop": false,
    "tempo": 134,
    "tempo_confidence": 0.0,
    "note_midi": 32,
    "note_name": "G#1",
    "note_frequency": 52.43598175048828,
    "note_confidence": 0.5307981967926025,
    "hardness": 41.27049304339674,
    "depth": 66.52994325004036,
    "brightness": 44.92167108616279,
    "roughness": 46.43771343837348,
    "warmth": 62.590644967076926,
    "sharpness": 23.53633093339802,
    "boominess": 46.85919567558764,
    "reverb": false,
    "genre": "Genre A",
    "mood": "Mood A"
}