{
    "duration": 1.809499979019165,
    "lossless": 1.0,
    "codec": "pcm_s16le",
    "bitrate": 256000.0,
    "samplerate": 16000.0,
    "channels": 1.0,
    "audio_md5": "e305befce062be7f2a844738536a3a1c",
    "loudness": -8.326020240783691,
    "dynamic_range": 0.0,
    "temporal_centroid": 0.28174474835395813,
    "log_attack_time": -1.2757798433303833,
    "filesize": 57948,
    "single_event": false,
    "tonality": "D minor",
    "tonality_confidence": 0.3360794186592102,
    "loop": false,
    "tempo": 133,
    "tempo_confidence": 0.0,
    "note_midi": 30,
    "note_name": "F#1",
    "note_frequency": 47.0142936706543,
    "note_confidence": 0.5639550685882568,
    "hardness": 41.03557705003661,
    "depth": 70.73437709302286,
    "brightness": 37.11786692827435,
    "roughness": 40.2403077177127,
    "warmth": 57.75049279539033,
    "sharpness": 41.93047761147726,
    "boominess": 48.095216853374254,
    "reverb": false,
    "genre": "Genre B",
    "mood": "Mood B"
}