{
    "duration": 1.809499979019165,
    "lossless": 1.0,
    "codec": "pcm_s16le",
    "bitrate": 256000.0,
    "samplerate": 16000.0,
    "channels": 1.0,
    "audio_md5": "b88fd15c2c6bfb4bc4d24c8845978768",
    "loudness": -12.49881362915039,
    "dynamic_range": 0.0,
    "temporal_centroid": 0.32274216413497925,
    "log_attack_time": -1.2735555171966553,
    "filesize": 57948,
    "single_event": false,
    "tonality": "F minor",
    "tonality_confidence": 0.4261731803417206,
    "loop": false,
    "tempo": 134,
    "tempo_confidence": 0.0,
    "note_midi": 32,
    "note_name": "G#1",
    "note_frequency": 51.061649322509766,
    "note_confidence": 0.3228635787963867,
    "hardness": 37.56867806130461,
    "depth": 68.54765062665766,
    "brightness": 40.10401187777761,
    "roughness": 39.74674534349612,
    "warmth": 58.84869209676604,
    "sharpness": 33.82174430150879,
    "boominess": 51.68442114313231,
    "reverb": false,
    "genre": "Genre A",
    "mood": "Mood A"
}