{
    "duration": 1.809499979019165,
    "lossless": 1.0,
    "codec": "pcm_s16le",
    "bitrate": 256000.0,
    "samplerate": 16000.0,
    "channels": 1.0,
    "audio_md5": "273efeb21d50bf33826e089259e58a64",
    "loudness": -12.767888069152832,
    "dynamic_range": 0.0,
    "temporal_centroid": 0.18344883620738983,
    "log_attack_time": -1.4449576139450073,
    "filesize": 57948,
    "single_event": false,
    "tonality": "D# minor",
    "tonality_confidence": 0.4349874258041382,
    "loop": false,
    "tempo": 133,
    "tempo_confidence": 0.0,
    "note_midi": 41,
    "note_name": "F2",
    "note_frequency": 85.09880065917969,
    "note_confidence": 0.25526493787765503,
    "hardness": 37.882053434205446,
    "depth": 67.72514345939301,
    "brightness": 40.259628161780924,
    "roughness": 34.396899280869285,
    "warmth": 52.404562429446734,
    "sharpness": 31.511568718943288,
    "boominess": 54.744592572202535,
    "reverb": false,
    "genre": "Genre A",
    "mood": "Mood A"
}