{
    "duration": 1.809499979019165,
    "lossless": 1.0,
    "codec": "pcm_s16le",
    "bitrate": 256000.0,
    "samplerate": 16000.0,
    "channels": 1.0,
    "audio_md5": "b2756d46e811260ae3c17f9b8e7131bf",
    "loudness": -17.88597297668457,
    "dynamic_range": 0.0,
    "temporal_centroid": 0.29232075810432434,
    "log_attack_time": -0.6554339528083801,
    "filesize": 57948,
    "single_event": false,
    "tonality": "A# minor",
    "tonality_confidence": 0.419365793466568,
    "loop": false,
    "tempo": 129,
    "tempo_confidence": 0.0,
    "note_midi": 36,
    "note_name": "C2",
    "note_frequency": 65.63035583496094,
    "note_confidence": 0.4225955605506897,
    "hardness": 41.86232504358878,
    "depth": 63.94206030195476,
    "brightness": 38.162539780556756,
    "roughness": 40.80445093908295,
    "warmth": 59.941717343136865,
    "sharpness": 23.283168348401734,
    "boominess": 50.85301558600722,
    "reverb": false,
    "genre": "Genre A",
    "mood": "Mood A"
}