{
    "duration": 1.809499979019165,
    "lossless": 1.0,
    "codec": "pcm_s16le",
    "bitrate": 256000.0,
    "samplerate": 16000.0,
    "channels": 1.0,
    "audio_md5": "285aee7457a9def18493ad9339c74e95",
    "loudness": -8.83283805847168,
    "dynamic_range": 0.0,
    "temporal_centroid": 0.44200894236564636,
    "log_attack_time": -1.3418912887573242,
    "filesize": 57948,
    "single_event": false,
    "tonality": "F major",
    "tonality_confidence": 0.40261101722717285,
    "loop": false,
    "tempo": 133,
    "tempo_confidence": 0.0,
    "note_midi": 29,
    "note_name": "F1",
    "note_frequency": 43.024391174316406,
    "note_confidence": 0.6847332715988159,
    "hardness": 39.98998692475152,
    "depth": 71.04497958875237,
    "brightness": 31.366534664101394,
    "roughness": 43.961970677715136,
    "warmth": 60.186277199412174,
    "sharpness": 41.83871873908852,
    "boominess": 47.13528576712791,
    "reverb": false,
    "genre": "Genre A",
    "mood": "Mood A"
}