{
    "duration": 1.809499979019165,
    "lossless": 1.0,
    "codec": "pcm_s16le",
    "bitrate": 256000.0,
    "samplerate": 16000.0,
    "channels": 1.0,
    "audio_md5": "6f377e8c3dcfde5bf076db76c41906f1",
    "loudness": -19.237045288085938,
    "dynamic_range": 0.0,
    "temporal_centroid": 0.4118625223636627,
    "log_attack_time": -1.2924491167068481,
    "filesize": 57948,
    "single_event": false,
    "tonality": "C major",
    "tonality_confidence": 0.7570518851280212,
    "loop": false,
    "tempo": 129,
    "tempo_confidence": 0.0,
    "note_midi": 31,
    "note_name": "G1",
    "note_frequency": 49.623565673828125,
    "note_confidence": 0.4904713034629822,
    "hardness": 45.480250733256014,
    "depth": 63.76180191343638,
    "brightness": 44.822885078722905,
    "roughness": 49.35896561658108,
    "warmth": 63.0864182032641,
    "sharpness": 23.303538348711022,
    "boominess": 44.87759890202935,
    "reverb": false,
    "genre": "Genre A",
    "mood": "Mood A"
}