{
    "duration": 1.809499979019165,
    "lossless": 1.0,
    "codec": "pcm_s16le",
    "bitrate": 256000.0,
    "samplerate": 16000.0,
    "channels": 1.0,
    "audio_md5": "901d00aca7b04e48bf85399fce99b35c",
    "loudness": -12.699009895324707,
    "dynamic_range": 0.0,
    "temporal_centroid": 0.48693719506263733,
    "log_attack_time": -1.4038892984390259,
    "filesize": 57948,
    "single_event": false,
    "tonality": "G minor",
    "tonality_confidence": 0.47117477655410767,
    "loop": false,
    "tempo": 172,
    "tempo_confidence": 0.0,
    "note_midi": 38,
    "note_name": "D2",
    "note_frequency": 73.58154296875,
    "note_confidence": 0.3709970712661743,
    "hardness": 38.890923643125205,
    "depth": 65.18602341902245,
    "brightness": 42.71558175436601,
    "roughness": 47.26180356276332,
    "warmth": 62.79388822021292,
    "sharpness": 29.53597739905351,
    "boominess": 46.293894466385844,
    "reverb": false,
    "genre": "Genre B",
    "mood": "Mood B"
}