{
    "duration": 1.809499979019165,
    "lossless": 1.0,
    "codec": "pcm_s16le",
    "bitrate": 256000.0,
    "samplerate": 16000.0,
    "channels": 1.0,
    "audio_md5": "1a8fd1857a01e107d8557b03137ae8db",
    "loudness": -13.091140747070312,
    "dynamic_range": 0.0,
    "temporal_centroid": 0.3953808546066284,
    "log_attack_time": -1.3207740783691406,
    "filesize": 57948,
    "single_event": false,
    "tonality": "E major",
    "tonality_confidence": 0.3001441955566406,
    "loop": false,
    "tempo": 126,
    "tempo_confidence": 0.0,
    "note_midi": 31,
    "note_name": "G1",
    "note_frequency": 49.33070373535156,
    "note_confidence": 0.26687514781951904,
    "hardness": 35.856013515911584,
    "depth": 71.28866687223149,
    "brightness": 42.07264430986913,
    "roughness": 36.90826517402634,
    "warmth": 59.529239076412,
    "sharpness": 31.945931556956154,
    "boominess": 52.16253185391927,
    "reverb": false,
    "genre": "Genre A",
    "mood": "Mood A"
}