{
    "duration": 1.809499979019165,
    "lossless": 1.0,
    "codec": "pcm_s16le",
    "bitrate": 256000.0,
    "samplerate": 16000.0,
    "channels": 1.0,
    "audio_md5": "d21329479d6449da0a569f58db65b2be",
    "loudness": -20.049274444580078,
    "dynamic_range": 0.0,
    "temporal_centroid": 0.32845431566238403,
    "log_attack_time": -1.1920387744903564,
    "filesize": 57948,
    "single_event": false,
    "tonality": "C minor",
    "tonality_confidence": 0.7434279918670654,
    "loop": true,
    "tempo": 99,
    "tempo_confidence": 0.9712653160095215,
    "note_midi": 32,
    "note_name": "G#1",
    "note_frequency": 52.79433822631836,
    "note_confidence": 0.4731324315071106,
    "hardness": 43.623297942206506,
    "depth": 64.27325992418363,
    "brightness": 45.57406296163893,
    "roughness": 48.22809938114052,
    "warmth": 60.69777894412988,
    "sharpness": 25.53020698945913,
    "boominess": 44.769976313982745,
    "reverb": false,
    "genre": "Genre A",
    "mood": "Mood A"
}