{
    "duration": 1.809499979019165,
    "lossless": 1.0,
    "codec": "pcm_s16le",
    "bitrate": 256000.0,
    "samplerate": 16000.0,
    "channels": 1.0,
    "audio_md5": "d53d7828a218538b1e4987200b2f4930",
    "loudness": -13.044692993164062,
    "dynamic_range": 0.0,
    "temporal_centroid": 0.6414903998374939,
    "log_attack_time": 0.2127309888601303,
    "filesize": 57948,
    "single_event": false,
    "tonality": "C major",
    "tonality_confidence": 0.5379401445388794,
    "loop": false,
    "tempo": 144,
    "tempo_confidence": 0.0,
    "note_midi": 35,
    "note_name": "B1",
    "note_frequency": 61.15415573120117,
    "note_confidence": 0.571075439453125,
    "hardness": 40.796401797704576,
    "depth": 67.52792592863537,
    "brightness": 41.13228754296328,
    "roughness": 33.41650007847171,
    "warmth": 52.47321674735466,
    "sharpness": 37.0969234447826,
    "boominess": 52.17280071097891,
    "reverb": false,
    "genre": "Genre A",
    "mood": "Mood A"
}