{
    "duration": 1.809499979019165,
    "lossless": 1.0,
    "codec": "pcm_s16le",
    "bitrate": 256000.0,
    "samplerate": 16000.0,
    "channels": 1.0,
    "audio_md5": "8de212de36cc7d68bdff899ea4401a8c",
    "loudness": -9.474963188171387,
    "dynamic_range": 0.0,
    "temporal_centroid": 0.5152983069419861,
    "log_attack_time": -1.3069792985916138,
    "filesize": 57948,
    "single_event": false,
    "tonality": "C major",
    "tonality_confidence": 0.48783427476882935,
    "loop": false,
    "tempo": 152,
    "tempo_confidence": 0.0,
    "note_midi": 33,
    "note_name": "A1",
    "note_frequency": 55.27568817138672,
    "note_confidence": 0.5922960042953491,
    "hardness": 32.83950997436223,
    "depth": 69.93493500939309,
    "brightness": 33.68014937790443,
    "roughness": 43.84137316306086,
    "warmth": 62.41076353080142,
    "sharpness": 33.94252818603675,
    "boominess": 50.796796409075014,
    "reverb": false,
    "genre": "Genre A",
    "mood": "Mood A"
}