{
    "duration": 1.809499979019165,
    "lossless": 1.0,
    "codec": "pcm_s16le",
    "bitrate": 256000.0,
    "samplerate": 16000.0,
    "channels": 1.0,
    "audio_md5": "cd29193d8866d878ae5919ca5bd03731",
    "loudness": -14.016371726989746,
    "dynamic_range": 0.0,
    "temporal_centroid": 0.41403928399086,
    "log_attack_time": -1.1951144933700562,
    "filesize": 57948,
    "single_event": false,
    "tonality": "C major",
    "tonality_confidence": 0.4045411944389343,
    "loop": false,
    "tempo": 89,
    "tempo_confidence": 0.0,
    "note_midi": 39,
    "note_name": "D#2",
    "note_frequency": 78.21112060546875,
    "note_confidence": 0.40417593717575073,
    "hardness": 45.19370847285734,
    "depth": 63.703180576177935,
    "brightness": 40.70330292292198,
    "roughness": 45.754860511518665,
    "warmth": 62.26444406529511,
    "sharpness": 31.816077660149432,
    "boominess": 46.600830840010744,
    "reverb": false,
    "genre": "Genre A",
    "mood": "Mood A"
}