{
    "duration": 1.809499979019165,
    "lossless": 1.0,
    "codec": "pcm_s16le",
    "bitrate": 256000.0,
    "samplerate": 16000.0,
    "channels": 1.0,
    "audio_md5": "69124d94d8f80e235a216a885f8da993",
    "loudness": -18.554271697998047,
    "dynamic_range": 0.0,
    "temporal_centroid": 0.3253392279148102,
    "log_attack_time": -0.04556058347225189,
    "filesize": 57948,
    "single_event": false,
    "tonality": "D# minor",
    "tonality_confidence": 0.5317460894584656,
    "loop": false,
    "tempo": 134,
    "tempo_confidence": 0.0,
    "note_midi": 40,
    "note_name": "E2",
    "note_frequency": 82.52069854736328,
    "note_confidence": 0.5420567989349365,
    "hardness": 44.81799484691635,
    "depth": 60.172137429236976,
    "brightness": 47.53794668993222,
    "roughness": 42.825043698141364,
    "warmth": 50.23692008175961,
    "sharpness": 30.845756960287254,
    "boominess": 45.368358867802996,
    "reverb": false,
    "genre": "Genre A",
    "mood": "Mood A"
}