{
    "duration": 1.809499979019165,
    "lossless": 1.0,
    "codec": "pcm_s16le",
    "bitrate": 256000.0,
    "samplerate": 16000.0,
    "channels": 1.0,
    "audio_md5": "87792ba69ec9b1b5c63485dd8478878c",
    "loudness": -22.954835891723633,
    "dynamic_range": 0.0,
    "temporal_centroid": 0.32768166065216064,
    "log_attack_time": -0.5985682010650635,
    "filesize": 57948,
    "single_event": false,
    "tonality": "E minor",
    "tonality_confidence": 0.3489229679107666,
    "loop": true,
    "tempo": 133,
    "tempo_confidence": 0.9793915152549744,
    "note_midi": 33,
    "note_name": "A1",
    "note_frequency": 56.31344985961914,
    "note_confidence": 0.3418002128601074,
    "hardness": 58.95885878432125,
    "depth": 67.14944052986642,
    "brightness": 48.38512437859963,
    "roughness": 39.451008828735944,
    "warmth": 55.4718617273687,
    "sharpness": 42.30261894018895,
    "boominess": 43.82961985787567,
    "reverb": false,
    "genre": "Genre B",
    "mood": "Mood B"
}