{
    "duration": 1.809499979019165,
    "lossless": 1.0,
    "codec": "pcm_s16le",
    "bitrate": 256000.0,
    "samplerate": 16000.0,
    "channels": 1.0,
    "audio_md5": "6941c825b3dad6f9a695d1195a75c9e8",
    "loudness": -10.025226593017578,
    "dynamic_range": 0.0,
    "temporal_centroid": 0.40447521209716797,
    "log_attack_time": -1.3316267728805542,
    "filesize": 57948,
    "single_event": false,
    "tonality": "D minor",
    "tonality_confidence": 0.6732598543167114,
    "loop": true,
    "tempo": 133,
    "tempo_confidence": 0.9857248663902283,
    "note_midi": 32,
    "note_name": "G#1",
    "note_frequency": 51.051231384277344,
    "note_confidence": 0.4107787013053894,
    "hardness": 32.994373190416,
    "depth": 68.79410716836807,
    "brightness": 24.98772099950765,
    "roughness": 41.12162557445596,
    "warmth": 62.655203588338594,
    "sharpness": 29.06385415926633,
    "boominess": 52.76997579547145,
    "reverb": false,
    "genre": "Genre A",
    "mood": "Mood A"
}