{
    "duration": 1.809499979019165,
    "lossless": 1.0,
    "codec": "pcm_s16le",
    "bitrate": 256000.0,
    "samplerate": 16000.0,
    "channels": 1.0,
    "audio_md5": "e81e0a43863b66ff16353129bc8a8e56",
    "loudness": -19.87456703186035,
    "dynamic_range": 0.0,
    "temporal_centroid": 0.2838576138019562,
    "log_attack_time": -1.2057380676269531,
    "filesize": 57948,
    "single_event": false,
    "tonality": "B major",
    "tonality_confidence": 0.5789110660552979,
    "loop": false,
    "tempo": 129,
    "tempo_confidence": 0.0,
    "note_midi": 43,
    "note_name": "G2",
    "note_frequency": 100.45636749267578,
    "note_confidence": 0.503055214881897,
    "hardness": 46.68337984842739,
    "depth": 61.25646502076757,
    "brightness": 47.539032204486695,
    "roughness": 43.23328739806469,
    "warmth": 53.57654215184614,
    "sharpness": 33.09476566873226,
    "boominess": 44.32682226312124,
    "reverb": false,
    "genre": "Genre A",
    "mood": "Mood A"
}