{
    "duration": 1.809499979019165,
    "lossless": 1.0,
    "codec": "pcm_s16le",
    "bitrate": 256000.0,
    "samplerate": 16000.0,
    "channels": 1.0,
    "audio_md5": "182df0c098fdc6d8b1a41d30d437a868",
    "loudness": -26.08908462524414,
    "dynamic_range": 0.0,
    "temporal_centroid": 0.3198164701461792,
    "log_attack_time": -1.266586184501648,
    "filesize": 57948,
    "single_event": false,
    "tonality": "C major",
    "tonality_confidence": 0.4888896644115448,
    "loop": false,
    "tempo": 138,
    "tempo_confidence": 0.0,
    "note_midi": 37,
    "note_name": "C#2",
    "note_frequency": 70.61905670166016,
    "note_confidence": 0.4953101873397827,
    "hardness": 50.829562969802026,
    "depth": 59.458957339546,
    "brightness": 51.822862717920856,
    "roughness": 47.892157351030505,
    "warmth": 53.70363089247969,
    "sharpness": 27.787035120347422,
    "boominess": 44.63479861131012,
    "reverb": false,
    "genre": "Genre A",
    "mood": "Mood A"
}