{
    "duration": 1.809499979019165,
    "lossless": 1.0,
    "codec": "pcm_s16le",
    "bitrate": 256000.0,
    "samplerate": 16000.0,
    "channels": 1.0,
    "audio_md5": "c5b8cf4bdf984d1075c27e1153a03004",
    "loudness": -15.997636795043945,
    "dynamic_range": 0.0,
    "temporal_centroid": 0.5099242329597473,
    "log_attack_time": 0.19744621217250824,
    "filesize": 57948,
    "single_event": false,
    "tonality": "A# minor",
    "tonality_confidence": 0.31561553478240967,
    "loop": false,
    "tempo": 131,
    "tempo_confidence": 0.0,
    "note_midi": 37,
    "note_name": "C#2",
    "note_frequency": 67.41873931884766,
    "note_confidence": 0.529693067073822,
    "hardness": 40.542144084972435,
    "depth": 62.86819305584245,
    "brightness": 37.04777450809824,
    "roughness": 51.248020033723705,
    "warmth": 65.83761293692763,
    "sharpness": 19.884426025178207,
    "boominess": 42.66567463342606,
    "reverb": false,
    "genre": "Genre A",
    "mood": "Mood A"
}