{
    "duration": 1.809499979019165,
    "lossless": 1.0,
    "codec": "pcm_s16le",
    "bitrate": 256000.0,
    "samplerate": 16000.0,
    "channels": 1.0,
    "audio_md5": "97581289c2e018512f40269bd2c5b71b",
    "loudness": -17.26307487487793,
    "dynamic_range": 0.0,
    "temporal_centroid": 0.484986811876297,
    "log_attack_time": -0.6856836676597595,
    "filesize": 57948,
    "single_event": false,
    "tonality": "C# major",
    "tonality_confidence": 0.7638707756996155,
    "loop": false,
    "tempo": 133,
    "tempo_confidence": 0.0,
    "note_midi": 32,
    "note_name": "G#1",
    "note_frequency": 51.49076843261719,
    "note_confidence": 0.4963609576225281,
    "hardness": 40.1620951043252,
    "depth": 62.26738592177759,
    "brightness": 44.57053901176208,
    "roughness": 49.736158345058435,
    "warmth": 63.30639378361788,
    "sharpness": 22.341282705596946,
    "boominess": 43.99776916605543,
    "reverb": false,
    "genre": "Genre A",
    "mood": "Mood A"
}