{
    "duration": 1.809499979019165,
    "lossless": 1.0,
    "codec": "pcm_s16le",
    "bitrate": 256000.0,
    "samplerate": 16000.0,
    "channels": 1.0,
    "audio_md5": "b4cc8678f61630bd31c95107e9fbbd3f",
    "loudness": -20.064228057861328,
    "dynamic_range": 0.0,
    "temporal_centroid": 0.37896713614463806,
    "log_attack_time": 0.13784049451351166,
    "filesize": 57948,
    "single_event": false,
    "tonality": "C major",
    "tonality_confidence": 0.6414348483085632,
    "loop": false,
    "tempo": 129,
    "tempo_confidence": 0.0,
    "note_midi": 32,
    "note_name": "G#1",
    "note_frequency": 52.983848571777344,
    "note_confidence": 0.531136691570282,
    "hardness": 44.720743329106,
    "depth": 63.45734091493293,
    "brightness": 45.91126193418532,
    "roughness": 49.23576995946152,
    "warmth": 60.71698687831002,
    "sharpness": 23.22461603292537,
    "boominess": 45.08761978006367,
    "reverb": false,
    "genre": "Genre A",
    "mood": "Mood A"
}