{
    "duration": 1.809499979019165,
    "lossless": 1.0,
    "codec": "pcm_s16le",
    "bitrate": 256000.0,
    "samplerate": 16000.0,
    "channels": 1.0,
    "audio_md5": "89e291cf7b9581d9386f9f8355992d40",
    "loudness": -19.228618621826172,
    "dynamic_range": 0.0,
    "temporal_centroid": 0.2887466847896576,
    "log_attack_time": -0.1727655827999115,
    "filesize": 57948,
    "single_event": false,
    "tonality": "E major",
    "tonality_confidence": 0.7434713244438171,
    "loop": false,
    "tempo": 91,
    "tempo_confidence": 0.0,
    "note_midi": 41,
    "note_name": "F2",
    "note_frequency": 86.24166870117188,
    "note_confidence": 0.4618961811065674,
    "hardness": 47.16319793947133,
    "depth": 58.12280691270024,
    "brightness": 47.283180786874205,
    "roughness": 44.50655788484758,
    "warmth": 51.62422569007983,
    "sharpness": 27.76637289403571,
    "boominess": 45.922576448194846,
    "reverb": false,
    "genre": "Genre A",
    "mood": "Mood A"
}