{
    "duration": 1.809499979019165,
    "lossless": 1.0,
    "codec": "pcm_s16le",
    "bitrate": 256000.0,
    "samplerate": 16000.0,
    "channels": 1.0,
    "audio_md5": "a0e54ab33b74c091cb001847a9e67df6",
    "loudness": -25.497100830078125,
    "dynamic_range": 0.0,
    "temporal_centroid": 0.2343275398015976,
    "log_attack_time": -1.1817412376403809,
    "filesize": 57948,
    "single_event": false,
    "tonality": "E minor",
    "tonality_confidence": 0.5941458940505981,
    "loop": false,
    "tempo": 133,
    "tempo_confidence": 0.0,
    "note_midi": 41,
    "note_name": "F2",
    "note_frequency": 89.81759643554688,
    "note_confidence": 0.4638497829437256,
    "hardness": 52.52199759476571,
    "depth": 59.116657694735125,
    "brightness": 50.83615728186987,
    "roughness": 45.65619587347768,
    "warmth": 49.41070016408666,
    "sharpness": 30.325097009079183,
    "boominess": 44.327833050960756,
    "reverb": false,
    "genre": "Genre A",
    "mood": "Mood A"
}