{
    "duration": 1.809499979019165,
    "lossless": 1.0,
    "codec": "pcm_s16le",
    "bitrate": 256000.0,
    "samplerate": 16000.0,
    "channels": 1.0,
    "audio_md5": "97b0627e6d020fd0934c10e35a86a620",
    "loudness": -17.3198299407959,
    "dynamic_range": 0.0,
    "temporal_centroid": 0.20594169199466705,
    "log_attack_time": -1.3464593887329102,
    "filesize": 57948,
    "single_event": false,
    "tonality": "A# minor",
    "tonality_confidence": 0.6864780783653259,
    "loop": false,
    "tempo": 92,
    "tempo_confidence": 0.0,
    "note_midi": 40,
    "note_name": "E2",
    "note_frequency": 81.96485137939453,
    "note_confidence": 0.5153135061264038,
    "hardness": 44.253088536445574,
    "depth": 68.06528855136624,
    "brightness": 42.772547679233924,
    "roughness": 31.723544864823754,
    "warmth": 52.63250645376987,
    "sharpness": 38.20895699310102,
    "boominess": 52.68610149386431,
    "reverb": false,
    "genre": "Genre A",
    "mood": "Mood A"
}