{
    "duration": 1.809499979019165,
    "lossless": 1.0,
    "codec": "pcm_s16le",
    "bitrate": 256000.0,
    "samplerate": 16000.0,
    "channels": 1.0,
    "audio_md5": "f430565fbe58dedd612fe34df9188be8",
    "loudness": -13.992323875427246,
    "dynamic_range": 0.0,
    "temporal_centroid": 0.4690476357936859,
    "log_attack_time": -1.3663712739944458,
    "filesize": 57948,
    "single_event": false,
    "tonality": "G minor",
    "tonality_confidence": 0.5961589813232422,
    "loop": false,
    "tempo": 120,
    "tempo_confidence": 0.0,
    "note_midi": 37,
    "note_name": "C#2",
    "note_frequency": 71.23597717285156,
    "note_confidence": 0.38169318437576294,
    "hardness": 42.62517671358137,
    "depth": 69.45404984396279,
    "brightness": 41.94987796832945,
    "roughness": 43.7817379472025,
    "warmth": 59.97735523151469,
    "sharpness": 34.99263025154984,
    "boominess": 47.37882783658676,
    "reverb": false,
    "genre": "Genre B",
    "mood": "Mood B"
}