{
    "duration": 1.809499979019165,
    "lossless": 1.0,
    "codec": "pcm_s16le",
    "bitrate": 256000.0,
    "samplerate": 16000.0,
    "channels": 1.0,
    "audio_md5": "7691ed103fea605da35b6c1bc1d465c9",
    "loudness": -19.29891014099121,
    "dynamic_range": 0.0,
    "temporal_centroid": 0.2876487374305725,
    "log_attack_time": -0.17329365015029907,
    "filesize": 57948,
    "single_event": false,
    "tonality": "E minor",
    "tonality_confidence": 0.7319676876068115,
    "loop": false,
    "tempo": 91,
    "tempo_confidence": 0.0,
    "note_midi": 40,
    "note_name": "E2",
    "note_frequency": 82.9642562866211,
    "note_confidence": 0.47960007190704346,
    "hardness": 44.98331248537315,
    "depth": 58.515307369236915,
    "brightness": 47.484208428751955,
    "roughness": 42.61803821961414,
    "warmth": 50.16893252618911,
    "sharpness": 27.53569058610893,
    "boominess": 44.84625479388886,
    "reverb": false,
    "genre": "Genre A",
    "mood": "Mood A"
}