{
    "duration": 1.809499979019165,
    "lossless": 1.0,
    "codec": "pcm_s16le",
    "bitrate": 256000.0,
    "samplerate": 16000.0,
    "channels": 1.0,
    "audio_md5": "2fb3e69e3b5c100bb5f7413d60f8a41b",
    "loudness": -14.086788177490234,
    "dynamic_range": 0.0,
    "temporal_centroid": 0.5340673327445984,
    "log_attack_time": 0.1362098902463913,
    "filesize": 57948,
    "single_event": false,
    "tonality": "C minor",
    "tonality_confidence": 0.6690405011177063,
    "loop": false,
    "tempo": 129,
    "tempo_confidence": 0.0,
    "note_midi": 58,
    "note_name": "A#3",
    "note_frequency": 233.60089111328125,
    "note_confidence": 0.4878247380256653,
    "hardness": 38.86882422245665,
    "depth": 60.4367906984063,
    "brightness": 45.085905948235194,
    "roughness": 51.0675904448038,
    "warmth": 61.80150109335908,
    "sharpness": 28.966408500405546,
    "boominess": 39.891782813480596,
    "reverb": false,
    "genre": "Genre A",
    "mood": "Mood A"
}