{
    "duration": 1.809499979019165,
    "lossless": 1.0,
    "codec": "pcm_s16le",
    "bitrate": 256000.0,
    "samplerate": 16000.0,
    "channels": 1.0,
    "audio_md5": "6bcc76e06b8aa6ac7664bc8087746d41",
    "loudness": -17.805360794067383,
    "dynamic_range": 0.0,
    "temporal_centroid": 0.4366194009780884,
    "log_attack_time": -1.4518711566925049,
    "filesize": 57948,
    "single_event": false,
    "tonality": "C major",
    "tonality_confidence": 0.6952736377716064,
    "loop": false,
    "tempo": 122,
    "tempo_confidence": 0.0,
    "note_midi": 36,
    "note_name": "C2",
    "note_frequency": 66.52824401855469,
    "note_confidence": 0.3850601315498352,
    "hardness": 59.582246135776586,
    "depth": 68.98741324112522,
    "brightness": 49.41881052144547,
    "roughness": 49.02889898162813,
    "warmth": 61.62757507961038,
    "sharpness": 39.37885910999657,
    "boominess": 40.29621573694766,
    "reverb": false,
    "genre": "Genre B",
    "mood": "Mood B"
}