{
    "duration": 1.809499979019165,
    "lossless": 1.0,
    "codec": "pcm_s16le",
    "bitrate": 256000.0,
    "samplerate": 16000.0,
    "channels": 1.0,
    "audio_md5": "cf08022171d902e0f74367e0401ac2a2",
    "loudness": -18.104034423828125,
    "dynamic_range": 0.0,
    "temporal_centroid": 0.6694265604019165,
    "log_attack_time": 0.1307494044303894,
    "filesize": 57948,
    "single_event": false,
    "tonality": "G# minor",
    "tonality_confidence": 0.3481700122356415,
    "loop": false,
    "tempo": 133,
    "tempo_confidence": 0.0,
    "note_midi": 39,
    "note_name": "D#2",
    "note_frequency": 79.03563690185547,
    "note_confidence": 0.4428088068962097,
    "hardness": 45.227527231307306,
    "depth": 59.89345756625514,
    "brightness": 46.004771248294325,
    "roughness": 44.84191087024388,
    "warmth": 53.541176962993966,
    "sharpness": 24.51248470676009,
    "boominess": 45.47564020996714,
    "reverb": false,
    "genre": "Genre A",
    "mood": "Mood A"
}