{
    "duration": 1.809499979019165,
    "lossless": 1.0,
    "codec": "pcm_s16le",
    "bitrate": 256000.0,
    "samplerate": 16000.0,
    "channels": 1.0,
    "audio_md5": "2a3d68cd71caea2aad2f8e6c80ae481a",
    "loudness": -15.716883659362793,
    "dynamic_range": 0.0,
    "temporal_centroid": 0.5200129151344299,
    "log_attack_time": -1.616274118423462,
    "filesize": 57948,
    "single_event": false,
    "tonality": "C minor",
    "tonality_confidence": 0.6154045462608337,
    "loop": true,
    "tempo": 132,
    "tempo_confidence": 0.9616870880126953,
    "note_midi": 41,
    "note_name": "F2",
    "note_frequency": 88.10458374023438,
    "note_confidence": 0.5007432699203491,
    "hardness": 38.6236270662593,
    "depth": 58.99992006152318,
    "brightness": 42.08955211074,
    "roughness": 47.41705059454093,
    "warmth": 59.07907757474774,
    "sharpness": 23.402910723957497,
    "boominess": 42.79135499428227,
    "reverb": false,
    "genre": "Genre A",
    "mood": "Mood A"
}