{
    "duration": 1.809499979019165,
    "lossless": 1.0,
    "codec": "pcm_s16le",
    "bitrate": 256000.0,
    "samplerate": 16000.0,
    "channels": 1.0,
    "audio_md5": "3eaba3afdecd06193043c106f7e9b423",
    "loudness": -19.256494522094727,
    "dynamic_range": 0.0,
    "temporal_centroid": 0.3828047811985016,
    "log_attack_time": -1.1905089616775513,
    "filesize": 57948,
    "single_event": false,
    "tonality": "C minor",
    "tonality_confidence": 0.6258454918861389,
    "loop": false,
    "tempo": 131,
    "tempo_confidence": 0.0,
    "note_midi": 31,
    "note_name": "G1",
    "note_frequency": 48.23133087158203,
    "note_confidence": 0.5448482036590576,
    "hardness": 42.350168992913694,
    "depth": 64.00310668802099,
    "brightness": 44.6643863839888,
    "roughness": 49.00402991861641,
    "warmth": 62.734690416374974,
    "sharpness": 19.354486323759424,
    "boominess": 46.232871891770735,
    "reverb": false,
    "genre": "Genre A",
    "mood": "Mood A"
}