{
    "duration": 1.809499979019165,
    "lossless": 1.0,
    "codec": "pcm_s16le",
    "bitrate": 256000.0,
    "samplerate": 16000.0,
    "channels": 1.0,
    "audio_md5": "112ebbb4026c1a65adca9a36907e3192",
    "loudness": -14.836487770080566,
    "dynamic_range": 0.0,
    "temporal_centroid": 0.41173112392425537,
    "log_attack_time": -1.2819560766220093,
    "filesize": 57948,
    "single_event": false,
    "tonality": "F major",
    "tonality_confidence": 0.703892707824707,
    "loop": false,
    "tempo": 128,
    "tempo_confidence": 0.0,
    "note_midi": 32,
    "note_name": "G#1",
    "note_frequency": 51.07710266113281,
    "note_confidence": 0.2208387851715088,
    "hardness": 43.81674213627144,
    "depth": 70.25661823011572,
    "brightness": 42.717354905072526,
    "roughness": 41.020422269328066,
    "warmth": 59.352066722387626,
    "sharpness": 39.39695843933391,
    "boominess": 45.67396043696889,
    "reverb": false,
    "genre": "Genre B",
    "mood": "Mood B"
}