{
    "duration": 1.809499979019165,
    "lossless": 1.0,
    "codec": "pcm_s16le",
    "bitrate": 256000.0,
    "samplerate": 16000.0,
    "channels": 1.0,
    "audio_md5": "2e4eaf4f48e7a27cb705367eb482f63e",
    "loudness": -27.162269592285156,
    "dynamic_range": 0.0,
    "temporal_centroid": 0.4198714792728424,
    "log_attack_time": -0.3509434461593628,
    "filesize": 57948,
    "single_event": false,
    "tonality": "F# minor",
    "tonality_confidence": 0.48342615365982056,
    "loop": false,
    "tempo": 129,
    "tempo_confidence": 0.0,
    "note_midi": 41,
    "note_name": "F2",
    "note_frequency": 89.50220489501953,
    "note_confidence": 0.3927660584449768,
    "hardness": 56.86040603081025,
    "depth": 50.32165888221701,
    "brightness": 55.340840348146784,
    "roughness": 49.972270796723215,
    "warmth": 45.389796405187006,
    "sharpness": 39.44873206236667,
    "boominess": 36.1416243050585,
    "reverb": false,
    "genre": "Genre A",
    "mood": "Mood A"
}