{
    "duration": 1.809499979019165,
    "lossless": 1.0,
    "codec": "pcm_s16le",
    "bitrate": 256000.0,
    "samplerate": 16000.0,
    "channels": 1.0,
    "audio_md5": "cc328015bde184f60c58fbd84c8726e7",
    "loudness": -18.148893356323242,
    "dynamic_range": 0.0,
    "temporal_centroid": 0.3050259053707123,
    "log_attack_time": -0.04421740397810936,
    "filesize": 57948,
    "single_event": false,
    "tonality": "A# minor",
    "tonality_confidence": 0.7525749802589417,
    "loop": false,
    "tempo": 199,
    "tempo_confidence": 0.0,
    "note_midi": 34,
    "note_name": "A#1",
    "note_frequency": 59.526756286621094,
    "note_confidence": 0.5392141342163086,
    "hardness": 39.788168591593916,
    "depth": 62.06055945783589,
    "brightness": 46.37346390960922,
    "roughness": 44.38934129574276,
    "warmth": 58.48452929870346,
    "sharpness": 25.682145502427655,
    "boominess": 45.71265278372903,
    "reverb": false,
    "genre": "Genre A",
    "mood": "Mood A"
}