{
    "duration": 1.809499979019165,
    "lossless": 1.0,
    "codec": "pcm_s16le",
    "bitrate": 256000.0,
    "samplerate": 16000.0,
    "channels": 1.0,
    "audio_md5": "70497e5fbaea08f1a2a1d4c8492e557c",
    "loudness": -43.52631759643555,
    "dynamic_range": 0.0,
    "temporal_centroid": 0.3760222792625427,
    "log_attack_time": -2.4741768836975098,
    "filesize": 57948,
    "single_event": false,
    "tonality": "C# minor",
    "tonality_confidence": 0.49944931268692017,
    "loop": false,
    "tempo": 94,
    "tempo_confidence": 0.0,
    "note_midi": 57,
    "note_name": "A3",
    "note_frequency": 225.3969268798828,
    "note_confidence": 0.5741696357727051,
    "hardness": 45.89850598453512,
    "depth": 40.5143099214309,
    "brightness": 44.64294007689263,
    "roughness": 44.80448186608613,
    "warmth": 61.14098002110542,
    "sharpness": 32.64172122007718,
    "boominess": 45.94457980920912,
    "reverb": false,
    "genre": "Genre A",
    "mood": "Mood A"
}