{
    "duration": 1.809499979019165,
    "lossless": 1.0,
    "codec": "pcm_s16le",
    "bitrate": 256000.0,
    "samplerate": 16000.0,
    "channels": 1.0,
    "audio_md5": "d02f148554be4f4d1f6e0d7e42835370",
    "loudness": -12.902496337890625,
    "dynamic_range": 0.0,
    "temporal_centroid": 0.24343955516815186,
    "log_attack_time": -1.2939966917037964,
    "filesize": 57948,
    "single_event": false,
    "tonality": "G# major",
    "tonality_confidence": 0.5931265354156494,
    "loop": false,
    "tempo": 99,
    "tempo_confidence": 0.0,
    "note_midi": 34,
    "note_name": "A#1",
    "note_frequency": 56.92693328857422,
    "note_confidence": 0.15590983629226685,
    "hardness": 37.04661513024824,
    "depth": 70.25354772510761,
    "brightness": 41.157372608715114,
    "roughness": 38.114044791196015,
    "warmth": 55.64810717376993,
    "sharpness": 40.09530993117773,
    "boominess": 50.407185758063264,
    "reverb": false,
    "genre": "Genre A",
    "mood": "Mood A"
}