{
    "duration": 1.809499979019165,
    "lossless": 1.0,
    "codec": "pcm_s16le",
    "bitrate": 256000.0,
    "samplerate": 16000.0,
    "channels": 1.0,
    "audio_md5": "f487a3fde9525f47858b9d1c1e6e57ed",
    "loudness": -13.210556030273438,
    "dynamic_range": 0.0,
    "temporal_centroid": 0.5017669200897217,
    "log_attack_time": -1.3466780185699463,
    "filesize": 57948,
    "single_event": false,
    "tonality": "G major",
    "tonality_confidence": 0.3566669225692749,
    "loop": false,
    "tempo": 120,
    "tempo_confidence": 0.0,
    "note_midi": 37,
    "note_name": "C#2",
    "note_frequency": 70.42977905273438,
    "note_confidence": 0.3763866424560547,
    "hardness": 44.080470183901866,
    "depth": 67.16407872478653,
    "brightness": 40.26615494486943,
    "roughness": 43.95105730362654,
    "warmth": 61.567338748758786,
    "sharpness": 33.92978095855747,
    "boominess": 47.8545772194357,
    "reverb": false,
    "genre": "Genre B",
    "mood": "Mood B"
}