{
    "duration": 1.809499979019165,
    "lossless": 1.0,
    "codec": "pcm_s16le",
    "bitrate": 256000.0,
    "samplerate": 16000.0,
    "channels": 1.0,
    "audio_md5": "8b5b5cc2dfc7cef24ba1f4eefdfbdf9d",
    "loudness": -12.502679824829102,
    "dynamic_range": 0.0,
    "temporal_centroid": 0.250743567943573,
    "log_attack_time": -1.3659136295318604,
    "filesize": 57948,
    "single_event": false,
    "tonality": "E minor",
    "tonality_confidence": 0.4181690216064453,
    "loop": false,
    "tempo": 91,
    "tempo_confidence": 0.0,
    "note_midi": 40,
    "note_name": "E2",
    "note_frequency": 81.1512451171875,
    "note_confidence": 0.4575909972190857,
    "hardness": 44.41219615027245,
    "depth": 69.15641740610114,
    "brightness": 40.02822019620925,
    "roughness": 34.09460251603171,
    "warmth": 55.226816027673124,
    "sharpness": 38.02854873322047,
    "boominess": 51.04689909170541,
    "reverb": false,
    "genre": "Genre A",
    "mood": "Mood A"
}