{
    "duration": 1.809499979019165,
    "lossless": 1.0,
    "codec": "pcm_s16le",
    "bitrate": 256000.0,
    "samplerate": 16000.0,
    "channels": 1.0,
    "audio_md5": "dbede939e59c09a40debed42531f5936",
    "loudness": -15.162666320800781,
    "dynamic_range": 0.0,
    "temporal_centroid": 0.5249630212783813,
    "log_attack_time": -0.3570399880409241,
    "filesize": 57948,
    "single_event": false,
    "tonality": "D major",
    "tonality_confidence": 0.37553271651268005,
    "loop": false,
    "tempo": 131,
    "tempo_confidence": 0.0,
    "note_midi": 55,
    "note_name": "G3",
    "note_frequency": 194.7070770263672,
    "note_confidence": 0.5035095810890198,
    "hardness": 38.28305283892901,
    "depth": 52.39806125441616,
    "brightness": 44.0823369822132,
    "roughness": 49.03297270713636,
    "warmth": 61.54844988125984,
    "sharpness": 26.922161444042658,
    "boominess": 40.076309815025,
    "reverb": false,
    "genre": "Genre A",
    "mood": "Mood A"
}