{
    "duration": 1.809499979019165,
    "lossless": 1.0,
    "codec": "pcm_s16le",
    "bitrate": 256000.0,
    "samplerate": 16000.0,
    "channels": 1.0,
    "audio_md5": "23eea1c8ae77b943ec053aa04bbc0f8d",
    "loudness": -20.272520065307617,
    "dynamic_range": 0.0,
    "temporal_centroid": 0.18407034873962402,
    "log_attack_time": -1.3335329294204712,
    "filesize": 57948,
    "single_event": false,
    "tonality": "E minor",
    "tonality_confidence": 0.6180828809738159,
    "loop": false,
    "tempo": 138,
    "tempo_confidence": 0.0,
    "note_midi": 37,
    "note_name": "C#2",
    "note_frequency": 69.87313842773438,
    "note_confidence": 0.2610970139503479,
    "hardness": 44.68488791230888,
    "depth": 69.2514942725437,
    "brightness": 48.49637186375754,
    "roughness": 31.807120693448056,
    "warmth": 53.639711644937584,
    "sharpness": 34.27686321875837,
    "boominess": 53.05836347355787,
    "reverb": false,
    "genre": "Genre A",
    "mood": "Mood A"
}