{
    "duration": 1.809499979019165,
    "lossless": 1.0,
    "codec": "pcm_s16le",
    "bitrate": 256000.0,
    "samplerate": 16000.0,
    "channels": 1.0,
    "audio_md5": "b46c4828ac164cb85607da0a940f955e",
    "loudness": -16.23007583618164,
    "dynamic_range": 0.0,
    "temporal_centroid": 0.7552604675292969,
    "log_attack_time": -0.11598467081785202,
    "filesize": 57948,
    "single_event": false,
    "tonality": "D minor",
    "tonality_confidence": 0.83514803647995,
    "loop": false,
    "tempo": 111,
    "tempo_confidence": 0.0,
    "note_midi": 32,
    "note_name": "G#1",
    "note_frequency": 52.13352966308594,
    "note_confidence": 0.18613940477371216,
    "hardness": 46.10478843948536,
    "depth": 68.7564991250117,
    "brightness": 40.61548286517573,
    "roughness": 38.838070174259386,
    "warmth": 59.241216025466755,
    "sharpness": 30.176126026408113,
    "boominess": 51.18389562286757,
    "reverb": false,
    "genre": "Genre A",
    "mood": "Mood A"
}