{
    "duration": 1.809499979019165,
    "lossless": 1.0,
    "codec": "pcm_s16le",
    "bitrate": 256000.0,
    "samplerate": 16000.0,
    "channels": 1.0,
    "audio_md5": "40799e9c94801d67c18f8cd2ed9c751c",
    "loudness": -16.267087936401367,
    "dynamic_range": 0.0,
    "temporal_centroid": 0.40337809920310974,
    "log_attack_time": -1.3595569133758545,
    "filesize": 57948,
    "single_event": false,
    "tonality": "G major",
    "tonality_confidence": 0.5504461526870728,
    "loop": false,
    "tempo": 172,
    "tempo_confidence": 0.0,
    "note_midi": 39,
    "note_name": "D#2",
    "note_frequency": 78.24124145507812,
    "note_confidence": 0.3537956476211548,
    "hardness": 43.39702453883052,
    "depth": 67.65380477323733,
    "brightness": 42.654335204006514,
    "roughness": 44.488648828447914,
    "warmth": 61.510757782040955,
    "sharpness": 37.35649894959626,
    "boominess": 45.313955861124114,
    "reverb": false,
    "genre": "Genre B",
    "mood": "Mood B"
}