{
    "duration": 1.809499979019165,
    "lossless": 1.0,
    "codec": "pcm_s16le",
    "bitrate": 256000.0,
    "samplerate": 16000.0,
    "channels": 1.0,
    "audio_md5": "5d5cc79c6be0d61a7d0a2212cdf41177",
    "loudness": -41.6909065246582,
    "dynamic_range": 0.0,
    "temporal_centroid": 0.43723174929618835,
    "log_attack_time": 0.257297545671463,
    "filesize": 57948,
    "single_event": false,
    "tonality": "A minor",
    "tonality_confidence": 0.6069427728652954,
    "loop": false,
    "tempo": 128,
    "tempo_confidence": 0.0,
    "note_midi": 58,
    "note_name": "A#3",
    "note_frequency": 230.83084106445312,
    "note_confidence": 0.5349113941192627,
    "hardness": 44.75846729175882,
    "depth": 41.41475676919008,
    "brightness": 55.90435048029099,
    "roughness": 49.20456145669519,
    "warmth": 53.204489844096116,
    "sharpness": 41.11754432243832,
    "boominess": 40.45828091956287,
    "reverb": false,
    "genre": "Genre A",
    "mood": "Mood A"
}