{
    "duration": 1.809499979019165,
    "lossless": 1.0,
    "codec": "pcm_s16le",
    "bitrate": 256000.0,
    "samplerate": 16000.0,
    "channels": 1.0,
    "audio_md5": "fe0c17ac42e02a08e91b9acbf30d361e",
    "loudness": -17.950382232666016,
    "dynamic_range": 0.0,
    "temporal_centroid": 0.4972325563430786,
    "log_attack_time": 0.1364760845899582,
    "filesize": 57948,
    "single_event": false,
    "tonality": "D minor",
    "tonality_confidence": 0.291354238986969,
    "loop": false,
    "tempo": 172,
    "tempo_confidence": 0.0,
    "note_midi": 32,
    "note_name": "G#1",
    "note_frequency": 52.671905517578125,
    "note_confidence": 0.4900854825973511,
    "hardness": 43.170838949048004,
    "depth": 65.80780216074061,
    "brightness": 44.17114137025198,
    "roughness": 52.16647909437584,
    "warmth": 64.30946859449134,
    "sharpness": 26.372942745496278,
    "boominess": 41.17176385443004,
    "reverb": false,
    "genre": "Genre A",
    "mood": "Mood A"
}