{
    "duration": 1.809499979019165,
    "lossless": 1.0,
    "codec": "pcm_s16le",
    "bitrate": 256000.0,
    "samplerate": 16000.0,
    "channels": 1.0,
    "audio_md5": "5b65d5cfc4857cea0b4b80685b28221d",
    "loudness": -18.65908432006836,
    "dynamic_range": 0.0,
    "temporal_centroid": 0.42597338557243347,
    "log_attack_time": -1.2279645204544067,
    "filesize": 57948,
    "single_event": false,
    "tonality": "C# major",
    "tonality_confidence": 0.7282711863517761,
    "loop": false,
    "tempo": 161,
    "tempo_confidence": 0.0,
    "note_midi": 31,
    "note_name": "G1",
    "note_frequency": 49.98109436035156,
    "note_confidence": 0.47499245405197144,
    "hardness": 43.08799431550176,
    "depth": 64.1438553606514,
    "brightness": 43.83740794158414,
    "roughness": 50.27867077952239,
    "warmth": 63.41536990235791,
    "sharpness": 19.8515154928738,
    "boominess": 45.54424480383216,
    "reverb": false,
    "genre": "Genre A",
    "mood": "Mood A"
}