{
    "duration": 1.809499979019165,
    "lossless": 1.0,
    "codec": "pcm_s16le",
    "bitrate": 256000.0,
    "samplerate": 16000.0,
    "channels": 1.0,
    "audio_md5": "626abcae4cc89351ff2de6bec3abb61c",
    "loudness": -13.95927906036377,
    "dynamic_range": 0.0,
    "temporal_centroid": 0.3520987629890442,
    "log_attack_time": -1.2292982339859009,
    "filesize": 57948,
    "single_event": false,
    "tonality": "F major",
    "tonality_confidence": 0.5848698616027832,
    "loop": false,
    "tempo": 115,
    "tempo_confidence": 0.0,
    "note_midi": 37,
    "note_name": "C#2",
    "note_frequency": 70.95555114746094,
    "note_confidence": 0.07028448581695557,
    "hardness": 40.642149397549346,
    "depth": 68.95953005879457,
    "brightness": 40.08644965348541,
    "roughness": 35.38370300571449,
    "warmth": 55.2991403949698,
    "sharpness": 34.71626946566153,
    "boominess": 52.802043610485576,
    "reverb": false,
    "genre": "Genre A",
    "mood": "Mood A"
}