{
    "duration": 1.809499979019165,
    "lossless": 1.0,
    "codec": "pcm_s16le",
    "bitrate": 256000.0,
    "samplerate": 16000.0,
    "channels": 1.0,
    "audio_md5": "4e6ae31bfea8dbb7467519ef02890bd0",
    "loudness": -15.491466522216797,
    "dynamic_range": 0.0,
    "temporal_centroid": 0.47361060976982117,
    "log_attack_time": -0.6334605813026428,
    "filesize": 57948,
    "single_event": false,
    "tonality": "F major",
    "tonality_confidence": 0.6421680450439453,
    "loop": false,
    "tempo": 151,
    "tempo_confidence": 0.0,
    "note_midi": 57,
    "note_name": "A3",
    "note_frequency": 226.18553161621094,
    "note_confidence": 0.4957945942878723,
    "hardness": 40.27240841340101,
    "depth": 61.68664694286999,
    "brightness": 43.74197361078818,
    "roughness": 49.51145230532256,
    "warmth": 60.98201560534381,
    "sharpness": 25.75529175971996,
    "boominess": 41.151653551671515,
    "reverb": false,
    "genre": "Genre A",
    "mood": "Mood A"
}