{
    "duration": 1.809499979019165,
    "lossless": 1.0,
    "codec": "pcm_s16le",
    "bitrate": 256000.0,
    "samplerate": 16000.0,
    "channels": 1.0,
    "audio_md5": "a9439c1654239b07466f8204979d4283",
    "loudness": -18.458499908447266,
    "dynamic_range": 0.0,
    "temporal_centroid": 0.4680241346359253,
    "log_attack_time": -1.2047901153564453,
    "filesize": 57948,
    "single_event": false,
    "tonality": "F# major",
    "tonality_confidence": 0.4736291468143463,
    "loop": false,
    "tempo": 126,
    "tempo_confidence": 0.0,
    "note_midi": 33,
    "note_name": "A1",
    "note_frequency": 54.952369689941406,
    "note_confidence": 0.500813364982605,
    "hardness": 39.71764606043516,
    "depth": 62.99346402199143,
    "brightness": 43.452443695140744,
    "roughness": 49.641400466416755,
    "warmth": 65.89650008846598,
    "sharpness": 18.36050681411836,
    "boominess": 45.69193734242073,
    "reverb": false,
    "genre": "Genre A",
    "mood": "Mood A"
}