{
    "duration": 1.809499979019165,
    "lossless": 1.0,
    "codec": "pcm_s16le",
    "bitrate": 256000.0,
    "samplerate": 16000.0,
    "channels": 1.0,
    "audio_md5": "01616133e925bf05a087ac7f2f04ed52",
    "loudness": -10.801002502441406,
    "dynamic_range": 0.0,
    "temporal_centroid": 0.5158047676086426,
    "log_attack_time": -0.4502018690109253,
    "filesize": 57948,
    "single_event": false,
    "tonality": "D# minor",
    "tonality_confidence": 0.30814129114151,
    "loop": false,
    "tempo": 110,
    "tempo_confidence": 0.0,
    "note_midi": 42,
    "note_name": "F#2",
    "note_frequency": 92.1934585571289,
    "note_confidence": 0.5272254943847656,
    "hardness": 37.03572188260583,
    "depth": 60.824568176427896,
    "brightness": 40.16966655037908,
    "roughness": 52.102279999953964,
    "warmth": 62.61836371747946,
    "sharpness": 25.263219842339865,
    "boominess": 40.24732657221648,
    "reverb": false,
    "genre": "Genre A",
    "mood": "Mood A"
}