{
    "duration": 1.809499979019165,
    "lossless": 1.0,
    "codec": "pcm_s16le",
    "bitrate": 256000.0,
    "samplerate": 16000.0,
    "channels": 1.0,
    "audio_md5": "31307d7babe67f6b6fdd21d4943f8d7d",
    "loudness": -29.45680046081543,
    "dynamic_range": 0.0,
    "temporal_centroid": 0.41984450817108154,
    "log_attack_time": -0.1304224133491516,
    "filesize": 57948,
    "single_event": false,
    "tonality": "C minor",
    "tonality_confidence": 0.7064292430877686,
    "loop": false,
    "tempo": 134,
    "tempo_confidence": 0.0,
    "note_midi": 39,
    "note_name": "D#2",
    "note_frequency": 75.71212768554688,
    "note_confidence": 0.45432931184768677,
    "hardness": 61.237379035697046,
    "depth": 37.19447236895482,
    "brightness": 59.461840570417024,
    "roughness": 53.1748778963149,
    "warmth": 44.78326563862285,
    "sharpness": 45.340217461601625,
    "boominess": 30.670156741992404,
    "reverb": false,
    "genre": "Genre B",
    "mood": "Mood B"
}