{
    "duration": 1.809499979019165,
    "lossless": 1.0,
    "codec": "pcm_s16le",
    "bitrate": 256000.0,
    "samplerate": 16000.0,
    "channels": 1.0,
    "audio_md5": "1f127320c957bc79e7e2883b5bcc667e",
    "loudness": -19.251428604125977,
    "dynamic_range": 0.0,
    "temporal_centroid": 0.42488208413124084,
    "log_attack_time": -1.2433828115463257,
    "filesize": 57948,
    "single_event": false,
    "tonality": "C major",
    "tonality_confidence": 0.6880989670753479,
    "loop": false,
    "tempo": 129,
    "tempo_confidence": 0.0,
    "note_midi": 33,
    "note_name": "A1",
    "note_frequency": 53.65286636352539,
    "note_confidence": 0.4590017795562744,
    "hardness": 41.63212718042587,
    "depth": 64.24152598892218,
    "brightness": 45.202751361937814,
    "roughness": 49.58427075973489,
    "warmth": 63.160957545676894,
    "sharpness": 23.33406543696654,
    "boominess": 44.79054882750815,
    "reverb": false,
    "genre": "Genre A",
    "mood": "Mood A"
}