{
    "duration": 1.809499979019165,
    "lossless": 1.0,
    "codec": "pcm_s16le",
    "bitrate": 256000.0,
    "samplerate": 16000.0,
    "channels": 1.0,
    "audio_md5": "def4001ca7736d6d72e69290dc65bb3e",
    "loudness": -9.037067413330078,
    "dynamic_range": 0.0,
    "temporal_centroid": 0.5003833770751953,
    "log_attack_time": -1.5096242427825928,
    "filesize": 57948,
    "single_event": false,
    "tonality": "C major",
    "tonality_confidence": 0.5800478458404541,
    "loop": false,
    "tempo": 150,
    "tempo_confidence": 0.0,
    "note_midi": 29,
    "note_name": "F1",
    "note_frequency": 43.024391174316406,
    "note_confidence": 0.3249610662460327,
    "hardness": 47.52237164437531,
    "depth": 69.68318206126057,
    "brightness": 30.887460865299367,
    "roughness": 46.783448341695134,
    "warmth": 63.511498572487184,
    "sharpness": 42.60161309480024,
    "boominess": 44.924179099804405,
    "reverb": false,
    "genre": "Genre B",
    "mood": "Mood B"
}