{
    "duration": 1.809499979019165,
    "lossless": 1.0,
    "codec": "pcm_s16le",
    "bitrate": 256000.0,
    "samplerate": 16000.0,
    "channels": 1.0,
    "audio_md5": "c76bce4a666cfcfec2f3cdf2f862be69",
    "loudness": -21.915966033935547,
    "dynamic_range": 0.0,
    "temporal_centroid": 0.2028263658285141,
    "log_attack_time": -1.4001615047454834,
    "filesize": 57948,
    "single_event": false,
    "tonality": "F# major",
    "tonality_confidence": 0.8109429478645325,
    "loop": true,
    "tempo": 132,
    "tempo_confidence": 0.9616870880126953,
    "note_midi": 51,
    "note_name": "D#3",
    "note_frequency": 153.01678466796875,
    "note_confidence": 0.0,
    "hardness": 48.03285815279466,
    "depth": 66.65840826778539,
    "brightness": 44.98957722598492,
    "roughness": 31.886970862994854,
    "warmth": 52.06210007808421,
    "sharpness": 33.10541236225772,
    "boominess": 51.89894717868374,
    "reverb": false,
    "genre": "Genre A",
    "mood": "Mood A"
}