{
    "duration": 1.809499979019165,
    "lossless": 1.0,
    "codec": "pcm_s16le",
    "bitrate": 256000.0,
    "samplerate": 16000.0,
    "channels": 1.0,
    "audio_md5": "7263e1955970deb557e1a3335f60cee9",
    "loudness": -20.691219329833984,
    "dynamic_range": 0.0,
    "temporal_centroid": 0.4183400869369507,
    "log_attack_time": 0.13579228520393372,
    "filesize": 57948,
    "single_event": false,
    "tonality": "E major",
    "tonality_confidence": 0.5439848899841309,
    "loop": true,
    "tempo": 132,
    "tempo_confidence": 0.9616870880126953,
    "note_midi": 57,
    "note_name": "A3",
    "note_frequency": 223.96743774414062,
    "note_confidence": 0.46388518810272217,
    "hardness": 46.20810725062955,
    "depth": 57.752479873465745,
    "brightness": 46.239911925321884,
    "roughness": 42.24654453990586,
    "warmth": 53.75387477347083,
    "sharpness": 30.065862313999347,
    "boominess": 42.05757827860748,
    "reverb": false,
    "genre": "Genre A",
    "mood": "Mood A"
}