{
    "duration": 1.809499979019165,
    "lossless": 1.0,
    "codec": "pcm_s16le",
    "bitrate": 256000.0,
    "samplerate": 16000.0,
    "channels": 1.0,
    "audio_md5": "da7e5b7cfbd3c42a64532e36167f8d17",
    "loudness": -13.497740745544434,
    "dynamic_range": 0.0,
    "temporal_centroid": 0.4951435923576355,
    "log_attack_time": -1.2281310558319092,
    "filesize": 57948,
    "single_event": false,
    "tonality": "F minor",
    "tonality_confidence": 0.42686545848846436,
    "loop": false,
    "tempo": 172,
    "tempo_confidence": 0.0,
    "note_midi": 39,
    "note_name": "D#2",
    "note_frequency": 75.5775375366211,
    "note_confidence": 0.4068220257759094,
    "hardness": 41.4856009105641,
    "depth": 67.37341134805847,
    "brightness": 41.36271878650335,
    "roughness": 45.76710715181614,
    "warmth": 62.865997573333985,
    "sharpness": 31.36887169716573,
    "boominess": 47.154314121476915,
    "reverb": false,
    "genre": "Genre B",
    "mood": "Mood B"
}