{
    "duration": 1.809499979019165,
    "lossless": 1.0,
    "codec": "pcm_s16le",
    "bitrate": 256000.0,
    "samplerate": 16000.0,
    "channels": 1.0,
    "audio_md5": "5a396c96f0a32c843007ca28deaf168e",
    "loudness": -18.934616088867188,
    "dynamic_range": 0.0,
    "temporal_centroid": 0.298925518989563,
    "log_attack_time": -1.2501620054244995,
    "filesize": 57948,
    "single_event": false,
    "tonality": "F major",
    "tonality_confidence": 0.6376652717590332,
    "loop": true,
    "tempo": 100,
    "tempo_confidence": 0.9696900844573975,
    "note_midi": 33,
    "note_name": "A1",
    "note_frequency": 54.57654571533203,
    "note_confidence": 0.4682859778404236,
    "hardness": 48.80209195636698,
    "depth": 64.87071757853522,
    "brightness": 44.946620598732466,
    "roughness": 48.55020017378218,
    "warmth": 60.41861832829204,
    "sharpness": 22.944904360296764,
    "boominess": 44.72726513702364,
    "reverb": false,
    "genre": "Genre A",
    "mood": "Mood A"
}