{
    "duration": 1.809499979019165,
    "lossless": 1.0,
    "codec": "pcm_s16le",
    "bitrate": 256000.0,
    "samplerate": 16000.0,
    "channels": 1.0,
    "audio_md5": "eacdea141379d792ec79fbd7b1e1433b",
    "loudness": -9.179112434387207,
    "dynamic_range": 0.0,
    "temporal_centroid": 0.4976661801338196,
    "log_attack_time": -1.2797000408172607,
    "filesize": 57948,
    "single_event": false,
    "tonality": "C# major",
    "tonality_confidence": 0.6703733801841736,
    "loop": false,
    "tempo": 133,
    "tempo_confidence": 0.0,
    "note_midi": 30,
    "note_name": "F#1",
    "note_frequency": 46.82853698730469,
    "note_confidence": 0.7317734956741333,
    "hardness": 39.819153433487784,
    "depth": 68.92677507510282,
    "brightness": 36.40169198067166,
    "roughness": 44.03158845688548,
    "warmth": 61.527951360024836,
    "sharpness": 37.477393322329114,
    "boominess": 49.18779821621369,
    "reverb": false,
    "genre": "Genre A",
    "mood": "Mood A"
}