{
    "duration": 1.809499979019165,
    "lossless": 1.0,
    "codec": "pcm_s16le",
    "bitrate": 256000.0,
    "samplerate": 16000.0,
    "channels": 1.0,
    "audio_md5": "57fc99cb59208c3b305c2c663ce1cb49",
    "loudness": -12.349438667297363,
    "dynamic_range": 0.0,
    "temporal_centroid": 0.5618160963058472,
    "log_attack_time": 0.1471608430147171,
    "filesize": 57948,
    "single_event": false,
    "tonality": "A major",
    "tonality_confidence": 0.5203088521957397,
    "loop": false,
    "tempo": 164,
    "tempo_confidence": 0.0,
    "note_midi": 38,
    "note_name": "D2",
    "note_frequency": 73.54117584228516,
    "note_confidence": 0.3685726523399353,
    "hardness": 50.000170177815875,
    "depth": 67.03838826663781,
    "brightness": 43.584911322114046,
    "roughness": 45.66181461733277,
    "warmth": 61.59431366595425,
    "sharpness": 35.21515980694006,
    "boominess": 45.42680203188203,
    "reverb": false,
    "genre": "Genre B",
    "mood": "Mood B"
}