{
    "duration": 1.809499979019165,
    "lossless": 1.0,
    "codec": "pcm_s16le",
    "bitrate": 256000.0,
    "samplerate": 16000.0,
    "channels": 1.0,
    "audio_md5": "e1a4293f40c9e26e57845400b2f5934c",
    "loudness": -13.300978660583496,
    "dynamic_range": 0.0,
    "temporal_centroid": 0.5738808512687683,
    "log_attack_time": -0.2911957800388336,
    "filesize": 57948,
    "single_event": false,
    "tonality": "C major",
    "tonality_confidence": 0.8206347227096558,
    "loop": false,
    "tempo": 129,
    "tempo_confidence": 0.0,
    "note_midi": 34,
    "note_name": "A#1",
    "note_frequency": 57.074981689453125,
    "note_confidence": 0.3961421847343445,
    "hardness": 40.0534754117603,
    "depth": 67.20084546675704,
    "brightness": 41.51873721112795,
    "roughness": 39.14651090772484,
    "warmth": 58.63679998014756,
    "sharpness": 33.62052453243486,
    "boominess": 48.49380282714422,
    "reverb": false,
    "genre": "Genre A",
    "mood": "Mood A"
}