{
    "duration": 1.809499979019165,
    "lossless": 1.0,
    "codec": "pcm_s16le",
    "bitrate": 256000.0,
    "samplerate": 16000.0,
    "channels": 1.0,
    "audio_md5": "bd1c4648628e3f1261ac0c7a684f7cda",
    "loudness": -13.377513885498047,
    "dynamic_range": 0.0,
    "temporal_centroid": 0.4856175482273102,
    "log_attack_time": -1.4006567001342773,
    "filesize": 57948,
    "single_event": false,
    "tonality": "D# major",
    "tonality_confidence": 0.7971877455711365,
    "loop": false,
    "tempo": 129,
    "tempo_confidence": 0.0,
    "note_midi": 38,
    "note_name": "D2",
    "note_frequency": 74.2376937866211,
    "note_confidence": 0.44631296396255493,
    "hardness": 36.089754548507855,
    "depth": 65.12048833792255,
    "brightness": 41.409373646469064,
    "roughness": 45.6947894950535,
    "warmth": 62.69974571191436,
    "sharpness": 32.89840565230765,
    "boominess": 46.58065101634854,
    "reverb": false,
    "genre": "Genre B",
    "mood": "Mood B"
}