{
    "duration": 1.809499979019165,
    "lossless": 1.0,
    "codec": "pcm_s16le",
    "bitrate": 256000.0,
    "samplerate": 16000.0,
    "channels": 1.0,
    "audio_md5": "7a95becd54920fc7468339860c8c2d80",
    "loudness": -10.021357536315918,
    "dynamic_range": 0.0,
    "temporal_centroid": 0.4363614022731781,
    "log_attack_time": -1.448538899421692,
    "filesize": 57948,
    "single_event": false,
    "tonality": "G minor",
    "tonality_confidence": 0.31643253564834595,
    "loop": false,
    "tempo": 146,
    "tempo_confidence": 0.0,
    "note_midi": 29,
    "note_name": "F1",
    "note_frequency": 43.024391174316406,
    "note_confidence": 0.3947608470916748,
    "hardness": 33.54299235614185,
    "depth": 69.60023698623854,
    "brightness": 32.23592914370977,
    "roughness": 43.12016357947984,
    "warmth": 58.79033905763026,
    "sharpness": 41.384053195768814,
    "boominess": 47.355455304996745,
    "reverb": false,
    "genre": "Genre B",
    "mood": "Mood B"
}