{
    "duration": 1.809499979019165,
    "lossless": 1.0,
    "codec": "pcm_s16le",
    "bitrate": 256000.0,
    "samplerate": 16000.0,
    "channels": 1.0,
    "audio_md5": "9c52d32bac6e7f31ff340d69d6a8b974",
    "loudness": -34.12848663330078,
    "dynamic_range": 0.0,
    "temporal_centroid": 0.3909265995025635,
    "log_attack_time": 0.25727030634880066,
    "filesize": 57948,
    "single_event": false,
    "tonality": "D# minor",
    "tonality_confidence": 0.41277652978897095,
    "loop": false,
    "tempo": 120,
    "tempo_confidence": 0.0,
    "note_midi": 33,
    "note_name": "A1",
    "note_frequency": 54.3569221496582,
    "note_confidence": 0.3968161344528198,
    "hardness": 58.443930651635924,
    "depth": 46.966515464884075,
    "brightness": 61.96793391211747,
    "roughness": 49.177458420082566,
    "warmth": 45.73957119995676,
    "sharpness": 46.94020781761443,
    "boominess": 41.68103167069202,
    "reverb": false,
    "genre": "Genre B",
    "mood": "Mood B"
}