{
    "duration": 1.809499979019165,
    "lossless": 1.0,
    "codec": "pcm_s16le",
    "bitrate": 256000.0,
    "samplerate": 16000.0,
    "channels": 1.0,
    "audio_md5": "7f693c87478b82dc6d1f729508729992",
    "loudness": -17.35842514038086,
    "dynamic_range": 0.0,
    "temporal_centroid": 0.41875389218330383,
    "log_attack_time": -0.6528138518333435,
    "filesize": 57948,
    "single_event": false,
    "tonality": "D minor",
    "tonality_confidence": 0.5413722991943359,
    "loop": false,
    "tempo": 105,
    "tempo_confidence": 0.0,
    "note_midi": 32,
    "note_name": "G#1",
    "note_frequency": 52.21105194091797,
    "note_confidence": 0.5431962013244629,
    "hardness": 38.11904355796034,
    "depth": 61.01445627486781,
    "brightness": 41.53280250862602,
    "roughness": 47.025509503802624,
    "warmth": 61.3200078920267,
    "sharpness": 20.555025109317935,
    "boominess": 42.7055831634469,
    "reverb": false,
    "genre": "Genre A",
    "mood": "Mood A"
}