{
    "duration": 1.809499979019165,
    "lossless": 1.0,
    "codec": "pcm_s16le",
    "bitrate": 256000.0,
    "samplerate": 16000.0,
    "channels": 1.0,
    "audio_md5": "098421d914bb1ff31bc28df7a826b4d0",
    "loudness": -11.041118621826172,
    "dynamic_range": 0.0,
    "temporal_centroid": 0.5103719830513,
    "log_attack_time": -1.2936092615127563,
    "filesize": 57948,
    "single_event": false,
    "tonality": "G# minor",
    "tonality_confidence": 0.5518506765365601,
    "loop": true,
    "tempo": 133,
    "tempo_confidence": 0.9821057915687561,
    "note_midi": 32,
    "note_name": "G#1",
    "note_frequency": 51.251068115234375,
    "note_confidence": 0.47872722148895264,
    "hardness": 37.18706152600484,
    "depth": 68.65535003339882,
    "brightness": 38.79096882665971,
    "roughness": 40.33893949340584,
    "warmth": 59.06412953854965,
    "sharpness": 37.176473384027055,
    "boominess": 48.278926394746705,
    "reverb": false,
    "genre": "Genre A",
    "mood": "Mood A"
}