{
    "duration": 1.809499979019165,
    "lossless": 1.0,
    "codec": "pcm_s16le",
    "bitrate": 256000.0,
    "samplerate": 16000.0,
    "channels": 1.0,
    "audio_md5": "751132948f2cf299268b753af48aa911",
    "loudness": -14.045493125915527,
    "dynamic_range": 0.0,
    "temporal_centroid": 0.2111024409532547,
    "log_attack_time": -1.3613636493682861,
    "filesize": 57948,
    "single_event": false,
    "tonality": "G# major",
    "tonality_confidence": 0.5489915609359741,
    "loop": false,
    "tempo": 133,
    "tempo_confidence": 0.0,
    "note_midi": 32,
    "note_name": "G#1",
    "note_frequency": 52.49336624145508,
    "note_confidence": 0.37728172540664673,
    "hardness": 41.71470632250325,
    "depth": 66.27440313709107,
    "brightness": 39.98863706807312,
    "roughness": 36.52300358368493,
    "warmth": 55.102409905255115,
    "sharpness": 39.296774887601586,
    "boominess": 50.08502989462362,
    "reverb": false,
    "genre": "Genre A",
    "mood": "Mood A"
}