{
    "duration": 1.809499979019165,
    "lossless": 1.0,
    "codec": "pcm_s16le",
    "bitrate": 256000.0,
    "samplerate": 16000.0,
    "channels": 1.0,
    "audio_md5": "42430cff34e0608cc225a2927b567af7",
    "loudness": -15.71017837524414,
    "dynamic_range": 0.0,
    "temporal_centroid": 0.5440354347229004,
    "log_attack_time": -0.038132499903440475,
    "filesize": 57948,
    "single_event": false,
    "tonality": "A# minor",
    "tonality_confidence": 0.7990065217018127,
    "loop": false,
    "tempo": 105,
    "tempo_confidence": 0.0,
    "note_midi": 45,
    "note_name": "A2",
    "note_frequency": 113.11822509765625,
    "note_confidence": 0.5042083263397217,
    "hardness": 41.46385250270572,
    "depth": 59.3413231468768,
    "brightness": 46.03932411860063,
    "roughness": 47.48402604046089,
    "warmth": 60.07940204914208,
    "sharpness": 31.042725040530875,
    "boominess": 39.920232841127174,
    "reverb": false,
    "genre": "Genre A",
    "mood": "Mood A"
}