{
    "duration": 1.809499979019165,
    "lossless": 1.0,
    "codec": "pcm_s16le",
    "bitrate": 256000.0,
    "samplerate": 16000.0,
    "channels": 1.0,
    "audio_md5": "f519fff6b24e08770e8bac2dd2a3a992",
    "loudness": -11.608238220214844,
    "dynamic_range": 0.0,
    "temporal_centroid": 0.5148194432258606,
    "log_attack_time": -0.14284534752368927,
    "filesize": 57948,
    "single_event": false,
    "tonality": "G minor",
    "tonality_confidence": 0.7012928128242493,
    "loop": false,
    "tempo": 131,
    "tempo_confidence": 0.0,
    "note_midi": 39,
    "note_name": "D#2",
    "note_frequency": 76.465087890625,
    "note_confidence": 0.5058364272117615,
    "hardness": 37.112641378147046,
    "depth": 65.32221948530541,
    "brightness": 38.87236771397957,
    "roughness": 44.6227110523886,
    "warmth": 62.267820131601525,
    "sharpness": 28.174801727048504,
    "boominess": 49.202197918764156,
    "reverb": false,
    "genre": "Genre B",
    "mood": "Mood B"
}