{
    "duration": 1.809499979019165,
    "lossless": 1.0,
    "codec": "pcm_s16le",
    "bitrate": 256000.0,
    "samplerate": 16000.0,
    "channels": 1.0,
    "audio_md5": "596b71b9e7a37776d8a39a7f1f616df7",
    "loudness": -18.06781005859375,
    "dynamic_range": 0.0,
    "temporal_centroid": 0.5039392709732056,
    "log_attack_time": 0.06450889259576797,
    "filesize": 57948,
    "single_event": false,
    "tonality": "F major",
    "tonality_confidence": 0.30003097653388977,
    "loop": false,
    "tempo": 107,
    "tempo_confidence": 0.0,
    "note_midi": 33,
    "note_name": "A1",
    "note_frequency": 54.64004898071289,
    "note_confidence": 0.49862831830978394,
    "hardness": 41.07398755105194,
    "depth": 64.56930754427177,
    "brightness": 42.07984620384023,
    "roughness": 49.41763132239717,
    "warmth": 64.59917885831948,
    "sharpness": 19.989737090453225,
    "boominess": 44.868041157807426,
    "reverb": false,
    "genre": "Genre A",
    "mood": "Mood A"
}