{
    "duration": 1.809499979019165,
    "lossless": 1.0,
    "codec": "pcm_s16le",
    "bitrate": 256000.0,
    "samplerate": 16000.0,
    "channels": 1.0,
    "audio_md5": "b6c4278b289a6bcfdcecd6eb2e96da54",
    "loudness": -19.059654235839844,
    "dynamic_range": 0.0,
    "temporal_centroid": 0.3077395260334015,
    "log_attack_time": -1.1156504154205322,
    "filesize": 57948,
    "single_event": false,
    "tonality": "C major",
    "tonality_confidence": 0.5680270195007324,
    "loop": false,
    "tempo": 134,
    "tempo_confidence": 0.0,
    "note_midi": 35,
    "note_name": "B1",
    "note_frequency": 63.10441207885742,
    "note_confidence": 0.5441830158233643,
    "hardness": 41.97424643407078,
    "depth": 61.96086734508653,
    "brightness": 45.374608037512395,
    "roughness": 47.15957842166457,
    "warmth": 59.6003062596814,
    "sharpness": 28.300996173854287,
    "boominess": 45.520220528260154,
    "reverb": false,
    "genre": "Genre A",
    "mood": "Mood A"
}