{
    "duration": 1.809499979019165,
    "lossless": 1.0,
    "codec": "pcm_s16le",
    "bitrate": 256000.0,
    "samplerate": 16000.0,
    "channels": 1.0,
    "audio_md5": "5feb26ea67edcecb07bf8fbf5c348e7e",
    "loudness": -9.1100435256958,
    "dynamic_range": 0.0,
    "temporal_centroid": 0.4027649164199829,
    "log_attack_time": -1.347554087638855,
    "filesize": 57948,
    "single_event": false,
    "tonality": "F# minor",
    "tonality_confidence": 0.4394981265068054,
    "loop": false,
    "tempo": 167,
    "tempo_confidence": 0.0,
    "note_midi": 31,
    "note_name": "G1",
    "note_frequency": 49.54518508911133,
    "note_confidence": 0.6738147139549255,
    "hardness": 38.42945694480383,
    "depth": 70.12638416743829,
    "brightness": 38.16506286164193,
    "roughness": 41.64020118732552,
    "warmth": 60.27473452711891,
    "sharpness": 38.27040400964692,
    "boominess": 48.743074128910905,
    "reverb": false,
    "genre": "Genre B",
    "mood": "Mood B"
}