{
    "duration": 1.809499979019165,
    "lossless": 1.0,
    "codec": "pcm_s16le",
    "bitrate": 256000.0,
    "samplerate": 16000.0,
    "channels": 1.0,
    "audio_md5": "85db8c539f5bdbf6d7361a27fd47db0a",
    "loudness": -13.654897689819336,
    "dynamic_range": 0.0,
    "temporal_centroid": 0.5098122358322144,
    "log_attack_time": -0.15969757735729218,
    "filesize": 57948,
    "single_event": false,
    "tonality": "E minor",
    "tonality_confidence": 0.8488126397132874,
    "loop": false,
    "tempo": 89,
    "tempo_confidence": 0.0,
    "note_midi": 52,
    "note_name": "E3",
    "note_frequency": 168.76991271972656,
    "note_confidence": 0.46420103311538696,
    "hardness": 39.95692444274843,
    "depth": 58.55079605199792,
    "brightness": 44.5844026319937,
    "roughness": 52.32959542084896,
    "warmth": 62.0100848746185,
    "sharpness": 29.38316177813823,
    "boominess": 39.666291890058815,
    "reverb": false,
    "genre": "Genre A",
    "mood": "Mood A"
}