{
    "duration": 1.809499979019165,
    "lossless": 1.0,
    "codec": "pcm_s16le",
    "bitrate": 256000.0,
    "samplerate": 16000.0,
    "channels": 1.0,
    "audio_md5": "81ec28c58a126d5c602fdc27dc35a893",
    "loudness": -19.138877868652344,
    "dynamic_range": 0.0,
    "temporal_centroid": 0.4230855405330658,
    "log_attack_time": -1.5199344158172607,
    "filesize": 57948,
    "single_event": false,
    "tonality": "C# minor",
    "tonality_confidence": 0.4282127916812897,
    "loop": false,
    "tempo": 199,
    "tempo_confidence": 0.0,
    "note_midi": 40,
    "note_name": "E2",
    "note_frequency": 83.0623550415039,
    "note_confidence": 0.41516268253326416,
    "hardness": 51.34927550423842,
    "depth": 59.14834023632984,
    "brightness": 49.0909585387583,
    "roughness": 57.01766468248226,
    "warmth": 58.437800128464886,
    "sharpness": 30.873221274299986,
    "boominess": 34.53612810224264,
    "reverb": false,
    "genre": "Genre B",
    "mood": "Mood B"
}