{
    "duration": 1.809499979019165,
    "lossless": 1.0,
    "codec": "pcm_s16le",
    "bitrate": 256000.0,
    "samplerate": 16000.0,
    "channels": 1.0,
    "audio_md5": "9387a4acb3635006d6d04e8e8c26fd32",
    "loudness": -23.275829315185547,
    "dynamic_range": 0.0,
    "temporal_centroid": 0.20225293934345245,
    "log_attack_time": -0.6488034129142761,
    "filesize": 57948,
    "single_event": false,
    "tonality": "C minor",
    "tonality_confidence": 0.7427554130554199,
    "loop": false,
    "tempo": 161,
    "tempo_confidence": 0.0,
    "note_midi": 43,
    "note_name": "G2",
    "note_frequency": 98.89639282226562,
    "note_confidence": 0.43929606676101685,
    "hardness": 50.71831969038794,
    "depth": 59.35535413583842,
    "brightness": 49.10458477008443,
    "roughness": 45.790848481931505,
    "warmth": 51.01546732299517,
    "sharpness": 30.817936655114302,
    "boominess": 44.545940506418944,
    "reverb": false,
    "genre": "Genre A",
    "mood": "Mood A"
}