{
    "duration": 1.809499979019165,
    "lossless": 1.0,
    "codec": "pcm_s16le",
    "bitrate": 256000.0,
    "samplerate": 16000.0,
    "channels": 1.0,
    "audio_md5": "8b8efd1692517b1dddf2e5a908173db7",
    "loudness": -27.804746627807617,
    "dynamic_range": 0.0,
    "temporal_centroid": 0.4673183858394623,
    "log_attack_time": -1.5089880228042603,
    "filesize": 57948,
    "single_event": false,
    "tonality": "G major",
    "tonality_confidence": 0.6101140379905701,
    "loop": false,
    "tempo": 134,
    "tempo_confidence": 0.0,
    "note_midi": 36,
    "note_name": "C2",
    "note_frequency": 64.18264770507812,
    "note_confidence": 0.5524102449417114,
    "hardness": 60.0943788332132,
    "depth": 44.371386943828774,
    "brightness": 56.96605661855843,
    "roughness": 46.78191740526362,
    "warmth": 44.02018022869361,
    "sharpness": 42.52802424247444,
    "boominess": 30.99626680755037,
    "reverb": false,
    "genre": "Genre A",
    "mood": "Mood A"
}