{
    "duration": 1.809499979019165,
    "lossless": 1.0,
    "codec": "pcm_s16le",
    "bitrate": 256000.0,
    "samplerate": 16000.0,
    "channels": 1.0,
    "audio_md5": "35930400483372a78e585644236f779f",
    "loudness": -22.650650024414062,
    "dynamic_range": 0.0,
    "temporal_centroid": 0.46097660064697266,
    "log_attack_time": -1.1101585626602173,
    "filesize": 57948,
    "single_event": false,
    "tonality": "G minor",
    "tonality_confidence": 0.7961490750312805,
    "loop": false,
    "tempo": 129,
    "tempo_confidence": 0.0,
    "note_midi": 33,
    "note_name": "A1",
    "note_frequency": 53.69384765625,
    "note_confidence": 0.43204158544540405,
    "hardness": 51.3918713704353,
    "depth": 61.56615088134829,
    "brightness": 48.76930695822436,
    "roughness": 50.30632550999069,
    "warmth": 57.33129134018411,
    "sharpness": 30.999258434021087,
    "boominess": 43.213889353233654,
    "reverb": false,
    "genre": "Genre B",
    "mood": "Mood B"
}