{
    "duration": 1.809499979019165,
    "lossless": 1.0,
    "codec": "pcm_s16le",
    "bitrate": 256000.0,
    "samplerate": 16000.0,
    "channels": 1.0,
    "audio_md5": "d91f358c2552fb56f5bb0b5fbfab4ff7",
    "loudness": -16.15096664428711,
    "dynamic_range": 0.0,
    "temporal_centroid": 0.5217651724815369,
    "log_attack_time": 0.13240057229995728,
    "filesize": 57948,
    "single_event": false,
    "tonality": "D# major",
    "tonality_confidence": 0.7171327471733093,
    "loop": false,
    "tempo": 131,
    "tempo_confidence": 0.0,
    "note_midi": 33,
    "note_name": "A1",
    "note_frequency": 53.756710052490234,
    "note_confidence": 0.4995829463005066,
    "hardness": 37.23024389730526,
    "depth": 61.78772565562994,
    "brightness": 43.86911747363239,
    "roughness": 48.803251211307625,
    "warmth": 62.68379890567432,
    "sharpness": 24.61956206202725,
    "boominess": 42.73855415407504,
    "reverb": false,
    "genre": "Genre A",
    "mood": "Mood A"
}