{
    "duration": 1.809499979019165,
    "lossless": 1.0,
    "codec": "pcm_s16le",
    "bitrate": 256000.0,
    "samplerate": 16000.0,
    "channels": 1.0,
    "audio_md5": "a385ccec07b54c7095e680cd356df82e",
    "loudness": -8.197047233581543,
    "dynamic_range": 0.0,
    "temporal_centroid": 0.505643367767334,
    "log_attack_time": -1.3588812351226807,
    "filesize": 57948,
    "single_event": false,
    "tonality": "F major",
    "tonality_confidence": 0.801031768321991,
    "loop": false,
    "tempo": 108,
    "tempo_confidence": 0.0,
    "note_midi": 29,
    "note_name": "F1",
    "note_frequency": 44.52025604248047,
    "note_confidence": 0.8531241416931152,
    "hardness": 31.424078780960755,
    "depth": 71.33714474177182,
    "brightness": 35.09792268698766,
    "roughness": 44.089877808963884,
    "warmth": 60.84788022567382,
    "sharpness": 39.22214430322813,
    "boominess": 47.64253496306851,
    "reverb": false,
    "genre": "Genre B",
    "mood": "Mood B"
}