{
    "duration": 1.809499979019165,
    "lossless": 1.0,
    "codec": "pcm_s16le",
    "bitrate": 256000.0,
    "samplerate": 16000.0,
    "channels": 1.0,
    "audio_md5": "ea8496618c05c076da4ed90b059f371e",
    "loudness": -19.25679588317871,
    "dynamic_range": 0.0,
    "temporal_centroid": 0.5809647440910339,
    "log_attack_time": 0.06306343525648117,
    "filesize": 57948,
    "single_event": false,
    "tonality": "E major",
    "tonality_confidence": 0.5221614837646484,
    "loop": false,
    "tempo": 131,
    "tempo_confidence": 0.0,
    "note_midi": 29,
    "note_name": "F1",
    "note_frequency": 43.19021987915039,
    "note_confidence": 0.4489635229110718,
    "hardness": 35.15481754601089,
    "depth": 65.32192353524033,
    "brightness": 39.59426025584498,
    "roughness": 44.10991224969413,
    "warmth": 62.43717503795733,
    "sharpness": 23.738369341787752,
    "boominess": 46.166671553224205,
    "reverb": false,
    "genre": "Genre A",
    "mood": "Mood A"
}