{
    "duration": 1.809499979019165,
    "lossless": 1.0,
    "codec": "pcm_s16le",
    "bitrate": 256000.0,
    "samplerate": 16000.0,
    "channels": 1.0,
    "audio_md5": "0358621a1c0159a4e0c44d0c80b50b82",
    "loudness": -10.130709648132324,
    "dynamic_range": 0.0,
    "temporal_centroid": 0.4589451253414154,
    "log_attack_time": -1.4485390186309814,
    "filesize": 57948,
    "single_event": false,
    "tonality": "C minor",
    "tonality_confidence": 0.8432574272155762,
    "loop": false,
    "tempo": 89,
    "tempo_confidence": 0.0,
    "note_midi": 29,
    "note_name": "F1",
    "note_frequency": 43.024391174316406,
    "note_confidence": 0.3068758249282837,
    "hardness": 33.099431258796514,
    "depth": 77.60615100082968,
    "brightness": 21.11848510319443,
    "roughness": 44.67541255197363,
    "warmth": 64.04060780504385,
    "sharpness": 42.761503431575434,
    "boominess": 46.18746301092686,
    "reverb": false,
    "genre": "Genre B",
    "mood": "Mood B"
}