{
    "duration": 1.809499979019165,
    "lossless": 1.0,
    "codec": "pcm_s16le",
    "bitrate": 256000.0,
    "samplerate": 16000.0,
    "channels": 1.0,
    "audio_md5": "c349e153c28ce0b18ea66fba63396e33",
    "loudness": -13.846531867980957,
    "dynamic_range": 0.0,
    "temporal_centroid": 0.14169710874557495,
    "log_attack_time": -1.423546314239502,
    "filesize": 57948,
    "single_event": false,
    "tonality": "B minor",
    "tonality_confidence": 0.5499342083930969,
    "loop": false,
    "tempo": 199,
    "tempo_confidence": 0.0,
    "note_midi": 34,
    "note_name": "A#1",
    "note_frequency": 59.80280685424805,
    "note_confidence": 0.10157787799835205,
    "hardness": 42.735358683154544,
    "depth": 63.09279367107108,
    "brightness": 34.757997261731404,
    "roughness": 29.731564633543645,
    "warmth": 52.554766095370965,
    "sharpness": 42.76750400044528,
    "boominess": 50.61530761489565,
    "reverb": false,
    "genre": "Genre A",
    "mood": "Mood A"
}