{
    "duration": 1.809499979019165,
    "lossless": 1.0,
    "codec": "pcm_s16le",
    "bitrate": 256000.0,
    "samplerate": 16000.0,
    "channels": 1.0,
    "audio_md5": "b85ec267e7f87fbed56ddf23be3319af",
    "loudness": -19.048511505126953,
    "dynamic_range": 0.0,
    "temporal_centroid": 0.4077269434928894,
    "log_attack_time": -0.6939763426780701,
    "filesize": 57948,
    "single_event": false,
    "tonality": "C major",
    "tonality_confidence": 0.3116402328014374,
    "loop": false,
    "tempo": 129,
    "tempo_confidence": 0.0,
    "note_midi": 34,
    "note_name": "A#1",
    "note_frequency": 57.84579849243164,
    "note_confidence": 0.4564276933670044,
    "hardness": 47.96317573719489,
    "depth": 59.89656259194709,
    "brightness": 49.56340129501249,
    "roughness": 51.58017482952685,
    "warmth": 58.06067844137904,
    "sharpness": 32.9628360527881,
    "boominess": 38.88128888694922,
    "reverb": false,
    "genre": "Genre A",
    "mood": "Mood A"
}