{
    "duration": 1.809499979019165,
    "lossless": 1.0,
    "codec": "pcm_s16le",
    "bitrate": 256000.0,
    "samplerate": 16000.0,
    "channels": 1.0,
    "audio_md5": "00b380b06e93793edd2453e50daa6027",
    "loudness": -7.3458757400512695,
    "dynamic_range": 0.0,
    "temporal_centroid": 0.4953116774559021,
    "log_attack_time": -1.3174885511398315,
    "filesize": 57948,
    "single_event": false,
    "tonality": "F# major",
    "tonality_confidence": 0.7424286007881165,
    "loop": false,
    "tempo": 123,
    "tempo_confidence": 0.0,
    "note_midi": 30,
    "note_name": "F#1",
    "note_frequency": 47.43719482421875,
    "note_confidence": 0.9782540798187256,
    "hardness": 38.74498758449619,
    "depth": 68.79922106946341,
    "brightness": 34.570578269829866,
    "roughness": 44.17116523056899,
    "warmth": 61.544111499936406,
    "sharpness": 39.396545267517254,
    "boominess": 47.21230839990391,
    "reverb": false,
    "genre": "Genre A",
    "mood": "Mood A"
}