{
    "duration": 1.809499979019165,
    "lossless": 1.0,
    "codec": "pcm_s16le",
    "bitrate": 256000.0,
    "samplerate": 16000.0,
    "channels": 1.0,
    "audio_md5": "c75ecfe87530d85f91b77505dbc349fa",
    "loudness": -14.77665901184082,
    "dynamic_range": 0.0,
    "temporal_centroid": 0.10841363668441772,
    "log_attack_time": -1.3440605401992798,
    "filesize": 57948,
    "single_event": false,
    "tonality": "G minor",
    "tonality_confidence": 0.7740226984024048,
    "loop": false,
    "tempo": 133,
    "tempo_confidence": 0.0,
    "note_midi": 31,
    "note_name": "G1",
    "note_frequency": 49.905853271484375,
    "note_confidence": 0.49720609188079834,
    "hardness": 35.10932878720769,
    "depth": 66.82369710476577,
    "brightness": 37.38685193828739,
    "roughness": 24.42613821127124,
    "warmth": 54.37387451289402,
    "sharpness": 29.383298814930797,
    "boominess": 58.884741698461546,
    "reverb": false,
    "genre": "Genre A",
    "mood": "Mood A"
}