{
    "duration": 1.809499979019165,
    "lossless": 1.0,
    "codec": "pcm_s16le",
    "bitrate": 256000.0,
    "samplerate": 16000.0,
    "channels": 1.0,
    "audio_md5": "d8abee6f8bdb0583d4c2a4441deb20a0",
    "loudness": -17.434846878051758,
    "dynamic_range": 0.0,
    "temporal_centroid": 0.4334374964237213,
    "log_attack_time": 0.1397077590227127,
    "filesize": 57948,
    "single_event": false,
    "tonality": "G# major",
    "tonality_confidence": 0.7718503475189209,
    "loop": false,
    "tempo": 126,
    "tempo_confidence": 0.0,
    "note_midi": 34,
    "note_name": "A#1",
    "note_frequency": 58.541812896728516,
    "note_confidence": 0.45084136724472046,
    "hardness": 41.91001087792054,
    "depth": 62.999351463865004,
    "brightness": 44.644941422412806,
    "roughness": 49.240614019941766,
    "warmth": 62.205628149173506,
    "sharpness": 22.332707619268973,
    "boominess": 43.63075033425888,
    "reverb": false,
    "genre": "Genre A",
    "mood": "Mood A"
}