{
    "duration": 1.809499979019165,
    "lossless": 1.0,
    "codec": "pcm_s16le",
    "bitrate": 256000.0,
    "samplerate": 16000.0,
    "channels": 1.0,
    "audio_md5": "1cfedd89b2171461b235981d5605db30",
    "loudness": -10.867652893066406,
    "dynamic_range": 0.0,
    "temporal_centroid": 0.45347315073013306,
    "log_attack_time": -1.24667227268219,
    "filesize": 57948,
    "single_event": false,
    "tonality": "F minor",
    "tonality_confidence": 0.5848590135574341,
    "loop": false,
    "tempo": 133,
    "tempo_confidence": 0.0,
    "note_midi": 30,
    "note_name": "F#1",
    "note_frequency": 45.94839859008789,
    "note_confidence": 0.5387257933616638,
    "hardness": 40.24761970942751,
    "depth": 68.5546575318767,
    "brightness": 41.698520358505085,
    "roughness": 42.90234624823818,
    "warmth": 59.85690278516738,
    "sharpness": 41.04307888740065,
    "boominess": 45.55230483977911,
    "reverb": false,
    "genre": "Genre B",
    "mood": "Mood B"
}