{
    "duration": 1.809499979019165,
    "lossless": 1.0,
    "codec": "pcm_s16le",
    "bitrate": 256000.0,
    "samplerate": 16000.0,
    "channels": 1.0,
    "audio_md5": "588c91090a81d4fa09346046ef68b338",
    "loudness": -19.078332901000977,
    "dynamic_range": 0.0,
    "temporal_centroid": 0.5571224689483643,
    "log_attack_time": 0.03886069357395172,
    "filesize": 57948,
    "single_event": false,
    "tonality": "C major",
    "tonality_confidence": 0.7683620452880859,
    "loop": false,
    "tempo": 133,
    "tempo_confidence": 0.0,
    "note_midi": 36,
    "note_name": "C2",
    "note_frequency": 64.35362243652344,
    "note_confidence": 0.2533358931541443,
    "hardness": 43.36858088890233,
    "depth": 68.45591392033096,
    "brightness": 49.142969712398795,
    "roughness": 39.3884696120285,
    "warmth": 55.67756783529064,
    "sharpness": 43.168912531980354,
    "boominess": 43.65337316108201,
    "reverb": false,
    "genre": "Genre B",
    "mood": "Mood B"
}