{
    "duration": 1.809499979019165,
    "lossless": 1.0,
    "codec": "pcm_s16le",
    "bitrate": 256000.0,
    "samplerate": 16000.0,
    "channels": 1.0,
    "audio_md5": "1fd666d616cf859fc9fd8734a5ab7a7f",
    "loudness": -9.771554946899414,
    "dynamic_range": 0.0,
    "temporal_centroid": 0.6560660600662231,
    "log_attack_time": -1.0893442630767822,
    "filesize": 57948,
    "single_event": false,
    "tonality": "D# major",
    "tonality_confidence": 0.49204733967781067,
    "loop": false,
    "tempo": 129,
    "tempo_confidence": 0.0,
    "note_midi": 30,
    "note_name": "F#1",
    "note_frequency": 46.6507568359375,
    "note_confidence": 0.43587321043014526,
    "hardness": 45.61524743725863,
    "depth": 68.46516778635122,
    "brightness": 38.67904732529588,
    "roughness": 40.221530140723004,
    "warmth": 58.75453997921096,
    "sharpness": 38.69247231635825,
    "boominess": 48.77600622707692,
    "reverb": false,
    "genre": "Genre A",
    "mood": "Mood A"
}