{
    "duration": 1.809499979019165,
    "lossless": 1.0,
    "codec": "pcm_s16le",
    "bitrate": 256000.0,
    "samplerate": 16000.0,
    "channels": 1.0,
    "audio_md5": "561b4c38465925307f917dcc71e651db",
    "loudness": -14.724676132202148,
    "dynamic_range": 0.0,
    "temporal_centroid": 0.5038662552833557,
    "log_attack_time": 0.06684549897909164,
    "filesize": 57948,
    "single_event": false,
    "tonality": "A# major",
    "tonality_confidence": 0.508830189704895,
    "loop": false,
    "tempo": 123,
    "tempo_confidence": 0.0,
    "note_midi": 37,
    "note_name": "C#2",
    "note_frequency": 69.13434600830078,
    "note_confidence": 0.5244121551513672,
    "hardness": 44.342697090632754,
    "depth": 64.10603037670204,
    "brightness": 41.9859685364074,
    "roughness": 51.571928173124604,
    "warmth": 63.44397082118555,
    "sharpness": 21.21657757871116,
    "boominess": 39.553158522578634,
    "reverb": false,
    "genre": "Genre A",
    "mood": "Mood A"
}