{
    "duration": 1.809499979019165,
    "lossless": 1.0,
    "codec": "pcm_s16le",
    "bitrate": 256000.0,
    "samplerate": 16000.0,
    "channels": 1.0,
    "audio_md5": "bb4a9f835d00e83939d019db0b60c8dc",
    "loudness": -9.578692436218262,
    "dynamic_range": 0.0,
    "temporal_centroid": 0.49623730778694153,
    "log_attack_time": -1.442495584487915,
    "filesize": 57948,
    "single_event": false,
    "tonality": "G# major",
    "tonality_confidence": 0.6444395780563354,
    "loop": false,
    "tempo": 125,
    "tempo_confidence": 0.0,
    "note_midi": 29,
    "note_name": "F1",
    "note_frequency": 43.024391174316406,
    "note_confidence": 0.2868301272392273,
    "hardness": 34.2048750540833,
    "depth": 73.08387600777546,
    "brightness": 32.21083072705729,
    "roughness": 45.59415574559884,
    "warmth": 61.87078424688769,
    "sharpness": 39.627953088280854,
    "boominess": 47.579523705800085,
    "reverb": false,
    "genre": "Genre B",
    "mood": "Mood B"
}