{
    "duration": 1.809499979019165,
    "lossless": 1.0,
    "codec": "pcm_s16le",
    "bitrate": 256000.0,
    "samplerate": 16000.0,
    "channels": 1.0,
    "audio_md5": "777e5f2e1cdf1c102faa7fa9c3b0a917",
    "loudness": -17.71673583984375,
    "dynamic_range": 0.0,
    "temporal_centroid": 0.5209052562713623,
    "log_attack_time": -0.357937216758728,
    "filesize": 57948,
    "single_event": false,
    "tonality": "A# minor",
    "tonality_confidence": 0.41975077986717224,
    "loop": false,
    "tempo": 129,
    "tempo_confidence": 0.0,
    "note_midi": 33,
    "note_name": "A1",
    "note_frequency": 53.54993438720703,
    "note_confidence": 0.47243231534957886,
    "hardness": 40.16099920894614,
    "depth": 62.22372485106522,
    "brightness": 45.64661056748233,
    "roughness": 50.008972640133685,
    "warmth": 62.386169067521536,
    "sharpness": 25.189610103155523,
    "boominess": 43.43424469180104,
    "reverb": false,
    "genre": "Genre A",
    "mood": "Mood A"
}