{
    "duration": 1.809499979019165,
    "lossless": 1.0,
    "codec": "pcm_s16le",
    "bitrate": 256000.0,
    "samplerate": 16000.0,
    "channels": 1.0,
    "audio_md5": "20965286598e338f8675938127229b1f",
    "loudness": -13.749762535095215,
    "dynamic_range": 0.0,
    "temporal_centroid": 0.5414891242980957,
    "log_attack_time": 0.13877156376838684,
    "filesize": 57948,
    "single_event": false,
    "tonality": "F major",
    "tonality_confidence": 0.5351163148880005,
    "loop": false,
    "tempo": 115,
    "tempo_confidence": 0.0,
    "note_midi": 57,
    "note_name": "A3",
    "note_frequency": 225.81076049804688,
    "note_confidence": 0.5131341218948364,
    "hardness": 41.21112770896484,
    "depth": 61.89096056658878,
    "brightness": 47.425880257080365,
    "roughness": 49.33942000745924,
    "warmth": 59.3198304284088,
    "sharpness": 34.270383183018346,
    "boominess": 37.818555002543214,
    "reverb": false,
    "genre": "Genre A",
    "mood": "Mood A"
}