{
    "duration": 1.809499979019165,
    "lossless": 1.0,
    "codec": "pcm_s16le",
    "bitrate": 256000.0,
    "samplerate": 16000.0,
    "channels": 1.0,
    "audio_md5": "4aa2bd8e4009b8c707c4267b07c8d686",
    "loudness": -17.55007553100586,
    "dynamic_range": 0.0,
    "temporal_centroid": 0.5284938812255859,
    "log_attack_time": -0.108739472925663,
    "filesize": 57948,
    "single_event": false,
    "tonality": "E major",
    "tonality_confidence": 0.7144432067871094,
    "loop": false,
    "tempo": 103,
    "tempo_confidence": 0.0,
    "note_midi": 49,
    "note_name": "C#3",
    "note_frequency": 138.57833862304688,
    "note_confidence": 0.4788113832473755,
    "hardness": 45.54498556400364,
    "depth": 54.6835004065514,
    "brightness": 50.22909989852241,
    "roughness": 50.248083864510015,
    "warmth": 56.27695393655077,
    "sharpness": 37.97625751983289,
    "boominess": 37.86509451448063,
    "reverb": false,
    "genre": "Genre A",
    "mood": "Mood A"
}