{
    "duration": 1.809499979019165,
    "lossless": 1.0,
    "codec": "pcm_s16le",
    "bitrate": 256000.0,
    "samplerate": 16000.0,
    "channels": 1.0,
    "audio_md5": "7e059655b8a1e0731ea3e580c88031a6",
    "loudness": -17.88951301574707,
    "dynamic_range": 0.0,
    "temporal_centroid": 0.3252509832382202,
    "log_attack_time": -1.2868849039077759,
    "filesize": 57948,
    "single_event": false,
    "tonality": "C major",
    "tonality_confidence": 0.6108664870262146,
    "loop": false,
    "tempo": 86,
    "tempo_confidence": 0.0,
    "note_midi": 32,
    "note_name": "G#1",
    "note_frequency": 53.02983093261719,
    "note_confidence": 0.32272887229919434,
    "hardness": 44.392704741972096,
    "depth": 71.69002838547831,
    "brightness": 47.644609899488536,
    "roughness": 40.312739818685436,
    "warmth": 57.778704056011094,
    "sharpness": 37.4632665964481,
    "boominess": 46.69498261330594,
    "reverb": false,
    "genre": "Genre B",
    "mood": "Mood B"
}