{
    "duration": 1.809499979019165,
    "lossless": 1.0,
    "codec": "pcm_s16le",
    "bitrate": 256000.0,
    "samplerate": 16000.0,
    "channels": 1.0,
    "audio_md5": "e168c8385303a9e68ac64dc162d19d53",
    "loudness": -8.581563949584961,
    "dynamic_range": 0.0,
    "temporal_centroid": 0.5006901025772095,
    "log_attack_time": -1.4264285564422607,
    "filesize": 57948,
    "single_event": false,
    "tonality": "D minor",
    "tonality_confidence": 0.45350325107574463,
    "loop": false,
    "tempo": 126,
    "tempo_confidence": 0.0,
    "note_midi": 29,
    "note_name": "F1",
    "note_frequency": 43.024391174316406,
    "note_confidence": 0.4532398581504822,
    "hardness": 41.56097085513487,
    "depth": 76.02820445132555,
    "brightness": 29.28130735158458,
    "roughness": 45.56123212455125,
    "warmth": 61.06541370477244,
    "sharpness": 43.17084035053237,
    "boominess": 44.83056950378314,
    "reverb": false,
    "genre": "Genre B",
    "mood": "Mood B"
}