{
    "duration": 1.809499979019165,
    "lossless": 1.0,
    "codec": "pcm_s16le",
    "bitrate": 256000.0,
    "samplerate": 16000.0,
    "channels": 1.0,
    "audio_md5": "4bcbd06cd8cf59e070dcc08a3dcfe5e5",
    "loudness": -16.501224517822266,
    "dynamic_range": 0.0,
    "temporal_centroid": 0.46599942445755005,
    "log_attack_time": -0.17036807537078857,
    "filesize": 57948,
    "single_event": false,
    "tonality": "C minor",
    "tonality_confidence": 0.6126540899276733,
    "loop": false,
    "tempo": 172,
    "tempo_confidence": 0.0,
    "note_midi": 36,
    "note_name": "C2",
    "note_frequency": 66.07850646972656,
    "note_confidence": 0.47940564155578613,
    "hardness": 45.718353287427334,
    "depth": 61.38267560390284,
    "brightness": 44.02232900064618,
    "roughness": 49.136778279731836,
    "warmth": 62.233318098637604,
    "sharpness": 28.02620061252815,
    "boominess": 40.59858393688373,
    "reverb": false,
    "genre": "Genre A",
    "mood": "Mood A"
}