{
    "duration": 1.809499979019165,
    "lossless": 1.0,
    "codec": "pcm_s16le",
    "bitrate": 256000.0,
    "samplerate": 16000.0,
    "channels": 1.0,
    "audio_md5": "a141d80e4a87a36c5b573a3c2c2ba596",
    "loudness": -9.987020492553711,
    "dynamic_range": 0.0,
    "temporal_centroid": 0.569858968257904,
    "log_attack_time": -0.34124255180358887,
    "filesize": 57948,
    "single_event": false,
    "tonality": "D# major",
    "tonality_confidence": 0.5434481501579285,
    "loop": false,
    "tempo": 146,
    "tempo_confidence": 0.0,
    "note_midi": 29,
    "note_name": "F1",
    "note_frequency": 44.803531646728516,
    "note_confidence": 0.6215919256210327,
    "hardness": 37.291249917323256,
    "depth": 70.07744693766759,
    "brightness": 34.1677667067144,
    "roughness": 40.80739252167061,
    "warmth": 60.17995702480853,
    "sharpness": 35.68522242169788,
    "boominess": 50.52209460263708,
    "reverb": false,
    "genre": "Genre A",
    "mood": "Mood A"
}