{
    "duration": 1.809499979019165,
    "lossless": 1.0,
    "codec": "pcm_s16le",
    "bitrate": 256000.0,
    "samplerate": 16000.0,
    "channels": 1.0,
    "audio_md5": "00940b871cdee357a624c36d84b8ab9f",
    "loudness": -18.50245475769043,
    "dynamic_range": 0.0,
    "temporal_centroid": 0.4141646921634674,
    "log_attack_time": -0.3542703688144684,
    "filesize": 57948,
    "single_event": false,
    "tonality": "E major",
    "tonality_confidence": 0.6347242593765259,
    "loop": false,
    "tempo": 133,
    "tempo_confidence": 0.0,
    "note_midi": 34,
    "note_name": "A#1",
    "note_frequency": 59.5501823425293,
    "note_confidence": 0.46225976943969727,
    "hardness": 47.95835455700981,
    "depth": 61.11961784679636,
    "brightness": 47.48237269907362,
    "roughness": 49.2079194944057,
    "warmth": 58.90371733329185,
    "sharpness": 28.30774990967495,
    "boominess": 41.776239570043664,
    "reverb": false,
    "genre": "Genre A",
    "mood": "Mood A"
}