{
    "duration": 1.809499979019165,
    "lossless": 1.0,
    "codec": "pcm_s16le",
    "bitrate": 256000.0,
    "samplerate": 16000.0,
    "channels": 1.0,
    "audio_md5": "8aabc4844c65b4768277b4ec595bb515",
    "loudness": -10.528477668762207,
    "dynamic_range": 0.0,
    "temporal_centroid": 0.4793631434440613,
    "log_attack_time": -0.2945590913295746,
    "filesize": 57948,
    "single_event": false,
    "tonality": "G minor",
    "tonality_confidence": 0.4142199754714966,
    "loop": false,
    "tempo": 123,
    "tempo_confidence": 0.0,
    "note_midi": 31,
    "note_name": "G1",
    "note_frequency": 50.1791877746582,
    "note_confidence": 0.3168143033981323,
    "hardness": 34.577814302293504,
    "depth": 68.58627209633539,
    "brightness": 38.124478320015484,
    "roughness": 41.240334153002586,
    "warmth": 60.04233968689844,
    "sharpness": 37.664453349159785,
    "boominess": 48.78089105338946,
    "reverb": false,
    "genre": "Genre A",
    "mood": "Mood A"
}