{
    "duration": 1.809499979019165,
    "lossless": 1.0,
    "codec": "pcm_s16le",
    "bitrate": 256000.0,
    "samplerate": 16000.0,
    "channels": 1.0,
    "audio_md5": "eedd00d7a6b0ca21c865b09af943d596",
    "loudness": -12.818947792053223,
    "dynamic_range": 0.0,
    "temporal_centroid": 0.37756413221359253,
    "log_attack_time": -1.0960490703582764,
    "filesize": 57948,
    "single_event": false,
    "tonality": "G# major",
    "tonality_confidence": 0.733165442943573,
    "loop": false,
    "tempo": 131,
    "tempo_confidence": 0.0,
    "note_midi": 31,
    "note_name": "G1",
    "note_frequency": 49.261024475097656,
    "note_confidence": 0.36311835050582886,
    "hardness": 45.511874624298514,
    "depth": 70.24714497927643,
    "brightness": 42.06227204515202,
    "roughness": 37.891671508398154,
    "warmth": 55.931230683392705,
    "sharpness": 40.52609522722541,
    "boominess": 48.30980641562698,
    "reverb": false,
    "genre": "Genre B",
    "mood": "Mood B"
}