{
    "duration": 1.809499979019165,
    "lossless": 1.0,
    "codec": "pcm_s16le",
    "bitrate": 256000.0,
    "samplerate": 16000.0,
    "channels": 1.0,
    "audio_md5": "c27089f6bbf6d19c983fcdd6f41b8453",
    "loudness": -28.33262062072754,
    "dynamic_range": 0.0,
    "temporal_centroid": 0.4134971499443054,
    "log_attack_time": -0.8030166029930115,
    "filesize": 57948,
    "single_event": false,
    "tonality": "E minor",
    "tonality_confidence": 0.6386752724647522,
    "loop": true,
    "tempo": 133,
    "tempo_confidence": 0.9797936677932739,
    "note_midi": 35,
    "note_name": "B1",
    "note_frequency": 63.4058723449707,
    "note_confidence": 0.42766159772872925,
    "hardness": 45.1378429042405,
    "depth": 62.14530242918827,
    "brightness": 47.07728471196219,
    "roughness": 49.76044700497695,
    "warmth": 59.709590866725144,
    "sharpness": 29.45845750762227,
    "boominess": 43.34287083641275,
    "reverb": false,
    "genre": "Genre A",
    "mood": "Mood A"
}