{
    "duration": 1.809499979019165,
    "lossless": 1.0,
    "codec": "pcm_s16le",
    "bitrate": 256000.0,
    "samplerate": 16000.0,
    "channels": 1.0,
    "audio_md5": "cbdd35cfa0e0e40e9c7e0bd272ee22b9",
    "loudness": -16.250226974487305,
    "dynamic_range": 0.0,
    "temporal_centroid": 0.326888769865036,
    "log_attack_time": -1.2117899656295776,
    "filesize": 57948,
    "single_event": false,
    "tonality": "C minor",
    "tonality_confidence": 0.564393162727356,
    "loop": false,
    "tempo": 172,
    "tempo_confidence": 0.0,
    "note_midi": 36,
    "note_name": "C2",
    "note_frequency": 66.2349853515625,
    "note_confidence": 0.22475695610046387,
    "hardness": 43.996103762520306,
    "depth": 69.27332685306925,
    "brightness": 45.8188053323171,
    "roughness": 42.204181300661176,
    "warmth": 59.13116209900018,
    "sharpness": 35.042878809921824,
    "boominess": 46.26821689705696,
    "reverb": false,
    "genre": "Genre A",
    "mood": "Mood A"
}