{
    "duration": 1.809499979019165,
    "lossless": 1.0,
    "codec": "pcm_s16le",
    "bitrate": 256000.0,
    "samplerate": 16000.0,
    "channels": 1.0,
    "audio_md5": "c2ba2ea88f79b3841f5f5d87ece1d7f3",
    "loudness": -17.31043815612793,
    "dynamic_range": 0.0,
    "temporal_centroid": 0.425680011510849,
    "log_attack_time": -0.3615899980068207,
    "filesize": 57948,
    "single_event": false,
    "tonality": "C# major",
    "tonality_confidence": 0.6091821193695068,
    "loop": false,
    "tempo": 131,
    "tempo_confidence": 0.0,
    "note_midi": 32,
    "note_name": "G#1",
    "note_frequency": 52.38998794555664,
    "note_confidence": 0.5170918703079224,
    "hardness": 43.64904734483801,
    "depth": 62.18295941131283,
    "brightness": 46.35108893427486,
    "roughness": 49.850855870349065,
    "warmth": 61.22294940700676,
    "sharpness": 26.38867734146874,
    "boominess": 42.89405307312505,
    "reverb": false,
    "genre": "Genre A",
    "mood": "Mood A"
}