{
    "duration": 1.809499979019165,
    "lossless": 1.0,
    "codec": "pcm_s16le",
    "bitrate": 256000.0,
    "samplerate": 16000.0,
    "channels": 1.0,
    "audio_md5": "7f637a74a4b87173e7c79b5490dc4a55",
    "loudness": -19.561805725097656,
    "dynamic_range": 0.0,
    "temporal_centroid": 0.5387809872627258,
    "log_attack_time": 0.05699988827109337,
    "filesize": 57948,
    "single_event": false,
    "tonality": "D# minor",
    "tonality_confidence": 0.6603105068206787,
    "loop": false,
    "tempo": 110,
    "tempo_confidence": 0.0,
    "note_midi": 32,
    "note_name": "G#1",
    "note_frequency": 50.69198989868164,
    "note_confidence": 0.4817696809768677,
    "hardness": 44.44012319620305,
    "depth": 63.397016048566876,
    "brightness": 45.71427963692703,
    "roughness": 49.87570137761901,
    "warmth": 62.59005435967916,
    "sharpness": 19.786048703995355,
    "boominess": 45.558450880490376,
    "reverb": false,
    "genre": "Genre B",
    "mood": "Mood B"
}