{
    "duration": 1.809499979019165,
    "lossless": 1.0,
    "codec": "pcm_s16le",
    "bitrate": 256000.0,
    "samplerate": 16000.0,
    "channels": 1.0,
    "audio_md5": "f08cd75e9fad931bae5007a4b7f4b6b1",
    "loudness": -20.190126419067383,
    "dynamic_range": 0.0,
    "temporal_centroid": 0.31607314944267273,
    "log_attack_time": -1.3303606510162354,
    "filesize": 57948,
    "single_event": false,
    "tonality": "A minor",
    "tonality_confidence": 0.6370792388916016,
    "loop": false,
    "tempo": 96,
    "tempo_confidence": 0.0,
    "note_midi": 35,
    "note_name": "B1",
    "note_frequency": 60.58806228637695,
    "note_confidence": 0.24008381366729736,
    "hardness": 43.09817610714964,
    "depth": 69.59505609516606,
    "brightness": 46.684898324259095,
    "roughness": 40.065505519327914,
    "warmth": 59.19654412952106,
    "sharpness": 30.12436390689223,
    "boominess": 50.373462014481504,
    "reverb": false,
    "genre": "Genre B",
    "mood": "Mood B"
}