{
    "duration": 1.809499979019165,
    "lossless": 1.0,
    "codec": "pcm_s16le",
    "bitrate": 256000.0,
    "samplerate": 16000.0,
    "channels": 1.0,
    "audio_md5": "1a26f4a4438c04b02c30aee10a4a449b",
    "loudness": -18.85618019104004,
    "dynamic_range": 0.0,
    "temporal_centroid": 0.4896421730518341,
    "log_attack_time": -0.5741051435470581,
    "filesize": 57948,
    "single_event": false,
    "tonality": "A# major",
    "tonality_confidence": 0.6178975105285645,
    "loop": false,
    "tempo": 129,
    "tempo_confidence": 0.0,
    "note_midi": 31,
    "note_name": "G1",
    "note_frequency": 49.30360412597656,
    "note_confidence": 0.5182873010635376,
    "hardness": 44.065528037413486,
    "depth": 63.2758648917912,
    "brightness": 46.494766779302566,
    "roughness": 49.29874105451779,
    "warmth": 60.8852516090283,
    "sharpness": 25.084651539485712,
    "boominess": 43.98244710965257,
    "reverb": false,
    "genre": "Genre A",
    "mood": "Mood A"
}