{
    "duration": 1.809499979019165,
    "lossless": 1.0,
    "codec": "pcm_s16le",
    "bitrate": 256000.0,
    "samplerate": 16000.0,
    "channels": 1.0,
    "audio_md5": "6c186eb21b88edd61c1a353c71d08b5a",
    "loudness": -14.002171516418457,
    "dynamic_range": 0.0,
    "temporal_centroid": 0.5106936693191528,
    "log_attack_time": -0.260802686214447,
    "filesize": 57948,
    "single_event": false,
    "tonality": "F minor",
    "tonality_confidence": 0.675127387046814,
    "loop": false,
    "tempo": 103,
    "tempo_confidence": 0.0,
    "note_midi": 39,
    "note_name": "D#2",
    "note_frequency": 76.72261810302734,
    "note_confidence": 0.5262913107872009,
    "hardness": 44.08093527502754,
    "depth": 60.2914663514737,
    "brightness": 41.91178282743194,
    "roughness": 52.01566795188173,
    "warmth": 63.41435957841935,
    "sharpness": 22.35056429764486,
    "boominess": 39.842060864684115,
    "reverb": false,
    "genre": "Genre A",
    "mood": "Mood A"
}