{
    "duration": 1.809499979019165,
    "lossless": 1.0,
    "codec": "pcm_s16le",
    "bitrate": 256000.0,
    "samplerate": 16000.0,
    "channels": 1.0,
    "audio_md5": "f8393f92f1a536c54e709125ef167008",
    "loudness": -11.251883506774902,
    "dynamic_range": 0.0,
    "temporal_centroid": 0.42009487748146057,
    "log_attack_time": -1.1826400756835938,
    "filesize": 57948,
    "single_event": false,
    "tonality": "F minor",
    "tonality_confidence": 0.5073464512825012,
    "loop": false,
    "tempo": 199,
    "tempo_confidence": 0.0,
    "note_midi": 29,
    "note_name": "F1",
    "note_frequency": 43.024391174316406,
    "note_confidence": 0.27071577310562134,
    "hardness": 35.96932879277662,
    "depth": 71.28857296023786,
    "brightness": 38.706550873751524,
    "roughness": 42.571098237566304,
    "warmth": 61.077885671031204,
    "sharpness": 42.223345071372734,
    "boominess": 45.45540179037714,
    "reverb": false,
    "genre": "Genre A",
    "mood": "Mood A"
}