{
    "duration": 1.809499979019165,
    "lossless": 1.0,
    "codec": "pcm_s16le",
    "bitrate": 256000.0,
    "samplerate": 16000.0,
    "channels": 1.0,
    "audio_md5": "5e8a3faaee9472cd5f3008c122537cd3",
    "loudness": -39.107093811035156,
    "dynamic_range": 0.0,
    "temporal_centroid": 0.41307076811790466,
    "log_attack_time": -0.04763264209032059,
    "filesize": 57948,
    "single_event": false,
    "tonality": "E major",
    "tonality_confidence": 0.6506052017211914,
    "loop": false,
    "tempo": 131,
    "tempo_confidence": 0.0,
    "note_midi": 41,
    "note_name": "F2",
    "note_frequency": 86.48804473876953,
    "note_confidence": 0.5739879608154297,
    "hardness": 51.58208112027131,
    "depth": 41.32070708823717,
    "brightness": 60.214351631717946,
    "roughness": 51.51001392623242,
    "warmth": 48.749657561536566,
    "sharpness": 39.845872925538686,
    "boominess": 37.402594626707405,
    "reverb": false,
    "genre": "Genre A",
    "mood": "Mood A"
}