{
    "duration": 1.809499979019165,
    "lossless": 1.0,
    "codec": "pcm_s16le",
    "bitrate": 256000.0,
    "samplerate": 16000.0,
    "channels": 1.0,
    "audio_md5": "109a28f5e55371fff771b58ea304297e",
    "loudness": -35.17217254638672,
    "dynamic_range": 0.0,
    "temporal_centroid": 0.4712235927581787,
    "log_attack_time": 0.25738465785980225,
    "filesize": 57948,
    "single_event": false,
    "tonality": "D# minor",
    "tonality_confidence": 0.43431466817855835,
    "loop": false,
    "tempo": 110,
    "tempo_confidence": 0.0,
    "note_midi": 31,
    "note_name": "G1",
    "note_frequency": 49.54113006591797,
    "note_confidence": 0.8054910898208618,
    "hardness": 67.07630727247565,
    "depth": 52.61544515880969,
    "brightness": 63.234419377006944,
    "roughness": 49.201615140800286,
    "warmth": 46.69503689454888,
    "sharpness": 49.25019447338655,
    "boominess": 39.867458095376854,
    "reverb": false,
    "genre": "Genre B",
    "mood": "Mood B"
}