{
    "duration": 1.809499979019165,
    "lossless": 1.0,
    "codec": "pcm_s16le",
    "bitrate": 256000.0,
    "samplerate": 16000.0,
    "channels": 1.0,
    "audio_md5": "45bb0414183803a16d3d8cfeca3744e8",
    "loudness": -20.904855728149414,
    "dynamic_range": 0.0,
    "temporal_centroid": 0.3671082854270935,
    "log_attack_time": -0.03541010245680809,
    "filesize": 57948,
    "single_event": false,
    "tonality": "C# minor",
    "tonality_confidence": 0.44517889618873596,
    "loop": false,
    "tempo": 178,
    "tempo_confidence": 0.0,
    "note_midi": 42,
    "note_name": "F#2",
    "note_frequency": 91.28399658203125,
    "note_confidence": 0.44731318950653076,
    "hardness": 47.110674160640826,
    "depth": 61.79318822498058,
    "brightness": 49.04674000346169,
    "roughness": 47.196539443374746,
    "warmth": 57.234120353582334,
    "sharpness": 33.85573310503728,
    "boominess": 41.29939415132508,
    "reverb": false,
    "genre": "Genre A",
    "mood": "Mood A"
}