{
    "duration": 1.809499979019165,
    "lossless": 1.0,
    "codec": "pcm_s16le",
    "bitrate": 256000.0,
    "samplerate": 16000.0,
    "channels": 1.0,
    "audio_md5": "4fc93a5038b2d81af16c1ef0560e7309",
    "loudness": -17.675922393798828,
    "dynamic_range": 0.0,
    "temporal_centroid": 0.6066411137580872,
    "log_attack_time": -0.16453233361244202,
    "filesize": 57948,
    "single_event": false,
    "tonality": "G minor",
    "tonality_confidence": 0.7121245861053467,
    "loop": false,
    "tempo": 123,
    "tempo_confidence": 0.0,
    "note_midi": 32,
    "note_name": "G#1",
    "note_frequency": 50.89280319213867,
    "note_confidence": 0.4438110589981079,
    "hardness": 46.57030611829941,
    "depth": 62.17298130452597,
    "brightness": 46.563312268346074,
    "roughness": 47.93744691567371,
    "warmth": 58.24184890151997,
    "sharpness": 27.13895252237168,
    "boominess": 42.79973324285774,
    "reverb": false,
    "genre": "Genre A",
    "mood": "Mood A"
}