{
    "duration": 1.809499979019165,
    "lossless": 1.0,
    "codec": "pcm_s16le",
    "bitrate": 256000.0,
    "samplerate": 16000.0,
    "channels": 1.0,
    "audio_md5": "d96402db5a4e772f874ecbd06fdd8890",
    "loudness": -15.653436660766602,
    "dynamic_range": 0.0,
    "temporal_centroid": 0.47773227095603943,
    "log_attack_time": 0.14066335558891296,
    "filesize": 57948,
    "single_event": false,
    "tonality": "A# major",
    "tonality_confidence": 0.5792008638381958,
    "loop": false,
    "tempo": 172,
    "tempo_confidence": 0.0,
    "note_midi": 41,
    "note_name": "F2",
    "note_frequency": 84.90869903564453,
    "note_confidence": 0.4383007884025574,
    "hardness": 46.14500173353514,
    "depth": 61.729861945597676,
    "brightness": 49.05334641491576,
    "roughness": 51.1774772381895,
    "warmth": 58.99047118870253,
    "sharpness": 36.46590857510302,
    "boominess": 38.336029264450104,
    "reverb": false,
    "genre": "Genre A",
    "mood": "Mood A"
}