{
    "duration": 1.809499979019165,
    "lossless": 1.0,
    "codec": "pcm_s16le",
    "bitrate": 256000.0,
    "samplerate": 16000.0,
    "channels": 1.0,
    "audio_md5": "487edb957250ace1fd8b328bd6e7ae5b",
    "loudness": -15.678162574768066,
    "dynamic_range": 0.0,
    "temporal_centroid": 0.6590601801872253,
    "log_attack_time": -1.0858500003814697,
    "filesize": 57948,
    "single_event": false,
    "tonality": "F minor",
    "tonality_confidence": 0.34014275670051575,
    "loop": false,
    "tempo": 131,
    "tempo_confidence": 0.0,
    "note_midi": 137,
    "note_name": "F10",
    "note_frequency": 22028.48828125,
    "note_confidence": 0.0,
    "hardness": 39.06520922546238,
    "depth": 69.02054833991889,
    "brightness": 40.77455792148835,
    "roughness": 37.639129924336345,
    "warmth": 58.96102313149365,
    "sharpness": 38.5126260733002,
    "boominess": 47.30470508793016,
    "reverb": false,
    "genre": "Genre A",
    "mood": "Mood A"
}