{
    "duration": 1.809499979019165,
    "lossless": 1.0,
    "codec": "pcm_s16le",
    "bitrate": 256000.0,
    "samplerate": 16000.0,
    "channels": 1.0,
    "audio_md5": "07977c14197268b6429a20e02a99814f",
    "loudness": -16.276302337646484,
    "dynamic_range": 0.0,
    "temporal_centroid": 0.47891509532928467,
    "log_attack_time": 0.135705828666687,
    "filesize": 57948,
    "single_event": false,
    "tonality": "C minor",
    "tonality_confidence": 0.6374310851097107,
    "loop": false,
    "tempo": 172,
    "tempo_confidence": 0.0,
    "note_midi": 42,
    "note_name": "F#2",
    "note_frequency": 91.50465393066406,
    "note_confidence": 0.46265047788619995,
    "hardness": 44.84224974225714,
    "depth": 61.280988565594484,
    "brightness": 49.25856064239096,
    "roughness": 51.12414057973461,
    "warmth": 58.37555606436706,
    "sharpness": 37.34329925574651,
    "boominess": 37.8713359605845,
    "reverb": false,
    "genre": "Genre A",
    "mood": "Mood A"
}