{
    "duration": 1.809499979019165,
    "lossless": 1.0,
    "codec": "pcm_s16le",
    "bitrate": 256000.0,
    "samplerate": 16000.0,
    "channels": 1.0,
    "audio_md5": "acbeb64c557bf2befbdb41a5ac66c2e3",
    "loudness": -11.332386016845703,
    "dynamic_range": 0.0,
    "temporal_centroid": 0.45465177297592163,
    "log_attack_time": -1.3515182733535767,
    "filesize": 57948,
    "single_event": false,
    "tonality": "C minor",
    "tonality_confidence": 0.5046578645706177,
    "loop": false,
    "tempo": 115,
    "tempo_confidence": 0.0,
    "note_midi": 29,
    "note_name": "F1",
    "note_frequency": 44.80083084106445,
    "note_confidence": 0.32274508476257324,
    "hardness": 38.54024645790726,
    "depth": 69.3819652200148,
    "brightness": 39.997977200600445,
    "roughness": 42.414640407963496,
    "warmth": 59.46605053801669,
    "sharpness": 40.92408158697053,
    "boominess": 46.304897581037196,
    "reverb": false,
    "genre": "Genre A",
    "mood": "Mood A"
}