{
    "duration": 1.809499979019165,
    "lossless": 1.0,
    "codec": "pcm_s16le",
    "bitrate": 256000.0,
    "samplerate": 16000.0,
    "channels": 1.0,
    "audio_md5": "c61c3a417c4107226bfee9a52ff5818a",
    "loudness": -15.706680297851562,
    "dynamic_range": 0.0,
    "temporal_centroid": 0.48873811960220337,
    "log_attack_time": 0.13529495894908905,
    "filesize": 57948,
    "single_event": false,
    "tonality": "C# major",
    "tonality_confidence": 0.6641323566436768,
    "loop": false,
    "tempo": 178,
    "tempo_confidence": 0.0,
    "note_midi": 47,
    "note_name": "B2",
    "note_frequency": 120.27633666992188,
    "note_confidence": 0.4787464141845703,
    "hardness": 44.69812942114817,
    "depth": 63.17491434917983,
    "brightness": 49.07781661159488,
    "roughness": 51.66152717888272,
    "warmth": 58.67406166042603,
    "sharpness": 36.88336788877964,
    "boominess": 37.87304058751451,
    "reverb": false,
    "genre": "Genre A",
    "mood": "Mood A"
}