{
    "duration": 1.809499979019165,
    "lossless": 1.0,
    "codec": "pcm_s16le",
    "bitrate": 256000.0,
    "samplerate": 16000.0,
    "channels": 1.0,
    "audio_md5": "0095a053d4bbd6cbc3d54ef430430e5f",
    "loudness": -14.439303398132324,
    "dynamic_range": 0.0,
    "temporal_centroid": 0.3453972637653351,
    "log_attack_time": -0.5226490497589111,
    "filesize": 57948,
    "single_event": false,
    "tonality": "F# major",
    "tonality_confidence": 0.4356013834476471,
    "loop": false,
    "tempo": 161,
    "tempo_confidence": 0.0,
    "note_midi": 34,
    "note_name": "A#1",
    "note_frequency": 56.68107986450195,
    "note_confidence": 0.32302308082580566,
    "hardness": 42.60260609099035,
    "depth": 71.18087961644413,
    "brightness": 45.34624700440601,
    "roughness": 42.61791515010219,
    "warmth": 60.17576973643864,
    "sharpness": 36.539195663114604,
    "boominess": 44.49743449839117,
    "reverb": false,
    "genre": "Genre B",
    "mood": "Mood B"
}