{
    "duration": 1.809499979019165,
    "lossless": 1.0,
    "codec": "pcm_s16le",
    "bitrate": 256000.0,
    "samplerate": 16000.0,
    "channels": 1.0,
    "audio_md5": "e177509cccbe6b374fa12480a8ca1174",
    "loudness": -17.19302749633789,
    "dynamic_range": 0.0,
    "temporal_centroid": 0.4823090136051178,
    "log_attack_time": 0.13445758819580078,
    "filesize": 57948,
    "single_event": false,
    "tonality": "E minor",
    "tonality_confidence": 0.7561686038970947,
    "loop": false,
    "tempo": 172,
    "tempo_confidence": 0.0,
    "note_midi": 42,
    "note_name": "F#2",
    "note_frequency": 95.07989501953125,
    "note_confidence": 0.5030193328857422,
    "hardness": 46.83871498927954,
    "depth": 62.25295648147374,
    "brightness": 50.03664429714776,
    "roughness": 51.37384830162573,
    "warmth": 57.967021605912215,
    "sharpness": 37.898478913416035,
    "boominess": 37.084713981436714,
    "reverb": false,
    "genre": "Genre A",
    "mood": "Mood A"
}