{
    "duration": 1.809499979019165,
    "lossless": 1.0,
    "codec": "pcm_s16le",
    "bitrate": 256000.0,
    "samplerate": 16000.0,
    "channels": 1.0,
    "audio_md5": "5a18ae9d0d77a76da98a29f34080383b",
    "loudness": -21.562936782836914,
    "dynamic_range": 0.0,
    "temporal_centroid": 0.3032929301261902,
    "log_attack_time": -1.232818841934204,
    "filesize": 57948,
    "single_event": false,
    "tonality": "C# major",
    "tonality_confidence": 0.745495080947876,
    "loop": false,
    "tempo": 163,
    "tempo_confidence": 0.0,
    "note_midi": 37,
    "note_name": "C#2",
    "note_frequency": 67.7251205444336,
    "note_confidence": 0.3626297116279602,
    "hardness": 39.69816826538771,
    "depth": 65.92162221050306,
    "brightness": 41.603715551205696,
    "roughness": 45.494491369978206,
    "warmth": 62.63659718019445,
    "sharpness": 16.390515199778662,
    "boominess": 48.32752492350187,
    "reverb": false,
    "genre": "Genre A",
    "mood": "Mood A"
}