{
    "duration": 1.809499979019165,
    "lossless": 1.0,
    "codec": "pcm_s16le",
    "bitrate": 256000.0,
    "samplerate": 16000.0,
    "channels": 1.0,
    "audio_md5": "7ae7c3f73da01fb6881de3d135d45c7f",
    "loudness": -15.354134559631348,
    "dynamic_range": 0.0,
    "temporal_centroid": 0.33011239767074585,
    "log_attack_time": -1.2303012609481812,
    "filesize": 57948,
    "single_event": false,
    "tonality": "C# major",
    "tonality_confidence": 0.584031879901886,
    "loop": false,
    "tempo": 126,
    "tempo_confidence": 0.0,
    "note_midi": 32,
    "note_name": "G#1",
    "note_frequency": 51.90988540649414,
    "note_confidence": 0.23933279514312744,
    "hardness": 46.39022430399669,
    "depth": 69.1471221712413,
    "brightness": 44.17485802329746,
    "roughness": 39.21387645523464,
    "warmth": 56.1752441883899,
    "sharpness": 42.502400608151895,
    "boominess": 46.0868598682623,
    "reverb": false,
    "genre": "Genre B",
    "mood": "Mood B"
}