{
    "duration": 1.809499979019165,
    "lossless": 1.0,
    "codec": "pcm_s16le",
    "bitrate": 256000.0,
    "samplerate": 16000.0,
    "channels": 1.0,
    "audio_md5": "5a196d7217e6e5d871040e6bb4906c6c",
    "loudness": -21.03474998474121,
    "dynamic_range": 0.0,
    "temporal_centroid": 0.44890260696411133,
    "log_attack_time": -1.1174535751342773,
    "filesize": 57948,
    "single_event": false,
    "tonality": "B major",
    "tonality_confidence": 0.37593531608581543,
    "loop": false,
    "tempo": 120,
    "tempo_confidence": 0.0,
    "note_midi": 35,
    "note_name": "B1",
    "note_frequency": 62.1962890625,
    "note_confidence": 0.40067344903945923,
    "hardness": 44.154805238168535,
    "depth": 65.9627208961149,
    "brightness": 45.98496679250373,
    "roughness": 51.41710751143195,
    "warmth": 64.05016219842601,
    "sharpness": 21.270559936130752,
    "boominess": 45.690475444227204,
    "reverb": false,
    "genre": "Genre A",
    "mood": "Mood A"
}