{
    "duration": 1.809499979019165,
    "lossless": 1.0,
    "codec": "pcm_s16le",
    "bitrate": 256000.0,
    "samplerate": 16000.0,
    "channels": 1.0,
    "audio_md5": "2f070f75ac6899b291350daa65fcedac",
    "loudness": -22.430931091308594,
    "dynamic_range": 0.0,
    "temporal_centroid": 0.4897196590900421,
    "log_attack_time": -0.9339827299118042,
    "filesize": 57948,
    "single_event": false,
    "tonality": "F minor",
    "tonality_confidence": 0.6031930446624756,
    "loop": false,
    "tempo": 101,
    "tempo_confidence": 0.0,
    "note_midi": 39,
    "note_name": "D#2",
    "note_frequency": 79.89885711669922,
    "note_confidence": 0.14962613582611084,
    "hardness": 57.15338113140453,
    "depth": 69.88171979010455,
    "brightness": 50.999933071023136,
    "roughness": 51.37956248386545,
    "warmth": 59.291630762669186,
    "sharpness": 43.09964102965318,
    "boominess": 37.78829069684532,
    "reverb": false,
    "genre": "Genre A",
    "mood": "Mood A"
}