{
    "duration": 1.809499979019165,
    "lossless": 1.0,
    "codec": "pcm_s16le",
    "bitrate": 256000.0,
    "samplerate": 16000.0,
    "channels": 1.0,
    "audio_md5": "d3b2ed435f21c7075f7b3f3f4043a421",
    "loudness": -17.74026870727539,
    "dynamic_range": 0.0,
    "temporal_centroid": 0.44093888998031616,
    "log_attack_time": -0.35583168268203735,
    "filesize": 57948,
    "single_event": false,
    "tonality": "E minor",
    "tonality_confidence": 0.8181164264678955,
    "loop": false,
    "tempo": 126,
    "tempo_confidence": 0.0,
    "note_midi": 32,
    "note_name": "G#1",
    "note_frequency": 52.51189422607422,
    "note_confidence": 0.47313791513442993,
    "hardness": 43.26598354942311,
    "depth": 63.15809723369025,
    "brightness": 46.222057295895894,
    "roughness": 50.63649985175847,
    "warmth": 61.17595956269797,
    "sharpness": 28.59051635720292,
    "boominess": 42.05099818012693,
    "reverb": false,
    "genre": "Genre A",
    "mood": "Mood A"
}