{
    "duration": 1.809499979019165,
    "lossless": 1.0,
    "codec": "pcm_s16le",
    "bitrate": 256000.0,
    "samplerate": 16000.0,
    "channels": 1.0,
    "audio_md5": "11bfbd7d5cb820886ddffece6f0438c9",
    "loudness": -9.521905899047852,
    "dynamic_range": 0.0,
    "temporal_centroid": 0.49840423464775085,
    "log_attack_time": -1.3723647594451904,
    "filesize": 57948,
    "single_event": false,
    "tonality": "F major",
    "tonality_confidence": 0.46441689133644104,
    "loop": false,
    "tempo": 157,
    "tempo_confidence": 0.0,
    "note_midi": 29,
    "note_name": "F1",
    "note_frequency": 43.024391174316406,
    "note_confidence": 0.11992478370666504,
    "hardness": 39.68958215015576,
    "depth": 70.65102844687455,
    "brightness": 33.44249350949656,
    "roughness": 46.60722436015682,
    "warmth": 61.82823479075881,
    "sharpness": 43.71188223833362,
    "boominess": 44.62713434174435,
    "reverb": false,
    "genre": "Genre B",
    "mood": "Mood B"
}