{
    "duration": 1.809499979019165,
    "lossless": 1.0,
    "codec": "pcm_s16le",
    "bitrate": 256000.0,
    "samplerate": 16000.0,
    "channels": 1.0,
    "audio_md5": "8bf2850185d83637efc763dd4ec2a941",
    "loudness": -24.23556137084961,
    "dynamic_range": 0.0,
    "temporal_centroid": 0.5315067768096924,
    "log_attack_time": -1.555240273475647,
    "filesize": 57948,
    "single_event": false,
    "tonality": "E minor",
    "tonality_confidence": 0.7960216999053955,
    "loop": false,
    "tempo": 129,
    "tempo_confidence": 0.0,
    "note_midi": 40,
    "note_name": "E2",
    "note_frequency": 83.16168975830078,
    "note_confidence": 0.4397793412208557,
    "hardness": 48.45404595104523,
    "depth": 60.15851912455441,
    "brightness": 49.399238114154414,
    "roughness": 41.223767829512525,
    "warmth": 51.94737224217309,
    "sharpness": 36.239421267882946,
    "boominess": 40.85889670058599,
    "reverb": false,
    "genre": "Genre A",
    "mood": "Mood A"
}