{
    "duration": 1.809499979019165,
    "lossless": 1.0,
    "codec": "pcm_s16le",
    "bitrate": 256000.0,
    "samplerate": 16000.0,
    "channels": 1.0,
    "audio_md5": "39bf46b36f8b79e5848f9c862c42cd49",
    "loudness": -14.540997505187988,
    "dynamic_range": 0.0,
    "temporal_centroid": 0.469178706407547,
    "log_attack_time": -0.349311500787735,
    "filesize": 57948,
    "single_event": false,
    "tonality": "G minor",
    "tonality_confidence": 0.462662935256958,
    "loop": false,
    "tempo": 172,
    "tempo_confidence": 0.0,
    "note_midi": 43,
    "note_name": "G2",
    "note_frequency": 99.68445587158203,
    "note_confidence": 0.479488730430603,
    "hardness": 44.03719356718619,
    "depth": 61.889579462174694,
    "brightness": 48.506973495851916,
    "roughness": 52.95825868109675,
    "warmth": 59.29012890671107,
    "sharpness": 35.40413178202156,
    "boominess": 38.13052310622841,
    "reverb": false,
    "genre": "Genre A",
    "mood": "Mood A"
}