{
    "duration": 1.809499979019165,
    "lossless": 1.0,
    "codec": "pcm_s16le",
    "bitrate": 256000.0,
    "samplerate": 16000.0,
    "channels": 1.0,
    "audio_md5": "35e3311b48ff9f534d45951b5e430e79",
    "loudness": -13.665053367614746,
    "dynamic_range": 0.0,
    "temporal_centroid": 0.35294684767723083,
    "log_attack_time": -0.5792698860168457,
    "filesize": 57948,
    "single_event": false,
    "tonality": "G# major",
    "tonality_confidence": 0.6405804753303528,
    "loop": false,
    "tempo": 161,
    "tempo_confidence": 0.0,
    "note_midi": 35,
    "note_name": "B1",
    "note_frequency": 60.341094970703125,
    "note_confidence": 0.26950347423553467,
    "hardness": 41.425377729462184,
    "depth": 71.14876341396763,
    "brightness": 44.068801876079384,
    "roughness": 42.66022434163537,
    "warmth": 60.436104855177355,
    "sharpness": 39.54607631173818,
    "boominess": 44.52807100956163,
    "reverb": false,
    "genre": "Genre A",
    "mood": "Mood A"
}