{
    "duration": 1.809499979019165,
    "lossless": 1.0,
    "codec": "pcm_s16le",
    "bitrate": 256000.0,
    "samplerate": 16000.0,
    "channels": 1.0,
    "audio_md5": "7d8d3363506541aa6ccf02ac506047f9",
    "loudness": -11.618131637573242,
    "dynamic_range": 0.0,
    "temporal_centroid": 0.4247574508190155,
    "log_attack_time": -1.3410265445709229,
    "filesize": 57948,
    "single_event": false,
    "tonality": "A# minor",
    "tonality_confidence": 0.5837602019309998,
    "loop": true,
    "tempo": 133,
    "tempo_confidence": 0.9799947142601013,
    "note_midi": 31,
    "note_name": "G1",
    "note_frequency": 48.62493896484375,
    "note_confidence": 0.36557191610336304,
    "hardness": 40.06435467894846,
    "depth": 68.09883688296934,
    "brightness": 36.72640363437263,
    "roughness": 39.33899626372855,
    "warmth": 58.82726042410986,
    "sharpness": 34.96695916887511,
    "boominess": 50.92290493474015,
    "reverb": false,
    "genre": "Genre A",
    "mood": "Mood A"
}