{
    "duration": 1.809499979019165,
    "lossless": 1.0,
    "codec": "pcm_s16le",
    "bitrate": 256000.0,
    "samplerate": 16000.0,
    "channels": 1.0,
    "audio_md5": "bfd51ecf54e076236c3154f0a09b61e3",
    "loudness": -15.66911792755127,
    "dynamic_range": 0.0,
    "temporal_centroid": 0.507565975189209,
    "log_attack_time": 0.1350785195827484,
    "filesize": 57948,
    "single_event": false,
    "tonality": "D minor",
    "tonality_confidence": 0.4634152948856354,
    "loop": false,
    "tempo": 105,
    "tempo_confidence": 0.0,
    "note_midi": 45,
    "note_name": "A2",
    "note_frequency": 107.2614974975586,
    "note_confidence": 0.4787178635597229,
    "hardness": 42.45662645940024,
    "depth": 61.8399019086891,
    "brightness": 48.710060739664534,
    "roughness": 50.74284461342414,
    "warmth": 58.460947347766584,
    "sharpness": 34.58475779476366,
    "boominess": 38.589597463332765,
    "reverb": false,
    "genre": "Genre A",
    "mood": "Mood A"
}