{
    "duration": 1.809499979019165,
    "lossless": 1.0,
    "codec": "pcm_s16le",
    "bitrate": 256000.0,
    "samplerate": 16000.0,
    "channels": 1.0,
    "audio_md5": "0a2f4138f6c1970fab94ab551b2b4405",
    "loudness": -17.191162109375,
    "dynamic_range": 0.0,
    "temporal_centroid": 0.6568701267242432,
    "log_attack_time": -0.1337060034275055,
    "filesize": 57948,
    "single_event": false,
    "tonality": "G# minor",
    "tonality_confidence": 0.6203135251998901,
    "loop": false,
    "tempo": 129,
    "tempo_confidence": 0.0,
    "note_midi": 32,
    "note_name": "G#1",
    "note_frequency": 53.03190994262695,
    "note_confidence": 0.428608238697052,
    "hardness": 42.25134446722474,
    "depth": 61.216160679278715,
    "brightness": 45.51591785627712,
    "roughness": 49.24217399896072,
    "warmth": 60.37730175357207,
    "sharpness": 20.276852701942175,
    "boominess": 44.42153852442783,
    "reverb": false,
    "genre": "Genre B",
    "mood": "Mood B"
}