{
    "duration": 1.809499979019165,
    "lossless": 1.0,
    "codec": "pcm_s16le",
    "bitrate": 256000.0,
    "samplerate": 16000.0,
    "channels": 1.0,
    "audio_md5": "754388aa173e6824038752ee78f8faf3",
    "loudness": -16.5224666595459,
    "dynamic_range": 0.0,
    "temporal_centroid": 0.5743240118026733,
    "log_attack_time": -0.28780096769332886,
    "filesize": 57948,
    "single_event": false,
    "tonality": "D# major",
    "tonality_confidence": 0.7031200528144836,
    "loop": false,
    "tempo": 120,
    "tempo_confidence": 0.0,
    "note_midi": 30,
    "note_name": "F#1",
    "note_frequency": 47.29818344116211,
    "note_confidence": 0.20846861600875854,
    "hardness": 45.50915857802849,
    "depth": 66.52274297665913,
    "brightness": 49.0016220675554,
    "roughness": 33.13598439577887,
    "warmth": 53.483418103666715,
    "sharpness": 43.91712052621195,
    "boominess": 46.3313036056058,
    "reverb": false,
    "genre": "Genre B",
    "mood": "Mood B"
}