{
    "duration": 1.809499979019165,
    "lossless": 1.0,
    "codec": "pcm_s16le",
    "bitrate": 256000.0,
    "samplerate": 16000.0,
    "channels": 1.0,
    "audio_md5": "e586b4109ef183ca6c5b72a0caa99da3",
    "loudness": -18.065732955932617,
    "dynamic_range": 0.0,
    "temporal_centroid": 0.3972221910953522,
    "log_attack_time": -0.6449165940284729,
    "filesize": 57948,
    "single_event": false,
    "tonality": "G minor",
    "tonality_confidence": 0.6097543835639954,
    "loop": false,
    "tempo": 131,
    "tempo_confidence": 0.0,
    "note_midi": 38,
    "note_name": "D2",
    "note_frequency": 71.77300262451172,
    "note_confidence": 0.45668673515319824,
    "hardness": 43.54924505534555,
    "depth": 61.35103201292183,
    "brightness": 44.902001816230644,
    "roughness": 50.5248680384215,
    "warmth": 62.744813114651144,
    "sharpness": 25.742615362891172,
    "boominess": 42.97332378390105,
    "reverb": false,
    "genre": "Genre A",
    "mood": "Mood A"
}