{
    "duration": 1.809499979019165,
    "lossless": 1.0,
    "codec": "pcm_s16le",
    "bitrate": 256000.0,
    "samplerate": 16000.0,
    "channels": 1.0,
    "audio_md5": "d7ae01e1ca146ea70ab56d237e2ef6ef",
    "loudness": -15.710150718688965,
    "dynamic_range": 0.0,
    "temporal_centroid": 0.6745175123214722,
    "log_attack_time": 0.19954124093055725,
    "filesize": 57948,
    "single_event": false,
    "tonality": "C major",
    "tonality_confidence": 0.5936533212661743,
    "loop": false,
    "tempo": 178,
    "tempo_confidence": 0.0,
    "note_midi": 33,
    "note_name": "A1",
    "note_frequency": 53.547847747802734,
    "note_confidence": 0.31553351879119873,
    "hardness": 44.482312795546505,
    "depth": 66.05289893036787,
    "brightness": 42.952528774390174,
    "roughness": 37.19042894735964,
    "warmth": 57.60216032793065,
    "sharpness": 30.645706497801818,
    "boominess": 49.63670948758855,
    "reverb": false,
    "genre": "Genre A",
    "mood": "Mood A"
}