{
    "duration": 1.809499979019165,
    "lossless": 1.0,
    "codec": "pcm_s16le",
    "bitrate": 256000.0,
    "samplerate": 16000.0,
    "channels": 1.0,
    "audio_md5": "4f6e26aa66b6c0b0a97f312ab6bf86d2",
    "loudness": -12.777936935424805,
    "dynamic_range": 0.0,
    "temporal_centroid": 0.43559813499450684,
    "log_attack_time": -1.3622698783874512,
    "filesize": 57948,
    "single_event": false,
    "tonality": "G major",
    "tonality_confidence": 0.7075490355491638,
    "loop": false,
    "tempo": 126,
    "tempo_confidence": 0.0,
    "note_midi": 31,
    "note_name": "G1",
    "note_frequency": 47.82667541503906,
    "note_confidence": 0.32205694913864136,
    "hardness": 43.76460891374191,
    "depth": 69.46973413717407,
    "brightness": 44.65702076012512,
    "roughness": 41.70653542909376,
    "warmth": 59.699680064352194,
    "sharpness": 39.80901874863388,
    "boominess": 45.352096778988454,
    "reverb": false,
    "genre": "Genre B",
    "mood": "Mood B"
}