{
    "duration": 1.809499979019165,
    "lossless": 1.0,
    "codec": "pcm_s16le",
    "bitrate": 256000.0,
    "samplerate": 16000.0,
    "channels": 1.0,
    "audio_md5": "dc9669f4852b14f6f98038f406d10607",
    "loudness": -9.258706092834473,
    "dynamic_range": 0.0,
    "temporal_centroid": 0.4612114429473877,
    "log_attack_time": -1.3020159006118774,
    "filesize": 57948,
    "single_event": false,
    "tonality": "G major",
    "tonality_confidence": 0.46380823850631714,
    "loop": false,
    "tempo": 129,
    "tempo_confidence": 0.0,
    "note_midi": 31,
    "note_name": "G1",
    "note_frequency": 50.12026596069336,
    "note_confidence": 0.683159589767456,
    "hardness": 35.53092267068409,
    "depth": 70.143212196393,
    "brightness": 39.06702104798782,
    "roughness": 41.56673221352169,
    "warmth": 60.58829606623854,
    "sharpness": 37.064224020544636,
    "boominess": 48.952617820442704,
    "reverb": false,
    "genre": "Genre A",
    "mood": "Mood A"
}