{
    "duration": 1.809499979019165,
    "lossless": 1.0,
    "codec": "pcm_s16le",
    "bitrate": 256000.0,
    "samplerate": 16000.0,
    "channels": 1.0,
    "audio_md5": "042c466b70d5fb127c7bcfebaa8c8c29",
    "loudness": -16.461627960205078,
    "dynamic_range": 0.0,
    "temporal_centroid": 0.5238489508628845,
    "log_attack_time": -0.09747663140296936,
    "filesize": 57948,
    "single_event": false,
    "tonality": "A minor",
    "tonality_confidence": 0.33084771037101746,
    "loop": false,
    "tempo": 105,
    "tempo_confidence": 0.0,
    "note_midi": 41,
    "note_name": "F2",
    "note_frequency": 89.25263977050781,
    "note_confidence": 0.4841560125350952,
    "hardness": 44.02700717522745,
    "depth": 62.11906065001773,
    "brightness": 48.656926663021615,
    "roughness": 50.23674283845542,
    "warmth": 58.59718149752243,
    "sharpness": 36.96827924491607,
    "boominess": 37.94541158512088,
    "reverb": false,
    "genre": "Genre A",
    "mood": "Mood A"
}