{
    "duration": 1.809499979019165,
    "lossless": 1.0,
    "codec": "pcm_s16le",
    "bitrate": 256000.0,
    "samplerate": 16000.0,
    "channels": 1.0,
    "audio_md5": "b76e9bc8c37f6e701bcf8f09f8039304",
    "loudness": -12.542192459106445,
    "dynamic_range": 0.0,
    "temporal_centroid": 0.43859994411468506,
    "log_attack_time": -1.2855523824691772,
    "filesize": 57948,
    "single_event": false,
    "tonality": "F minor",
    "tonality_confidence": 0.6100987195968628,
    "loop": false,
    "tempo": 123,
    "tempo_confidence": 0.0,
    "note_midi": 31,
    "note_name": "G1",
    "note_frequency": 50.099578857421875,
    "note_confidence": 0.39489638805389404,
    "hardness": 41.142059068768006,
    "depth": 68.24667005683824,
    "brightness": 37.21737229495137,
    "roughness": 40.129572096877396,
    "warmth": 58.41049420523195,
    "sharpness": 33.075580646263546,
    "boominess": 51.00582839890596,
    "reverb": false,
    "genre": "Genre A",
    "mood": "Mood A"
}