{
    "duration": 1.809499979019165,
    "lossless": 1.0,
    "codec": "pcm_s16le",
    "bitrate": 256000.0,
    "samplerate": 16000.0,
    "channels": 1.0,
    "audio_md5": "87059280ca3c497d826be4668d18ea13",
    "loudness": -28.056446075439453,
    "dynamic_range": 0.0,
    "temporal_centroid": 0.5708892941474915,
    "log_attack_time": -0.0643579512834549,
    "filesize": 57948,
    "single_event": false,
    "tonality": "C major",
    "tonality_confidence": 0.7611214518547058,
    "loop": false,
    "tempo": 178,
    "tempo_confidence": 0.0,
    "note_midi": 51,
    "note_name": "D#3",
    "note_frequency": 153.15843200683594,
    "note_confidence": 0.0,
    "hardness": 55.51153936391637,
    "depth": 68.70922103702192,
    "brightness": 51.11090723875664,
    "roughness": 48.04924977958243,
    "warmth": 57.39720141435696,
    "sharpness": 41.11599225218544,
    "boominess": 39.47602096969901,
    "reverb": false,
    "genre": "Genre A",
    "mood": "Mood A"
}