{
    "duration": 1.809499979019165,
    "lossless": 1.0,
    "codec": "pcm_s16le",
    "bitrate": 256000.0,
    "samplerate": 16000.0,
    "channels": 1.0,
    "audio_md5": "512b4f7c1e9e9f01f29a50003d8d9916",
    "loudness": -46.35125732421875,
    "dynamic_range": 0.0,
    "temporal_centroid": 0.36528322100639343,
    "log_attack_time": 0.2574118971824646,
    "filesize": 57948,
    "single_event": false,
    "tonality": "F major",
    "tonality_confidence": 0.6622690558433533,
    "loop": false,
    "tempo": 133,
    "tempo_confidence": 0.0,
    "note_midi": 42,
    "note_name": "F#2",
    "note_frequency": 90.56157684326172,
    "note_confidence": 0.5265488624572754,
    "hardness": 61.47747484576894,
    "depth": 36.7712446378132,
    "brightness": 70.45055289188682,
    "roughness": 49.57890514824379,
    "warmth": 42.57842550006064,
    "sharpness": 52.03508145359048,
    "boominess": 35.53126003965715,
    "reverb": false,
    "genre": "Genre B",
    "mood": "Mood B"
}