{
    "duration": 1.809499979019165,
    "lossless": 1.0,
    "codec": "pcm_s16le",
    "bitrate": 256000.0,
    "samplerate": 16000.0,
    "channels": 1.0,
    "audio_md5": "bdd2e31bd610c1000e208b01b357cdfb",
    "loudness": -12.902235984802246,
    "dynamic_range": 0.0,
    "temporal_centroid": 0.5051153898239136,
    "log_attack_time": -0.045735616236925125,
    "filesize": 57948,
    "single_event": false,
    "tonality": "C# minor",
    "tonality_confidence": 0.6351845264434814,
    "loop": false,
    "tempo": 88,
    "tempo_confidence": 0.0,
    "note_midi": 40,
    "note_name": "E2",
    "note_frequency": 81.6636734008789,
    "note_confidence": 0.5150123834609985,
    "hardness": 36.977735845361636,
    "depth": 57.73667739530849,
    "brightness": 40.1945225090727,
    "roughness": 52.40699284106271,
    "warmth": 62.9986522904652,
    "sharpness": 25.019130955646276,
    "boominess": 38.75795632045627,
    "reverb": false,
    "genre": "Genre A",
    "mood": "Mood A"
}