{
    "duration": 1.809499979019165,
    "lossless": 1.0,
    "codec": "pcm_s16le",
    "bitrate": 256000.0,
    "samplerate": 16000.0,
    "channels": 1.0,
    "audio_md5": "57f364aa9eef4dce3e3d781e9a6e2e27",
    "loudness": -9.112260818481445,
    "dynamic_range": 0.0,
    "temporal_centroid": 0.557651162147522,
    "log_attack_time": -1.443588137626648,
    "filesize": 57948,
    "single_event": false,
    "tonality": "A# minor",
    "tonality_confidence": 0.8511441349983215,
    "loop": false,
    "tempo": 131,
    "tempo_confidence": 0.0,
    "note_midi": 29,
    "note_name": "F1",
    "note_frequency": 43.024391174316406,
    "note_confidence": 0.789873480796814,
    "hardness": 37.43879334556857,
    "depth": 69.52357199871312,
    "brightness": 33.142521688372995,
    "roughness": 43.00730192963618,
    "warmth": 62.445983410936755,
    "sharpness": 39.27985841513064,
    "boominess": 47.42912647031297,
    "reverb": false,
    "genre": "Genre B",
    "mood": "Mood B"
}