{
    "duration": 1.809499979019165,
    "lossless": 1.0,
    "codec": "pcm_s16le",
    "bitrate": 256000.0,
    "samplerate": 16000.0,
    "channels": 1.0,
    "audio_md5": "08f968b6b0f0ca1c69d099f265bac5c6",
    "loudness": -19.600000381469727,
    "dynamic_range": 0.0,
    "temporal_centroid": 0.4136638343334198,
    "log_attack_time": -0.04751176759600639,
    "filesize": 57948,
    "single_event": false,
    "tonality": "F major",
    "tonality_confidence": 0.5419397354125977,
    "loop": false,
    "tempo": 126,
    "tempo_confidence": 0.0,
    "note_midi": 61,
    "note_name": "C#4",
    "note_frequency": 271.99957275390625,
    "note_confidence": 0.5252088904380798,
    "hardness": 42.980954611305634,
    "depth": 62.33441188202145,
    "brightness": 43.22502347036993,
    "roughness": 47.36673402606412,
    "warmth": 57.67334242725107,
    "sharpness": 25.79368885783223,
    "boominess": 40.79100457645001,
    "reverb": false,
    "genre": "Genre A",
    "mood": "Mood A"
}