{
    "duration": 1.809499979019165,
    "lossless": 1.0,
    "codec": "pcm_s16le",
    "bitrate": 256000.0,
    "samplerate": 16000.0,
    "channels": 1.0,
    "audio_md5": "289940a7a03bbe5a4b9a7afe13b628e2",
    "loudness": -37.64262390136719,
    "dynamic_range": 0.0,
    "temporal_centroid": 0.3676515221595764,
    "log_attack_time": -2.7306246757507324,
    "filesize": 57948,
    "single_event": false,
    "tonality": "A# major",
    "tonality_confidence": 0.6669144034385681,
    "loop": false,
    "tempo": 122,
    "tempo_confidence": 0.0,
    "note_midi": 34,
    "note_name": "A#1",
    "note_frequency": 58.31293487548828,
    "note_confidence": 0.705117404460907,
    "hardness": 59.66130931908165,
    "depth": 39.364406464186715,
    "brightness": 65.42991211980788,
    "roughness": 44.15113769494922,
    "warmth": 48.46634490021756,
    "sharpness": 51.93759735491817,
    "boominess": 40.644913981760524,
    "reverb": false,
    "genre": "Genre B",
    "mood": "Mood B"
}