{
    "duration": 1.809499979019165,
    "lossless": 1.0,
    "codec": "pcm_s16le",
    "bitrate": 256000.0,
    "samplerate": 16000.0,
    "channels": 1.0,
    "audio_md5": "5361927daa8db7777457385a9a715f84",
    "loudness": -18.189773559570312,
    "dynamic_range": 0.0,
    "temporal_centroid": 0.35039448738098145,
    "log_attack_time": -1.31626296043396,
    "filesize": 57948,
    "single_event": false,
    "tonality": "G minor",
    "tonality_confidence": 0.5595176815986633,
    "loop": false,
    "tempo": 151,
    "tempo_confidence": 0.0,
    "note_midi": 35,
    "note_name": "B1",
    "note_frequency": 61.65045928955078,
    "note_confidence": 0.3352352976799011,
    "hardness": 41.757503284309465,
    "depth": 72.55945999813568,
    "brightness": 48.413642726053055,
    "roughness": 42.46895517823848,
    "warmth": 60.59829572048874,
    "sharpness": 32.130465466204626,
    "boominess": 47.87567142891064,
    "reverb": false,
    "genre": "Genre B",
    "mood": "Mood B"
}