{
    "duration": 1.809499979019165,
    "lossless": 1.0,
    "codec": "pcm_s16le",
    "bitrate": 256000.0,
    "samplerate": 16000.0,
    "channels": 1.0,
    "audio_md5": "a4502326a6703bdfac531cba871f5a20",
    "loudness": -8.593257904052734,
    "dynamic_range": 0.0,
    "temporal_centroid": 0.5416514277458191,
    "log_attack_time": -0.9393450021743774,
    "filesize": 57948,
    "single_event": false,
    "tonality": "A# major",
    "tonality_confidence": 0.4972299635410309,
    "loop": false,
    "tempo": 133,
    "tempo_confidence": 0.0,
    "note_midi": 29,
    "note_name": "F1",
    "note_frequency": 43.024391174316406,
    "note_confidence": 0.46671682596206665,
    "hardness": 37.734198923624774,
    "depth": 68.72973100600687,
    "brightness": 32.980404083602615,
    "roughness": 45.716675300533296,
    "warmth": 62.29606253441386,
    "sharpness": 41.81519487539744,
    "boominess": 45.45207214469665,
    "reverb": false,
    "genre": "Genre B",
    "mood": "Mood B"
}