{
    "duration": 1.809499979019165,
    "lossless": 1.0,
    "codec": "pcm_s16le",
    "bitrate": 256000.0,
    "samplerate": 16000.0,
    "channels": 1.0,
    "audio_md5": "d244548aa41397383df308f11131934f",
    "loudness": -19.056901931762695,
    "dynamic_range": 0.0,
    "temporal_centroid": 0.355414479970932,
    "log_attack_time": -0.37104377150535583,
    "filesize": 57948,
    "single_event": false,
    "tonality": "A# minor",
    "tonality_confidence": 0.5773640275001526,
    "loop": false,
    "tempo": 129,
    "tempo_confidence": 0.0,
    "note_midi": 39,
    "note_name": "D#2",
    "note_frequency": 79.02660369873047,
    "note_confidence": 0.4530194401741028,
    "hardness": 42.00719116053179,
    "depth": 58.140401745399075,
    "brightness": 46.35912969112783,
    "roughness": 43.696136826066386,
    "warmth": 55.09641466843534,
    "sharpness": 17.512948273302786,
    "boominess": 45.04264973350166,
    "reverb": false,
    "genre": "Genre A",
    "mood": "Mood A"
}