{
    "duration": 1.809499979019165,
    "lossless": 1.0,
    "codec": "pcm_s16le",
    "bitrate": 256000.0,
    "samplerate": 16000.0,
    "channels": 1.0,
    "audio_md5": "a9da4517bbd060a4126412a6fb5fa846",
    "loudness": -13.336255073547363,
    "dynamic_range": 0.0,
    "temporal_centroid": 0.5952189564704895,
    "log_attack_time": 0.007836821489036083,
    "filesize": 57948,
    "single_event": false,
    "tonality": "A# minor",
    "tonality_confidence": 0.5995405912399292,
    "loop": false,
    "tempo": 131,
    "tempo_confidence": 0.0,
    "note_midi": 32,
    "note_name": "G#1",
    "note_frequency": 53.102542877197266,
    "note_confidence": 0.1682838797569275,
    "hardness": 41.620815775249554,
    "depth": 66.37180306483951,
    "brightness": 40.15059651947739,
    "roughness": 36.075164622251464,
    "warmth": 56.10266715707748,
    "sharpness": 33.993231554483046,
    "boominess": 50.56042490148864,
    "reverb": false,
    "genre": "Genre A",
    "mood": "Mood A"
}