{
    "duration": 1.809499979019165,
    "lossless": 1.0,
    "codec": "pcm_s16le",
    "bitrate": 256000.0,
    "samplerate": 16000.0,
    "channels": 1.0,
    "audio_md5": "20d1ea6e1c742e17e322d8fc25e6557c",
    "loudness": -18.392452239990234,
    "dynamic_range": 0.0,
    "temporal_centroid": 0.4296922981739044,
    "log_attack_time": -0.34805864095687866,
    "filesize": 57948,
    "single_event": false,
    "tonality": "D minor",
    "tonality_confidence": 0.6918700933456421,
    "loop": false,
    "tempo": 129,
    "tempo_confidence": 0.0,
    "note_midi": 35,
    "note_name": "B1",
    "note_frequency": 62.03617477416992,
    "note_confidence": 0.4492265582084656,
    "hardness": 39.904255669291885,
    "depth": 61.23762228318765,
    "brightness": 45.89963282483687,
    "roughness": 47.500029916988794,
    "warmth": 59.770706167062855,
    "sharpness": 25.824990684129375,
    "boominess": 41.324696923060415,
    "reverb": false,
    "genre": "Genre A",
    "mood": "Mood A"
}