{
    "duration": 1.809499979019165,
    "lossless": 1.0,
    "codec": "pcm_s16le",
    "bitrate": 256000.0,
    "samplerate": 16000.0,
    "channels": 1.0,
    "audio_md5": "5bb451a9ae32d25b2289cdab1ccd39ee",
    "loudness": -33.013160705566406,
    "dynamic_range": 0.0,
    "temporal_centroid": 0.4608552157878876,
    "log_attack_time": 0.2562234401702881,
    "filesize": 57948,
    "single_event": false,
    "tonality": "D minor",
    "tonality_confidence": 0.644686222076416,
    "loop": false,
    "tempo": 129,
    "tempo_confidence": 0.0,
    "note_midi": 35,
    "note_name": "B1",
    "note_frequency": 62.244686126708984,
    "note_confidence": 0.1043805480003357,
    "hardness": 54.50859751383638,
    "depth": 51.33076069053037,
    "brightness": 60.81145153468775,
    "roughness": 51.76871109416842,
    "warmth": 49.00815858648475,
    "sharpness": 47.60489637841944,
    "boominess": 37.83785656522478,
    "reverb": false,
    "genre": "Genre B",
    "mood": "Mood B"
}