{
    "duration": 1.809499979019165,
    "lossless": 1.0,
    "codec": "pcm_s16le",
    "bitrate": 256000.0,
    "samplerate": 16000.0,
    "channels": 1.0,
    "audio_md5": "93f103c604e9ad67376736a04a29d5ea",
    "loudness": -17.102766036987305,
    "dynamic_range": 0.0,
    "temporal_centroid": 0.5157886147499084,
    "log_attack_time": -0.35831910371780396,
    "filesize": 57948,
    "single_event": false,
    "tonality": "D# minor",
    "tonality_confidence": 0.5518489480018616,
    "loop": false,
    "tempo": 131,
    "tempo_confidence": 0.0,
    "note_midi": 33,
    "note_name": "A1",
    "note_frequency": 56.32958984375,
    "note_confidence": 0.5191928148269653,
    "hardness": 40.400100509393184,
    "depth": 60.429881791107576,
    "brightness": 42.33341090722943,
    "roughness": 48.53026177859697,
    "warmth": 61.782461893438594,
    "sharpness": 19.238118322959668,
    "boominess": 43.67166954760059,
    "reverb": false,
    "genre": "Genre A",
    "mood": "Mood A"
}