{
    "duration": 1.809499979019165,
    "lossless": 1.0,
    "codec": "pcm_s16le",
    "bitrate": 256000.0,
    "samplerate": 16000.0,
    "channels": 1.0,
    "audio_md5": "05093f6d73b46a09692dfa83ad7f72aa",
    "loudness": -21.989315032958984,
    "dynamic_range": 0.0,
    "temporal_centroid": 0.4646916389465332,
    "log_attack_time": 0.13295921683311462,
    "filesize": 57948,
    "single_event": false,
    "tonality": "D# minor",
    "tonality_confidence": 0.5478338599205017,
    "loop": false,
    "tempo": 133,
    "tempo_confidence": 0.0,
    "note_midi": 39,
    "note_name": "D#2",
    "note_frequency": 76.9643783569336,
    "note_confidence": 0.47451144456863403,
    "hardness": 44.49356969125469,
    "depth": 59.791734630353275,
    "brightness": 47.44165556883046,
    "roughness": 45.51050018501982,
    "warmth": 56.80181238882743,
    "sharpness": 26.013425233077513,
    "boominess": 44.31051258918056,
    "reverb": false,
    "genre": "Genre A",
    "mood": "Mood A"
}