{
    "duration": 1.809499979019165,
    "lossless": 1.0,
    "codec": "pcm_s16le",
    "bitrate": 256000.0,
    "samplerate": 16000.0,
    "channels": 1.0,
    "audio_md5": "4a3caddd66281b1f2e652fecde2cb03e",
    "loudness": -19.45199966430664,
    "dynamic_range": 0.0,
    "temporal_centroid": 0.45399320125579834,
    "log_attack_time": 0.1331477165222168,
    "filesize": 57948,
    "single_event": false,
    "tonality": "D minor",
    "tonality_confidence": 0.7049894332885742,
    "loop": false,
    "tempo": 207,
    "tempo_confidence": 0.0,
    "note_midi": 39,
    "note_name": "D#2",
    "note_frequency": 75.71907043457031,
    "note_confidence": 0.5191121697425842,
    "hardness": 42.89367636795319,
    "depth": 60.0647494025616,
    "brightness": 44.46048695612701,
    "roughness": 46.13016749726447,
    "warmth": 57.05127427894969,
    "sharpness": 26.161638521811845,
    "boominess": 44.50606370084482,
    "reverb": false,
    "genre": "Genre A",
    "mood": "Mood A"
}