{
    "duration": 1.809499979019165,
    "lossless": 1.0,
    "codec": "pcm_s16le",
    "bitrate": 256000.0,
    "samplerate": 16000.0,
    "channels": 1.0,
    "audio_md5": "d8db59b2bdd1f70a91489927f07e8bb5",
    "loudness": -11.003462791442871,
    "dynamic_range": 0.0,
    "temporal_centroid": 0.5236742496490479,
    "log_attack_time": -1.2918702363967896,
    "filesize": 57948,
    "single_event": false,
    "tonality": "F major",
    "tonality_confidence": 0.3909599483013153,
    "loop": false,
    "tempo": 126,
    "tempo_confidence": 0.0,
    "note_midi": 34,
    "note_name": "A#1",
    "note_frequency": 57.062076568603516,
    "note_confidence": 0.4262574315071106,
    "hardness": 38.493039746474466,
    "depth": 66.84891476380157,
    "brightness": 37.773625020626355,
    "roughness": 39.894999608289275,
    "warmth": 59.35402193254732,
    "sharpness": 35.15673596363804,
    "boominess": 49.73045384833557,
    "reverb": false,
    "genre": "Genre A",
    "mood": "Mood A"
}