{
    "duration": 1.809499979019165,
    "lossless": 1.0,
    "codec": "pcm_s16le",
    "bitrate": 256000.0,
    "samplerate": 16000.0,
    "channels": 1.0,
    "audio_md5": "5b0e5b0cdd805fed9bdc14a82ab83898",
    "loudness": -12.729290008544922,
    "dynamic_range": 0.0,
    "temporal_centroid": 0.5054067373275757,
    "log_attack_time": -1.2713426351547241,
    "filesize": 57948,
    "single_event": false,
    "tonality": "B major",
    "tonality_confidence": 0.6130040884017944,
    "loop": false,
    "tempo": 152,
    "tempo_confidence": 0.0,
    "note_midi": 31,
    "note_name": "G1",
    "note_frequency": 50.076717376708984,
    "note_confidence": 0.4442456364631653,
    "hardness": 47.01847319739545,
    "depth": 69.69802076656885,
    "brightness": 43.2270594645573,
    "roughness": 42.94966359777133,
    "warmth": 60.71275714879237,
    "sharpness": 40.09017407981444,
    "boominess": 44.55223958235955,
    "reverb": false,
    "genre": "Genre B",
    "mood": "Mood B"
}