{
    "duration": 1.809499979019165,
    "lossless": 1.0,
    "codec": "pcm_s16le",
    "bitrate": 256000.0,
    "samplerate": 16000.0,
    "channels": 1.0,
    "audio_md5": "dc8171cb980943a61279e95e1d567ed8",
    "loudness": -20.35875129699707,
    "dynamic_range": 0.0,
    "temporal_centroid": 0.3972311019897461,
    "log_attack_time": -1.2384096384048462,
    "filesize": 57948,
    "single_event": false,
    "tonality": "E minor",
    "tonality_confidence": 0.7856748700141907,
    "loop": false,
    "tempo": 129,
    "tempo_confidence": 0.0,
    "note_midi": 47,
    "note_name": "B2",
    "note_frequency": 124.53022766113281,
    "note_confidence": 0.45872604846954346,
    "hardness": 48.878651606901855,
    "depth": 63.958000036391994,
    "brightness": 50.45336617895456,
    "roughness": 49.34822160975154,
    "warmth": 56.48269200546924,
    "sharpness": 35.8142213348221,
    "boominess": 40.70876760606089,
    "reverb": false,
    "genre": "Genre A",
    "mood": "Mood A"
}