{
    "duration": 1.809499979019165,
    "lossless": 1.0,
    "codec": "pcm_s16le",
    "bitrate": 256000.0,
    "samplerate": 16000.0,
    "channels": 1.0,
    "audio_md5": "6599ad794681951a580ec8490be25ee6",
    "loudness": -20.351900100708008,
    "dynamic_range": 0.0,
    "temporal_centroid": 0.4787599742412567,
    "log_attack_time": 0.06601730734109879,
    "filesize": 57948,
    "single_event": false,
    "tonality": "F# minor",
    "tonality_confidence": 0.3527528941631317,
    "loop": false,
    "tempo": 207,
    "tempo_confidence": 0.0,
    "note_midi": 34,
    "note_name": "A#1",
    "note_frequency": 57.972129821777344,
    "note_confidence": 0.47004735469818115,
    "hardness": 41.597570905733676,
    "depth": 60.52335838557846,
    "brightness": 43.42890312236864,
    "roughness": 42.13777593841601,
    "warmth": 56.43021511569823,
    "sharpness": 20.745962684181045,
    "boominess": 45.55986930778696,
    "reverb": false,
    "genre": "Genre A",
    "mood": "Mood A"
}