{
    "duration": 1.809499979019165,
    "lossless": 1.0,
    "codec": "pcm_s16le",
    "bitrate": 256000.0,
    "samplerate": 16000.0,
    "channels": 1.0,
    "audio_md5": "2aa241f4b59d4edd1cacf6f7707e0f5a",
    "loudness": -13.084480285644531,
    "dynamic_range": 0.0,
    "temporal_centroid": 0.44229841232299805,
    "log_attack_time": -1.3786777257919312,
    "filesize": 57948,
    "single_event": false,
    "tonality": "F major",
    "tonality_confidence": 0.8330097794532776,
    "loop": false,
    "tempo": 129,
    "tempo_confidence": 0.0,
    "note_midi": 33,
    "note_name": "A1",
    "note_frequency": 55.3810920715332,
    "note_confidence": 0.18849587440490723,
    "hardness": 41.29608154197052,
    "depth": 67.79478469103805,
    "brightness": 38.47253961812433,
    "roughness": 39.62604302661124,
    "warmth": 58.29004121740025,
    "sharpness": 31.663803504388657,
    "boominess": 50.88499890198675,
    "reverb": false,
    "genre": "Genre A",
    "mood": "Mood A"
}