{
    "duration": 1.809499979019165,
    "lossless": 1.0,
    "codec": "pcm_s16le",
    "bitrate": 256000.0,
    "samplerate": 16000.0,
    "channels": 1.0,
    "audio_md5": "42484aa36aababd1885e426ae81b526a",
    "loudness": -14.725942611694336,
    "dynamic_range": 0.0,
    "temporal_centroid": 0.472249835729599,
    "log_attack_time": -0.5537221431732178,
    "filesize": 57948,
    "single_event": false,
    "tonality": "A# major",
    "tonality_confidence": 0.6564400792121887,
    "loop": false,
    "tempo": 133,
    "tempo_confidence": 0.0,
    "note_midi": 31,
    "note_name": "G1",
    "note_frequency": 50.34779739379883,
    "note_confidence": 0.19965767860412598,
    "hardness": 42.55391998186053,
    "depth": 64.46629754313324,
    "brightness": 38.77539092507311,
    "roughness": 35.87644097323166,
    "warmth": 57.44158097005149,
    "sharpness": 26.868596755792506,
    "boominess": 51.192628078538576,
    "reverb": false,
    "genre": "Genre A",
    "mood": "Mood A"
}