{
    "duration": 1.809499979019165,
    "lossless": 1.0,
    "codec": "pcm_s16le",
    "bitrate": 256000.0,
    "samplerate": 16000.0,
    "channels": 1.0,
    "audio_md5": "fdd4855eae5d028d9d3019acb491f857",
    "loudness": -9.820501327514648,
    "dynamic_range": 0.0,
    "temporal_centroid": 0.4614143371582031,
    "log_attack_time": -1.3634052276611328,
    "filesize": 57948,
    "single_event": false,
    "tonality": "F minor",
    "tonality_confidence": 0.4957137405872345,
    "loop": false,
    "tempo": 123,
    "tempo_confidence": 0.0,
    "note_midi": 31,
    "note_name": "G1",
    "note_frequency": 50.206939697265625,
    "note_confidence": 0.5944456458091736,
    "hardness": 32.64242216845871,
    "depth": 68.32571251681244,
    "brightness": 35.07310443532501,
    "roughness": 42.054433130867,
    "warmth": 61.90524497797978,
    "sharpness": 35.27445799203204,
    "boominess": 50.01516560621977,
    "reverb": false,
    "genre": "Genre A",
    "mood": "Mood A"
}