{
    "duration": 1.809499979019165,
    "lossless": 1.0,
    "codec": "pcm_s16le",
    "bitrate": 256000.0,
    "samplerate": 16000.0,
    "channels": 1.0,
    "audio_md5": "110ae29ab9687a908f7abb274219b81f",
    "loudness": -11.391364097595215,
    "dynamic_range": 0.0,
    "temporal_centroid": 0.6265621781349182,
    "log_attack_time": 0.1580067276954651,
    "filesize": 57948,
    "single_event": false,
    "tonality": "F major",
    "tonality_confidence": 0.5853040218353271,
    "loop": true,
    "tempo": 132,
    "tempo_confidence": 0.9616870880126953,
    "note_midi": 32,
    "note_name": "G#1",
    "note_frequency": 52.563140869140625,
    "note_confidence": 0.2279765009880066,
    "hardness": 40.030765647158034,
    "depth": 67.54452524418583,
    "brightness": 38.47461938290333,
    "roughness": 32.02161479487856,
    "warmth": 55.01707771496737,
    "sharpness": 37.829608420751306,
    "boominess": 51.38408137945394,
    "reverb": false,
    "genre": "Genre A",
    "mood": "Mood A"
}