{
    "duration": 1.809499979019165,
    "lossless": 1.0,
    "codec": "pcm_s16le",
    "bitrate": 256000.0,
    "samplerate": 16000.0,
    "channels": 1.0,
    "audio_md5": "06c5f7b5d60a66ec773329e550da59d4",
    "loudness": -10.832250595092773,
    "dynamic_range": 0.0,
    "temporal_centroid": 0.3626468777656555,
    "log_attack_time": -1.2404606342315674,
    "filesize": 57948,
    "single_event": false,
    "tonality": "A minor",
    "tonality_confidence": 0.6017822027206421,
    "loop": false,
    "tempo": 111,
    "tempo_confidence": 0.0,
    "note_midi": 33,
    "note_name": "A1",
    "note_frequency": 54.35450744628906,
    "note_confidence": 0.3501618504524231,
    "hardness": 43.21215728450514,
    "depth": 69.1144133981353,
    "brightness": 41.31042850280869,
    "roughness": 37.969547881405816,
    "warmth": 58.015325367598265,
    "sharpness": 41.416556526347264,
    "boominess": 47.259536091362705,
    "reverb": false,
    "genre": "Genre B",
    "mood": "Mood B"
}