{
    "duration": 1.809499979019165,
    "lossless": 1.0,
    "codec": "pcm_s16le",
    "bitrate": 256000.0,
    "samplerate": 16000.0,
    "channels": 1.0,
    "audio_md5": "a74f034dbe921efa25c5bc6d10e4370e",
    "loudness": -19.264333724975586,
    "dynamic_range": 0.0,
    "temporal_centroid": 0.5052898526191711,
    "log_attack_time": -0.0466337651014328,
    "filesize": 57948,
    "single_event": false,
    "tonality": "F minor",
    "tonality_confidence": 0.5352892875671387,
    "loop": false,
    "tempo": 88,
    "tempo_confidence": 0.0,
    "note_midi": 36,
    "note_name": "C2",
    "note_frequency": 64.86441802978516,
    "note_confidence": 0.4998895525932312,
    "hardness": 40.425852886148704,
    "depth": 62.42198922760788,
    "brightness": 47.78664290014687,
    "roughness": 47.61802851641704,
    "warmth": 57.940138559424454,
    "sharpness": 29.96231699714029,
    "boominess": 42.172713875242394,
    "reverb": false,
    "genre": "Genre A",
    "mood": "Mood A"
}