{
    "duration": 1.809499979019165,
    "lossless": 1.0,
    "codec": "pcm_s16le",
    "bitrate": 256000.0,
    "samplerate": 16000.0,
    "channels": 1.0,
    "audio_md5": "957df88e270639c959fd8d919a316442",
    "loudness": -12.481901168823242,
    "dynamic_range": 0.0,
    "temporal_centroid": 0.4596841633319855,
    "log_attack_time": -1.424854040145874,
    "filesize": 57948,
    "single_event": false,
    "tonality": "A# major",
    "tonality_confidence": 0.7309905886650085,
    "loop": false,
    "tempo": 86,
    "tempo_confidence": 0.0,
    "note_midi": 34,
    "note_name": "A#1",
    "note_frequency": 57.81292724609375,
    "note_confidence": 0.2775394916534424,
    "hardness": 37.87387686458297,
    "depth": 68.47236280466446,
    "brightness": 40.17628249344207,
    "roughness": 36.49840472505833,
    "warmth": 55.95949242262197,
    "sharpness": 35.539944969207,
    "boominess": 51.10828889339315,
    "reverb": false,
    "genre": "Genre A",
    "mood": "Mood A"
}