{
    "duration": 1.809499979019165,
    "lossless": 1.0,
    "codec": "pcm_s16le",
    "bitrate": 256000.0,
    "samplerate": 16000.0,
    "channels": 1.0,
    "audio_md5": "3f2e95e9b9fb89391e53ee19d0dd4679",
    "loudness": -18.7105655670166,
    "dynamic_range": 0.0,
    "temporal_centroid": 0.43138715624809265,
    "log_attack_time": 0.13221175968647003,
    "filesize": 57948,
    "single_event": false,
    "tonality": "A minor",
    "tonality_confidence": 0.4742692708969116,
    "loop": true,
    "tempo": 133,
    "tempo_confidence": 0.9803968071937561,
    "note_midi": 35,
    "note_name": "B1",
    "note_frequency": 62.322444915771484,
    "note_confidence": 0.45701563358306885,
    "hardness": 43.389223660033906,
    "depth": 58.91059658846404,
    "brightness": 45.71992661120015,
    "roughness": 47.4096724393833,
    "warmth": 57.376538289717615,
    "sharpness": 24.260213973396098,
    "boominess": 43.55185354552074,
    "reverb": false,
    "genre": "Genre A",
    "mood": "Mood A"
}