{
    "duration": 1.809499979019165,
    "lossless": 1.0,
    "codec": "pcm_s16le",
    "bitrate": 256000.0,
    "samplerate": 16000.0,
    "channels": 1.0,
    "audio_md5": "2ecb15546a2181b889f72d9ff975ebb6",
    "loudness": -16.91227912902832,
    "dynamic_range": 0.0,
    "temporal_centroid": 0.5593433976173401,
    "log_attack_time": 0.06911912560462952,
    "filesize": 57948,
    "single_event": false,
    "tonality": "C# minor",
    "tonality_confidence": 0.5513043403625488,
    "loop": false,
    "tempo": 133,
    "tempo_confidence": 0.0,
    "note_midi": 36,
    "note_name": "C2",
    "note_frequency": 67.06226348876953,
    "note_confidence": 0.4979988932609558,
    "hardness": 41.40685429945661,
    "depth": 59.9488486968743,
    "brightness": 43.825709953414176,
    "roughness": 46.009560206243336,
    "warmth": 58.40357311349242,
    "sharpness": 22.945630216051516,
    "boominess": 42.795826682306775,
    "reverb": false,
    "genre": "Genre A",
    "mood": "Mood A"
}