{
    "duration": 1.809499979019165,
    "lossless": 1.0,
    "codec": "pcm_s16le",
    "bitrate": 256000.0,
    "samplerate": 16000.0,
    "channels": 1.0,
    "audio_md5": "7b234ce6df576f5abb84324c9dec8e72",
    "loudness": -10.148347854614258,
    "dynamic_range": 0.0,
    "temporal_centroid": 0.4762185513973236,
    "log_attack_time": -1.2910994291305542,
    "filesize": 57948,
    "single_event": false,
    "tonality": "F major",
    "tonality_confidence": 0.7004647850990295,
    "loop": true,
    "tempo": 132,
    "tempo_confidence": 0.9616870880126953,
    "note_midi": 31,
    "note_name": "G1",
    "note_frequency": 50.382442474365234,
    "note_confidence": 0.47584104537963867,
    "hardness": 34.19668117903301,
    "depth": 69.47160065775005,
    "brightness": 35.598510106997026,
    "roughness": 40.92804159222946,
    "warmth": 59.272476854119816,
    "sharpness": 37.969710153295324,
    "boominess": 48.780969876642416,
    "reverb": false,
    "genre": "Genre B",
    "mood": "Mood B"
}