{
    "duration": 1.809499979019165,
    "lossless": 1.0,
    "codec": "pcm_s16le",
    "bitrate": 256000.0,
    "samplerate": 16000.0,
    "channels": 1.0,
    "audio_md5": "7dbdbe4faec7872ac84e55b3ae95ca4e",
    "loudness": -17.814552307128906,
    "dynamic_range": 0.0,
    "temporal_centroid": 0.4617261290550232,
    "log_attack_time": -0.04725918173789978,
    "filesize": 57948,
    "single_event": false,
    "tonality": "F major",
    "tonality_confidence": 0.7053015828132629,
    "loop": false,
    "tempo": 134,
    "tempo_confidence": 0.0,
    "note_midi": 34,
    "note_name": "A#1",
    "note_frequency": 58.30112075805664,
    "note_confidence": 0.5587164163589478,
    "hardness": 42.76629151031048,
    "depth": 62.82835881089326,
    "brightness": 43.8495620416242,
    "roughness": 46.07848944473304,
    "warmth": 60.33014095408666,
    "sharpness": 29.75331044335311,
    "boominess": 42.54862214150327,
    "reverb": false,
    "genre": "Genre A",
    "mood": "Mood A"
}