{
    "duration": 1.809499979019165,
    "lossless": 1.0,
    "codec": "pcm_s16le",
    "bitrate": 256000.0,
    "samplerate": 16000.0,
    "channels": 1.0,
    "audio_md5": "0c5f8737c02751a19ab61c4489a685ba",
    "loudness": -12.790708541870117,
    "dynamic_range": 0.0,
    "temporal_centroid": 0.5411301851272583,
    "log_attack_time": -0.30982404947280884,
    "filesize": 57948,
    "single_event": false,
    "tonality": "G# minor",
    "tonality_confidence": 0.5504781007766724,
    "loop": false,
    "tempo": 129,
    "tempo_confidence": 0.0,
    "note_midi": 32,
    "note_name": "G#1",
    "note_frequency": 52.89108657836914,
    "note_confidence": 0.33748483657836914,
    "hardness": 36.98572396561178,
    "depth": 66.61208121133915,
    "brightness": 39.18781449769119,
    "roughness": 38.02767639585731,
    "warmth": 57.553344639900104,
    "sharpness": 35.14692387984102,
    "boominess": 50.92051724560956,
    "reverb": false,
    "genre": "Genre A",
    "mood": "Mood A"
}