{
    "duration": 1.809499979019165,
    "lossless": 1.0,
    "codec": "pcm_s16le",
    "bitrate": 256000.0,
    "samplerate": 16000.0,
    "channels": 1.0,
    "audio_md5": "a8e519f6715c20f9b898cb5fc289077a",
    "loudness": -18.364179611206055,
    "dynamic_range": 0.0,
    "temporal_centroid": 0.5634761452674866,
    "log_attack_time": 0.21067453920841217,
    "filesize": 57948,
    "single_event": false,
    "tonality": "D minor",
    "tonality_confidence": 0.4491720199584961,
    "loop": false,
    "tempo": 129,
    "tempo_confidence": 0.0,
    "note_midi": 34,
    "note_name": "A#1",
    "note_frequency": 59.58572769165039,
    "note_confidence": 0.4798346757888794,
    "hardness": 40.99623196308133,
    "depth": 59.366515842599085,
    "brightness": 45.4751971924299,
    "roughness": 47.38031243885502,
    "warmth": 57.24609126487157,
    "sharpness": 26.44162272851484,
    "boominess": 43.28801922312639,
    "reverb": false,
    "genre": "Genre A",
    "mood": "Mood A"
}