{
    "duration": 1.809499979019165,
    "lossless": 1.0,
    "codec": "pcm_s16le",
    "bitrate": 256000.0,
    "samplerate": 16000.0,
    "channels": 1.0,
    "audio_md5": "305b873cc5f0b1a5b64851986fdfdb86",
    "loudness": -35.19303512573242,
    "dynamic_range": 0.0,
    "temporal_centroid": 0.41010236740112305,
    "log_attack_time": -0.059203535318374634,
    "filesize": 57948,
    "single_event": false,
    "tonality": "C minor",
    "tonality_confidence": 0.49984049797058105,
    "loop": false,
    "tempo": 128,
    "tempo_confidence": 0.0,
    "note_midi": 58,
    "note_name": "A#3",
    "note_frequency": 232.1479949951172,
    "note_confidence": 0.45883649587631226,
    "hardness": 55.442945901358485,
    "depth": 36.46182917594639,
    "brightness": 60.98016570131217,
    "roughness": 52.93406278479006,
    "warmth": 47.110394085563094,
    "sharpness": 43.16082355869143,
    "boominess": 31.654220710497956,
    "reverb": false,
    "genre": "Genre B",
    "mood": "Mood B"
}