{
    "duration": 1.809499979019165,
    "lossless": 1.0,
    "codec": "pcm_s16le",
    "bitrate": 256000.0,
    "samplerate": 16000.0,
    "channels": 1.0,
    "audio_md5": "8ca9887bb1aa20a816baf191491c44fd",
    "loudness": -15.153051376342773,
    "dynamic_range": 0.0,
    "temporal_centroid": 0.48343729972839355,
    "log_attack_time": -0.5903236865997314,
    "filesize": 57948,
    "single_event": false,
    "tonality": "C major",
    "tonality_confidence": 0.7277592420578003,
    "loop": true,
    "tempo": 132,
    "tempo_confidence": 0.9616870880126953,
    "note_midi": 42,
    "note_name": "F#2",
    "note_frequency": 94.94711303710938,
    "note_confidence": 0.5376601815223694,
    "hardness": 39.864146758682324,
    "depth": 60.614094417793645,
    "brightness": 43.62515482503495,
    "roughness": 48.68298453991552,
    "warmth": 60.50274944731089,
    "sharpness": 27.262945305584402,
    "boominess": 40.56003743907919,
    "reverb": false,
    "genre": "Genre A",
    "mood": "Mood A"
}