{
    "duration": 1.809499979019165,
    "lossless": 1.0,
    "codec": "pcm_s16le",
    "bitrate": 256000.0,
    "samplerate": 16000.0,
    "channels": 1.0,
    "audio_md5": "35bd6160bf8c144422a788eee3e696c6",
    "loudness": -12.627030372619629,
    "dynamic_range": 0.0,
    "temporal_centroid": 0.5513826012611389,
    "log_attack_time": 0.1284622848033905,
    "filesize": 57948,
    "single_event": false,
    "tonality": "C major",
    "tonality_confidence": 0.6588693857192993,
    "loop": false,
    "tempo": 129,
    "tempo_confidence": 0.0,
    "note_midi": 61,
    "note_name": "C#4",
    "note_frequency": 275.60150146484375,
    "note_confidence": 0.5497117638587952,
    "hardness": 31.823595703786978,
    "depth": 37.89024238203284,
    "brightness": 36.17978987894607,
    "roughness": 50.46611061305771,
    "warmth": 62.893157337590395,
    "sharpness": 19.946162548365216,
    "boominess": 42.06291986469925,
    "reverb": false,
    "genre": "Genre A",
    "mood": "Mood A"
}