{
    "duration": 1.809499979019165,
    "lossless": 1.0,
    "codec": "pcm_s16le",
    "bitrate": 256000.0,
    "samplerate": 16000.0,
    "channels": 1.0,
    "audio_md5": "53be7eb622eb47baaffc45aedfafec73",
    "loudness": -28.40445327758789,
    "dynamic_range": 0.0,
    "temporal_centroid": 0.45492541790008545,
    "log_attack_time": -1.0926227569580078,
    "filesize": 57948,
    "single_event": false,
    "tonality": "G minor",
    "tonality_confidence": 0.8449729681015015,
    "loop": false,
    "tempo": 122,
    "tempo_confidence": 0.0,
    "note_midi": 33,
    "note_name": "A1",
    "note_frequency": 54.99702072143555,
    "note_confidence": 0.2931852340698242,
    "hardness": 61.52959209459479,
    "depth": 66.9742929172037,
    "brightness": 61.02878543533456,
    "roughness": 64.18089940622299,
    "warmth": 51.507275789127924,
    "sharpness": 50.12397769321045,
    "boominess": 33.111906059236105,
    "reverb": false,
    "genre": "Genre A",
    "mood": "Mood A"
}