{
    "duration": 1.809499979019165,
    "lossless": 1.0,
    "codec": "pcm_s16le",
    "bitrate": 256000.0,
    "samplerate": 16000.0,
    "channels": 1.0,
    "audio_md5": "5d170cdc2ad8591608743e5cb23212ee",
    "loudness": -25.894926071166992,
    "dynamic_range": 0.0,
    "temporal_centroid": 0.3151707947254181,
    "log_attack_time": -1.256159782409668,
    "filesize": 57948,
    "single_event": false,
    "tonality": "D minor",
    "tonality_confidence": 0.5625618696212769,
    "loop": false,
    "tempo": 129,
    "tempo_confidence": 0.0,
    "note_midi": 46,
    "note_name": "A#2",
    "note_frequency": 115.97770690917969,
    "note_confidence": 0.41364336013793945,
    "hardness": 51.0824753996618,
    "depth": 58.78927192802201,
    "brightness": 51.21459173432683,
    "roughness": 44.35279206523621,
    "warmth": 51.23381944404823,
    "sharpness": 30.54530127593516,
    "boominess": 43.69414782700157,
    "reverb": false,
    "genre": "Genre A",
    "mood": "Mood A"
}