{
    "duration": 1.809499979019165,
    "lossless": 1.0,
    "codec": "pcm_s16le",
    "bitrate": 256000.0,
    "samplerate": 16000.0,
    "channels": 1.0,
    "audio_md5": "5ceb79364b7b534f25fa78b86cc0213b",
    "loudness": -24.366933822631836,
    "dynamic_range": 0.0,
    "temporal_centroid": 0.5157687067985535,
    "log_attack_time": 0.13577787578105927,
    "filesize": 57948,
    "single_event": false,
    "tonality": "A# minor",
    "tonality_confidence": 0.5418497323989868,
    "loop": false,
    "tempo": 112,
    "tempo_confidence": 0.0,
    "note_midi": 34,
    "note_name": "A#1",
    "note_frequency": 59.516578674316406,
    "note_confidence": 0.36030447483062744,
    "hardness": 48.75314450869428,
    "depth": 66.8407174095832,
    "brightness": 39.3131398061917,
    "roughness": 38.03288467227881,
    "warmth": 59.145433212587335,
    "sharpness": 29.004617701084396,
    "boominess": 46.893379811135226,
    "reverb": false,
    "genre": "Genre A",
    "mood": "Mood A"
}