{
    "duration": 1.809499979019165,
    "lossless": 1.0,
    "codec": "pcm_s16le",
    "bitrate": 256000.0,
    "samplerate": 16000.0,
    "channels": 1.0,
    "audio_md5": "6c970d3fe62040fac7d2e118d6d03862",
    "loudness": -18.956148147583008,
    "dynamic_range": 0.0,
    "temporal_centroid": 0.43478119373321533,
    "log_attack_time": -0.04872196167707443,
    "filesize": 57948,
    "single_event": false,
    "tonality": "E minor",
    "tonality_confidence": 0.2311192750930786,
    "loop": false,
    "tempo": 129,
    "tempo_confidence": 0.0,
    "note_midi": 54,
    "note_name": "F#3",
    "note_frequency": 182.01324462890625,
    "note_confidence": 0.4480288028717041,
    "hardness": 46.27729991302735,
    "depth": 52.04870896360844,
    "brightness": 49.92755962870453,
    "roughness": 42.7615421634941,
    "warmth": 50.602969350683104,
    "sharpness": 35.18430623273085,
    "boominess": 41.93869333049862,
    "reverb": false,
    "genre": "Genre A",
    "mood": "Mood A"
}