{
    "duration": 1.809499979019165,
    "lossless": 1.0,
    "codec": "pcm_s16le",
    "bitrate": 256000.0,
    "samplerate": 16000.0,
    "channels": 1.0,
    "audio_md5": "e08d39d4d3e769eba552f6d18d584b72",
    "loudness": -24.533185958862305,
    "dynamic_range": 0.0,
    "temporal_centroid": 0.4033273160457611,
    "log_attack_time": -1.3707430362701416,
    "filesize": 57948,
    "single_event": false,
    "tonality": "A# major",
    "tonality_confidence": 0.49711552262306213,
    "loop": false,
    "tempo": 111,
    "tempo_confidence": 0.0,
    "note_midi": 45,
    "note_name": "A2",
    "note_frequency": 108.69940948486328,
    "note_confidence": 0.4511250853538513,
    "hardness": 51.929994840357296,
    "depth": 59.02115650932781,
    "brightness": 46.524421785329984,
    "roughness": 40.042999617479396,
    "warmth": 52.73925971962243,
    "sharpness": 32.74278712939072,
    "boominess": 42.9912681572214,
    "reverb": false,
    "genre": "Genre A",
    "mood": "Mood A"
}