{
    "duration": 1.809499979019165,
    "lossless": 1.0,
    "codec": "pcm_s16le",
    "bitrate": 256000.0,
    "samplerate": 16000.0,
    "channels": 1.0,
    "audio_md5": "96398ad9d178cfd5287650950a5f2e5e",
    "loudness": -20.348363876342773,
    "dynamic_range": 0.0,
    "temporal_centroid": 0.3713398873806,
    "log_attack_time": 0.026910150423645973,
    "filesize": 57948,
    "single_event": false,
    "tonality": "E major",
    "tonality_confidence": 0.7292725443840027,
    "loop": false,
    "tempo": 157,
    "tempo_confidence": 0.0,
    "note_midi": 60,
    "note_name": "C4",
    "note_frequency": 257.2501220703125,
    "note_confidence": 0.4782072901725769,
    "hardness": 55.34144838534283,
    "depth": 50.052446005249536,
    "brightness": 52.658068107337016,
    "roughness": 54.968634748459415,
    "warmth": 53.032070572641146,
    "sharpness": 42.909182496276436,
    "boominess": 34.00308109554763,
    "reverb": false,
    "genre": "Genre A",
    "mood": "Mood A"
}