{
    "duration": 1.809499979019165,
    "lossless": 1.0,
    "codec": "pcm_s16le",
    "bitrate": 256000.0,
    "samplerate": 16000.0,
    "channels": 1.0,
    "audio_md5": "8d36ab0acd4bf8bc9feef13e44231a5b",
    "loudness": -24.75558090209961,
    "dynamic_range": 0.0,
    "temporal_centroid": 0.48615914583206177,
    "log_attack_time": -1.6708489656448364,
    "filesize": 57948,
    "single_event": false,
    "tonality": "A# major",
    "tonality_confidence": 0.632997453212738,
    "loop": false,
    "tempo": 134,
    "tempo_confidence": 0.0,
    "note_midi": 43,
    "note_name": "G2",
    "note_frequency": 100.59418487548828,
    "note_confidence": 0.45378953218460083,
    "hardness": 66.71197246800176,
    "depth": 55.05961524850929,
    "brightness": 56.514955126035,
    "roughness": 55.14424612997014,
    "warmth": 51.70710921476015,
    "sharpness": 46.376616344461915,
    "boominess": 33.560917965317564,
    "reverb": false,
    "genre": "Genre A",
    "mood": "Mood A"
}