{
    "duration": 1.809499979019165,
    "lossless": 1.0,
    "codec": "pcm_s16le",
    "bitrate": 256000.0,
    "samplerate": 16000.0,
    "channels": 1.0,
    "audio_md5": "ff9cb3e06ca970d92eb5fce57b3859c4",
    "loudness": -25.21332359313965,
    "dynamic_range": 0.0,
    "temporal_centroid": 0.4699140191078186,
    "log_attack_time": -0.04674341157078743,
    "filesize": 57948,
    "single_event": false,
    "tonality": "C major",
    "tonality_confidence": 0.7063084244728088,
    "loop": false,
    "tempo": 172,
    "tempo_confidence": 0.0,
    "note_midi": 44,
    "note_name": "G#2",
    "note_frequency": 103.25765991210938,
    "note_confidence": 0.4201517105102539,
    "hardness": 51.40274647743871,
    "depth": 50.34307917476837,
    "brightness": 55.318337421661056,
    "roughness": 52.43404613381395,
    "warmth": 48.74292616182099,
    "sharpness": 41.083307960836045,
    "boominess": 36.24263621609129,
    "reverb": false,
    "genre": "Genre A",
    "mood": "Mood A"
}