{
    "duration": 1.809499979019165,
    "lossless": 1.0,
    "codec": "pcm_s16le",
    "bitrate": 256000.0,
    "samplerate": 16000.0,
    "channels": 1.0,
    "audio_md5": "eec82020a848ee2ea9c9793e62c9ad3a",
    "loudness": -30.4462947845459,
    "dynamic_range": 0.0,
    "temporal_centroid": 0.47932642698287964,
    "log_attack_time": -0.03367200866341591,
    "filesize": 57948,
    "single_event": false,
    "tonality": "E major",
    "tonality_confidence": 0.3770409822463989,
    "loop": false,
    "tempo": 129,
    "tempo_confidence": 0.0,
    "note_midi": 43,
    "note_name": "G2",
    "note_frequency": 97.08235168457031,
    "note_confidence": 0.04818010330200195,
    "hardness": 59.385444295510496,
    "depth": 63.8415194800318,
    "brightness": 58.31341592338564,
    "roughness": 55.591199079399445,
    "warmth": 51.531398133996056,
    "sharpness": 49.68160793007033,
    "boominess": 35.51172954874161,
    "reverb": false,
    "genre": "Genre A",
    "mood": "Mood A"
}