{
    "duration": 1.809499979019165,
    "lossless": 1.0,
    "codec": "pcm_s16le",
    "bitrate": 256000.0,
    "samplerate": 16000.0,
    "channels": 1.0,
    "audio_md5": "a9016784f5507afd563ee3b5e15f3466",
    "loudness": -14.465813636779785,
    "dynamic_range": 0.0,
    "temporal_centroid": 0.6677829623222351,
    "log_attack_time": 0.21375560760498047,
    "filesize": 57948,
    "single_event": false,
    "tonality": "G minor",
    "tonality_confidence": 0.818518340587616,
    "loop": false,
    "tempo": 126,
    "tempo_confidence": 0.0,
    "note_midi": 35,
    "note_name": "B1",
    "note_frequency": 63.363948822021484,
    "note_confidence": 0.3553311228752136,
    "hardness": 37.56528573579732,
    "depth": 65.5351288890587,
    "brightness": 39.64882726602487,
    "roughness": 42.744461364164266,
    "warmth": 61.7194816001234,
    "sharpness": 34.400705893754804,
    "boominess": 46.631684837795035,
    "reverb": false,
    "genre": "Genre B",
    "mood": "Mood B"
}