{
    "duration": 1.809499979019165,
    "lossless": 1.0,
    "codec": "pcm_s16le",
    "bitrate": 256000.0,
    "samplerate": 16000.0,
    "channels": 1.0,
    "audio_md5": "aefd8d1333ab981b414628e9fa95e4c7",
    "loudness": -23.143320083618164,
    "dynamic_range": 0.0,
    "temporal_centroid": 0.5522036552429199,
    "log_attack_time": 0.13306070864200592,
    "filesize": 57948,
    "single_event": false,
    "tonality": "A# major",
    "tonality_confidence": 0.44538795948028564,
    "loop": false,
    "tempo": 131,
    "tempo_confidence": 0.0,
    "note_midi": 49,
    "note_name": "C#3",
    "note_frequency": 142.6248779296875,
    "note_confidence": 0.4857218265533447,
    "hardness": 45.130673874134715,
    "depth": 58.5939393708182,
    "brightness": 48.04124540696021,
    "roughness": 45.559235385827556,
    "warmth": 55.672018904433955,
    "sharpness": 33.884903420917865,
    "boominess": 39.299665332549495,
    "reverb": false,
    "genre": "Genre A",
    "mood": "Mood A"
}