{
    "duration": 1.809499979019165,
    "lossless": 1.0,
    "codec": "pcm_s16le",
    "bitrate": 256000.0,
    "samplerate": 16000.0,
    "channels": 1.0,
    "audio_md5": "6b0b654608d5a6003e8421ef22f5e6e5",
    "loudness": -32.83869552612305,
    "dynamic_range": 0.0,
    "temporal_centroid": 0.4983677268028259,
    "log_attack_time": -2.6070120334625244,
    "filesize": 57948,
    "single_event": false,
    "tonality": "G minor",
    "tonality_confidence": 0.5466483235359192,
    "loop": false,
    "tempo": 178,
    "tempo_confidence": 0.0,
    "note_midi": 40,
    "note_name": "E2",
    "note_frequency": 81.7764663696289,
    "note_confidence": 0.4794326424598694,
    "hardness": 55.152499179160685,
    "depth": 35.84413062265902,
    "brightness": 60.24747229919387,
    "roughness": 52.744552033590416,
    "warmth": 47.58113563937988,
    "sharpness": 44.93603219500675,
    "boominess": 33.982830489611786,
    "reverb": false,
    "genre": "Genre B",
    "mood": "Mood B"
}