{
    "duration": 1.809499979019165,
    "lossless": 1.0,
    "codec": "pcm_s16le",
    "bitrate": 256000.0,
    "samplerate": 16000.0,
    "channels": 1.0,
    "audio_md5": "6c34db50b443fbd65c581e524e2753cd",
    "loudness": -24.491701126098633,
    "dynamic_range": 0.0,
    "temporal_centroid": 0.5811309814453125,
    "log_attack_time": 0.16402222216129303,
    "filesize": 57948,
    "single_event": false,
    "tonality": "G# minor",
    "tonality_confidence": 0.41867440938949585,
    "loop": false,
    "tempo": 163,
    "tempo_confidence": 0.0,
    "note_midi": 34,
    "note_name": "A#1",
    "note_frequency": 58.53807067871094,
    "note_confidence": 0.7775272727012634,
    "hardness": 50.55361207299862,
    "depth": 49.94762701597729,
    "brightness": 49.85105192362909,
    "roughness": 45.984522685254326,
    "warmth": 52.77445316360579,
    "sharpness": 37.754317902672476,
    "boominess": 42.79591503445919,
    "reverb": false,
    "genre": "Genre A",
    "mood": "Mood A"
}