{
    "duration": 1.809499979019165,
    "lossless": 1.0,
    "codec": "pcm_s16le",
    "bitrate": 256000.0,
    "samplerate": 16000.0,
    "channels": 1.0,
    "audio_md5": "b8b6e24c8d101e3c1610f663eb61ae1a",
    "loudness": -10.067220687866211,
    "dynamic_range": 0.0,
    "temporal_centroid": 0.5359073281288147,
    "log_attack_time": -0.03786378726363182,
    "filesize": 57948,
    "single_event": false,
    "tonality": "F# minor",
    "tonality_confidence": 0.44774919748306274,
    "loop": false,
    "tempo": 133,
    "tempo_confidence": 0.0,
    "note_midi": 61,
    "note_name": "C#4",
    "note_frequency": 277.5242919921875,
    "note_confidence": 0.5850865840911865,
    "hardness": 34.45640817305146,
    "depth": 49.71075917477782,
    "brightness": 37.72191914376598,
    "roughness": 50.56109837038357,
    "warmth": 62.547554271035544,
    "sharpness": 23.14952534308364,
    "boominess": 41.08922470063044,
    "reverb": false,
    "genre": "Genre A",
    "mood": "Mood A"
}