{
    "duration": 1.809499979019165,
    "lossless": 1.0,
    "codec": "pcm_s16le",
    "bitrate": 256000.0,
    "samplerate": 16000.0,
    "channels": 1.0,
    "audio_md5": "635fa23faf8f87a34c169551c465882e",
    "loudness": -25.508161544799805,
    "dynamic_range": 0.0,
    "temporal_centroid": 0.2783486545085907,
    "log_attack_time": -1.3022133111953735,
    "filesize": 57948,
    "single_event": false,
    "tonality": "G major",
    "tonality_confidence": 0.701622486114502,
    "loop": false,
    "tempo": 136,
    "tempo_confidence": 0.0,
    "note_midi": 43,
    "note_name": "G2",
    "note_frequency": 96.2888412475586,
    "note_confidence": 0.4277341365814209,
    "hardness": 48.691884510273326,
    "depth": 60.84280132070789,
    "brightness": 50.091175014855885,
    "roughness": 42.49775951477308,
    "warmth": 52.36349873035875,
    "sharpness": 28.01316867675213,
    "boominess": 45.04446553633558,
    "reverb": false,
    "genre": "Genre A",
    "mood": "Mood A"
}