{
    "duration": 1.809499979019165,
    "lossless": 1.0,
    "codec": "pcm_s16le",
    "bitrate": 256000.0,
    "samplerate": 16000.0,
    "channels": 1.0,
    "audio_md5": "7d8a18fb06ef714bb39537475ff44cc6",
    "loudness": -20.273754119873047,
    "dynamic_range": 0.0,
    "temporal_centroid": 0.41942915320396423,
    "log_attack_time": 0.13258202373981476,
    "filesize": 57948,
    "single_event": false,
    "tonality": "E minor",
    "tonality_confidence": 0.4992034435272217,
    "loop": false,
    "tempo": 129,
    "tempo_confidence": 0.0,
    "note_midi": 42,
    "note_name": "F#2",
    "note_frequency": 90.87193298339844,
    "note_confidence": 0.4410807490348816,
    "hardness": 46.65171218503261,
    "depth": 59.243594311986676,
    "brightness": 47.404165747584145,
    "roughness": 47.19244989343623,
    "warmth": 54.833363589894006,
    "sharpness": 28.44148832125502,
    "boominess": 42.039101627775125,
    "reverb": false,
    "genre": "Genre A",
    "mood": "Mood A"
}