{
    "duration": 1.809499979019165,
    "lossless": 1.0,
    "codec": "pcm_s16le",
    "bitrate": 256000.0,
    "samplerate": 16000.0,
    "channels": 1.0,
    "audio_md5": "83685d91dd071b068c1f03de58ed0976",
    "loudness": -21.86195182800293,
    "dynamic_range": 0.0,
    "temporal_centroid": 0.42468613386154175,
    "log_attack_time": 0.06988277286291122,
    "filesize": 57948,
    "single_event": false,
    "tonality": "C major",
    "tonality_confidence": 0.7606489062309265,
    "loop": false,
    "tempo": 199,
    "tempo_confidence": 0.0,
    "note_midi": 61,
    "note_name": "C#4",
    "note_frequency": 270.65570068359375,
    "note_confidence": 0.5778965353965759,
    "hardness": 38.51253064852156,
    "depth": 40.347652543173936,
    "brightness": 35.38423290911569,
    "roughness": 46.48229053456867,
    "warmth": 62.822763394174224,
    "sharpness": 22.26815472547206,
    "boominess": 43.784965071303006,
    "reverb": false,
    "genre": "Genre A",
    "mood": "Mood A"
}