{
    "duration": 1.809499979019165,
    "lossless": 1.0,
    "codec": "pcm_s16le",
    "bitrate": 256000.0,
    "samplerate": 16000.0,
    "channels": 1.0,
    "audio_md5": "715040e3828ee22c1dd2d9b33f2a7057",
    "loudness": -32.884132385253906,
    "dynamic_range": 0.0,
    "temporal_centroid": 0.22996008396148682,
    "log_attack_time": -2.5952205657958984,
    "filesize": 57948,
    "single_event": false,
    "tonality": "B minor",
    "tonality_confidence": 0.7689787149429321,
    "loop": false,
    "tempo": 136,
    "tempo_confidence": 0.0,
    "note_midi": 31,
    "note_name": "G1",
    "note_frequency": 49.17705535888672,
    "note_confidence": 0.7421988248825073,
    "hardness": 66.45765181887955,
    "depth": 40.219750865787844,
    "brightness": 45.54287185625323,
    "roughness": 36.23801598032536,
    "warmth": 54.694800355662636,
    "sharpness": 45.69937238377648,
    "boominess": 41.10779621806641,
    "reverb": false,
    "genre": "Genre B",
    "mood": "Mood B"
}