{
    "duration": 1.809499979019165,
    "lossless": 1.0,
    "codec": "pcm_s16le",
    "bitrate": 256000.0,
    "samplerate": 16000.0,
    "channels": 1.0,
    "audio_md5": "32929d5d4a9b29dc2d2c9b4e5d33b0a2",
    "loudness": -43.41626739501953,
    "dynamic_range": 0.0,
    "temporal_centroid": 0.43324965238571167,
    "log_attack_time": 0.2568071782588959,
    "filesize": 57948,
    "single_event": false,
    "tonality": "C minor",
    "tonality_confidence": 0.5344333648681641,
    "loop": false,
    "tempo": 136,
    "tempo_confidence": 0.0,
    "note_midi": 35,
    "note_name": "B1",
    "note_frequency": 63.20461654663086,
    "note_confidence": 0.4775264859199524,
    "hardness": 55.619244455933625,
    "depth": 30.521485807083273,
    "brightness": 55.644737008521915,
    "roughness": 46.70470707856812,
    "warmth": 51.32272380584635,
    "sharpness": 48.66442924254197,
    "boominess": 38.926054289804505,
    "reverb": false,
    "genre": "Genre B",
    "mood": "Mood B"
}