{
    "duration": 1.809499979019165,
    "lossless": 1.0,
    "codec": "pcm_s16le",
    "bitrate": 256000.0,
    "samplerate": 16000.0,
    "channels": 1.0,
    "audio_md5": "fdbf8bb7a8a95c49e0d7266f390a70a0",
    "loudness": -28.4573974609375,
    "dynamic_range": 0.0,
    "temporal_centroid": 0.26254045963287354,
    "log_attack_time": -1.3647716045379639,
    "filesize": 57948,
    "single_event": false,
    "tonality": "A# major",
    "tonality_confidence": 0.3479045331478119,
    "loop": false,
    "tempo": 115,
    "tempo_confidence": 0.0,
    "note_midi": 46,
    "note_name": "A#2",
    "note_frequency": 118.66670989990234,
    "note_confidence": 0.582891583442688,
    "hardness": 46.52509497365236,
    "depth": 53.14219784622866,
    "brightness": 38.690277420745254,
    "roughness": 37.59783348079109,
    "warmth": 55.023033207888695,
    "sharpness": 34.65520058000938,
    "boominess": 46.50476402420956,
    "reverb": false,
    "genre": "Genre A",
    "mood": "Mood A"
}