{
    "duration": 1.809499979019165,
    "lossless": 1.0,
    "codec": "pcm_s16le",
    "bitrate": 256000.0,
    "samplerate": 16000.0,
    "channels": 1.0,
    "audio_md5": "8bda629b58a81b6d92a00c1fa5f5fde5",
    "loudness": -26.735261917114258,
    "dynamic_range": 0.0,
    "temporal_centroid": 0.498096227645874,
    "log_attack_time": 0.13611634075641632,
    "filesize": 57948,
    "single_event": false,
    "tonality": "A# minor",
    "tonality_confidence": 0.7637388110160828,
    "loop": false,
    "tempo": 89,
    "tempo_confidence": 0.0,
    "note_midi": 46,
    "note_name": "A#2",
    "note_frequency": 118.5342025756836,
    "note_confidence": 0.1716204285621643,
    "hardness": 35.29891968860004,
    "depth": 65.10422115373335,
    "brightness": 39.63376284101676,
    "roughness": 38.3924480962705,
    "warmth": 58.31993344876552,
    "sharpness": 20.917891769517993,
    "boominess": 50.274803136002575,
    "reverb": false,
    "genre": "Genre B",
    "mood": "Mood B"
}