{
    "duration": 1.809499979019165,
    "lossless": 1.0,
    "codec": "pcm_s16le",
    "bitrate": 256000.0,
    "samplerate": 16000.0,
    "channels": 1.0,
    "audio_md5": "835830af7afd3d29d214d5e2115541f8",
    "loudness": -19.9243106842041,
    "dynamic_range": 0.0,
    "temporal_centroid": 0.4395870864391327,
    "log_attack_time": -0.04293268546462059,
    "filesize": 57948,
    "single_event": false,
    "tonality": "G major",
    "tonality_confidence": 0.48339036107063293,
    "loop": true,
    "tempo": 132,
    "tempo_confidence": 0.9616870880126953,
    "note_midi": 39,
    "note_name": "D#2",
    "note_frequency": 76.99894714355469,
    "note_confidence": 0.3907510042190552,
    "hardness": 43.59419692898484,
    "depth": 60.28342753028609,
    "brightness": 49.80822741180918,
    "roughness": 42.808512578331296,
    "warmth": 53.874296716405105,
    "sharpness": 34.97907163682443,
    "boominess": 41.47128699053853,
    "reverb": false,
    "genre": "Genre A",
    "mood": "Mood A"
}