{
    "duration": 1.809499979019165,
    "lossless": 1.0,
    "codec": "pcm_s16le",
    "bitrate": 256000.0,
    "samplerate": 16000.0,
    "channels": 1.0,
    "audio_md5": "ed49375e91e6970f96f51a2d9795ed73",
    "loudness": -10.452208518981934,
    "dynamic_range": 0.0,
    "temporal_centroid": 0.4784468710422516,
    "log_attack_time": -1.3397326469421387,
    "filesize": 57948,
    "single_event": false,
    "tonality": "F major",
    "tonality_confidence": 0.7685383558273315,
    "loop": false,
    "tempo": 136,
    "tempo_confidence": 0.0,
    "note_midi": 29,
    "note_name": "F1",
    "note_frequency": 43.024391174316406,
    "note_confidence": 0.20980125665664673,
    "hardness": 35.25100201321092,
    "depth": 73.18059553495273,
    "brightness": 33.87678608611063,
    "roughness": 44.19367894004072,
    "warmth": 60.90347965402032,
    "sharpness": 42.14889126512627,
    "boominess": 46.49958205992043,
    "reverb": false,
    "genre": "Genre B",
    "mood": "Mood B"
}