{
    "duration": 1.809499979019165,
    "lossless": 1.0,
    "codec": "pcm_s16le",
    "bitrate": 256000.0,
    "samplerate": 16000.0,
    "channels": 1.0,
    "audio_md5": "e1ec516afd24503c26608256b76194b6",
    "loudness": -16.857969284057617,
    "dynamic_range": 0.0,
    "temporal_centroid": 0.20771346986293793,
    "log_attack_time": -1.3382281064987183,
    "filesize": 57948,
    "single_event": false,
    "tonality": "D major",
    "tonality_confidence": 0.5629727244377136,
    "loop": false,
    "tempo": 178,
    "tempo_confidence": 0.0,
    "note_midi": 34,
    "note_name": "A#1",
    "note_frequency": 58.677059173583984,
    "note_confidence": 0.06525027751922607,
    "hardness": 39.134046573592954,
    "depth": 69.75403720318843,
    "brightness": 45.860805082838795,
    "roughness": 28.089670080357937,
    "warmth": 52.44897609339719,
    "sharpness": 32.2571248291809,
    "boominess": 52.67640927250301,
    "reverb": false,
    "genre": "Genre A",
    "mood": "Mood A"
}