{
    "duration": 1.809499979019165,
    "lossless": 1.0,
    "codec": "pcm_s16le",
    "bitrate": 256000.0,
    "samplerate": 16000.0,
    "channels": 1.0,
    "audio_md5": "13b2756790713d13269b8662322a2065",
    "loudness": -18.40276336669922,
    "dynamic_range": 0.0,
    "temporal_centroid": 0.518582284450531,
    "log_attack_time": -1.4206833839416504,
    "filesize": 57948,
    "single_event": false,
    "tonality": "A major",
    "tonality_confidence": 0.5869370102882385,
    "loop": false,
    "tempo": 103,
    "tempo_confidence": 0.0,
    "note_midi": 61,
    "note_name": "C#4",
    "note_frequency": 270.66534423828125,
    "note_confidence": 0.5104814767837524,
    "hardness": 43.80173258018996,
    "depth": 54.27702908247876,
    "brightness": 45.60556347821522,
    "roughness": 48.43265121571532,
    "warmth": 58.79244439891543,
    "sharpness": 27.278090563303948,
    "boominess": 38.91032663276779,
    "reverb": false,
    "genre": "Genre A",
    "mood": "Mood A"
}