{
    "duration": 1.809499979019165,
    "lossless": 1.0,
    "codec": "pcm_s16le",
    "bitrate": 256000.0,
    "samplerate": 16000.0,
    "channels": 1.0,
    "audio_md5": "30d4c0cc5bbcad8a610d98a50d4ec240",
    "loudness": -11.09850025177002,
    "dynamic_range": 0.0,
    "temporal_centroid": 0.42950332164764404,
    "log_attack_time": -1.3700498342514038,
    "filesize": 57948,
    "single_event": false,
    "tonality": "C major",
    "tonality_confidence": 0.6637140512466431,
    "loop": false,
    "tempo": 122,
    "tempo_confidence": 0.0,
    "note_midi": 29,
    "note_name": "F1",
    "note_frequency": 43.024391174316406,
    "note_confidence": 0.3151962161064148,
    "hardness": 36.39393986340717,
    "depth": 69.60996244495689,
    "brightness": 36.27764135882727,
    "roughness": 43.46122285989899,
    "warmth": 58.86712134715084,
    "sharpness": 41.13039328763137,
    "boominess": 47.18432426153511,
    "reverb": false,
    "genre": "Genre A",
    "mood": "Mood A"
}