{
    "duration": 1.809499979019165,
    "lossless": 1.0,
    "codec": "pcm_s16le",
    "bitrate": 256000.0,
    "samplerate": 16000.0,
    "channels": 1.0,
    "audio_md5": "c7fb84d9a40d568d0af7173615493bcb",
    "loudness": -19.45830726623535,
    "dynamic_range": 0.0,
    "temporal_centroid": 0.25487348437309265,
    "log_attack_time": -1.4518711566925049,
    "filesize": 57948,
    "single_event": false,
    "tonality": "A# minor",
    "tonality_confidence": 0.38785672187805176,
    "loop": false,
    "tempo": 133,
    "tempo_confidence": 0.0,
    "note_midi": 36,
    "note_name": "C2",
    "note_frequency": 64.78153991699219,
    "note_confidence": 0.10499989986419678,
    "hardness": 41.708029163390634,
    "depth": 69.62482473702012,
    "brightness": 42.53052187261198,
    "roughness": 37.42712830683902,
    "warmth": 57.98628191964444,
    "sharpness": 36.37888653777875,
    "boominess": 48.34209359143802,
    "reverb": false,
    "genre": "Genre A",
    "mood": "Mood A"
}