{
    "duration": 1.809499979019165,
    "lossless": 1.0,
    "codec": "pcm_s16le",
    "bitrate": 256000.0,
    "samplerate": 16000.0,
    "channels": 1.0,
    "audio_md5": "fc55d1605078c4d109d8a73de7961fa6",
    "loudness": -23.552751541137695,
    "dynamic_range": 0.0,
    "temporal_centroid": 0.44894975423812866,
    "log_attack_time": -0.35733139514923096,
    "filesize": 57948,
    "single_event": false,
    "tonality": "E major",
    "tonality_confidence": 0.556176483631134,
    "loop": false,
    "tempo": 126,
    "tempo_confidence": 0.0,
    "note_midi": 42,
    "note_name": "F#2",
    "note_frequency": 92.38994598388672,
    "note_confidence": 0.47022801637649536,
    "hardness": 50.234676346535,
    "depth": 58.97514382075224,
    "brightness": 47.509810817282215,
    "roughness": 45.290970117210335,
    "warmth": 56.290148162629976,
    "sharpness": 34.061019280578975,
    "boominess": 38.8033565686128,
    "reverb": false,
    "genre": "Genre A",
    "mood": "Mood A"
}