{
    "duration": 1.809499979019165,
    "lossless": 1.0,
    "codec": "pcm_s16le",
    "bitrate": 256000.0,
    "samplerate": 16000.0,
    "channels": 1.0,
    "audio_md5": "e69f1612aa69c5dc0d6bb500e0822d19",
    "loudness": -20.521121978759766,
    "dynamic_range": 0.0,
    "temporal_centroid": 0.22103813290596008,
    "log_attack_time": -0.7827847003936768,
    "filesize": 57948,
    "single_event": false,
    "tonality": "G major",
    "tonality_confidence": 0.7411442995071411,
    "loop": false,
    "tempo": 163,
    "tempo_confidence": 0.0,
    "note_midi": 33,
    "note_name": "A1",
    "note_frequency": 53.4760627746582,
    "note_confidence": 0.0445902943611145,
    "hardness": 45.93556697903759,
    "depth": 66.6004470632046,
    "brightness": 48.756480159320034,
    "roughness": 32.48597879282444,
    "warmth": 53.174149839371786,
    "sharpness": 39.810029177112426,
    "boominess": 48.898255196400285,
    "reverb": false,
    "genre": "Genre A",
    "mood": "Mood A"
}