{
    "duration": 1.809499979019165,
    "lossless": 1.0,
    "codec": "pcm_s16le",
    "bitrate": 256000.0,
    "samplerate": 16000.0,
    "channels": 1.0,
    "audio_md5": "65cc40ee3738552fe2a26283654f9b74",
    "loudness": -25.87131690979004,
    "dynamic_range": 0.0,
    "temporal_centroid": 0.5647938251495361,
    "log_attack_time": 0.13672058284282684,
    "filesize": 57948,
    "single_event": false,
    "tonality": "G# minor",
    "tonality_confidence": 0.19092029333114624,
    "loop": false,
    "tempo": 129,
    "tempo_confidence": 0.0,
    "note_midi": 61,
    "note_name": "C#4",
    "note_frequency": 281.045166015625,
    "note_confidence": 0.5863667726516724,
    "hardness": 45.81669680047753,
    "depth": 43.50483462863782,
    "brightness": 42.4444645436365,
    "roughness": 39.49052214372249,
    "warmth": 54.48107432174455,
    "sharpness": 25.371100368509204,
    "boominess": 41.05420699310913,
    "reverb": false,
    "genre": "Genre A",
    "mood": "Mood A"
}