{
    "duration": 1.809499979019165,
    "lossless": 1.0,
    "codec": "pcm_s16le",
    "bitrate": 256000.0,
    "samplerate": 16000.0,
    "channels": 1.0,
    "audio_md5": "37b397482d9d11287df06068d2f9c212",
    "loudness": -20.413612365722656,
    "dynamic_range": 0.0,
    "temporal_centroid": 0.5728499293327332,
    "log_attack_time": 0.13216088712215424,
    "filesize": 57948,
    "single_event": false,
    "tonality": "D minor",
    "tonality_confidence": 0.3407101333141327,
    "loop": false,
    "tempo": 129,
    "tempo_confidence": 0.0,
    "note_midi": 41,
    "note_name": "F2",
    "note_frequency": 88.95569610595703,
    "note_confidence": 0.46559637784957886,
    "hardness": 46.25859648409494,
    "depth": 59.218234490345324,
    "brightness": 48.15192766461785,
    "roughness": 41.01074618981102,
    "warmth": 52.40461373716121,
    "sharpness": 23.423228984664362,
    "boominess": 45.92174490517921,
    "reverb": false,
    "genre": "Genre A",
    "mood": "Mood A"
}