{
    "duration": 1.809499979019165,
    "lossless": 1.0,
    "codec": "pcm_s16le",
    "bitrate": 256000.0,
    "samplerate": 16000.0,
    "channels": 1.0,
    "audio_md5": "9f0e8ab563e31f7d82fdaaa99787c9ba",
    "loudness": -27.543516159057617,
    "dynamic_range": 0.0,
    "temporal_centroid": 0.2657138705253601,
    "log_attack_time": -1.2575830221176147,
    "filesize": 57948,
    "single_event": false,
    "tonality": "C# minor",
    "tonality_confidence": 0.4713878333568573,
    "loop": false,
    "tempo": 133,
    "tempo_confidence": 0.0,
    "note_midi": 50,
    "note_name": "D3",
    "note_frequency": 145.98179626464844,
    "note_confidence": 0.5337786674499512,
    "hardness": 48.56344020515607,
    "depth": 60.2290269200345,
    "brightness": 44.26361006960989,
    "roughness": 39.87997745676511,
    "warmth": 53.96687221485978,
    "sharpness": 35.60194457912312,
    "boominess": 43.525410121774954,
    "reverb": false,
    "genre": "Genre A",
    "mood": "Mood A"
}