{
    "duration": 1.809499979019165,
    "lossless": 1.0,
    "codec": "pcm_s16le",
    "bitrate": 256000.0,
    "samplerate": 16000.0,
    "channels": 1.0,
    "audio_md5": "ca58965c069fd9a5018b6e08243eb3fb",
    "loudness": -12.582388877868652,
    "dynamic_range": 0.0,
    "temporal_centroid": 0.4022686183452606,
    "log_attack_time": -1.4378825426101685,
    "filesize": 57948,
    "single_event": false,
    "tonality": "G# major",
    "tonality_confidence": 0.6645583510398865,
    "loop": false,
    "tempo": 123,
    "tempo_confidence": 0.0,
    "note_midi": 30,
    "note_name": "F#1",
    "note_frequency": 47.14451217651367,
    "note_confidence": 0.0,
    "hardness": 47.27322520380093,
    "depth": 67.69226653567303,
    "brightness": 25.449818175597134,
    "roughness": 42.39869343296071,
    "warmth": 61.29664231131419,
    "sharpness": 32.855458490649134,
    "boominess": 52.21047867212479,
    "reverb": false,
    "genre": "Genre A",
    "mood": "Mood A"
}