{
    "duration": 1.809499979019165,
    "lossless": 1.0,
    "codec": "pcm_s16le",
    "bitrate": 256000.0,
    "samplerate": 16000.0,
    "channels": 1.0,
    "audio_md5": "c9c4c1e8c02d506083cf56b02bb10183",
    "loudness": -17.002845764160156,
    "dynamic_range": 0.0,
    "temporal_centroid": 0.21945397555828094,
    "log_attack_time": -1.2519174814224243,
    "filesize": 57948,
    "single_event": false,
    "tonality": "F major",
    "tonality_confidence": 0.6859177947044373,
    "loop": false,
    "tempo": 134,
    "tempo_confidence": 0.0,
    "note_midi": 34,
    "note_name": "A#1",
    "note_frequency": 57.97910690307617,
    "note_confidence": 0.2497544288635254,
    "hardness": 43.256243818742576,
    "depth": 73.37765935912464,
    "brightness": 47.53632887463401,
    "roughness": 34.84038549695559,
    "warmth": 56.525507839753516,
    "sharpness": 36.39315514279926,
    "boominess": 50.3102015772391,
    "reverb": false,
    "genre": "Genre A",
    "mood": "Mood A"
}