{
    "duration": 1.809499979019165,
    "lossless": 1.0,
    "codec": "pcm_s16le",
    "bitrate": 256000.0,
    "samplerate": 16000.0,
    "channels": 1.0,
    "audio_md5": "23ff70c43a6844280667bcb763d20008",
    "loudness": -30.7875919342041,
    "dynamic_range": 0.0,
    "temporal_centroid": 0.5515870451927185,
    "log_attack_time": -0.04144586622714996,
    "filesize": 57948,
    "single_event": false,
    "tonality": "A# major",
    "tonality_confidence": 0.5273445844650269,
    "loop": false,
    "tempo": 161,
    "tempo_confidence": 0.0,
    "note_midi": 34,
    "note_name": "A#1",
    "note_frequency": 58.106361389160156,
    "note_confidence": 0.7755793929100037,
    "hardness": 58.07661147648332,
    "depth": 45.06651858141134,
    "brightness": 60.4465797851178,
    "roughness": 52.74970445262045,
    "warmth": 45.998212875297135,
    "sharpness": 45.03895464054446,
    "boominess": 34.036849774851234,
    "reverb": false,
    "genre": "Genre B",
    "mood": "Mood B"
}