{
    "duration": 1.809499979019165,
    "lossless": 1.0,
    "codec": "pcm_s16le",
    "bitrate": 256000.0,
    "samplerate": 16000.0,
    "channels": 1.0,
    "audio_md5": "13ff3635b72e6851a6fe76e86ed6d69a",
    "loudness": -9.575201988220215,
    "dynamic_range": 0.0,
    "temporal_centroid": 0.5226637721061707,
    "log_attack_time": -0.21068474650382996,
    "filesize": 57948,
    "single_event": false,
    "tonality": "D minor",
    "tonality_confidence": 0.5661311149597168,
    "loop": false,
    "tempo": 114,
    "tempo_confidence": 0.0,
    "note_midi": 43,
    "note_name": "G2",
    "note_frequency": 97.80198669433594,
    "note_confidence": 0.5598467588424683,
    "hardness": 51.63357933339134,
    "depth": 62.33877853221699,
    "brightness": 41.540574224308344,
    "roughness": 52.25988755891357,
    "warmth": 61.274733474445604,
    "sharpness": 25.441609794945148,
    "boominess": 38.92150789792689,
    "reverb": false,
    "genre": "Genre A",
    "mood": "Mood A"
}