{
    "duration": 1.809499979019165,
    "lossless": 1.0,
    "codec": "pcm_s16le",
    "bitrate": 256000.0,
    "samplerate": 16000.0,
    "channels": 1.0,
    "audio_md5": "4a58744caf991cfcc65e108091673dd8",
    "loudness": -16.817941665649414,
    "dynamic_range": 0.0,
    "temporal_centroid": 0.5528848171234131,
    "log_attack_time": -0.6043903231620789,
    "filesize": 57948,
    "single_event": false,
    "tonality": "G minor",
    "tonality_confidence": 0.6109176278114319,
    "loop": false,
    "tempo": 131,
    "tempo_confidence": 0.0,
    "note_midi": 36,
    "note_name": "C2",
    "note_frequency": 66.7764892578125,
    "note_confidence": 0.3735799193382263,
    "hardness": 42.815881287644686,
    "depth": 65.54770688812336,
    "brightness": 43.620114531738054,
    "roughness": 51.73207299994447,
    "warmth": 62.458349695419024,
    "sharpness": 29.063813493768063,
    "boominess": 42.223871740510006,
    "reverb": false,
    "genre": "Genre A",
    "mood": "Mood A"
}