{
    "duration": 1.809499979019165,
    "lossless": 1.0,
    "codec": "pcm_s16le",
    "bitrate": 256000.0,
    "samplerate": 16000.0,
    "channels": 1.0,
    "audio_md5": "bba77e51604bdc1ca72f1ee5bd67dc31",
    "loudness": -11.658059120178223,
    "dynamic_range": 0.0,
    "temporal_centroid": 0.27282342314720154,
    "log_attack_time": -0.527930498123169,
    "filesize": 57948,
    "single_event": false,
    "tonality": "C major",
    "tonality_confidence": 0.5864393711090088,
    "loop": false,
    "tempo": 125,
    "tempo_confidence": 0.0,
    "note_midi": 31,
    "note_name": "G1",
    "note_frequency": 48.29627227783203,
    "note_confidence": 0.04894709587097168,
    "hardness": 38.43712358905701,
    "depth": 70.16496401219447,
    "brightness": 43.499057828609075,
    "roughness": 35.90436924980405,
    "warmth": 54.33369808577518,
    "sharpness": 41.1041058287405,
    "boominess": 49.30770476176806,
    "reverb": false,
    "genre": "Genre B",
    "mood": "Mood B"
}