{
    "duration": 1.809499979019165,
    "lossless": 1.0,
    "codec": "pcm_s16le",
    "bitrate": 256000.0,
    "samplerate": 16000.0,
    "channels": 1.0,
    "audio_md5": "414a39a88380b1545b9e9bf75fc1ef7f",
    "loudness": -20.262950897216797,
    "dynamic_range": 0.0,
    "temporal_centroid": 0.27307042479515076,
    "log_attack_time": -1.3994197845458984,
    "filesize": 57948,
    "single_event": false,
    "tonality": "F major",
    "tonality_confidence": 0.5819861888885498,
    "loop": false,
    "tempo": 136,
    "tempo_confidence": 0.0,
    "note_midi": 34,
    "note_name": "A#1",
    "note_frequency": 57.708221435546875,
    "note_confidence": 0.06368833780288696,
    "hardness": 46.43221016783605,
    "depth": 68.63396853506173,
    "brightness": 44.75427674701963,
    "roughness": 38.03982123416144,
    "warmth": 56.05415345515212,
    "sharpness": 42.36003738546506,
    "boominess": 46.25349326616649,
    "reverb": false,
    "genre": "Genre B",
    "mood": "Mood B"
}