{
    "duration": 1.809499979019165,
    "lossless": 1.0,
    "codec": "pcm_s16le",
    "bitrate": 256000.0,
    "samplerate": 16000.0,
    "channels": 1.0,
    "audio_md5": "0a91476e25698ef2f2ca3f31195e2e77",
    "loudness": -32.87315368652344,
    "dynamic_range": 0.0,
    "temporal_centroid": 0.5221399068832397,
    "log_attack_time": -0.054879918694496155,
    "filesize": 57948,
    "single_event": false,
    "tonality": "A# major",
    "tonality_confidence": 0.6569655537605286,
    "loop": false,
    "tempo": 128,
    "tempo_confidence": 0.0,
    "note_midi": 56,
    "note_name": "G#3",
    "note_frequency": 213.03695678710938,
    "note_confidence": 0.0,
    "hardness": 59.91763179223736,
    "depth": 64.4191412519364,
    "brightness": 62.2521760303931,
    "roughness": 58.14287131745657,
    "warmth": 49.553290852105995,
    "sharpness": 52.17727333795838,
    "boominess": 32.04895585151945,
    "reverb": false,
    "genre": "Genre B",
    "mood": "Mood B"
}