{
    "duration": 1.809499979019165,
    "lossless": 1.0,
    "codec": "pcm_s16le",
    "bitrate": 256000.0,
    "samplerate": 16000.0,
    "channels": 1.0,
    "audio_md5": "0eccd0ba6bbc15dec27f87a8c376ca47",
    "loudness": -16.922266006469727,
    "dynamic_range": 0.0,
    "temporal_centroid": 0.35487836599349976,
    "log_attack_time": -1.3721327781677246,
    "filesize": 57948,
    "single_event": false,
    "tonality": "A minor",
    "tonality_confidence": 0.6146836876869202,
    "loop": false,
    "tempo": 126,
    "tempo_confidence": 0.0,
    "note_midi": 35,
    "note_name": "B1",
    "note_frequency": 61.26313400268555,
    "note_confidence": 0.1846158504486084,
    "hardness": 43.078979004198175,
    "depth": 68.52671365638366,
    "brightness": 44.10882826617696,
    "roughness": 40.15470352684639,
    "warmth": 57.59663090729589,
    "sharpness": 35.42341699450155,
    "boominess": 49.02420288475926,
    "reverb": false,
    "genre": "Genre A",
    "mood": "Mood A"
}