{
    "duration": 1.809499979019165,
    "lossless": 1.0,
    "codec": "pcm_s16le",
    "bitrate": 256000.0,
    "samplerate": 16000.0,
    "channels": 1.0,
    "audio_md5": "bdcaec19c2393d1352aa31b50c2d523f",
    "loudness": -10.737194061279297,
    "dynamic_range": 0.0,
    "temporal_centroid": 0.5204343795776367,
    "log_attack_time": -0.9550409913063049,
    "filesize": 57948,
    "single_event": false,
    "tonality": "A# major",
    "tonality_confidence": 0.8084828853607178,
    "loop": false,
    "tempo": 126,
    "tempo_confidence": 0.0,
    "note_midi": 30,
    "note_name": "F#1",
    "note_frequency": 45.96799850463867,
    "note_confidence": 0.36790454387664795,
    "hardness": 38.22356660806628,
    "depth": 70.06448755623552,
    "brightness": 39.367416709488666,
    "roughness": 40.72355963464854,
    "warmth": 58.61413889092796,
    "sharpness": 42.32755620412566,
    "boominess": 46.895868544795775,
    "reverb": false,
    "genre": "Genre A",
    "mood": "Mood A"
}