{
    "duration": 1.809499979019165,
    "lossless": 1.0,
    "codec": "pcm_s16le",
    "bitrate": 256000.0,
    "samplerate": 16000.0,
    "channels": 1.0,
    "audio_md5": "273f4ae37a164fee1cfc0687a45c1886",
    "loudness": -16.057971954345703,
    "dynamic_range": 0.0,
    "temporal_centroid": 0.11381809413433075,
    "log_attack_time": -1.4327841997146606,
    "filesize": 57948,
    "single_event": false,
    "tonality": "D# major",
    "tonality_confidence": 0.3365321755409241,
    "loop": false,
    "tempo": 114,
    "tempo_confidence": 0.0,
    "note_midi": 44,
    "note_name": "G#2",
    "note_frequency": 102.96947479248047,
    "note_confidence": 0.23467779159545898,
    "hardness": 38.42136848200509,
    "depth": 68.90732232435067,
    "brightness": 25.74703520849451,
    "roughness": 29.167687768678494,
    "warmth": 58.49745463343311,
    "sharpness": 21.72514994124704,
    "boominess": 57.67603197693786,
    "reverb": false,
    "genre": "Genre A",
    "mood": "Mood A"
}