{
    "duration": 1.809499979019165,
    "lossless": 1.0,
    "codec": "pcm_s16le",
    "bitrate": 256000.0,
    "samplerate": 16000.0,
    "channels": 1.0,
    "audio_md5": "a042b006d839d64738177003c439b681",
    "loudness": -19.643022537231445,
    "dynamic_range": 0.0,
    "temporal_centroid": 0.29075685143470764,
    "log_attack_time": -1.415268898010254,
    "filesize": 57948,
    "single_event": false,
    "tonality": "A# major",
    "tonality_confidence": 0.8274028897285461,
    "loop": false,
    "tempo": 91,
    "tempo_confidence": 0.0,
    "note_midi": 34,
    "note_name": "A#1",
    "note_frequency": 57.06576919555664,
    "note_confidence": 0.08027887344360352,
    "hardness": 43.154180818782805,
    "depth": 70.42286019186623,
    "brightness": 43.130798627275354,
    "roughness": 36.66736172336649,
    "warmth": 58.79883568905274,
    "sharpness": 32.84973000365665,
    "boominess": 50.8682440864604,
    "reverb": false,
    "genre": "Genre A",
    "mood": "Mood A"
}