{
    "duration": 1.809499979019165,
    "lossless": 1.0,
    "codec": "pcm_s16le",
    "bitrate": 256000.0,
    "samplerate": 16000.0,
    "channels": 1.0,
    "audio_md5": "60e9a2ff440ef7e8daf6a56f830b6812",
    "loudness": -16.98567008972168,
    "dynamic_range": 0.0,
    "temporal_centroid": 0.5184665322303772,
    "log_attack_time": -1.3719007968902588,
    "filesize": 57948,
    "single_event": false,
    "tonality": "A# major",
    "tonality_confidence": 0.8328648209571838,
    "loop": false,
    "tempo": 151,
    "tempo_confidence": 0.0,
    "note_midi": 34,
    "note_name": "A#1",
    "note_frequency": 59.670921325683594,
    "note_confidence": 0.18981915712356567,
    "hardness": 45.117503101123106,
    "depth": 68.57263915287012,
    "brightness": 44.70550786394321,
    "roughness": 39.97823212299913,
    "warmth": 58.079962006852355,
    "sharpness": 35.08262347974181,
    "boominess": 47.70133350649874,
    "reverb": false,
    "genre": "Genre B",
    "mood": "Mood B"
}