{
    "duration": 1.809499979019165,
    "lossless": 1.0,
    "codec": "pcm_s16le",
    "bitrate": 256000.0,
    "samplerate": 16000.0,
    "channels": 1.0,
    "audio_md5": "a3243efac63960376d599cb76a302888",
    "loudness": -21.530593872070312,
    "dynamic_range": 0.0,
    "temporal_centroid": 0.42446017265319824,
    "log_attack_time": -0.04061245918273926,
    "filesize": 57948,
    "single_event": false,
    "tonality": "A# major",
    "tonality_confidence": 0.700648844242096,
    "loop": false,
    "tempo": 129,
    "tempo_confidence": 0.0,
    "note_midi": 39,
    "note_name": "D#2",
    "note_frequency": 78.36346435546875,
    "note_confidence": 0.10029000043869019,
    "hardness": 48.125696092501045,
    "depth": 65.25982129040324,
    "brightness": 49.853556337156945,
    "roughness": 41.56099644838402,
    "warmth": 53.17741730529831,
    "sharpness": 36.50710136176729,
    "boominess": 44.181215097085044,
    "reverb": false,
    "genre": "Genre A",
    "mood": "Mood A"
}