{
    "duration": 1.809499979019165,
    "lossless": 1.0,
    "codec": "pcm_s16le",
    "bitrate": 256000.0,
    "samplerate": 16000.0,
    "channels": 1.0,
    "audio_md5": "c21a173f2b704b6d2b5e816f3f15cc4d",
    "loudness": -23.705018997192383,
    "dynamic_range": 0.0,
    "temporal_centroid": 0.6949991583824158,
    "log_attack_time": -1.832191824913025,
    "filesize": 57948,
    "single_event": false,
    "tonality": "A# minor",
    "tonality_confidence": 0.5769879221916199,
    "loop": false,
    "tempo": 215,
    "tempo_confidence": 0.0,
    "note_midi": 61,
    "note_name": "C#4",
    "note_frequency": 281.2494201660156,
    "note_confidence": 0.5473896265029907,
    "hardness": 47.76719401021833,
    "depth": 43.27750256946247,
    "brightness": 40.37615332377117,
    "roughness": 39.08785400270807,
    "warmth": 55.7860183645788,
    "sharpness": 21.33539274852874,
    "boominess": 43.38021306718453,
    "reverb": false,
    "genre": "Genre A",
    "mood": "Mood A"
}