{
    "duration": 1.809499979019165,
    "lossless": 1.0,
    "codec": "pcm_s16le",
    "bitrate": 256000.0,
    "samplerate": 16000.0,
    "channels": 1.0,
    "audio_md5": "5fcab93e685cdef95e7195cf6cc856f8",
    "loudness": -42.452178955078125,
    "dynamic_range": 0.0,
    "temporal_centroid": 0.387168288230896,
    "log_attack_time": 0.2573683559894562,
    "filesize": 57948,
    "single_event": false,
    "tonality": "D major",
    "tonality_confidence": 0.6016077995300293,
    "loop": false,
    "tempo": 131,
    "tempo_confidence": 0.0,
    "note_midi": 32,
    "note_name": "G#1",
    "note_frequency": 51.02310562133789,
    "note_confidence": 0.14575862884521484,
    "hardness": 58.839657040178054,
    "depth": 36.778341259613796,
    "brightness": 60.801938724621785,
    "roughness": 40.833005830646655,
    "warmth": 52.426434928902076,
    "sharpness": 48.576325851454605,
    "boominess": 41.952492710750754,
    "reverb": false,
    "genre": "Genre A",
    "mood": "Mood A"
}