{
    "duration": 1.809499979019165,
    "lossless": 1.0,
    "codec": "pcm_s16le",
    "bitrate": 256000.0,
    "samplerate": 16000.0,
    "channels": 1.0,
    "audio_md5": "3292070ae8aad5ebd0cde337c11e0789",
    "loudness": -34.014434814453125,
    "dynamic_range": 0.0,
    "temporal_centroid": 0.2332611083984375,
    "log_attack_time": -2.226137399673462,
    "filesize": 57948,
    "single_event": false,
    "tonality": "D major",
    "tonality_confidence": 0.6734929084777832,
    "loop": false,
    "tempo": 99,
    "tempo_confidence": 0.0,
    "note_midi": 33,
    "note_name": "A1",
    "note_frequency": 55.352970123291016,
    "note_confidence": 0.37779515981674194,
    "hardness": 54.57461586244551,
    "depth": 56.07578713349411,
    "brightness": 63.71506122709599,
    "roughness": 43.19126637618514,
    "warmth": 47.85202392857747,
    "sharpness": 42.167684002688475,
    "boominess": 46.106022141113364,
    "reverb": false,
    "genre": "Genre B",
    "mood": "Mood B"
}