{
    "duration": 1.809499979019165,
    "lossless": 1.0,
    "codec": "pcm_s16le",
    "bitrate": 256000.0,
    "samplerate": 16000.0,
    "channels": 1.0,
    "audio_md5": "7c0c5055177664a5c331aa3f3ed82d85",
    "loudness": -24.878034591674805,
    "dynamic_range": 0.0,
    "temporal_centroid": 0.4907894730567932,
    "log_attack_time": -1.3444957733154297,
    "filesize": 57948,
    "single_event": false,
    "tonality": "F# minor",
    "tonality_confidence": 0.5064350962638855,
    "loop": false,
    "tempo": 129,
    "tempo_confidence": 0.0,
    "note_midi": 43,
    "note_name": "G2",
    "note_frequency": 96.63054656982422,
    "note_confidence": 0.4620811939239502,
    "hardness": 51.40365183974265,
    "depth": 57.342094906786656,
    "brightness": 50.66078601180287,
    "roughness": 50.908990421322606,
    "warmth": 56.06090139442109,
    "sharpness": 38.5893028427062,
    "boominess": 35.67610076445264,
    "reverb": false,
    "genre": "Genre A",
    "mood": "Mood A"
}