{
    "duration": 1.809499979019165,
    "lossless": 1.0,
    "codec": "pcm_s16le",
    "bitrate": 256000.0,
    "samplerate": 16000.0,
    "channels": 1.0,
    "audio_md5": "72760fa9552b19ee4cb6306a7a493581",
    "loudness": -18.12200927734375,
    "dynamic_range": 0.0,
    "temporal_centroid": 0.10825438052415848,
    "log_attack_time": -0.6837775707244873,
    "filesize": 57948,
    "single_event": false,
    "tonality": "A# minor",
    "tonality_confidence": 0.49357059597969055,
    "loop": false,
    "tempo": 89,
    "tempo_confidence": 0.0,
    "note_midi": 44,
    "note_name": "G#2",
    "note_frequency": 101.61503601074219,
    "note_confidence": 0.4801782965660095,
    "hardness": 45.62843576532478,
    "depth": 57.83553741740727,
    "brightness": 40.77130207143566,
    "roughness": 38.09490156546744,
    "warmth": 53.32099339510674,
    "sharpness": 25.164171318456685,
    "boominess": 48.940791596699555,
    "reverb": false,
    "genre": "Genre A",
    "mood": "Mood A"
}