{
    "duration": 1.809499979019165,
    "lossless": 1.0,
    "codec": "pcm_s16le",
    "bitrate": 256000.0,
    "samplerate": 16000.0,
    "channels": 1.0,
    "audio_md5": "6408dc076920d849ae50120706f31f62",
    "loudness": -13.408933639526367,
    "dynamic_range": 0.0,
    "temporal_centroid": 0.2532486319541931,
    "log_attack_time": -1.3591063022613525,
    "filesize": 57948,
    "single_event": false,
    "tonality": "A# major",
    "tonality_confidence": 0.6024799942970276,
    "loop": false,
    "tempo": 136,
    "tempo_confidence": 0.0,
    "note_midi": 29,
    "note_name": "F1",
    "note_frequency": 43.024391174316406,
    "note_confidence": 0.0,
    "hardness": 40.61010250015407,
    "depth": 71.41425055781278,
    "brightness": 24.926877871346043,
    "roughness": 37.38598613276797,
    "warmth": 60.42415960790445,
    "sharpness": 36.74239450476892,
    "boominess": 51.68340900857383,
    "reverb": false,
    "genre": "Genre A",
    "mood": "Mood A"
}