{
    "duration": 1.809499979019165,
    "lossless": 1.0,
    "codec": "pcm_s16le",
    "bitrate": 256000.0,
    "samplerate": 16000.0,
    "channels": 1.0,
    "audio_md5": "ecdb610c76d9497d452bb0a5d199a40c",
    "loudness": -14.711333274841309,
    "dynamic_range": 0.0,
    "temporal_centroid": 0.374549001455307,
    "log_attack_time": -1.3843672275543213,
    "filesize": 57948,
    "single_event": false,
    "tonality": "F minor",
    "tonality_confidence": 0.5017616152763367,
    "loop": false,
    "tempo": 129,
    "tempo_confidence": 0.0,
    "note_midi": 34,
    "note_name": "A#1",
    "note_frequency": 56.87947082519531,
    "note_confidence": 0.44716304540634155,
    "hardness": 40.59526504219545,
    "depth": 67.90789978180351,
    "brightness": 29.79671853296712,
    "roughness": 37.819337420870724,
    "warmth": 60.148601141754796,
    "sharpness": 37.61467524627117,
    "boominess": 49.33499630182878,
    "reverb": false,
    "genre": "Genre A",
    "mood": "Mood A"
}