{
    "duration": 1.809499979019165,
    "lossless": 1.0,
    "codec": "pcm_s16le",
    "bitrate": 256000.0,
    "samplerate": 16000.0,
    "channels": 1.0,
    "audio_md5": "d595c44d2501d2525a8b258eeba4a74a",
    "loudness": -19.76779556274414,
    "dynamic_range": 0.0,
    "temporal_centroid": 0.4834669232368469,
    "log_attack_time": -0.5866203904151917,
    "filesize": 57948,
    "single_event": false,
    "tonality": "E minor",
    "tonality_confidence": 0.4745660424232483,
    "loop": false,
    "tempo": 129,
    "tempo_confidence": 0.0,
    "note_midi": 44,
    "note_name": "G#2",
    "note_frequency": 102.5999526977539,
    "note_confidence": 0.447118878364563,
    "hardness": 46.37213605449767,
    "depth": 60.47175469921769,
    "brightness": 50.076056411650214,
    "roughness": 45.909329241614124,
    "warmth": 52.25192708065117,
    "sharpness": 35.088155242831526,
    "boominess": 41.12703125428804,
    "reverb": false,
    "genre": "Genre A",
    "mood": "Mood A"
}