{
    "duration": 1.809499979019165,
    "lossless": 1.0,
    "codec": "pcm_s16le",
    "bitrate": 256000.0,
    "samplerate": 16000.0,
    "channels": 1.0,
    "audio_md5": "8982083c548bd4fea1d00c6fabcb73b6",
    "loudness": -18.686582565307617,
    "dynamic_range": 0.0,
    "temporal_centroid": 0.12776660919189453,
    "log_attack_time": -1.3969563245773315,
    "filesize": 57948,
    "single_event": false,
    "tonality": "D minor",
    "tonality_confidence": 0.7756322026252747,
    "loop": false,
    "tempo": 134,
    "tempo_confidence": 0.0,
    "note_midi": 32,
    "note_name": "G#1",
    "note_frequency": 53.33331298828125,
    "note_confidence": 0.037782490253448486,
    "hardness": 45.60325604554595,
    "depth": 58.24359689114878,
    "brightness": 41.392328289223705,
    "roughness": 33.803489537286694,
    "warmth": 52.850415282989225,
    "sharpness": 39.71100404605389,
    "boominess": 51.89582867537861,
    "reverb": false,
    "genre": "Genre A",
    "mood": "Mood A"
}