{
    "duration": 1.809499979019165,
    "lossless": 1.0,
    "codec": "pcm_s16le",
    "bitrate": 256000.0,
    "samplerate": 16000.0,
    "channels": 1.0,
    "audio_md5": "50992561ddf394d017885388b54726a7",
    "loudness": -27.64879035949707,
    "dynamic_range": 0.0,
    "temporal_centroid": 0.3168829679489136,
    "log_attack_time": -1.6496816873550415,
    "filesize": 57948,
    "single_event": false,
    "tonality": "A# minor",
    "tonality_confidence": 0.8340619206428528,
    "loop": false,
    "tempo": 89,
    "tempo_confidence": 0.0,
    "note_midi": 46,
    "note_name": "A#2",
    "note_frequency": 118.07713317871094,
    "note_confidence": 0.1370253562927246,
    "hardness": 58.71472655979815,
    "depth": 62.589232362402605,
    "brightness": 38.351005915594314,
    "roughness": 31.91539135742079,
    "warmth": 54.45580095577096,
    "sharpness": 44.600882088045566,
    "boominess": 44.096351344161036,
    "reverb": false,
    "genre": "Genre A",
    "mood": "Mood A"
}