{
    "duration": 1.809499979019165,
    "lossless": 1.0,
    "codec": "pcm_s16le",
    "bitrate": 256000.0,
    "samplerate": 16000.0,
    "channels": 1.0,
    "audio_md5": "5faf95ecfcf1a6d17cc018401f8bfaa0",
    "loudness": -17.655841827392578,
    "dynamic_range": 0.0,
    "temporal_centroid": 0.5807050466537476,
    "log_attack_time": 0.2090405970811844,
    "filesize": 57948,
    "single_event": false,
    "tonality": "D# minor",
    "tonality_confidence": 0.6201019287109375,
    "loop": false,
    "tempo": 99,
    "tempo_confidence": 0.0,
    "note_midi": 61,
    "note_name": "C#4",
    "note_frequency": 283.6364440917969,
    "note_confidence": 0.5645061731338501,
    "hardness": 41.04430981000013,
    "depth": 59.046213149045045,
    "brightness": 44.02216297881054,
    "roughness": 46.1414890081969,
    "warmth": 57.44927250849405,
    "sharpness": 26.43079540202919,
    "boominess": 39.71804085932756,
    "reverb": false,
    "genre": "Genre A",
    "mood": "Mood A"
}