{
    "duration": 1.809499979019165,
    "lossless": 1.0,
    "codec": "pcm_s16le",
    "bitrate": 256000.0,
    "samplerate": 16000.0,
    "channels": 1.0,
    "audio_md5": "2c87e768dfa286144e43d47d3cf50b92",
    "loudness": -14.719592094421387,
    "dynamic_range": 0.0,
    "temporal_centroid": 0.3948969841003418,
    "log_attack_time": -1.4715439081192017,
    "filesize": 57948,
    "single_event": false,
    "tonality": "A minor",
    "tonality_confidence": 0.6527435183525085,
    "loop": false,
    "tempo": 129,
    "tempo_confidence": 0.0,
    "note_midi": 35,
    "note_name": "B1",
    "note_frequency": 61.71552658081055,
    "note_confidence": 0.2374964952468872,
    "hardness": 44.718039103974945,
    "depth": 65.44495954980984,
    "brightness": 41.734224771928375,
    "roughness": 35.60967107066086,
    "warmth": 54.6623821695993,
    "sharpness": 37.957284337787875,
    "boominess": 48.70192965543415,
    "reverb": false,
    "genre": "Genre A",
    "mood": "Mood A"
}