{
    "duration": 1.809499979019165,
    "lossless": 1.0,
    "codec": "pcm_s16le",
    "bitrate": 256000.0,
    "samplerate": 16000.0,
    "channels": 1.0,
    "audio_md5": "ded9102dacd66a7086d681b944821f74",
    "loudness": -21.538434982299805,
    "dynamic_range": 0.0,
    "temporal_centroid": 0.4210875928401947,
    "log_attack_time": 0.1349342167377472,
    "filesize": 57948,
    "single_event": false,
    "tonality": "D minor",
    "tonality_confidence": 0.7269044518470764,
    "loop": false,
    "tempo": 105,
    "tempo_confidence": 0.0,
    "note_midi": 36,
    "note_name": "C2",
    "note_frequency": 66.63214111328125,
    "note_confidence": 0.47306764125823975,
    "hardness": 45.71873397074546,
    "depth": 58.85303897381482,
    "brightness": 48.624903532356335,
    "roughness": 47.79145501462976,
    "warmth": 57.06689800934834,
    "sharpness": 31.336505827142314,
    "boominess": 39.26413093351198,
    "reverb": false,
    "genre": "Genre A",
    "mood": "Mood A"
}