{
    "duration": 1.809499979019165,
    "lossless": 1.0,
    "codec": "pcm_s16le",
    "bitrate": 256000.0,
    "samplerate": 16000.0,
    "channels": 1.0,
    "audio_md5": "4cc0a0d3f6e11175f31b219aef1521b4",
    "loudness": -20.92902183532715,
    "dynamic_range": 0.0,
    "temporal_centroid": 0.43020814657211304,
    "log_attack_time": -0.35540735721588135,
    "filesize": 57948,
    "single_event": false,
    "tonality": "C major",
    "tonality_confidence": 0.8765488862991333,
    "loop": true,
    "tempo": 133,
    "tempo_confidence": 0.9829100370407104,
    "note_midi": 38,
    "note_name": "D2",
    "note_frequency": 71.8216781616211,
    "note_confidence": 0.4666198492050171,
    "hardness": 44.51625707628085,
    "depth": 60.22986586838867,
    "brightness": 48.045860258589954,
    "roughness": 45.719474178834716,
    "warmth": 54.18001598807689,
    "sharpness": 31.837333579342534,
    "boominess": 40.90523671704749,
    "reverb": false,
    "genre": "Genre A",
    "mood": "Mood A"
}