{
    "duration": 1.809499979019165,
    "lossless": 1.0,
    "codec": "pcm_s16le",
    "bitrate": 256000.0,
    "samplerate": 16000.0,
    "channels": 1.0,
    "audio_md5": "37375a32984159ccab020b5c84e20b70",
    "loudness": -16.877063751220703,
    "dynamic_range": 0.0,
    "temporal_centroid": 0.19399675726890564,
    "log_attack_time": -1.2853623628616333,
    "filesize": 57948,
    "single_event": false,
    "tonality": "F# minor",
    "tonality_confidence": 0.33155640959739685,
    "loop": false,
    "tempo": 140,
    "tempo_confidence": 0.0,
    "note_midi": 42,
    "note_name": "F#2",
    "note_frequency": 94.764404296875,
    "note_confidence": 0.03940671682357788,
    "hardness": 42.34482074999454,
    "depth": 70.55937826314859,
    "brightness": 43.80079888686113,
    "roughness": 35.82403104320312,
    "warmth": 54.77260186333499,
    "sharpness": 28.054399518196657,
    "boominess": 53.536321471203586,
    "reverb": false,
    "genre": "Genre A",
    "mood": "Mood A"
}