{
    "duration": 1.809499979019165,
    "lossless": 1.0,
    "codec": "pcm_s16le",
    "bitrate": 256000.0,
    "samplerate": 16000.0,
    "channels": 1.0,
    "audio_md5": "86cc48c726eea6d50b9a36356c578f66",
    "loudness": -13.401918411254883,
    "dynamic_range": 0.0,
    "temporal_centroid": 0.552272617816925,
    "log_attack_time": 0.19508343935012817,
    "filesize": 57948,
    "single_event": false,
    "tonality": "G minor",
    "tonality_confidence": 0.7380161881446838,
    "loop": false,
    "tempo": 215,
    "tempo_confidence": 0.0,
    "note_midi": 61,
    "note_name": "C#4",
    "note_frequency": 270.2795104980469,
    "note_confidence": 0.564354658126831,
    "hardness": 34.20195992515167,
    "depth": 59.91212700889776,
    "brightness": 42.26491971667805,
    "roughness": 49.19174361138311,
    "warmth": 61.632242895347666,
    "sharpness": 22.508861523635897,
    "boominess": 41.46402111011207,
    "reverb": false,
    "genre": "Genre A",
    "mood": "Mood A"
}