{
    "duration": 1.809499979019165,
    "lossless": 1.0,
    "codec": "pcm_s16le",
    "bitrate": 256000.0,
    "samplerate": 16000.0,
    "channels": 1.0,
    "audio_md5": "7f8f27ce177c5889f552a8a527d2ca1e",
    "loudness": -21.628812789916992,
    "dynamic_range": 0.0,
    "temporal_centroid": 0.4304150342941284,
    "log_attack_time": -0.04121841490268707,
    "filesize": 57948,
    "single_event": false,
    "tonality": "D minor",
    "tonality_confidence": 0.5526516437530518,
    "loop": false,
    "tempo": 138,
    "tempo_confidence": 0.0,
    "note_midi": 40,
    "note_name": "E2",
    "note_frequency": 83.44844055175781,
    "note_confidence": 0.11344587802886963,
    "hardness": 48.89215133818277,
    "depth": 65.03907896940069,
    "brightness": 50.31953855349202,
    "roughness": 41.45641389983941,
    "warmth": 53.13225464124876,
    "sharpness": 38.785228480875276,
    "boominess": 43.0074728151389,
    "reverb": false,
    "genre": "Genre A",
    "mood": "Mood A"
}