{
    "duration": 1.809499979019165,
    "lossless": 1.0,
    "codec": "pcm_s16le",
    "bitrate": 256000.0,
    "samplerate": 16000.0,
    "channels": 1.0,
    "audio_md5": "41dec7d3f74ec58d7bc0e9aab5cccdc2",
    "loudness": -34.211097717285156,
    "dynamic_range": 0.0,
    "temporal_centroid": 0.47661080956459045,
    "log_attack_time": 0.2563871741294861,
    "filesize": 57948,
    "single_event": false,
    "tonality": "A# minor",
    "tonality_confidence": 0.35943296551704407,
    "loop": false,
    "tempo": 129,
    "tempo_confidence": 0.0,
    "note_midi": 29,
    "note_name": "F1",
    "note_frequency": 43.62872314453125,
    "note_confidence": 0.0,
    "hardness": 42.61957953008624,
    "depth": 65.49373960591745,
    "brightness": 44.508281413989785,
    "roughness": 43.08802333744803,
    "warmth": 59.21250667336047,
    "sharpness": 38.37982912127492,
    "boominess": 43.87752457409591,
    "reverb": false,
    "genre": "Genre A",
    "mood": "Mood A"
}