{
    "duration": 1.809499979019165,
    "lossless": 1.0,
    "codec": "pcm_s16le",
    "bitrate": 256000.0,
    "samplerate": 16000.0,
    "channels": 1.0,
    "audio_md5": "a9a762871c0741d5b842f2c4aaa2b64e",
    "loudness": -23.270410537719727,
    "dynamic_range": 0.0,
    "temporal_centroid": 0.49524837732315063,
    "log_attack_time": -0.03771336004137993,
    "filesize": 57948,
    "single_event": false,
    "tonality": "F major",
    "tonality_confidence": 0.3834928572177887,
    "loop": false,
    "tempo": 131,
    "tempo_confidence": 0.0,
    "note_midi": 60,
    "note_name": "C4",
    "note_frequency": 257.9969787597656,
    "note_confidence": 0.44455474615097046,
    "hardness": 48.8945862278419,
    "depth": 56.967092713985856,
    "brightness": 50.561316346708004,
    "roughness": 49.90683085211404,
    "warmth": 57.06108074317776,
    "sharpness": 36.72778235003439,
    "boominess": 35.093635192827946,
    "reverb": false,
    "genre": "Genre A",
    "mood": "Mood A"
}