{
    "duration": 1.809499979019165,
    "lossless": 1.0,
    "codec": "pcm_s16le",
    "bitrate": 256000.0,
    "samplerate": 16000.0,
    "channels": 1.0,
    "audio_md5": "8d534ebb2dca6303fa6be63fa255935b",
    "loudness": -14.25833511352539,
    "dynamic_range": 0.0,
    "temporal_centroid": 0.6114292740821838,
    "log_attack_time": 0.1500634253025055,
    "filesize": 57948,
    "single_event": false,
    "tonality": "A# minor",
    "tonality_confidence": 0.8584402203559875,
    "loop": false,
    "tempo": 129,
    "tempo_confidence": 0.0,
    "note_midi": 45,
    "note_name": "A2",
    "note_frequency": 111.33351135253906,
    "note_confidence": 0.32032328844070435,
    "hardness": 45.79691268603534,
    "depth": 71.28097136184846,
    "brightness": 33.90139849751915,
    "roughness": 35.08921108758984,
    "warmth": 58.001896901256956,
    "sharpness": 34.43477363593885,
    "boominess": 52.566251723211295,
    "reverb": false,
    "genre": "Genre A",
    "mood": "Mood A"
}