{
    "duration": 1.809499979019165,
    "lossless": 1.0,
    "codec": "pcm_s16le",
    "bitrate": 256000.0,
    "samplerate": 16000.0,
    "channels": 1.0,
    "audio_md5": "3c59ef4995053ccaad0d0cf4f558c1ce",
    "loudness": -21.913541793823242,
    "dynamic_range": 0.0,
    "temporal_centroid": 0.542224645614624,
    "log_attack_time": 0.1379193365573883,
    "filesize": 57948,
    "single_event": false,
    "tonality": "A# major",
    "tonality_confidence": 0.7617839574813843,
    "loop": false,
    "tempo": 86,
    "tempo_confidence": 0.0,
    "note_midi": 38,
    "note_name": "D2",
    "note_frequency": 74.38826751708984,
    "note_confidence": 0.5135941505432129,
    "hardness": 44.647041286763965,
    "depth": 59.75899328541386,
    "brightness": 39.05287101649566,
    "roughness": 41.56715320466372,
    "warmth": 56.125435930042904,
    "sharpness": 23.96850082406229,
    "boominess": 45.75882831627,
    "reverb": false,
    "genre": "Genre A",
    "mood": "Mood A"
}