{
    "duration": 1.809499979019165,
    "lossless": 1.0,
    "codec": "pcm_s16le",
    "bitrate": 256000.0,
    "samplerate": 16000.0,
    "channels": 1.0,
    "audio_md5": "c324ad39085e19538dcbcd2b18919fdc",
    "loudness": -13.416263580322266,
    "dynamic_range": 0.0,
    "temporal_centroid": 0.7636677026748657,
    "log_attack_time": -1.0682125091552734,
    "filesize": 57948,
    "single_event": false,
    "tonality": "F minor",
    "tonality_confidence": 0.7805453538894653,
    "loop": false,
    "tempo": 123,
    "tempo_confidence": 0.0,
    "note_midi": 34,
    "note_name": "A#1",
    "note_frequency": 59.26158142089844,
    "note_confidence": 0.353767454624176,
    "hardness": 42.93670886601686,
    "depth": 66.36882895840756,
    "brightness": 39.965031201983905,
    "roughness": 32.16634893316305,
    "warmth": 55.234123479253824,
    "sharpness": 22.738962052772322,
    "boominess": 58.14263621928703,
    "reverb": false,
    "genre": "Genre A",
    "mood": "Mood A"
}