{
    "duration": 1.809499979019165,
    "lossless": 1.0,
    "codec": "pcm_s16le",
    "bitrate": 256000.0,
    "samplerate": 16000.0,
    "channels": 1.0,
    "audio_md5": "16e3d7183225691963c812370e5d91ad",
    "loudness": -13.192448616027832,
    "dynamic_range": 0.0,
    "temporal_centroid": 0.2720213234424591,
    "log_attack_time": -1.421202301979065,
    "filesize": 57948,
    "single_event": false,
    "tonality": "A# minor",
    "tonality_confidence": 0.4736267626285553,
    "loop": false,
    "tempo": 88,
    "tempo_confidence": 0.0,
    "note_midi": 46,
    "note_name": "A#2",
    "note_frequency": 115.16168212890625,
    "note_confidence": 0.0,
    "hardness": 33.579755694831306,
    "depth": 65.12589324745854,
    "brightness": 32.042151874497904,
    "roughness": 33.24209175592129,
    "warmth": 56.37519016775617,
    "sharpness": 30.952075555942457,
    "boominess": 54.89521424564584,
    "reverb": false,
    "genre": "Genre A",
    "mood": "Mood A"
}