{
    "duration": 1.809499979019165,
    "lossless": 1.0,
    "codec": "pcm_s16le",
    "bitrate": 256000.0,
    "samplerate": 16000.0,
    "channels": 1.0,
    "audio_md5": "2ba69ad9e9559d053b5816895d340275",
    "loudness": -21.745820999145508,
    "dynamic_range": 0.0,
    "temporal_centroid": 0.4495258629322052,
    "log_attack_time": -0.0029842949006706476,
    "filesize": 57948,
    "single_event": false,
    "tonality": "C minor",
    "tonality_confidence": 0.4961549937725067,
    "loop": false,
    "tempo": 185,
    "tempo_confidence": 0.0,
    "note_midi": 40,
    "note_name": "E2",
    "note_frequency": 82.8469009399414,
    "note_confidence": 0.48781371116638184,
    "hardness": 51.65630702315079,
    "depth": 56.813822275445375,
    "brightness": 48.84730149642563,
    "roughness": 45.05743183203768,
    "warmth": 49.450584616435755,
    "sharpness": 31.0193071906242,
    "boominess": 39.650161197338356,
    "reverb": false,
    "genre": "Genre A",
    "mood": "Mood A"
}