{
    "duration": 1.809499979019165,
    "lossless": 1.0,
    "codec": "pcm_s16le",
    "bitrate": 256000.0,
    "samplerate": 16000.0,
    "channels": 1.0,
    "audio_md5": "ed4ba00ddf1a07344074416f3e51802a",
    "loudness": -12.962850570678711,
    "dynamic_range": 0.0,
    "temporal_centroid": 0.4662410020828247,
    "log_attack_time": -0.36050450801849365,
    "filesize": 57948,
    "single_event": false,
    "tonality": "F# minor",
    "tonality_confidence": 0.4000965356826782,
    "loop": false,
    "tempo": 117,
    "tempo_confidence": 0.0,
    "note_midi": 61,
    "note_name": "C#4",
    "note_frequency": 269.99078369140625,
    "note_confidence": 0.5405288934707642,
    "hardness": 36.48449511450424,
    "depth": 63.26865860059958,
    "brightness": 45.899968496543494,
    "roughness": 51.39217721331554,
    "warmth": 59.70518567994014,
    "sharpness": 29.878164694688678,
    "boominess": 38.109334077823995,
    "reverb": false,
    "genre": "Genre A",
    "mood": "Mood A"
}