{
    "duration": 1.809499979019165,
    "lossless": 1.0,
    "codec": "pcm_s16le",
    "bitrate": 256000.0,
    "samplerate": 16000.0,
    "channels": 1.0,
    "audio_md5": "a3d18ffd964327b017f1ae32470e01ec",
    "loudness": -24.449600219726562,
    "dynamic_range": 0.0,
    "temporal_centroid": 0.520060122013092,
    "log_attack_time": -0.047643616795539856,
    "filesize": 57948,
    "single_event": false,
    "tonality": "C major",
    "tonality_confidence": 0.6905960440635681,
    "loop": false,
    "tempo": 131,
    "tempo_confidence": 0.0,
    "note_midi": 42,
    "note_name": "F#2",
    "note_frequency": 90.19486236572266,
    "note_confidence": 0.41718924045562744,
    "hardness": 49.32731442584975,
    "depth": 57.134252788185115,
    "brightness": 50.22179251538936,
    "roughness": 45.169495731865766,
    "warmth": 52.80042028120718,
    "sharpness": 36.638974992867084,
    "boominess": 37.10569410452544,
    "reverb": false,
    "genre": "Genre A",
    "mood": "Mood A"
}