{
    "duration": 1.809499979019165,
    "lossless": 1.0,
    "codec": "pcm_s16le",
    "bitrate": 256000.0,
    "samplerate": 16000.0,
    "channels": 1.0,
    "audio_md5": "c79beb3a7bf29632c7a7806faa10e7ec",
    "loudness": -20.687650680541992,
    "dynamic_range": 0.0,
    "temporal_centroid": 0.45921531319618225,
    "log_attack_time": -0.045659031718969345,
    "filesize": 57948,
    "single_event": false,
    "tonality": "A minor",
    "tonality_confidence": 0.4252089262008667,
    "loop": false,
    "tempo": 129,
    "tempo_confidence": 0.0,
    "note_midi": 38,
    "note_name": "D2",
    "note_frequency": 71.4801025390625,
    "note_confidence": 0.44839733839035034,
    "hardness": 44.85041508231296,
    "depth": 61.127576700798116,
    "brightness": 48.54792353349916,
    "roughness": 48.61694797985785,
    "warmth": 57.12802116651562,
    "sharpness": 30.189092258737777,
    "boominess": 40.30300935167091,
    "reverb": false,
    "genre": "Genre A",
    "mood": "Mood A"
}