{
    "duration": 1.809499979019165,
    "lossless": 1.0,
    "codec": "pcm_s16le",
    "bitrate": 256000.0,
    "samplerate": 16000.0,
    "channels": 1.0,
    "audio_md5": "23b2a387ad0ee70e6dc124dbcceb7144",
    "loudness": -29.8704891204834,
    "dynamic_range": 0.0,
    "temporal_centroid": 0.5579819083213806,
    "log_attack_time": -0.3579821288585663,
    "filesize": 57948,
    "single_event": false,
    "tonality": "D major",
    "tonality_confidence": 0.8087717294692993,
    "loop": false,
    "tempo": 103,
    "tempo_confidence": 0.0,
    "note_midi": 42,
    "note_name": "F#2",
    "note_frequency": 94.94552612304688,
    "note_confidence": 0.5046672821044922,
    "hardness": 59.01376067763832,
    "depth": 39.76965513080558,
    "brightness": 53.922597291485744,
    "roughness": 49.074720094308255,
    "warmth": 46.436710198305434,
    "sharpness": 39.02436882700905,
    "boominess": 31.58086496451103,
    "reverb": false,
    "genre": "Genre A",
    "mood": "Mood A"
}