{
    "duration": 1.809499979019165,
    "lossless": 1.0,
    "codec": "pcm_s16le",
    "bitrate": 256000.0,
    "samplerate": 16000.0,
    "channels": 1.0,
    "audio_md5": "efe9f90d170f6719cd552fd485e9e81e",
    "loudness": -21.7020206451416,
    "dynamic_range": 0.0,
    "temporal_centroid": 0.26591432094573975,
    "log_attack_time": -1.6174966096878052,
    "filesize": 57948,
    "single_event": false,
    "tonality": "A# minor",
    "tonality_confidence": 0.5023043155670166,
    "loop": false,
    "tempo": 134,
    "tempo_confidence": 0.0,
    "note_midi": 34,
    "note_name": "A#1",
    "note_frequency": 58.87715530395508,
    "note_confidence": 0.3854861259460449,
    "hardness": 52.37948099226918,
    "depth": 64.94206244855049,
    "brightness": 37.167535907396896,
    "roughness": 0,
    "warmth": 56.66802965044384,
    "sharpness": 23.24315561389306,
    "boominess": 60.138304845774144,
    "reverb": false,
    "genre": "Genre A",
    "mood": "Mood A"
}