{
    "duration": 1.809499979019165,
    "lossless": 1.0,
    "codec": "pcm_s16le",
    "bitrate": 256000.0,
    "samplerate": 16000.0,
    "channels": 1.0,
    "audio_md5": "f7411b33c8dcb5928a5a3afe30604463",
    "loudness": -13.058867454528809,
    "dynamic_range": 0.0,
    "temporal_centroid": 0.4616439640522003,
    "log_attack_time": -1.3418912887573242,
    "filesize": 57948,
    "single_event": false,
    "tonality": "F# major",
    "tonality_confidence": 0.44359099864959717,
    "loop": false,
    "tempo": 172,
    "tempo_confidence": 0.0,
    "note_midi": 33,
    "note_name": "A1",
    "note_frequency": 53.557464599609375,
    "note_confidence": 0.19653844833374023,
    "hardness": 35.315290587444395,
    "depth": 69.34994493983518,
    "brightness": 44.750469747121684,
    "roughness": 38.09532102233658,
    "warmth": 55.96331479183115,
    "sharpness": 32.7673746837028,
    "boominess": 51.452559396480325,
    "reverb": false,
    "genre": "Genre A",
    "mood": "Mood A"
}