{
    "duration": 1.809499979019165,
    "lossless": 1.0,
    "codec": "pcm_s16le",
    "bitrate": 256000.0,
    "samplerate": 16000.0,
    "channels": 1.0,
    "audio_md5": "ed94a9699f3cee5f8e499ac71a705e99",
    "loudness": -18.59410285949707,
    "dynamic_range": 0.0,
    "temporal_centroid": 0.18909136950969696,
    "log_attack_time": -1.328048825263977,
    "filesize": 57948,
    "single_event": false,
    "tonality": "F# major",
    "tonality_confidence": 0.39083194732666016,
    "loop": false,
    "tempo": 142,
    "tempo_confidence": 0.0,
    "note_midi": 40,
    "note_name": "E2",
    "note_frequency": 81.3975601196289,
    "note_confidence": 0.19123321771621704,
    "hardness": 42.63021065963369,
    "depth": 70.32722575146788,
    "brightness": 46.251170048836,
    "roughness": 35.55360831918821,
    "warmth": 51.12375044517886,
    "sharpness": 29.71446844032235,
    "boominess": 55.261847194602325,
    "reverb": false,
    "genre": "Genre A",
    "mood": "Mood A"
}