{
    "duration": 1.809499979019165,
    "lossless": 1.0,
    "codec": "pcm_s16le",
    "bitrate": 256000.0,
    "samplerate": 16000.0,
    "channels": 1.0,
    "audio_md5": "2b8df0387f2dfa0c713328189973c669",
    "loudness": -31.771312713623047,
    "dynamic_range": 0.0,
    "temporal_centroid": 0.49320098757743835,
    "log_attack_time": -0.14287275075912476,
    "filesize": 57948,
    "single_event": false,
    "tonality": "A minor",
    "tonality_confidence": 0.538680911064148,
    "loop": false,
    "tempo": 126,
    "tempo_confidence": 0.0,
    "note_midi": 37,
    "note_name": "C#2",
    "note_frequency": 70.20948028564453,
    "note_confidence": 0.05896341800689697,
    "hardness": 61.10830039093506,
    "depth": 63.2425206184486,
    "brightness": 62.12507029394783,
    "roughness": 55.445914816602524,
    "warmth": 49.15202853851268,
    "sharpness": 50.06783020082996,
    "boominess": 32.10228040803361,
    "reverb": false,
    "genre": "Genre A",
    "mood": "Mood A"
}