{
    "duration": 1.809499979019165,
    "lossless": 1.0,
    "codec": "pcm_s16le",
    "bitrate": 256000.0,
    "samplerate": 16000.0,
    "channels": 1.0,
    "audio_md5": "2aae1ca1e8193019565d1dc79f0cfcd7",
    "loudness": -35.96036148071289,
    "dynamic_range": 0.0,
    "temporal_centroid": 0.5726571679115295,
    "log_attack_time": 0.25691619515419006,
    "filesize": 57948,
    "single_event": false,
    "tonality": "A# major",
    "tonality_confidence": 0.4131598174571991,
    "loop": false,
    "tempo": 185,
    "tempo_confidence": 0.0,
    "note_midi": 34,
    "note_name": "A#1",
    "note_frequency": 57.32672119140625,
    "note_confidence": 0.6450138092041016,
    "hardness": 53.02229319013139,
    "depth": 47.07269404848462,
    "brightness": 57.63398991101158,
    "roughness": 51.25928096972626,
    "warmth": 47.752982677055286,
    "sharpness": 40.59630248279156,
    "boominess": 41.30161058121048,
    "reverb": false,
    "genre": "Genre A",
    "mood": "Mood A"
}