{
    "duration": 1.809499979019165,
    "lossless": 1.0,
    "codec": "pcm_s16le",
    "bitrate": 256000.0,
    "samplerate": 16000.0,
    "channels": 1.0,
    "audio_md5": "3f17707323a5f917dc2de0a4702af4f2",
    "loudness": -32.46186447143555,
    "dynamic_range": 0.0,
    "temporal_centroid": 0.3270221948623657,
    "log_attack_time": -2.3201560974121094,
    "filesize": 57948,
    "single_event": false,
    "tonality": "D minor",
    "tonality_confidence": 0.6080154776573181,
    "loop": false,
    "tempo": 172,
    "tempo_confidence": 0.0,
    "note_midi": 45,
    "note_name": "A2",
    "note_frequency": 111.39643859863281,
    "note_confidence": 0.03869020938873291,
    "hardness": 55.8996630995743,
    "depth": 51.38189116025332,
    "brightness": 60.41144504250905,
    "roughness": 39.779554652400016,
    "warmth": 50.54729973881374,
    "sharpness": 45.503157496289205,
    "boominess": 47.88411192075082,
    "reverb": false,
    "genre": "Genre A",
    "mood": "Mood A"
}