{
    "duration": 1.809499979019165,
    "lossless": 1.0,
    "codec": "pcm_s16le",
    "bitrate": 256000.0,
    "samplerate": 16000.0,
    "channels": 1.0,
    "audio_md5": "7ed2e26fe077c4ebb6104d18a2d4989a",
    "loudness": -26.84602165222168,
    "dynamic_range": 0.0,
    "temporal_centroid": 0.4616067111492157,
    "log_attack_time": -0.4653753638267517,
    "filesize": 57948,
    "single_event": false,
    "tonality": "G# major",
    "tonality_confidence": 0.4794427454471588,
    "loop": true,
    "tempo": 99,
    "tempo_confidence": 0.9712653160095215,
    "note_midi": 31,
    "note_name": "G1",
    "note_frequency": 49.15457534790039,
    "note_confidence": 0.0,
    "hardness": 50.22894182675205,
    "depth": 64.92614593436255,
    "brightness": 52.1763100921049,
    "roughness": 39.86556739218743,
    "warmth": 56.472230942951015,
    "sharpness": 37.386509688160885,
    "boominess": 46.566736739401875,
    "reverb": false,
    "genre": "Genre B",
    "mood": "Mood B"
}