{
    "duration": 1.809499979019165,
    "lossless": 1.0,
    "codec": "pcm_s16le",
    "bitrate": 256000.0,
    "samplerate": 16000.0,
    "channels": 1.0,
    "audio_md5": "4696fa3896ba231bc7a3b89b7638cc2d",
    "loudness": -24.71098518371582,
    "dynamic_range": 0.0,
    "temporal_centroid": 0.48420193791389465,
    "log_attack_time": -0.4180707037448883,
    "filesize": 57948,
    "single_event": false,
    "tonality": "C major",
    "tonality_confidence": 0.30188536643981934,
    "loop": true,
    "tempo": 133,
    "tempo_confidence": 0.9798941612243652,
    "note_midi": 45,
    "note_name": "A2",
    "note_frequency": 107.52021026611328,
    "note_confidence": 0.0,
    "hardness": 52.75016057945476,
    "depth": 68.72143405048452,
    "brightness": 46.22411945339742,
    "roughness": 47.38092290475025,
    "warmth": 59.84416871158608,
    "sharpness": 34.356615238415436,
    "boominess": 41.44617713925987,
    "reverb": false,
    "genre": "Genre A",
    "mood": "Mood A"
}