{
    "duration": 1.809499979019165,
    "lossless": 1.0,
    "codec": "pcm_s16le",
    "bitrate": 256000.0,
    "samplerate": 16000.0,
    "channels": 1.0,
    "audio_md5": "f66c73de9b3cfa3e85f226b4e9aeb740",
    "loudness": -23.084218978881836,
    "dynamic_range": 0.0,
    "temporal_centroid": 0.4729944169521332,
    "log_attack_time": 0.13789066672325134,
    "filesize": 57948,
    "single_event": false,
    "tonality": "A# major",
    "tonality_confidence": 0.3373337984085083,
    "loop": false,
    "tempo": 129,
    "tempo_confidence": 0.0,
    "note_midi": 38,
    "note_name": "D2",
    "note_frequency": 73.43665313720703,
    "note_confidence": 0.2005213499069214,
    "hardness": 54.35304474558126,
    "depth": 59.89328609703544,
    "brightness": 50.66332333509182,
    "roughness": 53.57033811764869,
    "warmth": 58.99304772049406,
    "sharpness": 39.57902104027582,
    "boominess": 38.375442605716366,
    "reverb": false,
    "genre": "Genre B",
    "mood": "Mood B"
}