{
    "duration": 1.809499979019165,
    "lossless": 1.0,
    "codec": "pcm_s16le",
    "bitrate": 256000.0,
    "samplerate": 16000.0,
    "channels": 1.0,
    "audio_md5": "5751459c9c3758dbdae7cb334983a65f",
    "loudness": -10.801324844360352,
    "dynamic_range": 0.0,
    "temporal_centroid": 0.5201560854911804,
    "log_attack_time": -0.8917756676673889,
    "filesize": 57948,
    "single_event": false,
    "tonality": "D minor",
    "tonality_confidence": 0.5342913269996643,
    "loop": false,
    "tempo": 129,
    "tempo_confidence": 0.0,
    "note_midi": 61,
    "note_name": "C#4",
    "note_frequency": 273.5377197265625,
    "note_confidence": 0.5590354204177856,
    "hardness": 35.95483849454786,
    "depth": 49.4795920528937,
    "brightness": 40.526197041652786,
    "roughness": 51.9139523297892,
    "warmth": 61.374452353089694,
    "sharpness": 20.956464856745377,
    "boominess": 40.384331967518605,
    "reverb": false,
    "genre": "Genre A",
    "mood": "Mood A"
}