{
    "duration": 1.809499979019165,
    "lossless": 1.0,
    "codec": "pcm_s16le",
    "bitrate": 256000.0,
    "samplerate": 16000.0,
    "channels": 1.0,
    "audio_md5": "0335e0677ac11045573fcdefd2317b23",
    "loudness": -19.650131225585938,
    "dynamic_range": 0.0,
    "temporal_centroid": 0.5855567455291748,
    "log_attack_time": 0.13491979241371155,
    "filesize": 57948,
    "single_event": false,
    "tonality": "A# major",
    "tonality_confidence": 0.4191703200340271,
    "loop": false,
    "tempo": 129,
    "tempo_confidence": 0.0,
    "note_midi": 60,
    "note_name": "C4",
    "note_frequency": 260.1530456542969,
    "note_confidence": 0.5283440351486206,
    "hardness": 37.186107567827065,
    "depth": 59.56134495581357,
    "brightness": 41.03946298620676,
    "roughness": 42.58811680439608,
    "warmth": 56.75684672073691,
    "sharpness": 21.124724277269717,
    "boominess": 46.58578224291237,
    "reverb": false,
    "genre": "Genre A",
    "mood": "Mood A"
}