{
    "duration": 1.809499979019165,
    "lossless": 1.0,
    "codec": "pcm_s16le",
    "bitrate": 256000.0,
    "samplerate": 16000.0,
    "channels": 1.0,
    "audio_md5": "0a398c01a298514723c4f4abc1124d77",
    "loudness": -20.159570693969727,
    "dynamic_range": 0.0,
    "temporal_centroid": 0.5547987818717957,
    "log_attack_time": 0.1328214704990387,
    "filesize": 57948,
    "single_event": false,
    "tonality": "C# major",
    "tonality_confidence": 0.6908714771270752,
    "loop": true,
    "tempo": 132,
    "tempo_confidence": 0.9616870880126953,
    "note_midi": 45,
    "note_name": "A2",
    "note_frequency": 111.87857818603516,
    "note_confidence": 0.4773576259613037,
    "hardness": 45.37232922649298,
    "depth": 57.73963235427922,
    "brightness": 48.21126829662052,
    "roughness": 46.59016341173723,
    "warmth": 52.767399161096485,
    "sharpness": 31.306125793533553,
    "boominess": 42.08151879775508,
    "reverb": false,
    "genre": "Genre A",
    "mood": "Mood A"
}