{
    "duration": 1.809499979019165,
    "lossless": 1.0,
    "codec": "pcm_s16le",
    "bitrate": 256000.0,
    "samplerate": 16000.0,
    "channels": 1.0,
    "audio_md5": "14bfdf6da9c91c93b4ba5d83aa22f206",
    "loudness": -9.894956588745117,
    "dynamic_range": 0.0,
    "temporal_centroid": 0.30848875641822815,
    "log_attack_time": -1.4992421865463257,
    "filesize": 57948,
    "single_event": false,
    "tonality": "A# major",
    "tonality_confidence": 0.7879636287689209,
    "loop": false,
    "tempo": 128,
    "tempo_confidence": 0.0,
    "note_midi": 29,
    "note_name": "F1",
    "note_frequency": 43.024391174316406,
    "note_confidence": 0.0,
    "hardness": 42.94914699048857,
    "depth": 74.55308281156724,
    "brightness": 30.015718140755382,
    "roughness": 43.932976736276174,
    "warmth": 60.33202037764529,
    "sharpness": 41.46585447483043,
    "boominess": 47.06091032452683,
    "reverb": false,
    "genre": "Genre A",
    "mood": "Mood A"
}