{
    "duration": 1.809499979019165,
    "lossless": 1.0,
    "codec": "pcm_s16le",
    "bitrate": 256000.0,
    "samplerate": 16000.0,
    "channels": 1.0,
    "audio_md5": "231b5d3bdb2f737c606fe7cafa3a3d1a",
    "loudness": -27.45766258239746,
    "dynamic_range": 0.0,
    "temporal_centroid": 0.270230233669281,
    "log_attack_time": -1.3222192525863647,
    "filesize": 57948,
    "single_event": false,
    "tonality": "A major",
    "tonality_confidence": 0.43770045042037964,
    "loop": false,
    "tempo": 154,
    "tempo_confidence": 0.0,
    "note_midi": 61,
    "note_name": "C#4",
    "note_frequency": 278.0924072265625,
    "note_confidence": 0.5277104377746582,
    "hardness": 50.332609046636634,
    "depth": 59.986289047944936,
    "brightness": 43.377876912824576,
    "roughness": 36.94854696958795,
    "warmth": 50.56784468200581,
    "sharpness": 29.63434091770811,
    "boominess": 44.848256119350665,
    "reverb": false,
    "genre": "Genre A",
    "mood": "Mood A"
}