{
    "duration": 1.809499979019165,
    "lossless": 1.0,
    "codec": "pcm_s16le",
    "bitrate": 256000.0,
    "samplerate": 16000.0,
    "channels": 1.0,
    "audio_md5": "4b177fe0621b4fb6cdd6549b6edba474",
    "loudness": -19.71700668334961,
    "dynamic_range": 0.0,
    "temporal_centroid": 0.2456178367137909,
    "log_attack_time": -1.3767975568771362,
    "filesize": 57948,
    "single_event": false,
    "tonality": "F major",
    "tonality_confidence": 0.8266304731369019,
    "loop": false,
    "tempo": 136,
    "tempo_confidence": 0.0,
    "note_midi": 36,
    "note_name": "C2",
    "note_frequency": 64.15145874023438,
    "note_confidence": 0.09804695844650269,
    "hardness": 43.093963828551864,
    "depth": 67.54098075974277,
    "brightness": 42.865593001431975,
    "roughness": 34.630406847599275,
    "warmth": 57.96355969967387,
    "sharpness": 33.861727958099856,
    "boominess": 50.819576079917795,
    "reverb": false,
    "genre": "Genre A",
    "mood": "Mood A"
}