{
    "duration": 1.809499979019165,
    "lossless": 1.0,
    "codec": "pcm_s16le",
    "bitrate": 256000.0,
    "samplerate": 16000.0,
    "channels": 1.0,
    "audio_md5": "5d647553fe684fce41cbda5caec0f9fc",
    "loudness": -11.306553840637207,
    "dynamic_range": 0.0,
    "temporal_centroid": 0.5004909038543701,
    "log_attack_time": -0.48361003398895264,
    "filesize": 57948,
    "single_event": false,
    "tonality": "D# minor",
    "tonality_confidence": 0.30325019359588623,
    "loop": false,
    "tempo": 161,
    "tempo_confidence": 0.0,
    "note_midi": 42,
    "note_name": "F#2",
    "note_frequency": 90.21240997314453,
    "note_confidence": 0.5368565320968628,
    "hardness": 37.391383890933454,
    "depth": 62.34054563894936,
    "brightness": 41.30357188701343,
    "roughness": 51.43503968553777,
    "warmth": 63.098597791398774,
    "sharpness": 23.464952273093864,
    "boominess": 39.816453369034534,
    "reverb": false,
    "genre": "Genre A",
    "mood": "Mood A"
}