{
    "duration": 1.809499979019165,
    "lossless": 1.0,
    "codec": "pcm_s16le",
    "bitrate": 256000.0,
    "samplerate": 16000.0,
    "channels": 1.0,
    "audio_md5": "c0b37564c79114e911525dbc8a05f927",
    "loudness": -17.949983596801758,
    "dynamic_range": 0.0,
    "temporal_centroid": 0.3733566999435425,
    "log_attack_time": -0.37041938304901123,
    "filesize": 57948,
    "single_event": false,
    "tonality": "C major",
    "tonality_confidence": 0.7892947793006897,
    "loop": false,
    "tempo": 128,
    "tempo_confidence": 0.0,
    "note_midi": 35,
    "note_name": "B1",
    "note_frequency": 60.58009338378906,
    "note_confidence": 0.5075730085372925,
    "hardness": 41.20766901529073,
    "depth": 63.23832952004834,
    "brightness": 43.78990276814165,
    "roughness": 49.43666772752664,
    "warmth": 62.69945510656361,
    "sharpness": 19.882921327763647,
    "boominess": 44.66895116255226,
    "reverb": false,
    "genre": "Genre A",
    "mood": "Mood A"
}