{
    "duration": 1.809499979019165,
    "lossless": 1.0,
    "codec": "pcm_s16le",
    "bitrate": 256000.0,
    "samplerate": 16000.0,
    "channels": 1.0,
    "audio_md5": "6ce2d36ba744feeae8c9dab36076705d",
    "loudness": -15.415265083312988,
    "dynamic_range": 0.0,
    "temporal_centroid": 0.5154201984405518,
    "log_attack_time": -0.16443166136741638,
    "filesize": 57948,
    "single_event": false,
    "tonality": "G major",
    "tonality_confidence": 0.5361087322235107,
    "loop": false,
    "tempo": 126,
    "tempo_confidence": 0.0,
    "note_midi": 34,
    "note_name": "A#1",
    "note_frequency": 56.90778732299805,
    "note_confidence": 0.2982173562049866,
    "hardness": 41.3913784472154,
    "depth": 68.49628815662055,
    "brightness": 44.34727118082187,
    "roughness": 35.78530306172361,
    "warmth": 55.529414971201604,
    "sharpness": 36.64054934854503,
    "boominess": 49.700023461547886,
    "reverb": false,
    "genre": "Genre A",
    "mood": "Mood A"
}