{
    "duration": 1.809499979019165,
    "lossless": 1.0,
    "codec": "pcm_s16le",
    "bitrate": 256000.0,
    "samplerate": 16000.0,
    "channels": 1.0,
    "audio_md5": "52c88370266ad2c039fffd311c4cfbce",
    "loudness": -10.580270767211914,
    "dynamic_range": 0.0,
    "temporal_centroid": 0.48452213406562805,
    "log_attack_time": -1.436804175376892,
    "filesize": 57948,
    "single_event": false,
    "tonality": "F minor",
    "tonality_confidence": 0.8937194347381592,
    "loop": false,
    "tempo": 123,
    "tempo_confidence": 0.0,
    "note_midi": 29,
    "note_name": "F1",
    "note_frequency": 43.024391174316406,
    "note_confidence": 0.15644842386245728,
    "hardness": 36.67500249473983,
    "depth": 72.25306587635436,
    "brightness": 33.21513485421413,
    "roughness": 45.09633981187509,
    "warmth": 61.627135759855484,
    "sharpness": 39.5944473362299,
    "boominess": 47.09954855375861,
    "reverb": false,
    "genre": "Genre B",
    "mood": "Mood B"
}