{
    "duration": 1.809499979019165,
    "lossless": 1.0,
    "codec": "pcm_s16le",
    "bitrate": 256000.0,
    "samplerate": 16000.0,
    "channels": 1.0,
    "audio_md5": "97605b3e839ee3ffc006678952cc6b52",
    "loudness": -23.995943069458008,
    "dynamic_range": 0.0,
    "temporal_centroid": 0.4647192656993866,
    "log_attack_time": 0.2569216191768646,
    "filesize": 57948,
    "single_event": false,
    "tonality": "F major",
    "tonality_confidence": 0.7817113995552063,
    "loop": false,
    "tempo": 112,
    "tempo_confidence": 0.0,
    "note_midi": 34,
    "note_name": "A#1",
    "note_frequency": 58.30009841918945,
    "note_confidence": 0.11300808191299438,
    "hardness": 55.97900984137701,
    "depth": 65.22707044383836,
    "brightness": 44.13048265459347,
    "roughness": 47.87067346922361,
    "warmth": 61.89821731482013,
    "sharpness": 35.827227544875356,
    "boominess": 42.329510007506414,
    "reverb": false,
    "genre": "Genre B",
    "mood": "Mood B"
}