{
    "duration": 1.809499979019165,
    "lossless": 1.0,
    "codec": "pcm_s16le",
    "bitrate": 256000.0,
    "samplerate": 16000.0,
    "channels": 1.0,
    "audio_md5": "9096139d62063ccfe9ad916e80278191",
    "loudness": -11.663583755493164,
    "dynamic_range": 0.0,
    "temporal_centroid": 0.36916592717170715,
    "log_attack_time": -1.000098466873169,
    "filesize": 57948,
    "single_event": false,
    "tonality": "D# minor",
    "tonality_confidence": 0.5808637738227844,
    "loop": false,
    "tempo": 129,
    "tempo_confidence": 0.0,
    "note_midi": 30,
    "note_name": "F#1",
    "note_frequency": 46.35340118408203,
    "note_confidence": 0.0,
    "hardness": 39.0275126170376,
    "depth": 66.00507289393249,
    "brightness": 38.84456356103078,
    "roughness": 38.83996975108093,
    "warmth": 56.00389450485838,
    "sharpness": 32.56654297094938,
    "boominess": 52.52584821184432,
    "reverb": false,
    "genre": "Genre A",
    "mood": "Mood A"
}