{
    "duration": 1.809499979019165,
    "lossless": 1.0,
    "codec": "pcm_s16le",
    "bitrate": 256000.0,
    "samplerate": 16000.0,
    "channels": 1.0,
    "audio_md5": "b507a05855a13cd341908ed60c368357",
    "loudness": -8.4917631149292,
    "dynamic_range": 0.0,
    "temporal_centroid": 0.5144426226615906,
    "log_attack_time": -0.3472253978252411,
    "filesize": 57948,
    "single_event": false,
    "tonality": "A minor",
    "tonality_confidence": 0.5037006139755249,
    "loop": false,
    "tempo": 78,
    "tempo_confidence": 0.0,
    "note_midi": 60,
    "note_name": "C4",
    "note_frequency": 261.2159729003906,
    "note_confidence": 0.5441979765892029,
    "hardness": 39.273901602825205,
    "depth": 57.103441702771725,
    "brightness": 38.55729727812492,
    "roughness": 51.58885104784109,
    "warmth": 64.45886727788013,
    "sharpness": 21.87583676149852,
    "boominess": 42.04429106633883,
    "reverb": false,
    "genre": "Genre A",
    "mood": "Mood A"
}