{
    "duration": 1.809499979019165,
    "lossless": 1.0,
    "codec": "pcm_s16le",
    "bitrate": 256000.0,
    "samplerate": 16000.0,
    "channels": 1.0,
    "audio_md5": "0596383769192dd1de2612876f3eb4b7",
    "loudness": -12.096367835998535,
    "dynamic_range": 0.0,
    "temporal_centroid": 0.422002911567688,
    "log_attack_time": -1.3749256134033203,
    "filesize": 57948,
    "single_event": false,
    "tonality": "D minor",
    "tonality_confidence": 0.6015855669975281,
    "loop": false,
    "tempo": 129,
    "tempo_confidence": 0.0,
    "note_midi": 33,
    "note_name": "A1",
    "note_frequency": 54.597572326660156,
    "note_confidence": 0.5454939603805542,
    "hardness": 42.39358024770266,
    "depth": 66.43031098621395,
    "brightness": 38.64981536296453,
    "roughness": 38.61929022341156,
    "warmth": 58.444359458956725,
    "sharpness": 39.79101136183245,
    "boominess": 48.06291846376281,
    "reverb": false,
    "genre": "Genre A",
    "mood": "Mood A"
}