{
    "duration": 1.809499979019165,
    "lossless": 1.0,
    "codec": "pcm_s16le",
    "bitrate": 256000.0,
    "samplerate": 16000.0,
    "channels": 1.0,
    "audio_md5": "974777ccbbc8d267089208a74100bb89",
    "loudness": -17.532623291015625,
    "dynamic_range": 0.0,
    "temporal_centroid": 0.5003728866577148,
    "log_attack_time": 0.1380627155303955,
    "filesize": 57948,
    "single_event": false,
    "tonality": "C# major",
    "tonality_confidence": 0.8233188390731812,
    "loop": false,
    "tempo": 129,
    "tempo_confidence": 0.0,
    "note_midi": 37,
    "note_name": "C#2",
    "note_frequency": 69.27305603027344,
    "note_confidence": 0.47860246896743774,
    "hardness": 41.23611540504271,
    "depth": 64.83881913634994,
    "brightness": 38.86061820384043,
    "roughness": 51.37632340912462,
    "warmth": 66.22861826906413,
    "sharpness": 18.141962083121943,
    "boominess": 44.65906018422505,
    "reverb": false,
    "genre": "Genre A",
    "mood": "Mood A"
}