{
    "duration": 1.809499979019165,
    "lossless": 1.0,
    "codec": "pcm_s16le",
    "bitrate": 256000.0,
    "samplerate": 16000.0,
    "channels": 1.0,
    "audio_md5": "8df2f48bffb074fde72e0f4438da721f",
    "loudness": -9.019213676452637,
    "dynamic_range": 0.0,
    "temporal_centroid": 0.4318305253982544,
    "log_attack_time": -1.3679767847061157,
    "filesize": 57948,
    "single_event": false,
    "tonality": "C# minor",
    "tonality_confidence": 0.7476712465286255,
    "loop": false,
    "tempo": 89,
    "tempo_confidence": 0.0,
    "note_midi": 30,
    "note_name": "F#1",
    "note_frequency": 47.32333755493164,
    "note_confidence": 0.7884896993637085,
    "hardness": 35.89588921586612,
    "depth": 68.8095501361695,
    "brightness": 32.56722837109038,
    "roughness": 44.11156838595847,
    "warmth": 60.425152196362944,
    "sharpness": 39.50801917414974,
    "boominess": 48.51828904719207,
    "reverb": false,
    "genre": "Genre A",
    "mood": "Mood A"
}