{
    "duration": 1.809499979019165,
    "lossless": 1.0,
    "codec": "pcm_s16le",
    "bitrate": 256000.0,
    "samplerate": 16000.0,
    "channels": 1.0,
    "audio_md5": "ae26876bb21fd9a2545b7eda18eec471",
    "loudness": -43.40468215942383,
    "dynamic_range": 0.0,
    "temporal_centroid": 0.3716375529766083,
    "log_attack_time": -2.6110148429870605,
    "filesize": 57948,
    "single_event": false,
    "tonality": "C major",
    "tonality_confidence": 0.7371118664741516,
    "loop": false,
    "tempo": 129,
    "tempo_confidence": 0.0,
    "note_midi": 36,
    "note_name": "C2",
    "note_frequency": 65.0328140258789,
    "note_confidence": 0.617458164691925,
    "hardness": 55.05834146898545,
    "depth": 37.45871454993694,
    "brightness": 52.547118336763134,
    "roughness": 46.81185793625392,
    "warmth": 54.583997134557386,
    "sharpness": 43.94722339079503,
    "boominess": 41.16416778295492,
    "reverb": false,
    "genre": "Genre B",
    "mood": "Mood B"
}