{
    "duration": 1.809499979019165,
    "lossless": 1.0,
    "codec": "pcm_s16le",
    "bitrate": 256000.0,
    "samplerate": 16000.0,
    "channels": 1.0,
    "audio_md5": "b29bd74f9461223c897d548542f00e5d",
    "loudness": -8.138694763183594,
    "dynamic_range": 0.0,
    "temporal_centroid": 0.46143490076065063,
    "log_attack_time": -1.3189228773117065,
    "filesize": 57948,
    "single_event": false,
    "tonality": "A# major",
    "tonality_confidence": 0.5340887904167175,
    "loop": true,
    "tempo": 133,
    "tempo_confidence": 0.9821057915687561,
    "note_midi": 29,
    "note_name": "F1",
    "note_frequency": 44.21657180786133,
    "note_confidence": 0.8487586379051208,
    "hardness": 38.81070443338548,
    "depth": 68.57287942499799,
    "brightness": 34.49757783374336,
    "roughness": 45.57860465117807,
    "warmth": 61.12372278352336,
    "sharpness": 38.287097012879194,
    "boominess": 48.10645302078311,
    "reverb": false,
    "genre": "Genre B",
    "mood": "Mood B"
}