{
    "duration": 1.809499979019165,
    "lossless": 1.0,
    "codec": "pcm_s16le",
    "bitrate": 256000.0,
    "samplerate": 16000.0,
    "channels": 1.0,
    "audio_md5": "5bd8be8b2126b79259c279e897b29c7a",
    "loudness": -17.042850494384766,
    "dynamic_range": 0.0,
    "temporal_centroid": 0.4864492416381836,
    "log_attack_time": 0.13312594592571259,
    "filesize": 57948,
    "single_event": false,
    "tonality": "A# major",
    "tonality_confidence": 0.6108869910240173,
    "loop": true,
    "tempo": 133,
    "tempo_confidence": 0.9831110835075378,
    "note_midi": 33,
    "note_name": "A1",
    "note_frequency": 55.0026969909668,
    "note_confidence": 0.5101327300071716,
    "hardness": 39.68591158288143,
    "depth": 62.68445144459558,
    "brightness": 42.26691179809272,
    "roughness": 49.082483016514914,
    "warmth": 64.17875914627083,
    "sharpness": 22.19161148977045,
    "boominess": 44.25782457449559,
    "reverb": false,
    "genre": "Genre A",
    "mood": "Mood A"
}