{
    "duration": 1.809499979019165,
    "lossless": 1.0,
    "codec": "pcm_s16le",
    "bitrate": 256000.0,
    "samplerate": 16000.0,
    "channels": 1.0,
    "audio_md5": "b45d5a294c9c4e7979a41bbdb0b692eb",
    "loudness": -15.698205947875977,
    "dynamic_range": 0.0,
    "temporal_centroid": 0.4835921823978424,
    "log_attack_time": -0.3663712441921234,
    "filesize": 57948,
    "single_event": false,
    "tonality": "A# minor",
    "tonality_confidence": 0.7261397838592529,
    "loop": false,
    "tempo": 133,
    "tempo_confidence": 0.0,
    "note_midi": 31,
    "note_name": "G1",
    "note_frequency": 50.2444953918457,
    "note_confidence": 0.5625413060188293,
    "hardness": 40.20439894449767,
    "depth": 62.23221496581217,
    "brightness": 41.957444735425774,
    "roughness": 49.796606625712236,
    "warmth": 65.07254051171212,
    "sharpness": 19.990991157601027,
    "boominess": 44.1779175730611,
    "reverb": false,
    "genre": "Genre A",
    "mood": "Mood A"
}