{
    "duration": 1.809499979019165,
    "lossless": 1.0,
    "codec": "pcm_s16le",
    "bitrate": 256000.0,
    "samplerate": 16000.0,
    "channels": 1.0,
    "audio_md5": "834da33d1ff2cc0f37db37a9a7a5b25f",
    "loudness": -13.083948135375977,
    "dynamic_range": 0.0,
    "temporal_centroid": 0.5210959911346436,
    "log_attack_time": 0.14260366559028625,
    "filesize": 57948,
    "single_event": false,
    "tonality": "D major",
    "tonality_confidence": 0.7144508361816406,
    "loop": false,
    "tempo": 172,
    "tempo_confidence": 0.0,
    "note_midi": 34,
    "note_name": "A#1",
    "note_frequency": 59.52278518676758,
    "note_confidence": 0.5603405833244324,
    "hardness": 37.60123912023482,
    "depth": 62.9550729578229,
    "brightness": 37.71788424954846,
    "roughness": 50.25474836803051,
    "warmth": 65.15053589467894,
    "sharpness": 20.707668477716844,
    "boominess": 42.13066334123202,
    "reverb": false,
    "genre": "Genre A",
    "mood": "Mood A"
}