{
    "duration": 1.809499979019165,
    "lossless": 1.0,
    "codec": "pcm_s16le",
    "bitrate": 256000.0,
    "samplerate": 16000.0,
    "channels": 1.0,
    "audio_md5": "df6036c1390d6d9a23419ac838df0827",
    "loudness": -9.193841934204102,
    "dynamic_range": 0.0,
    "temporal_centroid": 0.5020596385002136,
    "log_attack_time": -1.5033025741577148,
    "filesize": 57948,
    "single_event": false,
    "tonality": "G# major",
    "tonality_confidence": 0.7123364806175232,
    "loop": false,
    "tempo": 128,
    "tempo_confidence": 0.0,
    "note_midi": 29,
    "note_name": "F1",
    "note_frequency": 43.024391174316406,
    "note_confidence": 0.20401573181152344,
    "hardness": 48.039086906573885,
    "depth": 74.80965733189315,
    "brightness": 27.90194869337726,
    "roughness": 46.93932458147111,
    "warmth": 63.467381445783346,
    "sharpness": 42.634471464898375,
    "boominess": 44.53530121125986,
    "reverb": false,
    "genre": "Genre B",
    "mood": "Mood B"
}