{
    "duration": 1.809499979019165,
    "lossless": 1.0,
    "codec": "pcm_s16le",
    "bitrate": 256000.0,
    "samplerate": 16000.0,
    "channels": 1.0,
    "audio_md5": "5551b11959f82ef3e096300a5ee6ac3d",
    "loudness": -16.78075408935547,
    "dynamic_range": 0.0,
    "temporal_centroid": 0.48560217022895813,
    "log_attack_time": -0.16862216591835022,
    "filesize": 57948,
    "single_event": false,
    "tonality": "A major",
    "tonality_confidence": 0.37665531039237976,
    "loop": false,
    "tempo": 172,
    "tempo_confidence": 0.0,
    "note_midi": 40,
    "note_name": "E2",
    "note_frequency": 81.204833984375,
    "note_confidence": 0.4630888104438782,
    "hardness": 43.64109243916468,
    "depth": 65.28225745201664,
    "brightness": 36.81278203364661,
    "roughness": 50.398033590758004,
    "warmth": 66.82102696578534,
    "sharpness": 16.232746640025937,
    "boominess": 44.27530829814089,
    "reverb": false,
    "genre": "Genre A",
    "mood": "Mood A"
}