{
    "duration": 1.809499979019165,
    "lossless": 1.0,
    "codec": "pcm_s16le",
    "bitrate": 256000.0,
    "samplerate": 16000.0,
    "channels": 1.0,
    "audio_md5": "d3eabf8cedf41c06ac5e8831a72110aa",
    "loudness": -7.818288803100586,
    "dynamic_range": 0.0,
    "temporal_centroid": 0.4984361529350281,
    "log_attack_time": -1.356636881828308,
    "filesize": 57948,
    "single_event": false,
    "tonality": "G major",
    "tonality_confidence": 0.7774486541748047,
    "loop": false,
    "tempo": 89,
    "tempo_confidence": 0.0,
    "note_midi": 31,
    "note_name": "G1",
    "note_frequency": 48.81813049316406,
    "note_confidence": 0.9318751096725464,
    "hardness": 39.87820214674912,
    "depth": 68.8065486938417,
    "brightness": 34.427612033674734,
    "roughness": 43.702604586413536,
    "warmth": 60.897834317889874,
    "sharpness": 39.624019588114734,
    "boominess": 47.459489863954374,
    "reverb": false,
    "genre": "Genre A",
    "mood": "Mood A"
}