{
    "duration": 1.809499979019165,
    "lossless": 1.0,
    "codec": "pcm_s16le",
    "bitrate": 256000.0,
    "samplerate": 16000.0,
    "channels": 1.0,
    "audio_md5": "16f597f5af9fd2b62eff2816ba70cdb3",
    "loudness": -8.735950469970703,
    "dynamic_range": 0.0,
    "temporal_centroid": 0.5051524043083191,
    "log_attack_time": -0.289351224899292,
    "filesize": 57948,
    "single_event": false,
    "tonality": "F major",
    "tonality_confidence": 0.6473256349563599,
    "loop": false,
    "tempo": 131,
    "tempo_confidence": 0.0,
    "note_midi": 61,
    "note_name": "C#4",
    "note_frequency": 277.6981201171875,
    "note_confidence": 0.5778324604034424,
    "hardness": 39.266378808671305,
    "depth": 52.873273895304685,
    "brightness": 40.069116100116545,
    "roughness": 52.64789960805169,
    "warmth": 62.25655434058751,
    "sharpness": 27.225706483593,
    "boominess": 39.10865959702633,
    "reverb": false,
    "genre": "Genre A",
    "mood": "Mood A"
}