{
    "duration": 1.809499979019165,
    "lossless": 1.0,
    "codec": "pcm_s16le",
    "bitrate": 256000.0,
    "samplerate": 16000.0,
    "channels": 1.0,
    "audio_md5": "2797aba9c7ac26bc34fa6d0e9f5baf9e",
    "loudness": -8.567788124084473,
    "dynamic_range": 0.0,
    "temporal_centroid": 0.5008499026298523,
    "log_attack_time": -1.4056400060653687,
    "filesize": 57948,
    "single_event": false,
    "tonality": "F# minor",
    "tonality_confidence": 0.4189990162849426,
    "loop": false,
    "tempo": 129,
    "tempo_confidence": 0.0,
    "note_midi": 29,
    "note_name": "F1",
    "note_frequency": 43.024391174316406,
    "note_confidence": 0.46164464950561523,
    "hardness": 39.83210127342198,
    "depth": 69.9734052441392,
    "brightness": 30.372999340269203,
    "roughness": 45.28448873082838,
    "warmth": 61.01568042164463,
    "sharpness": 41.45183090612217,
    "boominess": 45.29799133447108,
    "reverb": false,
    "genre": "Genre B",
    "mood": "Mood B"
}