{
    "duration": 1.809499979019165,
    "lossless": 1.0,
    "codec": "pcm_s16le",
    "bitrate": 256000.0,
    "samplerate": 16000.0,
    "channels": 1.0,
    "audio_md5": "8a38d7e19a2909aff003ab06bdb92778",
    "loudness": -9.173615455627441,
    "dynamic_range": 0.0,
    "temporal_centroid": 0.44988229870796204,
    "log_attack_time": -1.176239013671875,
    "filesize": 57948,
    "single_event": false,
    "tonality": "E minor",
    "tonality_confidence": 0.7258198857307434,
    "loop": true,
    "tempo": 100,
    "tempo_confidence": 0.970370352268219,
    "note_midi": 29,
    "note_name": "F1",
    "note_frequency": 43.47772979736328,
    "note_confidence": 0.8055629134178162,
    "hardness": 40.8549727380113,
    "depth": 68.99789333371062,
    "brightness": 35.28428058089417,
    "roughness": 44.653149926489164,
    "warmth": 61.243438761943054,
    "sharpness": 42.419597327381794,
    "boominess": 45.98082086557274,
    "reverb": false,
    "genre": "Genre B",
    "mood": "Mood B"
}