{
    "duration": 1.809499979019165,
    "lossless": 1.0,
    "codec": "pcm_s16le",
    "bitrate": 256000.0,
    "samplerate": 16000.0,
    "channels": 1.0,
    "audio_md5": "adab90c29653a186ca67fdab0ed36850",
    "loudness": -18.18075942993164,
    "dynamic_range": 0.0,
    "temporal_centroid": 0.4624345004558563,
    "log_attack_time": 0.13109174370765686,
    "filesize": 57948,
    "single_event": false,
    "tonality": "C major",
    "tonality_confidence": 0.6287266612052917,
    "loop": false,
    "tempo": 136,
    "tempo_confidence": 0.0,
    "note_midi": 37,
    "note_name": "C#2",
    "note_frequency": 67.52703094482422,
    "note_confidence": 0.45340555906295776,
    "hardness": 40.79136526142659,
    "depth": 66.39466915112013,
    "brightness": 42.15976853239624,
    "roughness": 48.88325030323427,
    "warmth": 62.96136411341475,
    "sharpness": 19.72492977947597,
    "boominess": 44.64690182446206,
    "reverb": false,
    "genre": "Genre A",
    "mood": "Mood A"
}