{
    "duration": 1.809499979019165,
    "lossless": 1.0,
    "codec": "pcm_s16le",
    "bitrate": 256000.0,
    "samplerate": 16000.0,
    "channels": 1.0,
    "audio_md5": "9c9e950d82971637d80ea05e858e401f",
    "loudness": -8.494058609008789,
    "dynamic_range": 0.0,
    "temporal_centroid": 0.5014142990112305,
    "log_attack_time": -1.4026432037353516,
    "filesize": 57948,
    "single_event": false,
    "tonality": "A minor",
    "tonality_confidence": 0.4197690784931183,
    "loop": false,
    "tempo": 120,
    "tempo_confidence": 0.0,
    "note_midi": 29,
    "note_name": "F1",
    "note_frequency": 43.024391174316406,
    "note_confidence": 0.5991947650909424,
    "hardness": 41.00791294895248,
    "depth": 72.62314277840639,
    "brightness": 30.131162199696398,
    "roughness": 45.66383505931276,
    "warmth": 62.54977184664365,
    "sharpness": 43.0437551442932,
    "boominess": 45.162583812411604,
    "reverb": false,
    "genre": "Genre B",
    "mood": "Mood B"
}