{
    "duration": 1.809499979019165,
    "lossless": 1.0,
    "codec": "pcm_s16le",
    "bitrate": 256000.0,
    "samplerate": 16000.0,
    "channels": 1.0,
    "audio_md5": "da8996e8416daec655345bef3893e8d5",
    "loudness": -16.067848205566406,
    "dynamic_range": 0.0,
    "temporal_centroid": 0.49129197001457214,
    "log_attack_time": -0.36102426052093506,
    "filesize": 57948,
    "single_event": false,
    "tonality": "F major",
    "tonality_confidence": 0.4476213753223419,
    "loop": false,
    "tempo": 133,
    "tempo_confidence": 0.0,
    "note_midi": 31,
    "note_name": "G1",
    "note_frequency": 49.236167907714844,
    "note_confidence": 0.5831630229949951,
    "hardness": 44.31312083517247,
    "depth": 62.31142138434056,
    "brightness": 42.826113134423835,
    "roughness": 50.419988654796825,
    "warmth": 64.69804631899183,
    "sharpness": 22.885161634604025,
    "boominess": 43.79716797546283,
    "reverb": false,
    "genre": "Genre A",
    "mood": "Mood A"
}