{
    "duration": 1.809499979019165,
    "lossless": 1.0,
    "codec": "pcm_s16le",
    "bitrate": 256000.0,
    "samplerate": 16000.0,
    "channels": 1.0,
    "audio_md5": "9685d5c3115dbb4ff8204083880c31ad",
    "loudness": -15.208477973937988,
    "dynamic_range": 0.0,
    "temporal_centroid": 0.46661052107810974,
    "log_attack_time": -1.3894073963165283,
    "filesize": 57948,
    "single_event": false,
    "tonality": "C major",
    "tonality_confidence": 0.34309643507003784,
    "loop": false,
    "tempo": 129,
    "tempo_confidence": 0.0,
    "note_midi": 32,
    "note_name": "G#1",
    "note_frequency": 52.504539489746094,
    "note_confidence": 0.3155967593193054,
    "hardness": 39.120928525938254,
    "depth": 68.29150499121829,
    "brightness": 39.25663731070251,
    "roughness": 38.53258757528262,
    "warmth": 58.481149007238045,
    "sharpness": 39.556910151671644,
    "boominess": 47.995780465906094,
    "reverb": false,
    "genre": "Genre A",
    "mood": "Mood A"
}