{
    "duration": 1.809499979019165,
    "lossless": 1.0,
    "codec": "pcm_s16le",
    "bitrate": 256000.0,
    "samplerate": 16000.0,
    "channels": 1.0,
    "audio_md5": "717d51acbce5f3142699d5733cad33a9",
    "loudness": -11.548860549926758,
    "dynamic_range": 0.0,
    "temporal_centroid": 0.4288100600242615,
    "log_attack_time": -1.346240758895874,
    "filesize": 57948,
    "single_event": false,
    "tonality": "F minor",
    "tonality_confidence": 0.3786793649196625,
    "loop": false,
    "tempo": 172,
    "tempo_confidence": 0.0,
    "note_midi": 32,
    "note_name": "G#1",
    "note_frequency": 53.41030502319336,
    "note_confidence": 0.4142569303512573,
    "hardness": 37.47051303793343,
    "depth": 68.90045414718121,
    "brightness": 37.38510678905465,
    "roughness": 39.81388778981165,
    "warmth": 58.09063845666713,
    "sharpness": 38.54617135690446,
    "boominess": 48.29558068734802,
    "reverb": false,
    "genre": "Genre A",
    "mood": "Mood A"
}