{
    "duration": 1.809499979019165,
    "lossless": 1.0,
    "codec": "pcm_s16le",
    "bitrate": 256000.0,
    "samplerate": 16000.0,
    "channels": 1.0,
    "audio_md5": "bdcec3cda1937c40b25f352b6a40c217",
    "loudness": -17.668546676635742,
    "dynamic_range": 0.0,
    "temporal_centroid": 0.4994764029979706,
    "log_attack_time": -0.3623832166194916,
    "filesize": 57948,
    "single_event": false,
    "tonality": "E minor",
    "tonality_confidence": 0.5605396032333374,
    "loop": false,
    "tempo": 129,
    "tempo_confidence": 0.0,
    "note_midi": 33,
    "note_name": "A1",
    "note_frequency": 55.661251068115234,
    "note_confidence": 0.49023133516311646,
    "hardness": 40.36586560649144,
    "depth": 61.68250801525349,
    "brightness": 46.824198950474084,
    "roughness": 46.44555312290899,
    "warmth": 57.62730361089585,
    "sharpness": 29.83148818419021,
    "boominess": 41.78434992391858,
    "reverb": false,
    "genre": "Genre A",
    "mood": "Mood A"
}