{
    "duration": 1.809499979019165,
    "lossless": 1.0,
    "codec": "pcm_s16le",
    "bitrate": 256000.0,
    "samplerate": 16000.0,
    "channels": 1.0,
    "audio_md5": "7b97bc7ce396e6b98a62c900a50ce54b",
    "loudness": -21.52501106262207,
    "dynamic_range": 0.0,
    "temporal_centroid": 0.3719356060028076,
    "log_attack_time": -1.4403187036514282,
    "filesize": 57948,
    "single_event": false,
    "tonality": "F minor",
    "tonality_confidence": 0.49049636721611023,
    "loop": false,
    "tempo": 86,
    "tempo_confidence": 0.0,
    "note_midi": 32,
    "note_name": "G#1",
    "note_frequency": 53.26649475097656,
    "note_confidence": 0.20446527004241943,
    "hardness": 52.59125436343612,
    "depth": 66.5645309527033,
    "brightness": 48.973503141511394,
    "roughness": 40.688861760801515,
    "warmth": 55.546468196776424,
    "sharpness": 36.17845612125479,
    "boominess": 45.41518182276737,
    "reverb": false,
    "genre": "Genre B",
    "mood": "Mood B"
}