{
    "duration": 1.809499979019165,
    "lossless": 1.0,
    "codec": "pcm_s16le",
    "bitrate": 256000.0,
    "samplerate": 16000.0,
    "channels": 1.0,
    "audio_md5": "1210285646e7425dd636f7b9f4bca27e",
    "loudness": -17.2402286529541,
    "dynamic_range": 0.0,
    "temporal_centroid": 0.5824059844017029,
    "log_attack_time": 0.06143367663025856,
    "filesize": 57948,
    "single_event": false,
    "tonality": "C major",
    "tonality_confidence": 0.8237912058830261,
    "loop": false,
    "tempo": 133,
    "tempo_confidence": 0.0,
    "note_midi": 39,
    "note_name": "D#2",
    "note_frequency": 78.8963623046875,
    "note_confidence": 0.478380024433136,
    "hardness": 40.91648383133928,
    "depth": 59.23509938788155,
    "brightness": 43.41242149264295,
    "roughness": 50.88340200456043,
    "warmth": 60.433140654271284,
    "sharpness": 25.53434043654005,
    "boominess": 41.152230426414384,
    "reverb": false,
    "genre": "Genre A",
    "mood": "Mood A"
}