{
    "duration": 1.809499979019165,
    "lossless": 1.0,
    "codec": "pcm_s16le",
    "bitrate": 256000.0,
    "samplerate": 16000.0,
    "channels": 1.0,
    "audio_md5": "f2a715f75b71f49555547c9beeaeff9e",
    "loudness": -17.60245704650879,
    "dynamic_range": 0.0,
    "temporal_centroid": 0.39325061440467834,
    "log_attack_time": -0.5887163281440735,
    "filesize": 57948,
    "single_event": false,
    "tonality": "D minor",
    "tonality_confidence": 0.49637138843536377,
    "loop": false,
    "tempo": 126,
    "tempo_confidence": 0.0,
    "note_midi": 36,
    "note_name": "C2",
    "note_frequency": 65.36334991455078,
    "note_confidence": 0.3851931691169739,
    "hardness": 38.31684055614609,
    "depth": 65.85519452320261,
    "brightness": 38.819103188971525,
    "roughness": 46.799401898367556,
    "warmth": 62.94609710648959,
    "sharpness": 18.74007435087429,
    "boominess": 45.11859090168839,
    "reverb": false,
    "genre": "Genre A",
    "mood": "Mood A"
}