{
    "duration": 1.809499979019165,
    "lossless": 1.0,
    "codec": "pcm_s16le",
    "bitrate": 256000.0,
    "samplerate": 16000.0,
    "channels": 1.0,
    "audio_md5": "f78226a1f68038f50b4cf2f68d53494b",
    "loudness": -7.877189636230469,
    "dynamic_range": 0.0,
    "temporal_centroid": 0.49022427201271057,
    "log_attack_time": -1.317897915840149,
    "filesize": 57948,
    "single_event": false,
    "tonality": "E minor",
    "tonality_confidence": 0.6248040199279785,
    "loop": false,
    "tempo": 155,
    "tempo_confidence": 0.0,
    "note_midi": 31,
    "note_name": "G1",
    "note_frequency": 49.943939208984375,
    "note_confidence": 0.9033325910568237,
    "hardness": 37.707945486915776,
    "depth": 68.11690404264247,
    "brightness": 34.69368077656084,
    "roughness": 45.17369023796943,
    "warmth": 61.53593014604947,
    "sharpness": 38.18448949179506,
    "boominess": 47.85308976384633,
    "reverb": false,
    "genre": "Genre A",
    "mood": "Mood A"
}