{
    "duration": 1.809499979019165,
    "lossless": 1.0,
    "codec": "pcm_s16le",
    "bitrate": 256000.0,
    "samplerate": 16000.0,
    "channels": 1.0,
    "audio_md5": "dcca7fa6a270d779129ed469e208b4a8",
    "loudness": -16.11138916015625,
    "dynamic_range": 0.0,
    "temporal_centroid": 0.4826548099517822,
    "log_attack_time": -0.3655935823917389,
    "filesize": 57948,
    "single_event": false,
    "tonality": "E minor",
    "tonality_confidence": 0.5774847269058228,
    "loop": false,
    "tempo": 133,
    "tempo_confidence": 0.0,
    "note_midi": 31,
    "note_name": "G1",
    "note_frequency": 48.517581939697266,
    "note_confidence": 0.6111098527908325,
    "hardness": 40.00758770655267,
    "depth": 62.23776807592786,
    "brightness": 41.60612294433855,
    "roughness": 49.42932824892579,
    "warmth": 65.88273249052573,
    "sharpness": 19.37367422130509,
    "boominess": 44.580281683202,
    "reverb": false,
    "genre": "Genre A",
    "mood": "Mood A"
}