{
    "duration": 1.809499979019165,
    "lossless": 1.0,
    "codec": "pcm_s16le",
    "bitrate": 256000.0,
    "samplerate": 16000.0,
    "channels": 1.0,
    "audio_md5": "27f60fb048ab03f8455f2988666a8c03",
    "loudness": -20.918563842773438,
    "dynamic_range": 0.0,
    "temporal_centroid": 0.5191183090209961,
    "log_attack_time": -1.2294652462005615,
    "filesize": 57948,
    "single_event": false,
    "tonality": "F major",
    "tonality_confidence": 0.6375293731689453,
    "loop": false,
    "tempo": 129,
    "tempo_confidence": 0.0,
    "note_midi": 44,
    "note_name": "G#2",
    "note_frequency": 101.38546752929688,
    "note_confidence": 0.4220496416091919,
    "hardness": 49.899646791180714,
    "depth": 60.82546441627565,
    "brightness": 46.706271580129254,
    "roughness": 49.4666015771824,
    "warmth": 56.51504773597725,
    "sharpness": 33.81499228860017,
    "boominess": 39.761298798900825,
    "reverb": false,
    "genre": "Genre A",
    "mood": "Mood A"
}