{
    "duration": 1.809499979019165,
    "lossless": 1.0,
    "codec": "pcm_s16le",
    "bitrate": 256000.0,
    "samplerate": 16000.0,
    "channels": 1.0,
    "audio_md5": "a6fd3ce4dccb36a91212c31cf2338b41",
    "loudness": -8.369235038757324,
    "dynamic_range": 0.0,
    "temporal_centroid": 0.5026874542236328,
    "log_attack_time": -1.4238076210021973,
    "filesize": 57948,
    "single_event": false,
    "tonality": "A# major",
    "tonality_confidence": 0.6872311234474182,
    "loop": false,
    "tempo": 129,
    "tempo_confidence": 0.0,
    "note_midi": 29,
    "note_name": "F1",
    "note_frequency": 43.024391174316406,
    "note_confidence": 0.6833237409591675,
    "hardness": 45.7622201539852,
    "depth": 72.42428967381548,
    "brightness": 33.140236658740704,
    "roughness": 44.88539149025425,
    "warmth": 62.477910369320384,
    "sharpness": 41.068969655235215,
    "boominess": 46.32628630789432,
    "reverb": false,
    "genre": "Genre B",
    "mood": "Mood B"
}