{
    "duration": 1.809499979019165,
    "lossless": 1.0,
    "codec": "pcm_s16le",
    "bitrate": 256000.0,
    "samplerate": 16000.0,
    "channels": 1.0,
    "audio_md5": "9b4624338a6bd29248f1e761fc6607cb",
    "loudness": -24.837692260742188,
    "dynamic_range": 0.0,
    "temporal_centroid": 0.3878847062587738,
    "log_attack_time": -1.5345228910446167,
    "filesize": 57948,
    "single_event": false,
    "tonality": "F# minor",
    "tonality_confidence": 0.44155803322792053,
    "loop": false,
    "tempo": 131,
    "tempo_confidence": 0.0,
    "note_midi": 45,
    "note_name": "A2",
    "note_frequency": 107.98036193847656,
    "note_confidence": 0.41645729541778564,
    "hardness": 49.5612089890829,
    "depth": 53.36584751047413,
    "brightness": 52.34723268092368,
    "roughness": 49.853323804472915,
    "warmth": 52.68655926059491,
    "sharpness": 38.18362354861842,
    "boominess": 34.986689425596175,
    "reverb": false,
    "genre": "Genre A",
    "mood": "Mood A"
}