{
    "duration": 1.809499979019165,
    "lossless": 1.0,
    "codec": "pcm_s16le",
    "bitrate": 256000.0,
    "samplerate": 16000.0,
    "channels": 1.0,
    "audio_md5": "53374caf5c1ff2d216f53362ed833ff0",
    "loudness": -31.4287052154541,
    "dynamic_range": 0.0,
    "temporal_centroid": 0.3257017731666565,
    "log_attack_time": -2.6901960372924805,
    "filesize": 57948,
    "single_event": false,
    "tonality": "D major",
    "tonality_confidence": 0.5755380392074585,
    "loop": false,
    "tempo": 128,
    "tempo_confidence": 0.0,
    "note_midi": 36,
    "note_name": "C2",
    "note_frequency": 63.635398864746094,
    "note_confidence": 0.37477487325668335,
    "hardness": 61.35972063194953,
    "depth": 50.747933226143125,
    "brightness": 59.72114313140629,
    "roughness": 47.16126046810014,
    "warmth": 46.4143382196505,
    "sharpness": 48.18685394136493,
    "boominess": 38.960313925471866,
    "reverb": false,
    "genre": "Genre A",
    "mood": "Mood A"
}