{
    "duration": 1.809499979019165,
    "lossless": 1.0,
    "codec": "pcm_s16le",
    "bitrate": 256000.0,
    "samplerate": 16000.0,
    "channels": 1.0,
    "audio_md5": "5ebd4f5bc285d89ca692ecde5d49d3e8",
    "loudness": -22.10487937927246,
    "dynamic_range": 0.0,
    "temporal_centroid": 0.3073398172855377,
    "log_attack_time": -1.2795125246047974,
    "filesize": 57948,
    "single_event": false,
    "tonality": "F# minor",
    "tonality_confidence": 0.6085060238838196,
    "loop": false,
    "tempo": 207,
    "tempo_confidence": 0.0,
    "note_midi": 32,
    "note_name": "G#1",
    "note_frequency": 53.24387741088867,
    "note_confidence": 0.47859489917755127,
    "hardness": 47.723438724672235,
    "depth": 60.34044142981198,
    "brightness": 44.7896421267537,
    "roughness": 45.09152682756018,
    "warmth": 58.144924717818284,
    "sharpness": 29.089787379446385,
    "boominess": 44.90370550622751,
    "reverb": false,
    "genre": "Genre A",
    "mood": "Mood A"
}