{
    "duration": 1.809499979019165,
    "lossless": 1.0,
    "codec": "pcm_s16le",
    "bitrate": 256000.0,
    "samplerate": 16000.0,
    "channels": 1.0,
    "audio_md5": "93a0115795ac7b6da95ee953a0d24687",
    "loudness": -10.08127212524414,
    "dynamic_range": 0.0,
    "temporal_centroid": 0.48470214009284973,
    "log_attack_time": -0.8519768714904785,
    "filesize": 57948,
    "single_event": false,
    "tonality": "B major",
    "tonality_confidence": 0.3119196593761444,
    "loop": false,
    "tempo": 185,
    "tempo_confidence": 0.0,
    "note_midi": 29,
    "note_name": "F1",
    "note_frequency": 43.024391174316406,
    "note_confidence": 0.03303122520446777,
    "hardness": 48.43772936531238,
    "depth": 72.5019691598886,
    "brightness": 31.04333655444049,
    "roughness": 45.856680337773305,
    "warmth": 62.43644901781836,
    "sharpness": 42.59611703693729,
    "boominess": 45.890687697978045,
    "reverb": false,
    "genre": "Genre B",
    "mood": "Mood B"
}