{
    "duration": 1.809499979019165,
    "lossless": 1.0,
    "codec": "pcm_s16le",
    "bitrate": 256000.0,
    "samplerate": 16000.0,
    "channels": 1.0,
    "audio_md5": "340cbafac2e5c527efac299b3cd13b95",
    "loudness": -8.997160911560059,
    "dynamic_range": 0.0,
    "temporal_centroid": 0.5015898942947388,
    "log_attack_time": -1.4099212884902954,
    "filesize": 57948,
    "single_event": false,
    "tonality": "C# major",
    "tonality_confidence": 0.40508490800857544,
    "loop": false,
    "tempo": 103,
    "tempo_confidence": 0.0,
    "note_midi": 29,
    "note_name": "F1",
    "note_frequency": 43.024391174316406,
    "note_confidence": 0.34258729219436646,
    "hardness": 38.16675884935627,
    "depth": 73.41401186968909,
    "brightness": 28.593205514033194,
    "roughness": 46.5321264259695,
    "warmth": 64.1564662247019,
    "sharpness": 42.69737202087715,
    "boominess": 45.08895093147919,
    "reverb": false,
    "genre": "Genre A",
    "mood": "Mood A"
}