{
    "duration": 1.809499979019165,
    "lossless": 1.0,
    "codec": "pcm_s16le",
    "bitrate": 256000.0,
    "samplerate": 16000.0,
    "channels": 1.0,
    "audio_md5": "99f304324cc087dd02bbe7e9f9e1b83e",
    "loudness": -24.81207847595215,
    "dynamic_range": 0.0,
    "temporal_centroid": 0.39437898993492126,
    "log_attack_time": -1.3369425535202026,
    "filesize": 57948,
    "single_event": false,
    "tonality": "F minor",
    "tonality_confidence": 0.632666289806366,
    "loop": false,
    "tempo": 199,
    "tempo_confidence": 0.0,
    "note_midi": 33,
    "note_name": "A1",
    "note_frequency": 54.161216735839844,
    "note_confidence": 0.44375109672546387,
    "hardness": 44.03847794065294,
    "depth": 69.48055399789811,
    "brightness": 47.17601479147308,
    "roughness": 49.97664182520088,
    "warmth": 62.23898007015804,
    "sharpness": 28.494097051044612,
    "boominess": 45.30496838274985,
    "reverb": false,
    "genre": "Genre A",
    "mood": "Mood A"
}