{
    "duration": 1.809499979019165,
    "lossless": 1.0,
    "codec": "pcm_s16le",
    "bitrate": 256000.0,
    "samplerate": 16000.0,
    "channels": 1.0,
    "audio_md5": "ccca75692a8bc2a953ad1f3772a15bb7",
    "loudness": -9.191888809204102,
    "dynamic_range": 0.0,
    "temporal_centroid": 0.38306522369384766,
    "log_attack_time": -1.4238075017929077,
    "filesize": 57948,
    "single_event": false,
    "tonality": "A# minor",
    "tonality_confidence": 0.7315549254417419,
    "loop": false,
    "tempo": 126,
    "tempo_confidence": 0.0,
    "note_midi": 30,
    "note_name": "F#1",
    "note_frequency": 45.811927795410156,
    "note_confidence": 0.6985164880752563,
    "hardness": 39.6451127849447,
    "depth": 70.77072431746237,
    "brightness": 29.998829548640153,
    "roughness": 42.85127216651738,
    "warmth": 60.59420643029841,
    "sharpness": 40.311142911773615,
    "boominess": 47.94316928502941,
    "reverb": false,
    "genre": "Genre A",
    "mood": "Mood A"
}