{
    "duration": 1.809499979019165,
    "lossless": 1.0,
    "codec": "pcm_s16le",
    "bitrate": 256000.0,
    "samplerate": 16000.0,
    "channels": 1.0,
    "audio_md5": "8d32ffc9987ee1eb5d335e3fbad53fbb",
    "loudness": -34.808780670166016,
    "dynamic_range": 0.0,
    "temporal_centroid": 0.29321974515914917,
    "log_attack_time": 0.25737378001213074,
    "filesize": 57948,
    "single_event": false,
    "tonality": "D major",
    "tonality_confidence": 0.46156880259513855,
    "loop": false,
    "tempo": 133,
    "tempo_confidence": 0.0,
    "note_midi": 32,
    "note_name": "G#1",
    "note_frequency": 51.691192626953125,
    "note_confidence": 0.6891222596168518,
    "hardness": 59.55508330101168,
    "depth": 44.953259943284664,
    "brightness": 61.21094732778707,
    "roughness": 42.96220680372729,
    "warmth": 49.397162333369344,
    "sharpness": 49.2400057740963,
    "boominess": 43.03566735291134,
    "reverb": false,
    "genre": "Genre A",
    "mood": "Mood A"
}