{
    "duration": 1.809499979019165,
    "lossless": 1.0,
    "codec": "pcm_s16le",
    "bitrate": 256000.0,
    "samplerate": 16000.0,
    "channels": 1.0,
    "audio_md5": "821d96194d33a4337e4c4baebe704506",
    "loudness": -11.737271308898926,
    "dynamic_range": 0.0,
    "temporal_centroid": 0.4260129928588867,
    "log_attack_time": -1.392314076423645,
    "filesize": 57948,
    "single_event": false,
    "tonality": "F# minor",
    "tonality_confidence": 0.6659037470817566,
    "loop": false,
    "tempo": 126,
    "tempo_confidence": 0.0,
    "note_midi": 31,
    "note_name": "G1",
    "note_frequency": 49.8214111328125,
    "note_confidence": 0.3529309630393982,
    "hardness": 37.3488069666037,
    "depth": 69.3141916885073,
    "brightness": 40.259559100312615,
    "roughness": 41.35249791406724,
    "warmth": 57.489317840427205,
    "sharpness": 40.42096031500169,
    "boominess": 47.21135614055536,
    "reverb": false,
    "genre": "Genre A",
    "mood": "Mood A"
}