{
    "duration": 1.809499979019165,
    "lossless": 1.0,
    "codec": "pcm_s16le",
    "bitrate": 256000.0,
    "samplerate": 16000.0,
    "channels": 1.0,
    "audio_md5": "29826346373c456323cbc2a293dd5bc9",
    "loudness": -17.544376373291016,
    "dynamic_range": 0.0,
    "temporal_centroid": 0.5013455152511597,
    "log_attack_time": 0.13288675248622894,
    "filesize": 57948,
    "single_event": false,
    "tonality": "G# major",
    "tonality_confidence": 0.8192398548126221,
    "loop": false,
    "tempo": 129,
    "tempo_confidence": 0.0,
    "note_midi": 37,
    "note_name": "C#2",
    "note_frequency": 69.87946319580078,
    "note_confidence": 0.46745628118515015,
    "hardness": 40.63656330780678,
    "depth": 63.37287402420078,
    "brightness": 41.463417442349,
    "roughness": 50.72445859093239,
    "warmth": 66.53683719707668,
    "sharpness": 16.208534972024697,
    "boominess": 44.53035212055382,
    "reverb": false,
    "genre": "Genre A",
    "mood": "Mood A"
}