{
    "duration": 1.809499979019165,
    "lossless": 1.0,
    "codec": "pcm_s16le",
    "bitrate": 256000.0,
    "samplerate": 16000.0,
    "channels": 1.0,
    "audio_md5": "8051391874271d3565b17be1b15db326",
    "loudness": -14.244433403015137,
    "dynamic_range": 0.0,
    "temporal_centroid": 0.3268231749534607,
    "log_attack_time": -1.317284107208252,
    "filesize": 57948,
    "single_event": false,
    "tonality": "F# major",
    "tonality_confidence": 0.38650307059288025,
    "loop": false,
    "tempo": 136,
    "tempo_confidence": 0.0,
    "note_midi": 33,
    "note_name": "A1",
    "note_frequency": 56.04185485839844,
    "note_confidence": 0.3296261429786682,
    "hardness": 40.094420851268694,
    "depth": 68.9347395158219,
    "brightness": 38.621841792426046,
    "roughness": 40.52549462241674,
    "warmth": 59.30418030838282,
    "sharpness": 38.38731873832403,
    "boominess": 48.01065109900718,
    "reverb": false,
    "genre": "Genre A",
    "mood": "Mood A"
}