{
    "duration": 1.809499979019165,
    "lossless": 1.0,
    "codec": "pcm_s16le",
    "bitrate": 256000.0,
    "samplerate": 16000.0,
    "channels": 1.0,
    "audio_md5": "5dc8e3e87ed08a590ae36b6c6fd24ffd",
    "loudness": -19.31296730041504,
    "dynamic_range": 0.0,
    "temporal_centroid": 0.4371635317802429,
    "log_attack_time": -0.044282812625169754,
    "filesize": 57948,
    "single_event": false,
    "tonality": "C major",
    "tonality_confidence": 0.4986540675163269,
    "loop": false,
    "tempo": 133,
    "tempo_confidence": 0.0,
    "note_midi": 31,
    "note_name": "G1",
    "note_frequency": 50.29700469970703,
    "note_confidence": 0.5346603393554688,
    "hardness": 43.746681828283016,
    "depth": 64.59690079212733,
    "brightness": 45.57704090869584,
    "roughness": 47.77166528551283,
    "warmth": 63.18914854106832,
    "sharpness": 30.16638164628336,
    "boominess": 42.25876943419713,
    "reverb": false,
    "genre": "Genre A",
    "mood": "Mood A"
}