{
    "duration": 1.809499979019165,
    "lossless": 1.0,
    "codec": "pcm_s16le",
    "bitrate": 256000.0,
    "samplerate": 16000.0,
    "channels": 1.0,
    "audio_md5": "8f9e9cb7ac6dadbc2450ada474231044",
    "loudness": -9.317618370056152,
    "dynamic_range": 0.0,
    "temporal_centroid": 0.5023911595344543,
    "log_attack_time": -1.3403791189193726,
    "filesize": 57948,
    "single_event": false,
    "tonality": "C major",
    "tonality_confidence": 0.7835811376571655,
    "loop": false,
    "tempo": 123,
    "tempo_confidence": 0.0,
    "note_midi": 29,
    "note_name": "F1",
    "note_frequency": 43.024391174316406,
    "note_confidence": 0.09079635143280029,
    "hardness": 40.112355502300474,
    "depth": 73.32306699176084,
    "brightness": 28.710141737090115,
    "roughness": 47.086117506870195,
    "warmth": 64.2057014464825,
    "sharpness": 42.29172244141821,
    "boominess": 45.18480691000122,
    "reverb": false,
    "genre": "Genre B",
    "mood": "Mood B"
}