{
    "duration": 1.809499979019165,
    "lossless": 1.0,
    "codec": "pcm_s16le",
    "bitrate": 256000.0,
    "samplerate": 16000.0,
    "channels": 1.0,
    "audio_md5": "0ab048954d51fc98f7e3aed4d77340dc",
    "loudness": -19.066465377807617,
    "dynamic_range": 0.0,
    "temporal_centroid": 0.4260881245136261,
    "log_attack_time": -0.3507446348667145,
    "filesize": 57948,
    "single_event": false,
    "tonality": "D major",
    "tonality_confidence": 0.6877017021179199,
    "loop": true,
    "tempo": 133,
    "tempo_confidence": 0.9806984066963196,
    "note_midi": 33,
    "note_name": "A1",
    "note_frequency": 55.43019485473633,
    "note_confidence": 0.503629744052887,
    "hardness": 43.11496791525897,
    "depth": 60.95303214207417,
    "brightness": 44.44744258348038,
    "roughness": 45.06339526945891,
    "warmth": 59.83917828924862,
    "sharpness": 29.1185951282208,
    "boominess": 42.299732330542184,
    "reverb": false,
    "genre": "Genre A",
    "mood": "Mood A"
}