{
    "duration": 1.809499979019165,
    "lossless": 1.0,
    "codec": "pcm_s16le",
    "bitrate": 256000.0,
    "samplerate": 16000.0,
    "channels": 1.0,
    "audio_md5": "4ebc732dd7aa5911ddcab5947f1a7c90",
    "loudness": -20.487247467041016,
    "dynamic_range": 0.0,
    "temporal_centroid": 0.3797134459018707,
    "log_attack_time": -1.2838451862335205,
    "filesize": 57948,
    "single_event": false,
    "tonality": "C minor",
    "tonality_confidence": 0.3822680413722992,
    "loop": false,
    "tempo": 191,
    "tempo_confidence": 0.0,
    "note_midi": 40,
    "note_name": "E2",
    "note_frequency": 83.94335174560547,
    "note_confidence": 0.4524964690208435,
    "hardness": 45.58883756481461,
    "depth": 62.869550066620796,
    "brightness": 51.865621916483164,
    "roughness": 52.99074981233166,
    "warmth": 55.77121836338941,
    "sharpness": 37.070657164829974,
    "boominess": 38.73148264714867,
    "reverb": false,
    "genre": "Genre A",
    "mood": "Mood A"
}