{
    "duration": 1.809499979019165,
    "lossless": 1.0,
    "codec": "pcm_s16le",
    "bitrate": 256000.0,
    "samplerate": 16000.0,
    "channels": 1.0,
    "audio_md5": "d7504335801226edbc8e7d6778c5820f",
    "loudness": -12.122562408447266,
    "dynamic_range": 0.0,
    "temporal_centroid": 0.5083922147750854,
    "log_attack_time": -1.3384426832199097,
    "filesize": 57948,
    "single_event": false,
    "tonality": "A minor",
    "tonality_confidence": 0.7038052678108215,
    "loop": true,
    "tempo": 132,
    "tempo_confidence": 0.9616870880126953,
    "note_midi": 32,
    "note_name": "G#1",
    "note_frequency": 51.29758071899414,
    "note_confidence": 0.3727700710296631,
    "hardness": 40.24471580278228,
    "depth": 68.2491117249148,
    "brightness": 40.5580889519824,
    "roughness": 35.75508391081717,
    "warmth": 55.238141610073356,
    "sharpness": 39.178204662552446,
    "boominess": 48.8652499823976,
    "reverb": false,
    "genre": "Genre A",
    "mood": "Mood A"
}