{
    "duration": 1.809499979019165,
    "lossless": 1.0,
    "codec": "pcm_s16le",
    "bitrate": 256000.0,
    "samplerate": 16000.0,
    "channels": 1.0,
    "audio_md5": "dfb8fff4eca2697b954fc909a8ec780e",
    "loudness": -9.04218864440918,
    "dynamic_range": 0.0,
    "temporal_centroid": 0.5000718832015991,
    "log_attack_time": -1.4488157033920288,
    "filesize": 57948,
    "single_event": false,
    "tonality": "C major",
    "tonality_confidence": 0.3428539037704468,
    "loop": false,
    "tempo": 86,
    "tempo_confidence": 0.0,
    "note_midi": 29,
    "note_name": "F1",
    "note_frequency": 43.024391174316406,
    "note_confidence": 0.24998515844345093,
    "hardness": 36.07171583934873,
    "depth": 73.02837972563792,
    "brightness": 28.106091552532696,
    "roughness": 46.59114847293552,
    "warmth": 63.48221636645938,
    "sharpness": 41.17509667363343,
    "boominess": 45.89009780812102,
    "reverb": false,
    "genre": "Genre A",
    "mood": "Mood A"
}