{
    "duration": 1.809499979019165,
    "lossless": 1.0,
    "codec": "pcm_s16le",
    "bitrate": 256000.0,
    "samplerate": 16000.0,
    "channels": 1.0,
    "audio_md5": "ada699b49efeeada8f88e5c4fde27400",
    "loudness": -16.9443359375,
    "dynamic_range": 0.0,
    "temporal_centroid": 0.4540216624736786,
    "log_attack_time": -0.3632460832595825,
    "filesize": 57948,
    "single_event": false,
    "tonality": "F major",
    "tonality_confidence": 0.5193138718605042,
    "loop": false,
    "tempo": 161,
    "tempo_confidence": 0.0,
    "note_midi": 31,
    "note_name": "G1",
    "note_frequency": 49.3071174621582,
    "note_confidence": 0.6159956455230713,
    "hardness": 39.49787843306919,
    "depth": 62.42582922024427,
    "brightness": 42.389622588116225,
    "roughness": 48.93449006937879,
    "warmth": 65.55601961041083,
    "sharpness": 21.811009442949643,
    "boominess": 44.607951580986466,
    "reverb": false,
    "genre": "Genre A",
    "mood": "Mood A"
}