{
    "duration": 1.809499979019165,
    "lossless": 1.0,
    "codec": "pcm_s16le",
    "bitrate": 256000.0,
    "samplerate": 16000.0,
    "channels": 1.0,
    "audio_md5": "77b225d6129ee9a4e156c31c8a67b94a",
    "loudness": -19.09147071838379,
    "dynamic_range": 0.0,
    "temporal_centroid": 0.46115317940711975,
    "log_attack_time": -1.2027435302734375,
    "filesize": 57948,
    "single_event": false,
    "tonality": "A# minor",
    "tonality_confidence": 0.6233795285224915,
    "loop": false,
    "tempo": 129,
    "tempo_confidence": 0.0,
    "note_midi": 31,
    "note_name": "G1",
    "note_frequency": 48.18791580200195,
    "note_confidence": 0.6249284744262695,
    "hardness": 38.191536501883746,
    "depth": 62.99155457471885,
    "brightness": 42.20385729745244,
    "roughness": 46.238985334307124,
    "warmth": 65.39048257792075,
    "sharpness": 20.53208415615992,
    "boominess": 45.34541473501245,
    "reverb": false,
    "genre": "Genre A",
    "mood": "Mood A"
}