{
    "duration": 1.809499979019165,
    "lossless": 1.0,
    "codec": "pcm_s16le",
    "bitrate": 256000.0,
    "samplerate": 16000.0,
    "channels": 1.0,
    "audio_md5": "500303867a66fd9e99a0bf8829a9c77f",
    "loudness": -23.926851272583008,
    "dynamic_range": 0.0,
    "temporal_centroid": 0.40165093541145325,
    "log_attack_time": -0.6599112749099731,
    "filesize": 57948,
    "single_event": false,
    "tonality": "E minor",
    "tonality_confidence": 0.6494185924530029,
    "loop": false,
    "tempo": 131,
    "tempo_confidence": 0.0,
    "note_midi": 32,
    "note_name": "G#1",
    "note_frequency": 50.845130920410156,
    "note_confidence": 0.4998589754104614,
    "hardness": 47.217423555399535,
    "depth": 61.03649483505557,
    "brightness": 48.6117039298412,
    "roughness": 46.70346745245319,
    "warmth": 57.487239270568075,
    "sharpness": 35.34433127938572,
    "boominess": 41.37026298331293,
    "reverb": false,
    "genre": "Genre A",
    "mood": "Mood A"
}