{
    "duration": 1.809499979019165,
    "lossless": 1.0,
    "codec": "pcm_s16le",
    "bitrate": 256000.0,
    "samplerate": 16000.0,
    "channels": 1.0,
    "audio_md5": "ab6d34be808c20cf895477e3c81bccd3",
    "loudness": -22.646671295166016,
    "dynamic_range": 0.0,
    "temporal_centroid": 0.3990097641944885,
    "log_attack_time": -1.2934157848358154,
    "filesize": 57948,
    "single_event": false,
    "tonality": "E minor",
    "tonality_confidence": 0.3848970830440521,
    "loop": false,
    "tempo": 207,
    "tempo_confidence": 0.0,
    "note_midi": 35,
    "note_name": "B1",
    "note_frequency": 62.28261947631836,
    "note_confidence": 0.3887224793434143,
    "hardness": 43.67598731427117,
    "depth": 62.11143544682056,
    "brightness": 49.17101893590059,
    "roughness": 48.50439073264517,
    "warmth": 58.201088276386905,
    "sharpness": 34.00401743903711,
    "boominess": 41.30312444759062,
    "reverb": false,
    "genre": "Genre A",
    "mood": "Mood A"
}