{
    "duration": 1.809499979019165,
    "lossless": 1.0,
    "codec": "pcm_s16le",
    "bitrate": 256000.0,
    "samplerate": 16000.0,
    "channels": 1.0,
    "audio_md5": "c8060b66ed511196da1689bd446ce59c",
    "loudness": -12.353129386901855,
    "dynamic_range": 0.0,
    "temporal_centroid": 0.49244189262390137,
    "log_attack_time": -1.3698190450668335,
    "filesize": 57948,
    "single_event": false,
    "tonality": "F minor",
    "tonality_confidence": 0.8812015652656555,
    "loop": true,
    "tempo": 133,
    "tempo_confidence": 0.9800952672958374,
    "note_midi": 30,
    "note_name": "F#1",
    "note_frequency": 46.417720794677734,
    "note_confidence": 0.3258433938026428,
    "hardness": 39.91085153296581,
    "depth": 69.0786513721609,
    "brightness": 36.8244766454851,
    "roughness": 38.19380617062648,
    "warmth": 56.85462695350208,
    "sharpness": 41.81518476919337,
    "boominess": 47.691902077619716,
    "reverb": false,
    "genre": "Genre A",
    "mood": "Mood A"
}