{
    "duration": 1.809499979019165,
    "lossless": 1.0,
    "codec": "pcm_s16le",
    "bitrate": 256000.0,
    "samplerate": 16000.0,
    "channels": 1.0,
    "audio_md5": "16dd8bf8719ec0a9732f3f174ce1fe8a",
    "loudness": -31.363807678222656,
    "dynamic_range": 0.0,
    "temporal_centroid": 0.45568183064460754,
    "log_attack_time": 0.2567526698112488,
    "filesize": 57948,
    "single_event": false,
    "tonality": "A major",
    "tonality_confidence": 0.5125637054443359,
    "loop": false,
    "tempo": 134,
    "tempo_confidence": 0.0,
    "note_midi": 32,
    "note_name": "G#1",
    "note_frequency": 52.7379264831543,
    "note_confidence": 0.4575033187866211,
    "hardness": 56.31547609053516,
    "depth": 49.630058648659364,
    "brightness": 60.87493398263569,
    "roughness": 50.942244626928414,
    "warmth": 49.84650372009136,
    "sharpness": 47.330783915809214,
    "boominess": 39.96269255216879,
    "reverb": false,
    "genre": "Genre B",
    "mood": "Mood B"
}