{
    "duration": 1.809499979019165,
    "lossless": 1.0,
    "codec": "pcm_s16le",
    "bitrate": 256000.0,
    "samplerate": 16000.0,
    "channels": 1.0,
    "audio_md5": "f274bfcb8649b714d0c51cc4d90d6f92",
    "loudness": -15.538373947143555,
    "dynamic_range": 0.0,
    "temporal_centroid": 0.25094759464263916,
    "log_attack_time": -1.3339576721191406,
    "filesize": 57948,
    "single_event": false,
    "tonality": "G minor",
    "tonality_confidence": 0.5411020517349243,
    "loop": false,
    "tempo": 101,
    "tempo_confidence": 0.0,
    "note_midi": 33,
    "note_name": "A1",
    "note_frequency": 56.32944107055664,
    "note_confidence": 0.3665394186973572,
    "hardness": 45.68003464958164,
    "depth": 68.85014553303438,
    "brightness": 45.64073563499727,
    "roughness": 39.42947552485546,
    "warmth": 56.76095517205347,
    "sharpness": 37.29412726534291,
    "boominess": 47.44891802204655,
    "reverb": false,
    "genre": "Genre B",
    "mood": "Mood B"
}