{
    "duration": 1.809499979019165,
    "lossless": 1.0,
    "codec": "pcm_s16le",
    "bitrate": 256000.0,
    "samplerate": 16000.0,
    "channels": 1.0,
    "audio_md5": "4dd14f4b73cf73cc9ee4150574e0f2fb",
    "loudness": -9.006001472473145,
    "dynamic_range": 0.0,
    "temporal_centroid": 0.5011870861053467,
    "log_attack_time": -1.451035737991333,
    "filesize": 57948,
    "single_event": false,
    "tonality": "C major",
    "tonality_confidence": 0.680419921875,
    "loop": false,
    "tempo": 125,
    "tempo_confidence": 0.0,
    "note_midi": 29,
    "note_name": "F1",
    "note_frequency": 43.024391174316406,
    "note_confidence": 0.3646393418312073,
    "hardness": 39.419142818916185,
    "depth": 71.9815841277892,
    "brightness": 28.661677285805865,
    "roughness": 46.47261717737004,
    "warmth": 63.4799738988291,
    "sharpness": 40.81844738087643,
    "boominess": 45.910325607306945,
    "reverb": false,
    "genre": "Genre A",
    "mood": "Mood A"
}