{
    "duration": 1.809499979019165,
    "lossless": 1.0,
    "codec": "pcm_s16le",
    "bitrate": 256000.0,
    "samplerate": 16000.0,
    "channels": 1.0,
    "audio_md5": "dee20b3c7d1e7b585efd6dc9c349be13",
    "loudness": -9.31280517578125,
    "dynamic_range": 0.0,
    "temporal_centroid": 0.46436235308647156,
    "log_attack_time": -1.3154478073120117,
    "filesize": 57948,
    "single_event": false,
    "tonality": "F minor",
    "tonality_confidence": 0.8510409593582153,
    "loop": false,
    "tempo": 117,
    "tempo_confidence": 0.0,
    "note_midi": 29,
    "note_name": "F1",
    "note_frequency": 44.19864273071289,
    "note_confidence": 0.9326364398002625,
    "hardness": 38.571237143104284,
    "depth": 71.61671347269093,
    "brightness": 28.70131582024046,
    "roughness": 43.095231465107176,
    "warmth": 62.177008135655704,
    "sharpness": 42.523696857907176,
    "boominess": 47.66953386587515,
    "reverb": false,
    "genre": "Genre B",
    "mood": "Mood B"
}