{
    "duration": 1.809499979019165,
    "lossless": 1.0,
    "codec": "pcm_s16le",
    "bitrate": 256000.0,
    "samplerate": 16000.0,
    "channels": 1.0,
    "audio_md5": "31106ec53ed0f46b4c5a5071cc3c3d79",
    "loudness": -17.264490127563477,
    "dynamic_range": 0.0,
    "temporal_centroid": 0.48637402057647705,
    "log_attack_time": -1.272632122039795,
    "filesize": 57948,
    "single_event": false,
    "tonality": "E major",
    "tonality_confidence": 0.47962141036987305,
    "loop": false,
    "tempo": 129,
    "tempo_confidence": 0.0,
    "note_midi": 30,
    "note_name": "F#1",
    "note_frequency": 47.25502014160156,
    "note_confidence": 0.5896279215812683,
    "hardness": 43.01330582783558,
    "depth": 62.56560853998501,
    "brightness": 43.43905180173152,
    "roughness": 49.53125287347869,
    "warmth": 65.72679100368471,
    "sharpness": 20.0900525320626,
    "boominess": 44.35902797079062,
    "reverb": false,
    "genre": "Genre A",
    "mood": "Mood A"
}