{
    "duration": 1.809499979019165,
    "lossless": 1.0,
    "codec": "pcm_s16le",
    "bitrate": 256000.0,
    "samplerate": 16000.0,
    "channels": 1.0,
    "audio_md5": "3579341ee92c71f6ad4c3b884dcc7271",
    "loudness": -23.527910232543945,
    "dynamic_range": 0.0,
    "temporal_centroid": 0.41961193084716797,
    "log_attack_time": -0.04599827900528908,
    "filesize": 57948,
    "single_event": false,
    "tonality": "G major",
    "tonality_confidence": 0.5170758962631226,
    "loop": false,
    "tempo": 133,
    "tempo_confidence": 0.0,
    "note_midi": 35,
    "note_name": "B1",
    "note_frequency": 62.808650970458984,
    "note_confidence": 0.4209907054901123,
    "hardness": 46.50844860220306,
    "depth": 60.21496378309036,
    "brightness": 46.247579285661196,
    "roughness": 43.60858448232059,
    "warmth": 56.31191274726439,
    "sharpness": 30.232880931396263,
    "boominess": 42.513514908063144,
    "reverb": false,
    "genre": "Genre A",
    "mood": "Mood A"
}