{
    "duration": 1.809499979019165,
    "lossless": 1.0,
    "codec": "pcm_s16le",
    "bitrate": 256000.0,
    "samplerate": 16000.0,
    "channels": 1.0,
    "audio_md5": "508b873f8a22a4972721252fa578e90a",
    "loudness": -9.880945205688477,
    "dynamic_range": 0.0,
    "temporal_centroid": 0.5014356970787048,
    "log_attack_time": -1.5007994174957275,
    "filesize": 57948,
    "single_event": false,
    "tonality": "E minor",
    "tonality_confidence": 0.45185911655426025,
    "loop": false,
    "tempo": 157,
    "tempo_confidence": 0.0,
    "note_midi": 29,
    "note_name": "F1",
    "note_frequency": 43.024391174316406,
    "note_confidence": 0.0,
    "hardness": 48.369519286938214,
    "depth": 79.79478829099045,
    "brightness": 28.926469477826906,
    "roughness": 47.873207508775465,
    "warmth": 60.976124954799324,
    "sharpness": 41.15421571805587,
    "boominess": 45.26135051912091,
    "reverb": false,
    "genre": "Genre B",
    "mood": "Mood B"
}