{
    "duration": 1.809499979019165,
    "lossless": 1.0,
    "codec": "pcm_s16le",
    "bitrate": 256000.0,
    "samplerate": 16000.0,
    "channels": 1.0,
    "audio_md5": "a8ac964b500e616160454ab3d3074761",
    "loudness": -20.787385940551758,
    "dynamic_range": 0.0,
    "temporal_centroid": 0.46199697256088257,
    "log_attack_time": -0.5980215072631836,
    "filesize": 57948,
    "single_event": false,
    "tonality": "C# minor",
    "tonality_confidence": 0.724643349647522,
    "loop": false,
    "tempo": 165,
    "tempo_confidence": 0.0,
    "note_midi": 32,
    "note_name": "G#1",
    "note_frequency": 51.877784729003906,
    "note_confidence": 0.4053783416748047,
    "hardness": 46.93265855441919,
    "depth": 65.02751603075777,
    "brightness": 50.25724312623863,
    "roughness": 54.77132612857802,
    "warmth": 61.470724127702354,
    "sharpness": 33.73512149619433,
    "boominess": 41.02365136192071,
    "reverb": false,
    "genre": "Genre B",
    "mood": "Mood B"
}