{
    "duration": 1.809499979019165,
    "lossless": 1.0,
    "codec": "pcm_s16le",
    "bitrate": 256000.0,
    "samplerate": 16000.0,
    "channels": 1.0,
    "audio_md5": "5c2bc1f4b14a8beb1ee5029744058002",
    "loudness": -20.972496032714844,
    "dynamic_range": 0.0,
    "temporal_centroid": 0.39967817068099976,
    "log_attack_time": -1.18959379196167,
    "filesize": 57948,
    "single_event": false,
    "tonality": "C# minor",
    "tonality_confidence": 0.3243147134780884,
    "loop": false,
    "tempo": 128,
    "tempo_confidence": 0.0,
    "note_midi": 32,
    "note_name": "G#1",
    "note_frequency": 50.84991455078125,
    "note_confidence": 0.5257415771484375,
    "hardness": 42.95160160565035,
    "depth": 63.15091125443352,
    "brightness": 43.8895374508012,
    "roughness": 45.49381356520774,
    "warmth": 60.078460093833876,
    "sharpness": 28.588751349591057,
    "boominess": 44.29049994230731,
    "reverb": false,
    "genre": "Genre A",
    "mood": "Mood A"
}