{
    "duration": 1.809499979019165,
    "lossless": 1.0,
    "codec": "pcm_s16le",
    "bitrate": 256000.0,
    "samplerate": 16000.0,
    "channels": 1.0,
    "audio_md5": "82f31b4c571a0d7ba9cdba70ba1ce482",
    "loudness": -8.752973556518555,
    "dynamic_range": 0.0,
    "temporal_centroid": 0.4997309446334839,
    "log_attack_time": -1.3728291988372803,
    "filesize": 57948,
    "single_event": false,
    "tonality": "F minor",
    "tonality_confidence": 0.61777263879776,
    "loop": false,
    "tempo": 161,
    "tempo_confidence": 0.0,
    "note_midi": 29,
    "note_name": "F1",
    "note_frequency": 43.024391174316406,
    "note_confidence": 0.6024279594421387,
    "hardness": 38.005355246376354,
    "depth": 70.9095432033613,
    "brightness": 33.63381137448084,
    "roughness": 45.42157285221618,
    "warmth": 61.48676125523755,
    "sharpness": 40.34797620735045,
    "boominess": 46.88233022049073,
    "reverb": false,
    "genre": "Genre B",
    "mood": "Mood B"
}