{
    "duration": 1.809499979019165,
    "lossless": 1.0,
    "codec": "pcm_s16le",
    "bitrate": 256000.0,
    "samplerate": 16000.0,
    "channels": 1.0,
    "audio_md5": "3ada7e22a9d1680787147797eb2aba98",
    "loudness": -19.121768951416016,
    "dynamic_range": 0.0,
    "temporal_centroid": 0.16586801409721375,
    "log_attack_time": -1.3964653015136719,
    "filesize": 57948,
    "single_event": false,
    "tonality": "F# minor",
    "tonality_confidence": 0.31796514987945557,
    "loop": false,
    "tempo": 133,
    "tempo_confidence": 0.0,
    "note_midi": 34,
    "note_name": "A#1",
    "note_frequency": 59.80731964111328,
    "note_confidence": 0.401965856552124,
    "hardness": 48.464596867890975,
    "depth": 65.45037956728419,
    "brightness": 43.33888817229588,
    "roughness": 32.13779546276445,
    "warmth": 52.994284221092585,
    "sharpness": 41.354217808199465,
    "boominess": 49.729188139935296,
    "reverb": false,
    "genre": "Genre A",
    "mood": "Mood A"
}