{
    "duration": 1.809499979019165,
    "lossless": 1.0,
    "codec": "pcm_s16le",
    "bitrate": 256000.0,
    "samplerate": 16000.0,
    "channels": 1.0,
    "audio_md5": "9c0e551bfcb4d7f1b23de5e9ef689ee5",
    "loudness": -11.893263816833496,
    "dynamic_range": 0.0,
    "temporal_centroid": 0.4264441430568695,
    "log_attack_time": -1.365684986114502,
    "filesize": 57948,
    "single_event": false,
    "tonality": "C major",
    "tonality_confidence": 0.5102221369743347,
    "loop": false,
    "tempo": 167,
    "tempo_confidence": 0.0,
    "note_midi": 30,
    "note_name": "F#1",
    "note_frequency": 46.435211181640625,
    "note_confidence": 0.5246090888977051,
    "hardness": 41.78383137974404,
    "depth": 69.62532297469141,
    "brightness": 40.49594373330157,
    "roughness": 40.4165827198469,
    "warmth": 58.260043257620666,
    "sharpness": 40.8724621870874,
    "boominess": 47.20203163988701,
    "reverb": false,
    "genre": "Genre B",
    "mood": "Mood B"
}