{
    "duration": 1.809499979019165,
    "lossless": 1.0,
    "codec": "pcm_s16le",
    "bitrate": 256000.0,
    "samplerate": 16000.0,
    "channels": 1.0,
    "audio_md5": "0f2495142dd304722cad2a69aae6b13b",
    "loudness": -19.674915313720703,
    "dynamic_range": 0.0,
    "temporal_centroid": 0.2944653630256653,
    "log_attack_time": -1.3111928701400757,
    "filesize": 57948,
    "single_event": false,
    "tonality": "C major",
    "tonality_confidence": 0.7615946531295776,
    "loop": false,
    "tempo": 154,
    "tempo_confidence": 0.0,
    "note_midi": 33,
    "note_name": "A1",
    "note_frequency": 56.49501037597656,
    "note_confidence": 0.29783928394317627,
    "hardness": 42.0887615415742,
    "depth": 64.8489719586615,
    "brightness": 45.904981729699706,
    "roughness": 41.60555726323665,
    "warmth": 58.169539727748926,
    "sharpness": 25.247058122924862,
    "boominess": 50.31441165173341,
    "reverb": false,
    "genre": "Genre A",
    "mood": "Mood A"
}