{
    "duration": 1.809499979019165,
    "lossless": 1.0,
    "codec": "pcm_s16le",
    "bitrate": 256000.0,
    "samplerate": 16000.0,
    "channels": 1.0,
    "audio_md5": "eb930c810df47e054e9be483e2d00c79",
    "loudness": -15.459748268127441,
    "dynamic_range": 0.0,
    "temporal_centroid": 0.46022701263427734,
    "log_attack_time": -1.3393023014068604,
    "filesize": 57948,
    "single_event": false,
    "tonality": "A# major",
    "tonality_confidence": 0.4578338861465454,
    "loop": true,
    "tempo": 132,
    "tempo_confidence": 0.9616870880126953,
    "note_midi": 34,
    "note_name": "A#1",
    "note_frequency": 58.11562728881836,
    "note_confidence": 0.3285554051399231,
    "hardness": 44.61474670195582,
    "depth": 68.93681634244004,
    "brightness": 44.88215458690441,
    "roughness": 37.68535002561737,
    "warmth": 56.24298166357633,
    "sharpness": 40.597080557862526,
    "boominess": 47.282638137144275,
    "reverb": false,
    "genre": "Genre A",
    "mood": "Mood A"
}