{
    "duration": 1.809499979019165,
    "lossless": 1.0,
    "codec": "pcm_s16le",
    "bitrate": 256000.0,
    "samplerate": 16000.0,
    "channels": 1.0,
    "audio_md5": "5858186316ab4eea6cf414a93c1097d7",
    "loudness": -19.126220703125,
    "dynamic_range": 0.0,
    "temporal_centroid": 0.5421048402786255,
    "log_attack_time": -0.46800005435943604,
    "filesize": 57948,
    "single_event": false,
    "tonality": "A minor",
    "tonality_confidence": 0.4528590440750122,
    "loop": false,
    "tempo": 126,
    "tempo_confidence": 0.0,
    "note_midi": 37,
    "note_name": "C#2",
    "note_frequency": 67.6585922241211,
    "note_confidence": 0.40707600116729736,
    "hardness": 33.93153480718709,
    "depth": 65.99306362239955,
    "brightness": 39.60254814581694,
    "roughness": 48.5673640396811,
    "warmth": 66.08006701184391,
    "sharpness": 17.71486933205239,
    "boominess": 46.18849310040213,
    "reverb": false,
    "genre": "Genre A",
    "mood": "Mood A"
}