{
    "duration": 1.809499979019165,
    "lossless": 1.0,
    "codec": "pcm_s16le",
    "bitrate": 256000.0,
    "samplerate": 16000.0,
    "channels": 1.0,
    "audio_md5": "693cba2651ee0e371236820e5054dbc2",
    "loudness": -16.29436492919922,
    "dynamic_range": 0.0,
    "temporal_centroid": 0.7183219194412231,
    "log_attack_time": -0.13052883744239807,
    "filesize": 57948,
    "single_event": false,
    "tonality": "D minor",
    "tonality_confidence": 0.7697666883468628,
    "loop": false,
    "tempo": 140,
    "tempo_confidence": 0.0,
    "note_midi": 32,
    "note_name": "G#1",
    "note_frequency": 52.87323760986328,
    "note_confidence": 0.39181506633758545,
    "hardness": 47.15538312114748,
    "depth": 67.33237843007211,
    "brightness": 38.92916674409936,
    "roughness": 33.978765885521554,
    "warmth": 56.650011326366396,
    "sharpness": 37.282678389680974,
    "boominess": 49.22556278194696,
    "reverb": false,
    "genre": "Genre A",
    "mood": "Mood A"
}