{
    "duration": 1.809499979019165,
    "lossless": 1.0,
    "codec": "pcm_s16le",
    "bitrate": 256000.0,
    "samplerate": 16000.0,
    "channels": 1.0,
    "audio_md5": "c3f6320771cc1d294a90a83c007b4ec7",
    "loudness": -27.918792724609375,
    "dynamic_range": 0.0,
    "temporal_centroid": 0.3727700114250183,
    "log_attack_time": -0.3387433588504791,
    "filesize": 57948,
    "single_event": false,
    "tonality": "C minor",
    "tonality_confidence": 0.5783400535583496,
    "loop": false,
    "tempo": 167,
    "tempo_confidence": 0.0,
    "note_midi": 59,
    "note_name": "B3",
    "note_frequency": 249.33871459960938,
    "note_confidence": 0.4325699806213379,
    "hardness": 53.146713501924694,
    "depth": 43.07723832127764,
    "brightness": 57.108418120039,
    "roughness": 50.26454623833978,
    "warmth": 46.12878574840348,
    "sharpness": 42.83555888545278,
    "boominess": 27.858366684348375,
    "reverb": false,
    "genre": "Genre B",
    "mood": "Mood B"
}