{
    "duration": 1.809499979019165,
    "lossless": 1.0,
    "codec": "pcm_s16le",
    "bitrate": 256000.0,
    "samplerate": 16000.0,
    "channels": 1.0,
    "audio_md5": "6f1ac4a5a622977e78080e8dce3a5a7f",
    "loudness": -10.288398742675781,
    "dynamic_range": 0.0,
    "temporal_centroid": 0.4818180799484253,
    "log_attack_time": -1.4196466207504272,
    "filesize": 57948,
    "single_event": false,
    "tonality": "D# major",
    "tonality_confidence": 0.7826855182647705,
    "loop": false,
    "tempo": 99,
    "tempo_confidence": 0.0,
    "note_midi": 29,
    "note_name": "F1",
    "note_frequency": 43.024391174316406,
    "note_confidence": 0.4417695999145508,
    "hardness": 41.3666520534223,
    "depth": 70.7895056702068,
    "brightness": 33.38400028764824,
    "roughness": 42.257790997781804,
    "warmth": 60.925447127192136,
    "sharpness": 39.464170373347265,
    "boominess": 47.56790867318806,
    "reverb": false,
    "genre": "Genre B",
    "mood": "Mood B"
}