{
    "duration": 1.809499979019165,
    "lossless": 1.0,
    "codec": "pcm_s16le",
    "bitrate": 256000.0,
    "samplerate": 16000.0,
    "channels": 1.0,
    "audio_md5": "611561a5817ee2a1b76ae7cca4bcd72c",
    "loudness": -8.755020141601562,
    "dynamic_range": 0.0,
    "temporal_centroid": 0.5028095841407776,
    "log_attack_time": -1.3991727828979492,
    "filesize": 57948,
    "single_event": false,
    "tonality": "C major",
    "tonality_confidence": 0.460426926612854,
    "loop": false,
    "tempo": 123,
    "tempo_confidence": 0.0,
    "note_midi": 29,
    "note_name": "F1",
    "note_frequency": 43.71128845214844,
    "note_confidence": 0.8887937664985657,
    "hardness": 36.3892782571761,
    "depth": 73.29831459285025,
    "brightness": 24.32933159986668,
    "roughness": 43.299079317564406,
    "warmth": 61.76955557492573,
    "sharpness": 39.42982342803662,
    "boominess": 48.37010890533803,
    "reverb": false,
    "genre": "Genre A",
    "mood": "Mood A"
}