{
    "duration": 1.809499979019165,
    "lossless": 1.0,
    "codec": "pcm_s16le",
    "bitrate": 256000.0,
    "samplerate": 16000.0,
    "channels": 1.0,
    "audio_md5": "1963ac02dc7e2994740e655bff0c54f2",
    "loudness": -21.385011672973633,
    "dynamic_range": 0.0,
    "temporal_centroid": 0.5321199893951416,
    "log_attack_time": -0.04437004774808884,
    "filesize": 57948,
    "single_event": false,
    "tonality": "A major",
    "tonality_confidence": 0.5644883513450623,
    "loop": false,
    "tempo": 103,
    "tempo_confidence": 0.0,
    "note_midi": 31,
    "note_name": "G1",
    "note_frequency": 50.21519088745117,
    "note_confidence": 0.48426008224487305,
    "hardness": 44.58736040361521,
    "depth": 61.41324143247269,
    "brightness": 48.427954440480775,
    "roughness": 49.949683200777315,
    "warmth": 59.2215895114801,
    "sharpness": 31.04606282727093,
    "boominess": 41.33053150972076,
    "reverb": false,
    "genre": "Genre A",
    "mood": "Mood A"
}