{
    "duration": 1.809499979019165,
    "lossless": 1.0,
    "codec": "pcm_s16le",
    "bitrate": 256000.0,
    "samplerate": 16000.0,
    "channels": 1.0,
    "audio_md5": "46455c1f60e21c01d0cce150ad5cd6e8",
    "loudness": -9.059502601623535,
    "dynamic_range": 0.0,
    "temporal_centroid": 0.3421955108642578,
    "log_attack_time": -1.3627235889434814,
    "filesize": 57948,
    "single_event": false,
    "tonality": "A# major",
    "tonality_confidence": 0.41774457693099976,
    "loop": false,
    "tempo": 138,
    "tempo_confidence": 0.0,
    "note_midi": 29,
    "note_name": "F1",
    "note_frequency": 43.024391174316406,
    "note_confidence": 0.6136042475700378,
    "hardness": 33.0273627548342,
    "depth": 75.26370148052332,
    "brightness": 22.634093359592832,
    "roughness": 40.915404950179294,
    "warmth": 59.999017009248675,
    "sharpness": 41.04153501454373,
    "boominess": 48.01287336993045,
    "reverb": false,
    "genre": "Genre A",
    "mood": "Mood A"
}