{
    "duration": 1.809499979019165,
    "lossless": 1.0,
    "codec": "pcm_s16le",
    "bitrate": 256000.0,
    "samplerate": 16000.0,
    "channels": 1.0,
    "audio_md5": "ad5b41c3597f6da61436dc51c2fb1c34",
    "loudness": -17.464298248291016,
    "dynamic_range": 0.0,
    "temporal_centroid": 0.4636474847793579,
    "log_attack_time": -1.2520934343338013,
    "filesize": 57948,
    "single_event": false,
    "tonality": "C# minor",
    "tonality_confidence": 0.35333046317100525,
    "loop": false,
    "tempo": 91,
    "tempo_confidence": 0.0,
    "note_midi": 31,
    "note_name": "G1",
    "note_frequency": 48.390663146972656,
    "note_confidence": 0.6749891042709351,
    "hardness": 39.03519999701902,
    "depth": 63.97694236243004,
    "brightness": 42.600654945885836,
    "roughness": 49.93265112217225,
    "warmth": 66.46300676047618,
    "sharpness": 20.83762990206329,
    "boominess": 44.96306199791669,
    "reverb": false,
    "genre": "Genre A",
    "mood": "Mood A"
}