{
    "duration": 1.809499979019165,
    "lossless": 1.0,
    "codec": "pcm_s16le",
    "bitrate": 256000.0,
    "samplerate": 16000.0,
    "channels": 1.0,
    "audio_md5": "04e7f239ecd6b39f016db462a4b48030",
    "loudness": -18.191312789916992,
    "dynamic_range": 0.0,
    "temporal_centroid": 0.32447806000709534,
    "log_attack_time": -0.36770114302635193,
    "filesize": 57948,
    "single_event": false,
    "tonality": "A minor",
    "tonality_confidence": 0.6151972413063049,
    "loop": false,
    "tempo": 155,
    "tempo_confidence": 0.0,
    "note_midi": 32,
    "note_name": "G#1",
    "note_frequency": 53.4115104675293,
    "note_confidence": 0.5152886509895325,
    "hardness": 43.897928604348664,
    "depth": 62.26187319132556,
    "brightness": 45.27431561169075,
    "roughness": 47.13484731776331,
    "warmth": 61.65188689158761,
    "sharpness": 20.301492424039907,
    "boominess": 45.35897249447742,
    "reverb": false,
    "genre": "Genre A",
    "mood": "Mood A"
}