{
    "duration": 1.809499979019165,
    "lossless": 1.0,
    "codec": "pcm_s16le",
    "bitrate": 256000.0,
    "samplerate": 16000.0,
    "channels": 1.0,
    "audio_md5": "cbc4c72d400ae8d41e3bc76603cf1db8",
    "loudness": -7.3333587646484375,
    "dynamic_range": 0.0,
    "temporal_centroid": 0.4988354742527008,
    "log_attack_time": -1.4343878030776978,
    "filesize": 57948,
    "single_event": false,
    "tonality": "F# major",
    "tonality_confidence": 0.4589582085609436,
    "loop": false,
    "tempo": 123,
    "tempo_confidence": 0.0,
    "note_midi": 31,
    "note_name": "G1",
    "note_frequency": 48.55170440673828,
    "note_confidence": 0.9614193439483643,
    "hardness": 36.89997261184938,
    "depth": 69.17442529824285,
    "brightness": 33.049873513530315,
    "roughness": 45.21102455300166,
    "warmth": 62.431342086025,
    "sharpness": 39.92894916373514,
    "boominess": 47.291243861541545,
    "reverb": false,
    "genre": "Genre A",
    "mood": "Mood A"
}