{
    "duration": 1.809499979019165,
    "lossless": 1.0,
    "codec": "pcm_s16le",
    "bitrate": 256000.0,
    "samplerate": 16000.0,
    "channels": 1.0,
    "audio_md5": "95764527db0b4ebb8fd3c5a95286405f",
    "loudness": -8.98605728149414,
    "dynamic_range": 0.0,
    "temporal_centroid": 0.36395519971847534,
    "log_attack_time": -1.4314523935317993,
    "filesize": 57948,
    "single_event": false,
    "tonality": "F major",
    "tonality_confidence": 0.6946353912353516,
    "loop": false,
    "tempo": 172,
    "tempo_confidence": 0.0,
    "note_midi": 30,
    "note_name": "F#1",
    "note_frequency": 45.262794494628906,
    "note_confidence": 0.8839446902275085,
    "hardness": 34.85821506081946,
    "depth": 70.99649705601983,
    "brightness": 33.38817958749915,
    "roughness": 41.354671750159184,
    "warmth": 60.46639940985547,
    "sharpness": 39.87717743674105,
    "boominess": 49.67669792844358,
    "reverb": false,
    "genre": "Genre A",
    "mood": "Mood A"
}