{
    "duration": 1.809499979019165,
    "lossless": 1.0,
    "codec": "pcm_s16le",
    "bitrate": 256000.0,
    "samplerate": 16000.0,
    "channels": 1.0,
    "audio_md5": "908d3e5f6551b6631afef94834724af2",
    "loudness": -13.204609870910645,
    "dynamic_range": 0.0,
    "temporal_centroid": 0.41157063841819763,
    "log_attack_time": -0.35892629623413086,
    "filesize": 57948,
    "single_event": false,
    "tonality": "A major",
    "tonality_confidence": 0.4182576537132263,
    "loop": false,
    "tempo": 172,
    "tempo_confidence": 0.0,
    "note_midi": 32,
    "note_name": "G#1",
    "note_frequency": 52.77084732055664,
    "note_confidence": 0.2596483826637268,
    "hardness": 44.39595289580171,
    "depth": 70.0885274875841,
    "brightness": 44.67871847389662,
    "roughness": 39.2048718848302,
    "warmth": 56.21644117342354,
    "sharpness": 39.37036055088048,
    "boominess": 47.284919386767655,
    "reverb": false,
    "genre": "Genre B",
    "mood": "Mood B"
}