{
    "duration": 1.809499979019165,
    "lossless": 1.0,
    "codec": "pcm_s16le",
    "bitrate": 256000.0,
    "samplerate": 16000.0,
    "channels": 1.0,
    "audio_md5": "c3f7176de694410ae8fa7c3926140bc4",
    "loudness": -19.230485916137695,
    "dynamic_range": 0.0,
    "temporal_centroid": 0.4436052441596985,
    "log_attack_time": -0.6279484629631042,
    "filesize": 57948,
    "single_event": false,
    "tonality": "A# minor",
    "tonality_confidence": 0.3790145516395569,
    "loop": false,
    "tempo": 131,
    "tempo_confidence": 0.0,
    "note_midi": 34,
    "note_name": "A#1",
    "note_frequency": 56.71034240722656,
    "note_confidence": 0.47641319036483765,
    "hardness": 45.05185020837595,
    "depth": 60.79593781377032,
    "brightness": 46.604770630850936,
    "roughness": 49.43208583557476,
    "warmth": 59.14101588784976,
    "sharpness": 32.54062458341984,
    "boominess": 39.677249277352026,
    "reverb": false,
    "genre": "Genre A",
    "mood": "Mood A"
}