{
    "duration": 1.809499979019165,
    "lossless": 1.0,
    "codec": "pcm_s16le",
    "bitrate": 256000.0,
    "samplerate": 16000.0,
    "channels": 1.0,
    "audio_md5": "27d544139207fc5b204227cd5c8f68e5",
    "loudness": -13.638442993164062,
    "dynamic_range": 0.0,
    "temporal_centroid": 0.5354737639427185,
    "log_attack_time": 0.1880575716495514,
    "filesize": 57948,
    "single_event": false,
    "tonality": "B minor",
    "tonality_confidence": 0.49618491530418396,
    "loop": false,
    "tempo": 199,
    "tempo_confidence": 0.0,
    "note_midi": 35,
    "note_name": "B1",
    "note_frequency": 63.281490325927734,
    "note_confidence": 0.5373235940933228,
    "hardness": 40.85090310472671,
    "depth": 60.000370405968056,
    "brightness": 44.91982469566729,
    "roughness": 51.373374225211336,
    "warmth": 60.923781472337886,
    "sharpness": 29.21333233708689,
    "boominess": 38.16747393944258,
    "reverb": false,
    "genre": "Genre A",
    "mood": "Mood A"
}