{
    "duration": 1.809499979019165,
    "lossless": 1.0,
    "codec": "pcm_s16le",
    "bitrate": 256000.0,
    "samplerate": 16000.0,
    "channels": 1.0,
    "audio_md5": "ddf2f6c99bb9cde49a76f297884003c0",
    "loudness": -10.75564956665039,
    "dynamic_range": 0.0,
    "temporal_centroid": 0.5031434297561646,
    "log_attack_time": -1.3954849243164062,
    "filesize": 57948,
    "single_event": false,
    "tonality": "D minor",
    "tonality_confidence": 0.5105881094932556,
    "loop": false,
    "tempo": 140,
    "tempo_confidence": 0.0,
    "note_midi": 29,
    "note_name": "F1",
    "note_frequency": 43.024391174316406,
    "note_confidence": 0.0,
    "hardness": 48.2773002441933,
    "depth": 65.65935649433388,
    "brightness": 28.209948452985213,
    "roughness": 47.04869778866234,
    "warmth": 63.16432377366607,
    "sharpness": 40.75581320843047,
    "boominess": 45.653501022518654,
    "reverb": false,
    "genre": "Genre B",
    "mood": "Mood B"
}