{
    "duration": 1.809499979019165,
    "lossless": 1.0,
    "codec": "pcm_s16le",
    "bitrate": 256000.0,
    "samplerate": 16000.0,
    "channels": 1.0,
    "audio_md5": "b460bb8feb901b78dd73e4c1637c96f6",
    "loudness": -19.806175231933594,
    "dynamic_range": 0.0,
    "temporal_centroid": 0.4030721187591553,
    "log_attack_time": -1.2413181066513062,
    "filesize": 57948,
    "single_event": false,
    "tonality": "F minor",
    "tonality_confidence": 0.5653460621833801,
    "loop": false,
    "tempo": 131,
    "tempo_confidence": 0.0,
    "note_midi": 35,
    "note_name": "B1",
    "note_frequency": 63.37266540527344,
    "note_confidence": 0.42798686027526855,
    "hardness": 42.08511498095855,
    "depth": 65.85796137510523,
    "brightness": 42.30125637096892,
    "roughness": 49.306001324006125,
    "warmth": 64.48104085140095,
    "sharpness": 17.18490601247289,
    "boominess": 45.541952148350774,
    "reverb": false,
    "genre": "Genre A",
    "mood": "Mood A"
}