{
    "duration": 1.809499979019165,
    "lossless": 1.0,
    "codec": "pcm_s16le",
    "bitrate": 256000.0,
    "samplerate": 16000.0,
    "channels": 1.0,
    "audio_md5": "ed67e1beba8e6069c3ee0124f833878b",
    "loudness": -20.208044052124023,
    "dynamic_range": 0.0,
    "temporal_centroid": 0.470532089471817,
    "log_attack_time": 0.1356770396232605,
    "filesize": 57948,
    "single_event": false,
    "tonality": "C minor",
    "tonality_confidence": 0.7162992358207703,
    "loop": false,
    "tempo": 129,
    "tempo_confidence": 0.0,
    "note_midi": 39,
    "note_name": "D#2",
    "note_frequency": 75.67982482910156,
    "note_confidence": 0.4234604239463806,
    "hardness": 41.72636408914029,
    "depth": 66.2836820978061,
    "brightness": 43.24026810303842,
    "roughness": 48.164571845125224,
    "warmth": 64.21837387186193,
    "sharpness": 11.12462771289536,
    "boominess": 46.34193904244867,
    "reverb": false,
    "genre": "Genre A",
    "mood": "Mood A"
}