{
    "duration": 1.809499979019165,
    "lossless": 1.0,
    "codec": "pcm_s16le",
    "bitrate": 256000.0,
    "samplerate": 16000.0,
    "channels": 1.0,
    "audio_md5": "beb6b2a686cddfb4781b815468f2cab2",
    "loudness": -8.770490646362305,
    "dynamic_range": 0.0,
    "temporal_centroid": 0.48653608560562134,
    "log_attack_time": -1.374458909034729,
    "filesize": 57948,
    "single_event": false,
    "tonality": "E minor",
    "tonality_confidence": 0.42669743299484253,
    "loop": false,
    "tempo": 126,
    "tempo_confidence": 0.0,
    "note_midi": 31,
    "note_name": "G1",
    "note_frequency": 49.26352310180664,
    "note_confidence": 0.8690197467803955,
    "hardness": 32.536185641931496,
    "depth": 67.73510508362223,
    "brightness": 35.93135559979118,
    "roughness": 43.47521808050125,
    "warmth": 61.69586128222096,
    "sharpness": 33.17925483530354,
    "boominess": 50.58545824059764,
    "reverb": false,
    "genre": "Genre A",
    "mood": "Mood A"
}