{
    "duration": 1.809499979019165,
    "lossless": 1.0,
    "codec": "pcm_s16le",
    "bitrate": 256000.0,
    "samplerate": 16000.0,
    "channels": 1.0,
    "audio_md5": "b56bfb93431d4b28a430765a20a3590d",
    "loudness": -7.9420366287231445,
    "dynamic_range": 0.0,
    "temporal_centroid": 0.5018641948699951,
    "log_attack_time": -1.2667680978775024,
    "filesize": 57948,
    "single_event": false,
    "tonality": "D# major",
    "tonality_confidence": 0.7463891506195068,
    "loop": false,
    "tempo": 138,
    "tempo_confidence": 0.0,
    "note_midi": 29,
    "note_name": "F1",
    "note_frequency": 43.024391174316406,
    "note_confidence": 0.7945302724838257,
    "hardness": 37.862686706645434,
    "depth": 70.85778055712082,
    "brightness": 31.598404412786575,
    "roughness": 44.757858201152416,
    "warmth": 63.48885931037585,
    "sharpness": 40.11193591244805,
    "boominess": 46.6434327908202,
    "reverb": false,
    "genre": "Genre A",
    "mood": "Mood A"
}