{
    "duration": 1.809499979019165,
    "lossless": 1.0,
    "codec": "pcm_s16le",
    "bitrate": 256000.0,
    "samplerate": 16000.0,
    "channels": 1.0,
    "audio_md5": "b1509b4b7e219c5d57930bb612b4a9de",
    "loudness": -17.390892028808594,
    "dynamic_range": 0.0,
    "temporal_centroid": 0.49487635493278503,
    "log_attack_time": -1.0455386638641357,
    "filesize": 57948,
    "single_event": false,
    "tonality": "C major",
    "tonality_confidence": 0.4572184085845947,
    "loop": false,
    "tempo": 117,
    "tempo_confidence": 0.0,
    "note_midi": 38,
    "note_name": "D2",
    "note_frequency": 72.59362030029297,
    "note_confidence": 0.4455276131629944,
    "hardness": 40.90515353720711,
    "depth": 66.66507749143639,
    "brightness": 38.85212624070185,
    "roughness": 50.926959499045715,
    "warmth": 66.31696655649974,
    "sharpness": 18.422232744998407,
    "boominess": 44.400594354998944,
    "reverb": false,
    "genre": "Genre A",
    "mood": "Mood A"
}