{
    "duration": 1.809499979019165,
    "lossless": 1.0,
    "codec": "pcm_s16le",
    "bitrate": 256000.0,
    "samplerate": 16000.0,
    "channels": 1.0,
    "audio_md5": "201c23baa464243d1e85706a1758764b",
    "loudness": -18.410930633544922,
    "dynamic_range": 0.0,
    "temporal_centroid": 0.4675057828426361,
    "log_attack_time": -0.3572417199611664,
    "filesize": 57948,
    "single_event": false,
    "tonality": "F minor",
    "tonality_confidence": 0.4169985353946686,
    "loop": false,
    "tempo": 129,
    "tempo_confidence": 0.0,
    "note_midi": 33,
    "note_name": "A1",
    "note_frequency": 55.18143844604492,
    "note_confidence": 0.4883815050125122,
    "hardness": 41.687660783512,
    "depth": 61.80896243369978,
    "brightness": 46.72013670114023,
    "roughness": 46.34876441984855,
    "warmth": 58.66155464850715,
    "sharpness": 28.883059442098826,
    "boominess": 42.35160145791868,
    "reverb": false,
    "genre": "Genre A",
    "mood": "Mood A"
}