{
    "duration": 1.809499979019165,
    "lossless": 1.0,
    "codec": "pcm_s16le",
    "bitrate": 256000.0,
    "samplerate": 16000.0,
    "channels": 1.0,
    "audio_md5": "402bd96a0421286a7418747c2451b5cd",
    "loudness": -18.423070907592773,
    "dynamic_range": 0.0,
    "temporal_centroid": 0.5919192433357239,
    "log_attack_time": -1.440047025680542,
    "filesize": 57948,
    "single_event": false,
    "tonality": "D# minor",
    "tonality_confidence": 0.4029434025287628,
    "loop": false,
    "tempo": 128,
    "tempo_confidence": 0.0,
    "note_midi": 35,
    "note_name": "B1",
    "note_frequency": 61.677978515625,
    "note_confidence": 0.4645540714263916,
    "hardness": 41.99568019593467,
    "depth": 65.64882400898856,
    "brightness": 42.464585251726454,
    "roughness": 49.09474474578609,
    "warmth": 63.576619607149084,
    "sharpness": 17.789953167836714,
    "boominess": 45.00929665069884,
    "reverb": false,
    "genre": "Genre A",
    "mood": "Mood A"
}