{
    "duration": 1.809499979019165,
    "lossless": 1.0,
    "codec": "pcm_s16le",
    "bitrate": 256000.0,
    "samplerate": 16000.0,
    "channels": 1.0,
    "audio_md5": "69ba3afa4af47d45c8d0f21ada64484c",
    "loudness": -18.809476852416992,
    "dynamic_range": 0.0,
    "temporal_centroid": 0.4667700231075287,
    "log_attack_time": -0.3612278401851654,
    "filesize": 57948,
    "single_event": false,
    "tonality": "F minor",
    "tonality_confidence": 0.695950448513031,
    "loop": false,
    "tempo": 129,
    "tempo_confidence": 0.0,
    "note_midi": 32,
    "note_name": "G#1",
    "note_frequency": 51.035743713378906,
    "note_confidence": 0.5267444849014282,
    "hardness": 40.16046411985255,
    "depth": 61.76913095512425,
    "brightness": 45.30782250720768,
    "roughness": 45.79437344917609,
    "warmth": 59.14958363165558,
    "sharpness": 28.69059365381589,
    "boominess": 42.40987849280018,
    "reverb": false,
    "genre": "Genre A",
    "mood": "Mood A"
}