{
    "duration": 1.809499979019165,
    "lossless": 1.0,
    "codec": "pcm_s16le",
    "bitrate": 256000.0,
    "samplerate": 16000.0,
    "channels": 1.0,
    "audio_md5": "ee1d0bd08f64ce401c68fc3a2583b33e",
    "loudness": -9.560208320617676,
    "dynamic_range": 0.0,
    "temporal_centroid": 0.5096379518508911,
    "log_attack_time": -1.3891661167144775,
    "filesize": 57948,
    "single_event": false,
    "tonality": "C minor",
    "tonality_confidence": 0.5721795558929443,
    "loop": false,
    "tempo": 123,
    "tempo_confidence": 0.0,
    "note_midi": 31,
    "note_name": "G1",
    "note_frequency": 47.724578857421875,
    "note_confidence": 0.7374129295349121,
    "hardness": 37.93099259990153,
    "depth": 68.25095745302714,
    "brightness": 35.74293816377278,
    "roughness": 42.00020798330137,
    "warmth": 60.714824325797125,
    "sharpness": 39.102122988999994,
    "boominess": 47.824783295649034,
    "reverb": false,
    "genre": "Genre A",
    "mood": "Mood A"
}