{
    "duration": 1.809499979019165,
    "lossless": 1.0,
    "codec": "pcm_s16le",
    "bitrate": 256000.0,
    "samplerate": 16000.0,
    "channels": 1.0,
    "audio_md5": "95f726087cd0c4e1423ee1b96f24f1fb",
    "loudness": -14.632922172546387,
    "dynamic_range": 0.0,
    "temporal_centroid": 0.44237956404685974,
    "log_attack_time": -1.2932223081588745,
    "filesize": 57948,
    "single_event": false,
    "tonality": "E minor",
    "tonality_confidence": 0.7063624262809753,
    "loop": false,
    "tempo": 142,
    "tempo_confidence": 0.0,
    "note_midi": 38,
    "note_name": "D2",
    "note_frequency": 75.09952545166016,
    "note_confidence": 0.36730343103408813,
    "hardness": 57.5910834771025,
    "depth": 73.59405040753539,
    "brightness": 46.82289542430302,
    "roughness": 45.41510029965979,
    "warmth": 60.54884004456278,
    "sharpness": 39.157665807917134,
    "boominess": 43.44297415419463,
    "reverb": false,
    "genre": "Genre B",
    "mood": "Mood B"
}