{
    "duration": 1.809499979019165,
    "lossless": 1.0,
    "codec": "pcm_s16le",
    "bitrate": 256000.0,
    "samplerate": 16000.0,
    "channels": 1.0,
    "audio_md5": "8e1b7a26313472968c0c931c49ac7e4c",
    "loudness": -10.23219108581543,
    "dynamic_range": 0.0,
    "temporal_centroid": 0.5043438076972961,
    "log_attack_time": -0.3612278401851654,
    "filesize": 57948,
    "single_event": false,
    "tonality": "A minor",
    "tonality_confidence": 0.715149462223053,
    "loop": false,
    "tempo": 167,
    "tempo_confidence": 0.0,
    "note_midi": 61,
    "note_name": "C#4",
    "note_frequency": 274.0430908203125,
    "note_confidence": 0.5254465341567993,
    "hardness": 36.62411697860664,
    "depth": 62.35615905165937,
    "brightness": 39.361577382083915,
    "roughness": 51.309599190185736,
    "warmth": 62.92954133960818,
    "sharpness": 23.71556926846352,
    "boominess": 40.41524178936132,
    "reverb": false,
    "genre": "Genre A",
    "mood": "Mood A"
}