{
    "duration": 1.809499979019165,
    "lossless": 1.0,
    "codec": "pcm_s16le",
    "bitrate": 256000.0,
    "samplerate": 16000.0,
    "channels": 1.0,
    "audio_md5": "8bc304945079eb7111c809fd8966a45b",
    "loudness": -11.680562019348145,
    "dynamic_range": 0.0,
    "temporal_centroid": 0.48205411434173584,
    "log_attack_time": -1.3550726175308228,
    "filesize": 57948,
    "single_event": false,
    "tonality": "G# minor",
    "tonality_confidence": 0.4875776767730713,
    "loop": false,
    "tempo": 112,
    "tempo_confidence": 0.0,
    "note_midi": 29,
    "note_name": "F1",
    "note_frequency": 43.024391174316406,
    "note_confidence": 0.30723685026168823,
    "hardness": 37.42077847561397,
    "depth": 66.88106090189682,
    "brightness": 31.753824084831102,
    "roughness": 41.81632184034683,
    "warmth": 57.54194312043763,
    "sharpness": 42.56200736705895,
    "boominess": 46.735248099485844,
    "reverb": false,
    "genre": "Genre A",
    "mood": "Mood A"
}