{
    "duration": 1.809499979019165,
    "lossless": 1.0,
    "codec": "pcm_s16le",
    "bitrate": 256000.0,
    "samplerate": 16000.0,
    "channels": 1.0,
    "audio_md5": "05d535fe61f967fac73449809502c2a0",
    "loudness": -11.743378639221191,
    "dynamic_range": 0.0,
    "temporal_centroid": 0.3973345458507538,
    "log_attack_time": -1.3712058067321777,
    "filesize": 57948,
    "single_event": false,
    "tonality": "A# major",
    "tonality_confidence": 0.48938116431236267,
    "loop": false,
    "tempo": 131,
    "tempo_confidence": 0.0,
    "note_midi": 32,
    "note_name": "G#1",
    "note_frequency": 51.59163284301758,
    "note_confidence": 0.4453084468841553,
    "hardness": 36.8774524799025,
    "depth": 68.75290969489554,
    "brightness": 38.4511151186538,
    "roughness": 38.31175075309302,
    "warmth": 58.80536692306809,
    "sharpness": 40.427350843479815,
    "boominess": 47.83958016613544,
    "reverb": false,
    "genre": "Genre A",
    "mood": "Mood A"
}