{
    "duration": 1.809499979019165,
    "lossless": 1.0,
    "codec": "pcm_s16le",
    "bitrate": 256000.0,
    "samplerate": 16000.0,
    "channels": 1.0,
    "audio_md5": "03caddacb8a9c8a608be2dd322fe7efa",
    "loudness": -34.922706604003906,
    "dynamic_range": 0.0,
    "temporal_centroid": 0.40730783343315125,
    "log_attack_time": 0.257411926984787,
    "filesize": 57948,
    "single_event": false,
    "tonality": "C major",
    "tonality_confidence": 0.8186238408088684,
    "loop": true,
    "tempo": 133,
    "tempo_confidence": 0.9783862233161926,
    "note_midi": 35,
    "note_name": "B1",
    "note_frequency": 62.309024810791016,
    "note_confidence": 0.6335291862487793,
    "hardness": 60.46913837915838,
    "depth": 47.14350889072951,
    "brightness": 61.74951890820738,
    "roughness": 51.293652261366056,
    "warmth": 45.60251601506142,
    "sharpness": 49.95326970738445,
    "boominess": 37.33420446438734,
    "reverb": false,
    "genre": "Genre A",
    "mood": "Mood A"
}