{
    "duration": 1.809499979019165,
    "lossless": 1.0,
    "codec": "pcm_s16le",
    "bitrate": 256000.0,
    "samplerate": 16000.0,
    "channels": 1.0,
    "audio_md5": "547dff4020771e12b74cdd8137eb370d",
    "loudness": -19.89508628845215,
    "dynamic_range": 0.0,
    "temporal_centroid": 0.5374823212623596,
    "log_attack_time": 0.0652129203081131,
    "filesize": 57948,
    "single_event": false,
    "tonality": "C minor",
    "tonality_confidence": 0.5276666879653931,
    "loop": false,
    "tempo": 105,
    "tempo_confidence": 0.0,
    "note_midi": 42,
    "note_name": "F#2",
    "note_frequency": 93.36747741699219,
    "note_confidence": 0.5173816084861755,
    "hardness": 48.672501254070255,
    "depth": 52.88692586825528,
    "brightness": 49.36475975520711,
    "roughness": 48.550121695606045,
    "warmth": 52.88704415074103,
    "sharpness": 22.802879415727947,
    "boominess": 42.74392520891209,
    "reverb": false,
    "genre": "Genre A",
    "mood": "Mood A"
}