{
    "duration": 1.809499979019165,
    "lossless": 1.0,
    "codec": "pcm_s16le",
    "bitrate": 256000.0,
    "samplerate": 16000.0,
    "channels": 1.0,
    "audio_md5": "747c373cbc2d06b1c775cbfe90bcfea7",
    "loudness": -17.475812911987305,
    "dynamic_range": 0.0,
    "temporal_centroid": 0.48140254616737366,
    "log_attack_time": -0.134403258562088,
    "filesize": 57948,
    "single_event": false,
    "tonality": "C major",
    "tonality_confidence": 0.740949273109436,
    "loop": false,
    "tempo": 129,
    "tempo_confidence": 0.0,
    "note_midi": 36,
    "note_name": "C2",
    "note_frequency": 66.7314682006836,
    "note_confidence": 0.45775192975997925,
    "hardness": 40.21382752086035,
    "depth": 64.13013978305892,
    "brightness": 42.36468950593647,
    "roughness": 50.75758031761209,
    "warmth": 64.4889055539752,
    "sharpness": 18.667501039417438,
    "boominess": 44.33314646408242,
    "reverb": false,
    "genre": "Genre A",
    "mood": "Mood A"
}