{
    "duration": 1.809499979019165,
    "lossless": 1.0,
    "codec": "pcm_s16le",
    "bitrate": 256000.0,
    "samplerate": 16000.0,
    "channels": 1.0,
    "audio_md5": "fc5f0f57c27e731d28831fb977c33200",
    "loudness": -15.924506187438965,
    "dynamic_range": 0.0,
    "temporal_centroid": 0.49277016520500183,
    "log_attack_time": 0.13232073187828064,
    "filesize": 57948,
    "single_event": false,
    "tonality": "C# minor",
    "tonality_confidence": 0.5160008072853088,
    "loop": false,
    "tempo": 133,
    "tempo_confidence": 0.0,
    "note_midi": 31,
    "note_name": "G1",
    "note_frequency": 50.1662483215332,
    "note_confidence": 0.6004517078399658,
    "hardness": 41.682646835017636,
    "depth": 62.051224105080955,
    "brightness": 42.766041122165646,
    "roughness": 48.73174589166941,
    "warmth": 64.92279346799478,
    "sharpness": 21.934978047781193,
    "boominess": 43.856163018420915,
    "reverb": false,
    "genre": "Genre A",
    "mood": "Mood A"
}