{
    "duration": 1.809499979019165,
    "lossless": 1.0,
    "codec": "pcm_s16le",
    "bitrate": 256000.0,
    "samplerate": 16000.0,
    "channels": 1.0,
    "audio_md5": "451340863e02346518d71e70eb21fd5f",
    "loudness": -7.8686370849609375,
    "dynamic_range": 0.0,
    "temporal_centroid": 0.44987452030181885,
    "log_attack_time": -1.3631778955459595,
    "filesize": 57948,
    "single_event": false,
    "tonality": "A# minor",
    "tonality_confidence": 0.7409923672676086,
    "loop": false,
    "tempo": 128,
    "tempo_confidence": 0.0,
    "note_midi": 31,
    "note_name": "G1",
    "note_frequency": 48.41779327392578,
    "note_confidence": 0.9849427342414856,
    "hardness": 38.87807414876036,
    "depth": 68.80057186084147,
    "brightness": 35.50897227035814,
    "roughness": 42.19948693825239,
    "warmth": 60.34739854756002,
    "sharpness": 39.902369234343105,
    "boominess": 47.43405001946476,
    "reverb": false,
    "genre": "Genre A",
    "mood": "Mood A"
}