{
    "duration": 1.809499979019165,
    "lossless": 1.0,
    "codec": "pcm_s16le",
    "bitrate": 256000.0,
    "samplerate": 16000.0,
    "channels": 1.0,
    "audio_md5": "f9dfc82fd70846cb37e9600377f6270e",
    "loudness": -18.73168182373047,
    "dynamic_range": 0.0,
    "temporal_centroid": 0.4712231755256653,
    "log_attack_time": 0.13878588378429413,
    "filesize": 57948,
    "single_event": false,
    "tonality": "C# major",
    "tonality_confidence": 0.49375665187835693,
    "loop": false,
    "tempo": 157,
    "tempo_confidence": 0.0,
    "note_midi": 36,
    "note_name": "C2",
    "note_frequency": 66.46025085449219,
    "note_confidence": 0.45406073331832886,
    "hardness": 44.4803806275325,
    "depth": 65.26601235530518,
    "brightness": 43.62735489107936,
    "roughness": 49.779550282245744,
    "warmth": 63.907054288350196,
    "sharpness": 25.518598095364542,
    "boominess": 43.96642001706189,
    "reverb": false,
    "genre": "Genre A",
    "mood": "Mood A"
}