{
    "duration": 1.809499979019165,
    "lossless": 1.0,
    "codec": "pcm_s16le",
    "bitrate": 256000.0,
    "samplerate": 16000.0,
    "channels": 1.0,
    "audio_md5": "2bba1665d52596c2b074e9e1f6b0865a",
    "loudness": -18.67264747619629,
    "dynamic_range": 0.0,
    "temporal_centroid": 0.4647162854671478,
    "log_attack_time": -0.348937451839447,
    "filesize": 57948,
    "single_event": false,
    "tonality": "D minor",
    "tonality_confidence": 0.5812680125236511,
    "loop": false,
    "tempo": 115,
    "tempo_confidence": 0.0,
    "note_midi": 39,
    "note_name": "D#2",
    "note_frequency": 78.02763366699219,
    "note_confidence": 0.4155559539794922,
    "hardness": 40.08264320796664,
    "depth": 66.82312331544934,
    "brightness": 45.00966841387634,
    "roughness": 50.44977515663173,
    "warmth": 64.86863348402532,
    "sharpness": 20.071012491252915,
    "boominess": 44.188025553108076,
    "reverb": false,
    "genre": "Genre A",
    "mood": "Mood A"
}