{
    "duration": 1.809499979019165,
    "lossless": 1.0,
    "codec": "pcm_s16le",
    "bitrate": 256000.0,
    "samplerate": 16000.0,
    "channels": 1.0,
    "audio_md5": "2104b5f486f6b675a4f0a301e3a37d58",
    "loudness": -18.48457145690918,
    "dynamic_range": 0.0,
    "temporal_centroid": 0.45691758394241333,
    "log_attack_time": -0.3572417199611664,
    "filesize": 57948,
    "single_event": false,
    "tonality": "D minor",
    "tonality_confidence": 0.4817168414592743,
    "loop": false,
    "tempo": 128,
    "tempo_confidence": 0.0,
    "note_midi": 32,
    "note_name": "G#1",
    "note_frequency": 51.87982940673828,
    "note_confidence": 0.48784738779067993,
    "hardness": 44.14497860667808,
    "depth": 62.08811913623706,
    "brightness": 45.14948991992509,
    "roughness": 45.41539887505524,
    "warmth": 59.694563730266076,
    "sharpness": 25.438648052750825,
    "boominess": 44.01532996677013,
    "reverb": false,
    "genre": "Genre A",
    "mood": "Mood A"
}