{
    "duration": 1.809499979019165,
    "lossless": 1.0,
    "codec": "pcm_s16le",
    "bitrate": 256000.0,
    "samplerate": 16000.0,
    "channels": 1.0,
    "audio_md5": "a3ae708d033c9f0541371464aa745c68",
    "loudness": -9.189173698425293,
    "dynamic_range": 0.0,
    "temporal_centroid": 0.5058155059814453,
    "log_attack_time": -1.4637393951416016,
    "filesize": 57948,
    "single_event": false,
    "tonality": "G# major",
    "tonality_confidence": 0.7165688872337341,
    "loop": false,
    "tempo": 136,
    "tempo_confidence": 0.0,
    "note_midi": 29,
    "note_name": "F1",
    "note_frequency": 43.024391174316406,
    "note_confidence": 0.20082277059555054,
    "hardness": 41.010897630151106,
    "depth": 74.52694085969264,
    "brightness": 28.157625141928865,
    "roughness": 46.70354247076892,
    "warmth": 63.47970904945646,
    "sharpness": 42.41810900821854,
    "boominess": 44.81858666565401,
    "reverb": false,
    "genre": "Genre B",
    "mood": "Mood B"
}