{
    "duration": 1.809499979019165,
    "lossless": 1.0,
    "codec": "pcm_s16le",
    "bitrate": 256000.0,
    "samplerate": 16000.0,
    "channels": 1.0,
    "audio_md5": "816c70854ffe3caff84e895a202bb193",
    "loudness": -18.512359619140625,
    "dynamic_range": 0.0,
    "temporal_centroid": 0.4670374393463135,
    "log_attack_time": -1.285172462463379,
    "filesize": 57948,
    "single_event": false,
    "tonality": "C minor",
    "tonality_confidence": 0.617444634437561,
    "loop": false,
    "tempo": 110,
    "tempo_confidence": 0.0,
    "note_midi": 37,
    "note_name": "C#2",
    "note_frequency": 70.01834869384766,
    "note_confidence": 0.4319145679473877,
    "hardness": 36.58280750659554,
    "depth": 66.75701174011846,
    "brightness": 39.73408118448347,
    "roughness": 50.654161690058785,
    "warmth": 65.85499844178187,
    "sharpness": 17.045963520496247,
    "boominess": 45.00962417998902,
    "reverb": false,
    "genre": "Genre A",
    "mood": "Mood A"
}