{
    "duration": 1.809499979019165,
    "lossless": 1.0,
    "codec": "pcm_s16le",
    "bitrate": 256000.0,
    "samplerate": 16000.0,
    "channels": 1.0,
    "audio_md5": "7a892bd9fa0fde268e7c2ca8cd324e01",
    "loudness": -16.33592987060547,
    "dynamic_range": 0.0,
    "temporal_centroid": 0.4910372495651245,
    "log_attack_time": -0.3636326789855957,
    "filesize": 57948,
    "single_event": false,
    "tonality": "F minor",
    "tonality_confidence": 0.44210731983184814,
    "loop": false,
    "tempo": 129,
    "tempo_confidence": 0.0,
    "note_midi": 31,
    "note_name": "G1",
    "note_frequency": 50.38435363769531,
    "note_confidence": 0.559065580368042,
    "hardness": 38.210975838315235,
    "depth": 62.369876698252675,
    "brightness": 42.807605598825056,
    "roughness": 49.25637487935532,
    "warmth": 65.66152657229449,
    "sharpness": 19.63539550079659,
    "boominess": 44.61458261987151,
    "reverb": false,
    "genre": "Genre A",
    "mood": "Mood A"
}