{
    "duration": 1.809499979019165,
    "lossless": 1.0,
    "codec": "pcm_s16le",
    "bitrate": 256000.0,
    "samplerate": 16000.0,
    "channels": 1.0,
    "audio_md5": "015ef646155e00a0b1f770b46ef7e396",
    "loudness": -7.162917137145996,
    "dynamic_range": 0.0,
    "temporal_centroid": 0.5006604790687561,
    "log_attack_time": -1.3786777257919312,
    "filesize": 57948,
    "single_event": false,
    "tonality": "G major",
    "tonality_confidence": 0.5589938163757324,
    "loop": false,
    "tempo": 185,
    "tempo_confidence": 0.0,
    "note_midi": 31,
    "note_name": "G1",
    "note_frequency": 49.61875915527344,
    "note_confidence": 0.9739245176315308,
    "hardness": 39.63157979167477,
    "depth": 68.09214223305135,
    "brightness": 32.34857631022431,
    "roughness": 43.84401442331509,
    "warmth": 61.58604051359872,
    "sharpness": 39.77055117100802,
    "boominess": 47.504307987192234,
    "reverb": false,
    "genre": "Genre A",
    "mood": "Mood A"
}