{
    "duration": 1.809499979019165,
    "lossless": 1.0,
    "codec": "pcm_s16le",
    "bitrate": 256000.0,
    "samplerate": 16000.0,
    "channels": 1.0,
    "audio_md5": "33079087761cd4cdbbb9519444cf96cc",
    "loudness": -12.379231452941895,
    "dynamic_range": 0.0,
    "temporal_centroid": 0.46342477202415466,
    "log_attack_time": -1.3051859140396118,
    "filesize": 57948,
    "single_event": false,
    "tonality": "G minor",
    "tonality_confidence": 0.6269176006317139,
    "loop": false,
    "tempo": 133,
    "tempo_confidence": 0.0,
    "note_midi": 33,
    "note_name": "A1",
    "note_frequency": 53.88023376464844,
    "note_confidence": 0.4604412317276001,
    "hardness": 40.867339097900256,
    "depth": 66.04433671311962,
    "brightness": 39.626883351704905,
    "roughness": 39.51520165564212,
    "warmth": 56.96272789959055,
    "sharpness": 37.78003123233349,
    "boominess": 48.60268579476768,
    "reverb": false,
    "genre": "Genre A",
    "mood": "Mood A"
}