{
    "duration": 1.809499979019165,
    "lossless": 1.0,
    "codec": "pcm_s16le",
    "bitrate": 256000.0,
    "samplerate": 16000.0,
    "channels": 1.0,
    "audio_md5": "78b492b2b1632763ee83cf0ebcfc5681",
    "loudness": -8.533510208129883,
    "dynamic_range": 0.0,
    "temporal_centroid": 0.501482367515564,
    "log_attack_time": -1.234505534172058,
    "filesize": 57948,
    "single_event": false,
    "tonality": "G# minor",
    "tonality_confidence": 0.6776688694953918,
    "loop": false,
    "tempo": 126,
    "tempo_confidence": 0.0,
    "note_midi": 33,
    "note_name": "A1",
    "note_frequency": 53.475372314453125,
    "note_confidence": 0.7399036288261414,
    "hardness": 39.1898937949223,
    "depth": 67.77197658257629,
    "brightness": 35.609109498666484,
    "roughness": 43.75684963281698,
    "warmth": 60.611806924781376,
    "sharpness": 38.968340793000486,
    "boominess": 47.97236396446979,
    "reverb": false,
    "genre": "Genre A",
    "mood": "Mood A"
}