{
    "duration": 1.809499979019165,
    "lossless": 1.0,
    "codec": "pcm_s16le",
    "bitrate": 256000.0,
    "samplerate": 16000.0,
    "channels": 1.0,
    "audio_md5": "43bb5b91bc7f95d0920348690f26d54f",
    "loudness": -29.382226943969727,
    "dynamic_range": 0.0,
    "temporal_centroid": 0.45863521099090576,
    "log_attack_time": -0.07963057607412338,
    "filesize": 57948,
    "single_event": false,
    "tonality": "F minor",
    "tonality_confidence": 0.5938596725463867,
    "loop": false,
    "tempo": 129,
    "tempo_confidence": 0.0,
    "note_midi": 40,
    "note_name": "E2",
    "note_frequency": 81.59056091308594,
    "note_confidence": 0.43267327547073364,
    "hardness": 56.618998845633854,
    "depth": 58.07237194643741,
    "brightness": 54.02291993750383,
    "roughness": 47.44515884732512,
    "warmth": 48.95055471118035,
    "sharpness": 39.208335337724456,
    "boominess": 42.33554900313179,
    "reverb": false,
    "genre": "Genre A",
    "mood": "Mood A"
}