{
    "duration": 1.809499979019165,
    "lossless": 1.0,
    "codec": "pcm_s16le",
    "bitrate": 256000.0,
    "samplerate": 16000.0,
    "channels": 1.0,
    "audio_md5": "9f310dfb8702bd5cbbf27f82d93dd0bf",
    "loudness": -15.777506828308105,
    "dynamic_range": 0.0,
    "temporal_centroid": 0.49253779649734497,
    "log_attack_time": -1.0475118160247803,
    "filesize": 57948,
    "single_event": false,
    "tonality": "C# minor",
    "tonality_confidence": 0.4774830639362335,
    "loop": false,
    "tempo": 123,
    "tempo_confidence": 0.0,
    "note_midi": 31,
    "note_name": "G1",
    "note_frequency": 49.163326263427734,
    "note_confidence": 0.5527560710906982,
    "hardness": 44.92869373777617,
    "depth": 62.48208131393158,
    "brightness": 42.52616334710046,
    "roughness": 51.324543502721546,
    "warmth": 64.70804636187964,
    "sharpness": 26.3647578940195,
    "boominess": 42.26005659786496,
    "reverb": false,
    "genre": "Genre A",
    "mood": "Mood A"
}