{
    "duration": 1.809499979019165,
    "lossless": 1.0,
    "codec": "pcm_s16le",
    "bitrate": 256000.0,
    "samplerate": 16000.0,
    "channels": 1.0,
    "audio_md5": "45d860fc0c3b89225df0505f205f5ade",
    "loudness": -42.652099609375,
    "dynamic_range": 0.0,
    "temporal_centroid": 0.3958197832107544,
    "log_attack_time": -2.5545334815979004,
    "filesize": 57948,
    "single_event": false,
    "tonality": "G major",
    "tonality_confidence": 0.6881371140480042,
    "loop": false,
    "tempo": 172,
    "tempo_confidence": 0.0,
    "note_midi": 36,
    "note_name": "C2",
    "note_frequency": 63.9160041809082,
    "note_confidence": 0.7594640851020813,
    "hardness": 51.685694147433935,
    "depth": 43.031842097616675,
    "brightness": 51.67096681337117,
    "roughness": 47.906684496068344,
    "warmth": 58.809763761326515,
    "sharpness": 37.56786686154253,
    "boominess": 43.12426153989512,
    "reverb": false,
    "genre": "Genre B",
    "mood": "Mood B"
}