{
    "duration": 1.809499979019165,
    "lossless": 1.0,
    "codec": "pcm_s16le",
    "bitrate": 256000.0,
    "samplerate": 16000.0,
    "channels": 1.0,
    "audio_md5": "3d29a6fb048469e79856aaf8951439c5",
    "loudness": -18.58644676208496,
    "dynamic_range": 0.0,
    "temporal_centroid": 0.3932842016220093,
    "log_attack_time": -0.658159613609314,
    "filesize": 57948,
    "single_event": false,
    "tonality": "C major",
    "tonality_confidence": 0.35759237408638,
    "loop": false,
    "tempo": 172,
    "tempo_confidence": 0.0,
    "note_midi": 31,
    "note_name": "G1",
    "note_frequency": 48.885704040527344,
    "note_confidence": 0.6388702392578125,
    "hardness": 40.38107586887695,
    "depth": 62.21506109025597,
    "brightness": 44.59179401564313,
    "roughness": 47.740687529470435,
    "warmth": 62.42290443416951,
    "sharpness": 23.534052765936714,
    "boominess": 45.65450969517636,
    "reverb": false,
    "genre": "Genre A",
    "mood": "Mood A"
}