{
    "duration": 1.809499979019165,
    "lossless": 1.0,
    "codec": "pcm_s16le",
    "bitrate": 256000.0,
    "samplerate": 16000.0,
    "channels": 1.0,
    "audio_md5": "395ce152b461d9c64d6f33ec384ebc31",
    "loudness": -9.601044654846191,
    "dynamic_range": 0.0,
    "temporal_centroid": 0.5084776282310486,
    "log_attack_time": -1.3700498342514038,
    "filesize": 57948,
    "single_event": false,
    "tonality": "F minor",
    "tonality_confidence": 0.6933900117874146,
    "loop": false,
    "tempo": 123,
    "tempo_confidence": 0.0,
    "note_midi": 30,
    "note_name": "F#1",
    "note_frequency": 47.024112701416016,
    "note_confidence": 0.8398891687393188,
    "hardness": 37.805223941096614,
    "depth": 70.29339422510643,
    "brightness": 32.086627527712,
    "roughness": 41.49584947001891,
    "warmth": 61.66824618678932,
    "sharpness": 39.19356229129654,
    "boominess": 48.18727897954562,
    "reverb": false,
    "genre": "Genre A",
    "mood": "Mood A"
}