{
    "duration": 1.809499979019165,
    "lossless": 1.0,
    "codec": "pcm_s16le",
    "bitrate": 256000.0,
    "samplerate": 16000.0,
    "channels": 1.0,
    "audio_md5": "65e1852d7dd1c9be7e5367ad2a378ca4",
    "loudness": -17.27981185913086,
    "dynamic_range": 0.0,
    "temporal_centroid": 0.4733333885669708,
    "log_attack_time": -0.3578473925590515,
    "filesize": 57948,
    "single_event": false,
    "tonality": "C minor",
    "tonality_confidence": 0.6231668591499329,
    "loop": false,
    "tempo": 129,
    "tempo_confidence": 0.0,
    "note_midi": 39,
    "note_name": "D#2",
    "note_frequency": 77.66410064697266,
    "note_confidence": 0.5076528787612915,
    "hardness": 38.27631274260315,
    "depth": 57.96339112447443,
    "brightness": 45.04897136851163,
    "roughness": 47.03976128020049,
    "warmth": 58.78027427291478,
    "sharpness": 27.223633091576616,
    "boominess": 40.91811548936837,
    "reverb": false,
    "genre": "Genre A",
    "mood": "Mood A"
}