{
    "duration": 1.809499979019165,
    "lossless": 1.0,
    "codec": "pcm_s16le",
    "bitrate": 256000.0,
    "samplerate": 16000.0,
    "channels": 1.0,
    "audio_md5": "f4633f08d3db6e0387b58d704333837c",
    "loudness": -9.528038024902344,
    "dynamic_range": 0.0,
    "temporal_centroid": 0.5132723450660706,
    "log_attack_time": -0.2647705376148224,
    "filesize": 57948,
    "single_event": false,
    "tonality": "D major",
    "tonality_confidence": 0.45222052931785583,
    "loop": false,
    "tempo": 110,
    "tempo_confidence": 0.0,
    "note_midi": 43,
    "note_name": "G2",
    "note_frequency": 95.91702270507812,
    "note_confidence": 0.5523709058761597,
    "hardness": 40.87350530529869,
    "depth": 59.11533118604712,
    "brightness": 40.8444122471123,
    "roughness": 52.19940742549782,
    "warmth": 62.91349835669523,
    "sharpness": 22.079972418874554,
    "boominess": 40.53749438905615,
    "reverb": false,
    "genre": "Genre A",
    "mood": "Mood A"
}