{
    "duration": 1.809499979019165,
    "lossless": 1.0,
    "codec": "pcm_s16le",
    "bitrate": 256000.0,
    "samplerate": 16000.0,
    "channels": 1.0,
    "audio_md5": "12bfc3f70092fc4a0f43acd1932d815d",
    "loudness": -7.875153541564941,
    "dynamic_range": 0.0,
    "temporal_centroid": 0.5130526423454285,
    "log_attack_time": -0.3553180694580078,
    "filesize": 57948,
    "single_event": false,
    "tonality": "F minor",
    "tonality_confidence": 0.39334434270858765,
    "loop": false,
    "tempo": 138,
    "tempo_confidence": 0.0,
    "note_midi": 60,
    "note_name": "C4",
    "note_frequency": 267.88690185546875,
    "note_confidence": 0.553878664970398,
    "hardness": 39.02161964366239,
    "depth": 51.062023551219184,
    "brightness": 37.98042523159582,
    "roughness": 51.924189342954804,
    "warmth": 63.75581844571366,
    "sharpness": 22.818586905542425,
    "boominess": 41.61278845609855,
    "reverb": false,
    "genre": "Genre A",
    "mood": "Mood A"
}