{
    "duration": 1.809499979019165,
    "lossless": 1.0,
    "codec": "pcm_s16le",
    "bitrate": 256000.0,
    "samplerate": 16000.0,
    "channels": 1.0,
    "audio_md5": "9a40399a5d0af96c9d349b3d4026effe",
    "loudness": -10.08845043182373,
    "dynamic_range": 0.0,
    "temporal_centroid": 0.5027082562446594,
    "log_attack_time": -1.4433146715164185,
    "filesize": 57948,
    "single_event": false,
    "tonality": "B minor",
    "tonality_confidence": 0.6122317314147949,
    "loop": false,
    "tempo": 152,
    "tempo_confidence": 0.0,
    "note_midi": 29,
    "note_name": "F1",
    "note_frequency": 43.024391174316406,
    "note_confidence": 0.0,
    "hardness": 42.62516050554325,
    "depth": 71.60403606586462,
    "brightness": 32.65830545397154,
    "roughness": 46.020490537331014,
    "warmth": 62.99936224793165,
    "sharpness": 43.34380236420108,
    "boominess": 43.93389852806706,
    "reverb": false,
    "genre": "Genre B",
    "mood": "Mood B"
}