{
    "duration": 1.809499979019165,
    "lossless": 1.0,
    "codec": "pcm_s16le",
    "bitrate": 256000.0,
    "samplerate": 16000.0,
    "channels": 1.0,
    "audio_md5": "408d1f52a1b3e84f0c232975957d1ea1",
    "loudness": -42.209564208984375,
    "dynamic_range": 0.0,
    "temporal_centroid": 0.4105764627456665,
    "log_attack_time": 0.2572757601737976,
    "filesize": 57948,
    "single_event": false,
    "tonality": "A major",
    "tonality_confidence": 0.5300951600074768,
    "loop": false,
    "tempo": 129,
    "tempo_confidence": 0.0,
    "note_midi": 58,
    "note_name": "A#3",
    "note_frequency": 232.16729736328125,
    "note_confidence": 0.5820077657699585,
    "hardness": 48.17427103822422,
    "depth": 37.63261335480922,
    "brightness": 55.51790496492492,
    "roughness": 47.85240163639998,
    "warmth": 53.36975293313271,
    "sharpness": 41.58906587674968,
    "boominess": 41.21546771888201,
    "reverb": false,
    "genre": "Genre A",
    "mood": "Mood A"
}