{
    "duration": 1.809499979019165,
    "lossless": 1.0,
    "codec": "pcm_s16le",
    "bitrate": 256000.0,
    "samplerate": 16000.0,
    "channels": 1.0,
    "audio_md5": "70261fa78265f75a5e3c13a222b36a25",
    "loudness": -13.683802604675293,
    "dynamic_range": 0.0,
    "temporal_centroid": 0.5212909579277039,
    "log_attack_time": -0.4358628988265991,
    "filesize": 57948,
    "single_event": false,
    "tonality": "F major",
    "tonality_confidence": 0.7500787973403931,
    "loop": false,
    "tempo": 178,
    "tempo_confidence": 0.0,
    "note_midi": 37,
    "note_name": "C#2",
    "note_frequency": 70.25234985351562,
    "note_confidence": 0.5036929845809937,
    "hardness": 42.96429277224854,
    "depth": 58.00409928347309,
    "brightness": 45.99072662362523,
    "roughness": 52.70333365774339,
    "warmth": 61.85741991590247,
    "sharpness": 30.53813518080265,
    "boominess": 38.80342550804818,
    "reverb": false,
    "genre": "Genre A",
    "mood": "Mood A"
}