{
    "duration": 1.809499979019165,
    "lossless": 1.0,
    "codec": "pcm_s16le",
    "bitrate": 256000.0,
    "samplerate": 16000.0,
    "channels": 1.0,
    "audio_md5": "8302959463634837f4b55ef6e9032651",
    "loudness": -16.667800903320312,
    "dynamic_range": 0.0,
    "temporal_centroid": 0.5447495579719543,
    "log_attack_time": -0.16062316298484802,
    "filesize": 57948,
    "single_event": false,
    "tonality": "F# major",
    "tonality_confidence": 0.7922017574310303,
    "loop": false,
    "tempo": 123,
    "tempo_confidence": 0.0,
    "note_midi": 36,
    "note_name": "C2",
    "note_frequency": 66.76078033447266,
    "note_confidence": 0.4943718910217285,
    "hardness": 37.815067655271605,
    "depth": 61.85787697016999,
    "brightness": 45.56349878007684,
    "roughness": 50.513771364243446,
    "warmth": 61.2817902813928,
    "sharpness": 28.63374104966583,
    "boominess": 42.42829948233451,
    "reverb": false,
    "genre": "Genre A",
    "mood": "Mood A"
}