{
    "duration": 1.809499979019165,
    "lossless": 1.0,
    "codec": "pcm_s16le",
    "bitrate": 256000.0,
    "samplerate": 16000.0,
    "channels": 1.0,
    "audio_md5": "b3a0ddc43ff0bcd79d90b1c6f53018d7",
    "loudness": -11.145312309265137,
    "dynamic_range": 0.0,
    "temporal_centroid": 0.44786879420280457,
    "log_attack_time": -1.2770826816558838,
    "filesize": 57948,
    "single_event": false,
    "tonality": "F minor",
    "tonality_confidence": 0.5653356909751892,
    "loop": false,
    "tempo": 105,
    "tempo_confidence": 0.0,
    "note_midi": 35,
    "note_name": "B1",
    "note_frequency": 61.40201187133789,
    "note_confidence": 0.4265017509460449,
    "hardness": 40.56310628676165,
    "depth": 68.48135709365779,
    "brightness": 43.11791986569332,
    "roughness": 43.06549513209969,
    "warmth": 60.484035327246644,
    "sharpness": 33.47887439363164,
    "boominess": 47.86992546230409,
    "reverb": false,
    "genre": "Genre B",
    "mood": "Mood B"
}