{
    "duration": 1.809499979019165,
    "lossless": 1.0,
    "codec": "pcm_s16le",
    "bitrate": 256000.0,
    "samplerate": 16000.0,
    "channels": 1.0,
    "audio_md5": "1f688302662cab1f0509f78c78cadd76",
    "loudness": -11.228775024414062,
    "dynamic_range": 0.0,
    "temporal_centroid": 0.47995704412460327,
    "log_attack_time": -1.4018971920013428,
    "filesize": 57948,
    "single_event": false,
    "tonality": "A major",
    "tonality_confidence": 0.4564371109008789,
    "loop": false,
    "tempo": 133,
    "tempo_confidence": 0.0,
    "note_midi": 30,
    "note_name": "F#1",
    "note_frequency": 44.97089385986328,
    "note_confidence": 0.19491153955459595,
    "hardness": 33.2119805484288,
    "depth": 70.21341995373339,
    "brightness": 32.21199634404144,
    "roughness": 40.62556858107702,
    "warmth": 59.712239783483824,
    "sharpness": 37.559153978227116,
    "boominess": 49.179006907515685,
    "reverb": false,
    "genre": "Genre A",
    "mood": "Mood A"
}