{
    "duration": 1.809499979019165,
    "lossless": 1.0,
    "codec": "pcm_s16le",
    "bitrate": 256000.0,
    "samplerate": 16000.0,
    "channels": 1.0,
    "audio_md5": "d56a4b437a084914719615f43537eb90",
    "loudness": -15.301557540893555,
    "dynamic_range": 0.0,
    "temporal_centroid": 0.5205631852149963,
    "log_attack_time": 0.1420218050479889,
    "filesize": 57948,
    "single_event": false,
    "tonality": "C major",
    "tonality_confidence": 0.5848485827445984,
    "loop": false,
    "tempo": 155,
    "tempo_confidence": 0.0,
    "note_midi": 37,
    "note_name": "C#2",
    "note_frequency": 67.98181915283203,
    "note_confidence": 0.4873920679092407,
    "hardness": 43.05494359640562,
    "depth": 63.12347729144685,
    "brightness": 40.738588892004245,
    "roughness": 51.47731051748171,
    "warmth": 64.33202609504099,
    "sharpness": 21.36162462617303,
    "boominess": 41.9630269986928,
    "reverb": false,
    "genre": "Genre A",
    "mood": "Mood A"
}