{
    "duration": 1.809499979019165,
    "lossless": 1.0,
    "codec": "pcm_s16le",
    "bitrate": 256000.0,
    "samplerate": 16000.0,
    "channels": 1.0,
    "audio_md5": "441b3cd821fc6606f4f1cf730d2697cb",
    "loudness": -9.921069145202637,
    "dynamic_range": 0.0,
    "temporal_centroid": 0.4966684877872467,
    "log_attack_time": -1.255627155303955,
    "filesize": 57948,
    "single_event": false,
    "tonality": "B minor",
    "tonality_confidence": 0.535085916519165,
    "loop": false,
    "tempo": 110,
    "tempo_confidence": 0.0,
    "note_midi": 34,
    "note_name": "A#1",
    "note_frequency": 57.256160736083984,
    "note_confidence": 0.4870169758796692,
    "hardness": 35.031081544557395,
    "depth": 67.83212696782459,
    "brightness": 38.72988975550079,
    "roughness": 44.08821469679981,
    "warmth": 59.2807684920913,
    "sharpness": 36.28870665965904,
    "boominess": 48.866792501500896,
    "reverb": false,
    "genre": "Genre A",
    "mood": "Mood A"
}