{
    "duration": 1.809499979019165,
    "lossless": 1.0,
    "codec": "pcm_s16le",
    "bitrate": 256000.0,
    "samplerate": 16000.0,
    "channels": 1.0,
    "audio_md5": "2f83ddacb66cbd478722d18d7ad3b9d2",
    "loudness": -16.084806442260742,
    "dynamic_range": 0.0,
    "temporal_centroid": 0.49137744307518005,
    "log_attack_time": -1.824894666671753,
    "filesize": 57948,
    "single_event": false,
    "tonality": "A major",
    "tonality_confidence": 0.5407419204711914,
    "loop": false,
    "tempo": 152,
    "tempo_confidence": 0.0,
    "note_midi": 38,
    "note_name": "D2",
    "note_frequency": 74.40386199951172,
    "note_confidence": 0.3161619305610657,
    "hardness": 61.73904474246129,
    "depth": 68.12008319758084,
    "brightness": 48.48135912655526,
    "roughness": 51.430885626986516,
    "warmth": 61.9573224287313,
    "sharpness": 36.50905258197999,
    "boominess": 39.69832372329279,
    "reverb": false,
    "genre": "Genre B",
    "mood": "Mood B"
}