{
    "duration": 1.809499979019165,
    "lossless": 1.0,
    "codec": "pcm_s16le",
    "bitrate": 256000.0,
    "samplerate": 16000.0,
    "channels": 1.0,
    "audio_md5": "ba139418585b217b5f47e8f123d0ba05",
    "loudness": -13.184828758239746,
    "dynamic_range": 0.0,
    "temporal_centroid": 0.4886060357093811,
    "log_attack_time": -0.054891105741262436,
    "filesize": 57948,
    "single_event": false,
    "tonality": "D major",
    "tonality_confidence": 0.7805207967758179,
    "loop": false,
    "tempo": 103,
    "tempo_confidence": 0.0,
    "note_midi": 38,
    "note_name": "D2",
    "note_frequency": 74.13745880126953,
    "note_confidence": 0.5404913425445557,
    "hardness": 42.450534382467055,
    "depth": 62.82911124988674,
    "brightness": 43.18485510049164,
    "roughness": 51.702027186614316,
    "warmth": 61.207073758319765,
    "sharpness": 26.69170406743705,
    "boominess": 38.512255506606664,
    "reverb": false,
    "genre": "Genre A",
    "mood": "Mood A"
}