{
    "duration": 1.809499979019165,
    "lossless": 1.0,
    "codec": "pcm_s16le",
    "bitrate": 256000.0,
    "samplerate": 16000.0,
    "channels": 1.0,
    "audio_md5": "275656814a8d6870cb79b0b515c8cd09",
    "loudness": -10.267547607421875,
    "dynamic_range": 0.0,
    "temporal_centroid": 0.5021856427192688,
    "log_attack_time": -1.4989314079284668,
    "filesize": 57948,
    "single_event": false,
    "tonality": "A# minor",
    "tonality_confidence": 0.661942183971405,
    "loop": false,
    "tempo": 129,
    "tempo_confidence": 0.0,
    "note_midi": 29,
    "note_name": "F1",
    "note_frequency": 43.024391174316406,
    "note_confidence": 0.0,
    "hardness": 49.477338328014895,
    "depth": 79.37865909911743,
    "brightness": 29.35015248894704,
    "roughness": 47.98545046183751,
    "warmth": 64.665747515837,
    "sharpness": 42.545075838241246,
    "boominess": 44.57327902985485,
    "reverb": false,
    "genre": "Genre B",
    "mood": "Mood B"
}