{
    "duration": 1.809499979019165,
    "lossless": 1.0,
    "codec": "pcm_s16le",
    "bitrate": 256000.0,
    "samplerate": 16000.0,
    "channels": 1.0,
    "audio_md5": "d1498539d040cbbba765b1d65f95516d",
    "loudness": -25.468021392822266,
    "dynamic_range": 0.0,
    "temporal_centroid": 0.38571697473526,
    "log_attack_time": -1.928435206413269,
    "filesize": 57948,
    "single_event": false,
    "tonality": "C minor",
    "tonality_confidence": 0.6396362781524658,
    "loop": false,
    "tempo": 128,
    "tempo_confidence": 0.0,
    "note_midi": 30,
    "note_name": "F#1",
    "note_frequency": 47.00958251953125,
    "note_confidence": 0.16323363780975342,
    "hardness": 53.051456263957675,
    "depth": 66.22696668351757,
    "brightness": 43.04896602611851,
    "roughness": 41.550480436842754,
    "warmth": 60.76492921558111,
    "sharpness": 38.845817870856244,
    "boominess": 44.51900760455101,
    "reverb": false,
    "genre": "Genre A",
    "mood": "Mood A"
}