{
    "duration": 1.809499979019165,
    "lossless": 1.0,
    "codec": "pcm_s16le",
    "bitrate": 256000.0,
    "samplerate": 16000.0,
    "channels": 1.0,
    "audio_md5": "2d00ff18c20101cba8eff7becfec1c32",
    "loudness": -18.752260208129883,
    "dynamic_range": 0.0,
    "temporal_centroid": 0.11758694052696228,
    "log_attack_time": -1.356636881828308,
    "filesize": 57948,
    "single_event": false,
    "tonality": "D major",
    "tonality_confidence": 0.8055344223976135,
    "loop": false,
    "tempo": 133,
    "tempo_confidence": 0.0,
    "note_midi": 38,
    "note_name": "D2",
    "note_frequency": 74.11349487304688,
    "note_confidence": 0.0,
    "hardness": 51.25235100789297,
    "depth": 64.51356062813649,
    "brightness": 43.45761594981079,
    "roughness": 26.319380658369354,
    "warmth": 46.13835200641561,
    "sharpness": 42.41459831135771,
    "boominess": 51.027733161387886,
    "reverb": false,
    "genre": "Genre A",
    "mood": "Mood A"
}