{
    "duration": 1.809499979019165,
    "lossless": 1.0,
    "codec": "pcm_s16le",
    "bitrate": 256000.0,
    "samplerate": 16000.0,
    "channels": 1.0,
    "audio_md5": "e60b2cbfe8f54b18e6e4d43c377b3d79",
    "loudness": -8.920336723327637,
    "dynamic_range": 0.0,
    "temporal_centroid": 0.5033706426620483,
    "log_attack_time": -1.4341200590133667,
    "filesize": 57948,
    "single_event": false,
    "tonality": "F minor",
    "tonality_confidence": 0.656607449054718,
    "loop": false,
    "tempo": 123,
    "tempo_confidence": 0.0,
    "note_midi": 29,
    "note_name": "F1",
    "note_frequency": 43.024391174316406,
    "note_confidence": 0.35662394762039185,
    "hardness": 39.031507784443036,
    "depth": 73.88314157597131,
    "brightness": 32.5967689610365,
    "roughness": 46.920009009758054,
    "warmth": 64.23811562841838,
    "sharpness": 38.523207559164454,
    "boominess": 46.682303768681955,
    "reverb": false,
    "genre": "Genre B",
    "mood": "Mood B"
}