{
    "duration": 1.809499979019165,
    "lossless": 1.0,
    "codec": "pcm_s16le",
    "bitrate": 256000.0,
    "samplerate": 16000.0,
    "channels": 1.0,
    "audio_md5": "818a95abe09f325596102649c0a31459",
    "loudness": -16.5996150970459,
    "dynamic_range": 0.0,
    "temporal_centroid": 0.5581474900245667,
    "log_attack_time": -0.045943547040224075,
    "filesize": 57948,
    "single_event": false,
    "tonality": "E major",
    "tonality_confidence": 0.5438501238822937,
    "loop": true,
    "tempo": 132,
    "tempo_confidence": 0.9616870880126953,
    "note_midi": 36,
    "note_name": "C2",
    "note_frequency": 65.64295196533203,
    "note_confidence": 0.4928519129753113,
    "hardness": 41.2910217146142,
    "depth": 61.45904911253646,
    "brightness": 45.85388161871287,
    "roughness": 48.96035754170792,
    "warmth": 61.79495333244883,
    "sharpness": 29.042776616699744,
    "boominess": 41.95528315595046,
    "reverb": false,
    "genre": "Genre A",
    "mood": "Mood A"
}