{
    "duration": 1.809499979019165,
    "lossless": 1.0,
    "codec": "pcm_s16le",
    "bitrate": 256000.0,
    "samplerate": 16000.0,
    "channels": 1.0,
    "audio_md5": "4f75db6c49c9d04337d9ba7ca60df939",
    "loudness": -17.624826431274414,
    "dynamic_range": 0.0,
    "temporal_centroid": 0.5085940361022949,
    "log_attack_time": -0.3530031144618988,
    "filesize": 57948,
    "single_event": false,
    "tonality": "D major",
    "tonality_confidence": 0.6611169576644897,
    "loop": false,
    "tempo": 98,
    "tempo_confidence": 0.0,
    "note_midi": 36,
    "note_name": "C2",
    "note_frequency": 66.50016021728516,
    "note_confidence": 0.2395392656326294,
    "hardness": 50.19547794399472,
    "depth": 61.86682183904447,
    "brightness": 47.95693937021079,
    "roughness": 56.187433299321675,
    "warmth": 61.510357104079276,
    "sharpness": 33.400052536514295,
    "boominess": 38.444000989951576,
    "reverb": false,
    "genre": "Genre B",
    "mood": "Mood B"
}