{
    "duration": 1.809499979019165,
    "lossless": 1.0,
    "codec": "pcm_s16le",
    "bitrate": 256000.0,
    "samplerate": 16000.0,
    "channels": 1.0,
    "audio_md5": "7ae0c2061576d75472545b59014c5be6",
    "loudness": -11.029212951660156,
    "dynamic_range": 0.0,
    "temporal_centroid": 0.5074162483215332,
    "log_attack_time": -0.5697684288024902,
    "filesize": 57948,
    "single_event": false,
    "tonality": "C major",
    "tonality_confidence": 0.6928553581237793,
    "loop": false,
    "tempo": 111,
    "tempo_confidence": 0.0,
    "note_midi": 60,
    "note_name": "C4",
    "note_frequency": 257.5121765136719,
    "note_confidence": 0.5635651350021362,
    "hardness": 37.479540294811684,
    "depth": 63.60939590035678,
    "brightness": 39.076815371763715,
    "roughness": 52.13825049004873,
    "warmth": 61.69925991603323,
    "sharpness": 24.249782453097417,
    "boominess": 40.430496036653466,
    "reverb": false,
    "genre": "Genre A",
    "mood": "Mood A"
}