{
    "duration": 1.809499979019165,
    "lossless": 1.0,
    "codec": "pcm_s16le",
    "bitrate": 256000.0,
    "samplerate": 16000.0,
    "channels": 1.0,
    "audio_md5": "7863d0b3f48879282760fdcdebd216d3",
    "loudness": -7.8120436668396,
    "dynamic_range": 0.0,
    "temporal_centroid": 0.5026435256004333,
    "log_attack_time": -1.365456461906433,
    "filesize": 57948,
    "single_event": false,
    "tonality": "F major",
    "tonality_confidence": 0.525938868522644,
    "loop": false,
    "tempo": 123,
    "tempo_confidence": 0.0,
    "note_midi": 29,
    "note_name": "F1",
    "note_frequency": 43.291927337646484,
    "note_confidence": 0.8371924161911011,
    "hardness": 39.45925065162042,
    "depth": 66.4765163127565,
    "brightness": 32.913884786338315,
    "roughness": 45.55853201724756,
    "warmth": 61.85038272204156,
    "sharpness": 37.6598839111731,
    "boominess": 46.62391150945817,
    "reverb": false,
    "genre": "Genre B",
    "mood": "Mood B"
}