{
    "duration": 1.809499979019165,
    "lossless": 1.0,
    "codec": "pcm_s16le",
    "bitrate": 256000.0,
    "samplerate": 16000.0,
    "channels": 1.0,
    "audio_md5": "8b6e28aa0e479e0f6ba9dd8587613ecd",
    "loudness": -15.49755573272705,
    "dynamic_range": 0.0,
    "temporal_centroid": 0.5157396793365479,
    "log_attack_time": 0.15570087730884552,
    "filesize": 57948,
    "single_event": false,
    "tonality": "G minor",
    "tonality_confidence": 0.7878226041793823,
    "loop": false,
    "tempo": 88,
    "tempo_confidence": 0.0,
    "note_midi": 36,
    "note_name": "C2",
    "note_frequency": 66.93131256103516,
    "note_confidence": 0.48967134952545166,
    "hardness": 39.84564638707661,
    "depth": 63.131173434043724,
    "brightness": 40.67713001812221,
    "roughness": 51.17097182344992,
    "warmth": 65.06983830054943,
    "sharpness": 19.751993338519178,
    "boominess": 42.658183417024205,
    "reverb": false,
    "genre": "Genre A",
    "mood": "Mood A"
}