{
    "duration": 1.809499979019165,
    "lossless": 1.0,
    "codec": "pcm_s16le",
    "bitrate": 256000.0,
    "samplerate": 16000.0,
    "channels": 1.0,
    "audio_md5": "a01ab87a2e84528ffad821a7c046f64f",
    "loudness": -21.68538475036621,
    "dynamic_range": 0.0,
    "temporal_centroid": 0.3922758996486664,
    "log_attack_time": -1.2097100019454956,
    "filesize": 57948,
    "single_event": false,
    "tonality": "D major",
    "tonality_confidence": 0.5119625329971313,
    "loop": false,
    "tempo": 131,
    "tempo_confidence": 0.0,
    "note_midi": 38,
    "note_name": "D2",
    "note_frequency": 74.85005950927734,
    "note_confidence": 0.4430360794067383,
    "hardness": 48.10586534134353,
    "depth": 59.804982785771365,
    "brightness": 49.791384197183426,
    "roughness": 49.251882278147484,
    "warmth": 57.296727999544146,
    "sharpness": 30.589754659341843,
    "boominess": 41.14677484054788,
    "reverb": false,
    "genre": "Genre A",
    "mood": "Mood A"
}