{
    "duration": 1.809499979019165,
    "lossless": 1.0,
    "codec": "pcm_s16le",
    "bitrate": 256000.0,
    "samplerate": 16000.0,
    "channels": 1.0,
    "audio_md5": "371d7fa16eed771c439884952c16a8d9",
    "loudness": -16.43765640258789,
    "dynamic_range": 0.0,
    "temporal_centroid": 0.5823185443878174,
    "log_attack_time": 0.1299615502357483,
    "filesize": 57948,
    "single_event": false,
    "tonality": "G# major",
    "tonality_confidence": 0.8137215971946716,
    "loop": false,
    "tempo": 133,
    "tempo_confidence": 0.0,
    "note_midi": 37,
    "note_name": "C#2",
    "note_frequency": 69.43138885498047,
    "note_confidence": 0.5124408006668091,
    "hardness": 41.16231867754358,
    "depth": 59.86578350950873,
    "brightness": 43.76719873780404,
    "roughness": 48.62952524361352,
    "warmth": 60.67127349432347,
    "sharpness": 28.8548914205544,
    "boominess": 41.74614161506619,
    "reverb": false,
    "genre": "Genre A",
    "mood": "Mood A"
}