{
    "duration": 1.809499979019165,
    "lossless": 1.0,
    "codec": "pcm_s16le",
    "bitrate": 256000.0,
    "samplerate": 16000.0,
    "channels": 1.0,
    "audio_md5": "d33d7495f5ec05bde9e2d28bb9efbdbc",
    "loudness": -16.224077224731445,
    "dynamic_range": 0.0,
    "temporal_centroid": 0.4899968206882477,
    "log_attack_time": -1.22086501121521,
    "filesize": 57948,
    "single_event": false,
    "tonality": "C# major",
    "tonality_confidence": 0.7357786297798157,
    "loop": false,
    "tempo": 146,
    "tempo_confidence": 0.0,
    "note_midi": 38,
    "note_name": "D2",
    "note_frequency": 74.62242889404297,
    "note_confidence": 0.49981600046157837,
    "hardness": 41.867207249033115,
    "depth": 63.678360398050636,
    "brightness": 42.39592464331613,
    "roughness": 51.54280621958175,
    "warmth": 64.21990678602442,
    "sharpness": 25.378746074920628,
    "boominess": 41.90447840068224,
    "reverb": false,
    "genre": "Genre A",
    "mood": "Mood A"
}