{
    "duration": 1.809499979019165,
    "lossless": 1.0,
    "codec": "pcm_s16le",
    "bitrate": 256000.0,
    "samplerate": 16000.0,
    "channels": 1.0,
    "audio_md5": "53aaa8363a9d099e9f289df5ad6dcf8b",
    "loudness": -15.499443054199219,
    "dynamic_range": 0.0,
    "temporal_centroid": 0.5037531852722168,
    "log_attack_time": -0.3610016703605652,
    "filesize": 57948,
    "single_event": false,
    "tonality": "B major",
    "tonality_confidence": 0.5812482237815857,
    "loop": false,
    "tempo": 108,
    "tempo_confidence": 0.0,
    "note_midi": 38,
    "note_name": "D2",
    "note_frequency": 74.18058013916016,
    "note_confidence": 0.49854183197021484,
    "hardness": 44.607647499848355,
    "depth": 66.30617594181304,
    "brightness": 40.95339905505155,
    "roughness": 51.93261148386852,
    "warmth": 64.68267132180881,
    "sharpness": 22.215986652106928,
    "boominess": 41.05472298914452,
    "reverb": false,
    "genre": "Genre A",
    "mood": "Mood A"
}