{
    "duration": 1.809499979019165,
    "lossless": 1.0,
    "codec": "pcm_s16le",
    "bitrate": 256000.0,
    "samplerate": 16000.0,
    "channels": 1.0,
    "audio_md5": "ec36bd86926264f696905382c525c3a6",
    "loudness": -16.03206443786621,
    "dynamic_range": 0.0,
    "temporal_centroid": 0.503135085105896,
    "log_attack_time": 0.13406719267368317,
    "filesize": 57948,
    "single_event": false,
    "tonality": "A# major",
    "tonality_confidence": 0.7872450947761536,
    "loop": false,
    "tempo": 89,
    "tempo_confidence": 0.0,
    "note_midi": 36,
    "note_name": "C2",
    "note_frequency": 66.50808715820312,
    "note_confidence": 0.46377915143966675,
    "hardness": 46.0250769080763,
    "depth": 64.20439292366024,
    "brightness": 40.15222791127459,
    "roughness": 52.203853615179,
    "warmth": 64.27404762822297,
    "sharpness": 22.780416481635307,
    "boominess": 41.426327071506506,
    "reverb": false,
    "genre": "Genre A",
    "mood": "Mood A"
}