{
    "duration": 1.809499979019165,
    "lossless": 1.0,
    "codec": "pcm_s16le",
    "bitrate": 256000.0,
    "samplerate": 16000.0,
    "channels": 1.0,
    "audio_md5": "c05591cb70c6103813ddd516b3a227b6",
    "loudness": -38.40177917480469,
    "dynamic_range": 0.0,
    "temporal_centroid": 0.0726025179028511,
    "log_attack_time": 0.25753164291381836,
    "filesize": 57948,
    "single_event": false,
    "tonality": "A minor",
    "tonality_confidence": -1.0,
    "loop": false,
    "tempo": 101,
    "tempo_confidence": 0.0,
    "note_midi": 107,
    "note_name": "B7",
    "note_frequency": 4009.193115234375,
    "note_confidence": 0.9996625185012817,
    "hardness": 51.23271551104085,
    "depth": 0.5797178881811362,
    "brightness": 85.25470323272862,
    "roughness": 0,
    "warmth": 33.697106747152134,
    "sharpness": 89.815440636702,
    "boominess": 10.951013387720334,
    "reverb": false,
    "genre": "Genre A",
    "mood": "Mood A"
}