{
    "duration": 1.809499979019165,
    "lossless": 1.0,
    "codec": "pcm_s16le",
    "bitrate": 256000.0,
    "samplerate": 16000.0,
    "channels": 1.0,
    "audio_md5": "5af376461433fa5471f9247025fcd89f",
    "loudness": -8.952937126159668,
    "dynamic_range": 0.0,
    "temporal_centroid": 0.4988580346107483,
    "log_attack_time": -1.3949955701828003,
    "filesize": 57948,
    "single_event": false,
    "tonality": "F minor",
    "tonality_confidence": 0.6750040054321289,
    "loop": false,
    "tempo": 235,
    "tempo_confidence": 0.0,
    "note_midi": 29,
    "note_name": "F1",
    "note_frequency": 43.024391174316406,
    "note_confidence": 0.44730961322784424,
    "hardness": 39.177760084483324,
    "depth": 71.13213201237757,
    "brightness": 33.98171709152649,
    "roughness": 45.7650054811755,
    "warmth": 62.50508963129049,
    "sharpness": 38.42870120378853,
    "boominess": 47.14898285853913,
    "reverb": false,
    "genre": "Genre B",
    "mood": "Mood B"
}