{
    "duration": 1.809499979019165,
    "lossless": 1.0,
    "codec": "pcm_s16le",
    "bitrate": 256000.0,
    "samplerate": 16000.0,
    "channels": 1.0,
    "audio_md5": "1df2e059a5d175a78f683988b2015b5a",
    "loudness": -17.96637725830078,
    "dynamic_range": 0.0,
    "temporal_centroid": 0.5091562271118164,
    "log_attack_time": -0.04354191944003105,
    "filesize": 57948,
    "single_event": false,
    "tonality": "F# major",
    "tonality_confidence": 0.5972813367843628,
    "loop": false,
    "tempo": 126,
    "tempo_confidence": 0.0,
    "note_midi": 38,
    "note_name": "D2",
    "note_frequency": 74.97332763671875,
    "note_confidence": 0.4467315673828125,
    "hardness": 46.42174959358161,
    "depth": 60.341795710594454,
    "brightness": 48.24215091042653,
    "roughness": 51.62509097551839,
    "warmth": 60.82832107326883,
    "sharpness": 31.56987803632018,
    "boominess": 40.12136355954274,
    "reverb": false,
    "genre": "Genre A",
    "mood": "Mood A"
}