{
    "duration": 1.809499979019165,
    "lossless": 1.0,
    "codec": "pcm_s16le",
    "bitrate": 256000.0,
    "samplerate": 16000.0,
    "channels": 1.0,
    "audio_md5": "baa7a1529487fa459396f84224f5d44f",
    "loudness": -20.585420608520508,
    "dynamic_range": 0.0,
    "temporal_centroid": 0.5817403197288513,
    "log_attack_time": 0.10303538292646408,
    "filesize": 57948,
    "single_event": false,
    "tonality": "F minor",
    "tonality_confidence": 0.5979971885681152,
    "loop": false,
    "tempo": 142,
    "tempo_confidence": 0.0,
    "note_midi": 35,
    "note_name": "B1",
    "note_frequency": 62.226932525634766,
    "note_confidence": 0.13558751344680786,
    "hardness": 49.47350903795291,
    "depth": 62.196561707885714,
    "brightness": 44.81334337836502,
    "roughness": 43.089563304896984,
    "warmth": 59.88926755182135,
    "sharpness": 32.41816119726579,
    "boominess": 44.240361590494416,
    "reverb": false,
    "genre": "Genre A",
    "mood": "Mood A"
}