{
    "duration": 1.809499979019165,
    "lossless": 1.0,
    "codec": "pcm_s16le",
    "bitrate": 256000.0,
    "samplerate": 16000.0,
    "channels": 1.0,
    "audio_md5": "88e958b4faee0105f776b97c32711b21",
    "loudness": -9.439040184020996,
    "dynamic_range": 0.0,
    "temporal_centroid": 0.4997023642063141,
    "log_attack_time": -1.3591063022613525,
    "filesize": 57948,
    "single_event": false,
    "tonality": "C minor",
    "tonality_confidence": 0.588057279586792,
    "loop": false,
    "tempo": 126,
    "tempo_confidence": 0.0,
    "note_midi": 29,
    "note_name": "F1",
    "note_frequency": 43.024391174316406,
    "note_confidence": 0.09434956312179565,
    "hardness": 40.730468232775394,
    "depth": 71.08200713548347,
    "brightness": 31.43723875310327,
    "roughness": 47.15504278293496,
    "warmth": 63.14958938901052,
    "sharpness": 42.6149124044555,
    "boominess": 44.42524603547952,
    "reverb": false,
    "genre": "Genre B",
    "mood": "Mood B"
}