{
    "duration": 1.809499979019165,
    "lossless": 1.0,
    "codec": "pcm_s16le",
    "bitrate": 256000.0,
    "samplerate": 16000.0,
    "channels": 1.0,
    "audio_md5": "b446ecf4cda050fe0a83c46ba196aacd",
    "loudness": -9.147581100463867,
    "dynamic_range": 0.0,
    "temporal_centroid": 0.49912336468696594,
    "log_attack_time": -1.2895621061325073,
    "filesize": 57948,
    "single_event": false,
    "tonality": "C minor",
    "tonality_confidence": 0.5499663949012756,
    "loop": false,
    "tempo": 133,
    "tempo_confidence": 0.0,
    "note_midi": 29,
    "note_name": "F1",
    "note_frequency": 43.024391174316406,
    "note_confidence": 0.1707497239112854,
    "hardness": 41.58957025596162,
    "depth": 70.44503204094401,
    "brightness": 31.810514588118053,
    "roughness": 46.36220228402949,
    "warmth": 63.67028221250919,
    "sharpness": 41.221536504564455,
    "boominess": 44.70015442970924,
    "reverb": false,
    "genre": "Genre B",
    "mood": "Mood B"
}