{
    "duration": 1.809499979019165,
    "lossless": 1.0,
    "codec": "pcm_s16le",
    "bitrate": 256000.0,
    "samplerate": 16000.0,
    "channels": 1.0,
    "audio_md5": "3fe2918b76cc881c7193fa4ec1817e02",
    "loudness": -26.192480087280273,
    "dynamic_range": 0.0,
    "temporal_centroid": 0.5679816007614136,
    "log_attack_time": -1.5489205121994019,
    "filesize": 57948,
    "single_event": false,
    "tonality": "C minor",
    "tonality_confidence": 0.6765840649604797,
    "loop": false,
    "tempo": 178,
    "tempo_confidence": 0.0,
    "note_midi": 36,
    "note_name": "C2",
    "note_frequency": 65.43159484863281,
    "note_confidence": 0.532188892364502,
    "hardness": 47.30232409847352,
    "depth": 57.531904021002596,
    "brightness": 53.02134214511565,
    "roughness": 50.52548806389284,
    "warmth": 57.03335968741014,
    "sharpness": 28.627847680554716,
    "boominess": 44.408327991837865,
    "reverb": false,
    "genre": "Genre A",
    "mood": "Mood A"
}