{
    "duration": 1.809499979019165,
    "lossless": 1.0,
    "codec": "pcm_s16le",
    "bitrate": 256000.0,
    "samplerate": 16000.0,
    "channels": 1.0,
    "audio_md5": "a30862153adfbdb77e1a85c2845c2f2e",
    "loudness": -16.271324157714844,
    "dynamic_range": 0.0,
    "temporal_centroid": 0.4962519109249115,
    "log_attack_time": 0.132952019572258,
    "filesize": 57948,
    "single_event": false,
    "tonality": "D# major",
    "tonality_confidence": 0.40710917115211487,
    "loop": false,
    "tempo": 129,
    "tempo_confidence": 0.0,
    "note_midi": 35,
    "note_name": "B1",
    "note_frequency": 62.659645080566406,
    "note_confidence": 0.49231308698654175,
    "hardness": 39.267494961114096,
    "depth": 64.24774051063174,
    "brightness": 42.530752619767966,
    "roughness": 50.28232028244463,
    "warmth": 64.7758216204031,
    "sharpness": 21.365587094896874,
    "boominess": 43.21032567712221,
    "reverb": false,
    "genre": "Genre A",
    "mood": "Mood A"
}