{
    "duration": 1.809499979019165,
    "lossless": 1.0,
    "codec": "pcm_s16le",
    "bitrate": 256000.0,
    "samplerate": 16000.0,
    "channels": 1.0,
    "audio_md5": "5e2d2e3d3826f3905662733cd8f77ab1",
    "loudness": -9.896794319152832,
    "dynamic_range": 0.0,
    "temporal_centroid": 0.5018209218978882,
    "log_attack_time": -1.416551947593689,
    "filesize": 57948,
    "single_event": false,
    "tonality": "C major",
    "tonality_confidence": 0.6165220737457275,
    "loop": false,
    "tempo": 133,
    "tempo_confidence": 0.0,
    "note_midi": 29,
    "note_name": "F1",
    "note_frequency": 43.024391174316406,
    "note_confidence": 0.0,
    "hardness": 42.61880988429823,
    "depth": 74.05416438508949,
    "brightness": 32.58541528844406,
    "roughness": 46.50668040341402,
    "warmth": 65.15864689826498,
    "sharpness": 40.91698356584704,
    "boominess": 44.98296878779844,
    "reverb": false,
    "genre": "Genre A",
    "mood": "Mood A"
}