{
    "duration": 1.809499979019165,
    "lossless": 1.0,
    "codec": "pcm_s16le",
    "bitrate": 256000.0,
    "samplerate": 16000.0,
    "channels": 1.0,
    "audio_md5": "e1c1c9d4aec1845329529b3f3e306dae",
    "loudness": -16.453712463378906,
    "dynamic_range": 0.0,
    "temporal_centroid": 0.5025985240936279,
    "log_attack_time": 0.1332419216632843,
    "filesize": 57948,
    "single_event": false,
    "tonality": "C major",
    "tonality_confidence": 0.8038082718849182,
    "loop": false,
    "tempo": 129,
    "tempo_confidence": 0.0,
    "note_midi": 36,
    "note_name": "C2",
    "note_frequency": 65.08756256103516,
    "note_confidence": 0.4867545962333679,
    "hardness": 39.927462772625574,
    "depth": 64.6507082971461,
    "brightness": 39.8715900721524,
    "roughness": 50.89625409903471,
    "warmth": 65.8625798058334,
    "sharpness": 18.877704115099085,
    "boominess": 42.5604678160844,
    "reverb": false,
    "genre": "Genre B",
    "mood": "Mood B"
}