{
    "duration": 1.809499979019165,
    "lossless": 1.0,
    "codec": "pcm_s16le",
    "bitrate": 256000.0,
    "samplerate": 16000.0,
    "channels": 1.0,
    "audio_md5": "e582510ff3d45a6d31781506af90a47d",
    "loudness": -7.824531555175781,
    "dynamic_range": 0.0,
    "temporal_centroid": 0.48490503430366516,
    "log_attack_time": -1.3767975568771362,
    "filesize": 57948,
    "single_event": false,
    "tonality": "G major",
    "tonality_confidence": 0.846442461013794,
    "loop": false,
    "tempo": 129,
    "tempo_confidence": 0.0,
    "note_midi": 31,
    "note_name": "G1",
    "note_frequency": 48.82917785644531,
    "note_confidence": 0.9184355139732361,
    "hardness": 39.70193993925274,
    "depth": 67.35249135031401,
    "brightness": 35.83340616944038,
    "roughness": 45.08367992052858,
    "warmth": 61.65767509223541,
    "sharpness": 36.79072315423613,
    "boominess": 46.972588739201925,
    "reverb": false,
    "genre": "Genre A",
    "mood": "Mood A"
}