{
    "duration": 1.809499979019165,
    "lossless": 1.0,
    "codec": "pcm_s16le",
    "bitrate": 256000.0,
    "samplerate": 16000.0,
    "channels": 1.0,
    "audio_md5": "3545929d220922740263a0f6ada800e4",
    "loudness": -12.337981224060059,
    "dynamic_range": 0.0,
    "temporal_centroid": 0.46025004982948303,
    "log_attack_time": -1.323461890220642,
    "filesize": 57948,
    "single_event": false,
    "tonality": "A minor",
    "tonality_confidence": 0.6236032843589783,
    "loop": false,
    "tempo": 178,
    "tempo_confidence": 0.0,
    "note_midi": 34,
    "note_name": "A#1",
    "note_frequency": 58.977378845214844,
    "note_confidence": 0.3067553639411926,
    "hardness": 41.09494504528884,
    "depth": 69.79237188419353,
    "brightness": 40.18994655546783,
    "roughness": 40.799941820953975,
    "warmth": 57.325732401735216,
    "sharpness": 39.39324907361288,
    "boominess": 47.326983944813605,
    "reverb": false,
    "genre": "Genre B",
    "mood": "Mood B"
}