{
    "duration": 1.809499979019165,
    "lossless": 1.0,
    "codec": "pcm_s16le",
    "bitrate": 256000.0,
    "samplerate": 16000.0,
    "channels": 1.0,
    "audio_md5": "e8171c2417289a106b6e0c3b848588fc",
    "loudness": -21.492456436157227,
    "dynamic_range": 0.0,
    "temporal_centroid": 0.4223465919494629,
    "log_attack_time": -1.0906769037246704,
    "filesize": 57948,
    "single_event": false,
    "tonality": "F major",
    "tonality_confidence": 0.6547785997390747,
    "loop": false,
    "tempo": 164,
    "tempo_confidence": 0.0,
    "note_midi": 38,
    "note_name": "D2",
    "note_frequency": 75.11336517333984,
    "note_confidence": 0.4672014117240906,
    "hardness": 47.96353669803443,
    "depth": 61.5955598122251,
    "brightness": 49.44780817497661,
    "roughness": 49.0825482463174,
    "warmth": 58.41090649930075,
    "sharpness": 34.82151772162843,
    "boominess": 39.81075649604779,
    "reverb": false,
    "genre": "Genre A",
    "mood": "Mood A"
}