{
    "duration": 1.809499979019165,
    "lossless": 1.0,
    "codec": "pcm_s16le",
    "bitrate": 256000.0,
    "samplerate": 16000.0,
    "channels": 1.0,
    "audio_md5": "69d85256207f584ce0fe63fb4b4d70d6",
    "loudness": -16.764616012573242,
    "dynamic_range": 0.0,
    "temporal_centroid": 0.4949309229850769,
    "log_attack_time": 0.07082917541265488,
    "filesize": 57948,
    "single_event": false,
    "tonality": "C major",
    "tonality_confidence": 0.6948260068893433,
    "loop": false,
    "tempo": 101,
    "tempo_confidence": 0.0,
    "note_midi": 38,
    "note_name": "D2",
    "note_frequency": 74.80228424072266,
    "note_confidence": 0.4820273518562317,
    "hardness": 38.80416131481694,
    "depth": 65.09156355397401,
    "brightness": 39.89811877111876,
    "roughness": 51.777973761030516,
    "warmth": 65.58600213451666,
    "sharpness": 20.23650919120172,
    "boominess": 43.86430469300962,
    "reverb": false,
    "genre": "Genre B",
    "mood": "Mood B"
}