{
    "duration": 1.809499979019165,
    "lossless": 1.0,
    "codec": "pcm_s16le",
    "bitrate": 256000.0,
    "samplerate": 16000.0,
    "channels": 1.0,
    "audio_md5": "a1424f36ef02a6353580546bafc32928",
    "loudness": -10.411348342895508,
    "dynamic_range": 0.0,
    "temporal_centroid": 0.5208609104156494,
    "log_attack_time": -1.3065801858901978,
    "filesize": 57948,
    "single_event": false,
    "tonality": "F major",
    "tonality_confidence": 0.472882479429245,
    "loop": false,
    "tempo": 119,
    "tempo_confidence": 0.0,
    "note_midi": 35,
    "note_name": "B1",
    "note_frequency": 60.02259826660156,
    "note_confidence": 0.44917982816696167,
    "hardness": 38.409911051094355,
    "depth": 68.32642644336472,
    "brightness": 39.17226282091231,
    "roughness": 43.40660979354561,
    "warmth": 59.08521682277096,
    "sharpness": 37.174008677906556,
    "boominess": 48.535442543621166,
    "reverb": false,
    "genre": "Genre A",
    "mood": "Mood A"
}