{
    "duration": 1.809499979019165,
    "lossless": 1.0,
    "codec": "pcm_s16le",
    "bitrate": 256000.0,
    "samplerate": 16000.0,
    "channels": 1.0,
    "audio_md5": "2952b00d4273bcd5b6a0daa96093ce27",
    "loudness": -7.897225379943848,
    "dynamic_range": 0.0,
    "temporal_centroid": 0.500976026058197,
    "log_attack_time": -1.3568607568740845,
    "filesize": 57948,
    "single_event": false,
    "tonality": "F major",
    "tonality_confidence": 0.5988411903381348,
    "loop": false,
    "tempo": 185,
    "tempo_confidence": 0.0,
    "note_midi": 29,
    "note_name": "F1",
    "note_frequency": 43.8793830871582,
    "note_confidence": 0.740963339805603,
    "hardness": 38.83270304657114,
    "depth": 70.32221732808519,
    "brightness": 32.66529233005477,
    "roughness": 45.321914811740314,
    "warmth": 61.8463283654535,
    "sharpness": 36.31204199690648,
    "boominess": 47.887247567079136,
    "reverb": false,
    "genre": "Genre B",
    "mood": "Mood B"
}