{
    "duration": 1.809499979019165,
    "lossless": 1.0,
    "codec": "pcm_s16le",
    "bitrate": 256000.0,
    "samplerate": 16000.0,
    "channels": 1.0,
    "audio_md5": "4444e16c2a8fd9a230feed7c802c25cd",
    "loudness": -15.556205749511719,
    "dynamic_range": 0.0,
    "temporal_centroid": 0.4816989600658417,
    "log_attack_time": -1.3093820810317993,
    "filesize": 57948,
    "single_event": false,
    "tonality": "G minor",
    "tonality_confidence": 0.7267365455627441,
    "loop": false,
    "tempo": 131,
    "tempo_confidence": 0.0,
    "note_midi": 34,
    "note_name": "A#1",
    "note_frequency": 58.85452651977539,
    "note_confidence": 0.04168802499771118,
    "hardness": 38.09601822253808,
    "depth": 68.11744025305643,
    "brightness": 39.562396781155826,
    "roughness": 39.23878304782626,
    "warmth": 61.04159759712976,
    "sharpness": 27.44102712920878,
    "boominess": 51.74605488648106,
    "reverb": false,
    "genre": "Genre A",
    "mood": "Mood A"
}