{
    "duration": 1.809499979019165,
    "lossless": 1.0,
    "codec": "pcm_s16le",
    "bitrate": 256000.0,
    "samplerate": 16000.0,
    "channels": 1.0,
    "audio_md5": "1503b0322f0ff21269b169639e1802a2",
    "loudness": -9.363924980163574,
    "dynamic_range": 0.0,
    "temporal_centroid": 0.5043256878852844,
    "log_attack_time": -1.3541812896728516,
    "filesize": 57948,
    "single_event": false,
    "tonality": "C minor",
    "tonality_confidence": 0.5685832500457764,
    "loop": false,
    "tempo": 178,
    "tempo_confidence": 0.0,
    "note_midi": 29,
    "note_name": "F1",
    "note_frequency": 43.024391174316406,
    "note_confidence": 0.047111570835113525,
    "hardness": 41.2262665595383,
    "depth": 69.81516072013805,
    "brightness": 31.522980666632268,
    "roughness": 46.635587737502576,
    "warmth": 64.1621136146369,
    "sharpness": 41.592635599731466,
    "boominess": 44.8758757717119,
    "reverb": false,
    "genre": "Genre B",
    "mood": "Mood B"
}