{
    "duration": 1.809499979019165,
    "lossless": 1.0,
    "codec": "pcm_s16le",
    "bitrate": 256000.0,
    "samplerate": 16000.0,
    "channels": 1.0,
    "audio_md5": "0fe8856b4805ad2b72cd7e0485c0e6f9",
    "loudness": -8.343965530395508,
    "dynamic_range": 0.0,
    "temporal_centroid": 0.5007193088531494,
    "log_attack_time": -1.3552957773208618,
    "filesize": 57948,
    "single_event": false,
    "tonality": "F minor",
    "tonality_confidence": 0.39589938521385193,
    "loop": false,
    "tempo": 101,
    "tempo_confidence": 0.0,
    "note_midi": 29,
    "note_name": "F1",
    "note_frequency": 43.024391174316406,
    "note_confidence": 0.604591965675354,
    "hardness": 36.7705968865893,
    "depth": 70.82044332866327,
    "brightness": 32.657205080457004,
    "roughness": 46.63030940312442,
    "warmth": 63.765760170561826,
    "sharpness": 37.96998880727888,
    "boominess": 46.18851360835797,
    "reverb": false,
    "genre": "Genre B",
    "mood": "Mood B"
}