{
    "duration": 1.809499979019165,
    "lossless": 1.0,
    "codec": "pcm_s16le",
    "bitrate": 256000.0,
    "samplerate": 16000.0,
    "channels": 1.0,
    "audio_md5": "35251a1525845e5a61bf23947b70d807",
    "loudness": -15.81889820098877,
    "dynamic_range": 0.0,
    "temporal_centroid": 0.5149436593055725,
    "log_attack_time": -0.04320455342531204,
    "filesize": 57948,
    "single_event": false,
    "tonality": "C major",
    "tonality_confidence": 0.4283980429172516,
    "loop": false,
    "tempo": 128,
    "tempo_confidence": 0.0,
    "note_midi": 45,
    "note_name": "A2",
    "note_frequency": 108.01541900634766,
    "note_confidence": 0.4950544238090515,
    "hardness": 41.009851493483495,
    "depth": 56.73310957347926,
    "brightness": 44.92567030689975,
    "roughness": 50.920146405255444,
    "warmth": 62.40031624909772,
    "sharpness": 29.32056244560907,
    "boominess": 40.40183435409301,
    "reverb": false,
    "genre": "Genre A",
    "mood": "Mood A"
}