{
    "duration": 1.809499979019165,
    "lossless": 1.0,
    "codec": "pcm_s16le",
    "bitrate": 256000.0,
    "samplerate": 16000.0,
    "channels": 1.0,
    "audio_md5": "5058afe03eacffa1f34b13dd41249958",
    "loudness": -9.999394416809082,
    "dynamic_range": 0.0,
    "temporal_centroid": 0.4170958697795868,
    "log_attack_time": -1.2757798433303833,
    "filesize": 57948,
    "single_event": false,
    "tonality": "F# major",
    "tonality_confidence": 0.5720343589782715,
    "loop": false,
    "tempo": 133,
    "tempo_confidence": 0.0,
    "note_midi": 32,
    "note_name": "G#1",
    "note_frequency": 53.2652473449707,
    "note_confidence": 0.527001142501831,
    "hardness": 34.918730377974015,
    "depth": 68.38401707325434,
    "brightness": 34.82694309592092,
    "roughness": 42.89500521669867,
    "warmth": 60.73587505391087,
    "sharpness": 35.237168630296054,
    "boominess": 50.158013234516915,
    "reverb": false,
    "genre": "Genre A",
    "mood": "Mood A"
}