{
    "duration": 1.809499979019165,
    "lossless": 1.0,
    "codec": "pcm_s16le",
    "bitrate": 256000.0,
    "samplerate": 16000.0,
    "channels": 1.0,
    "audio_md5": "7d944b057c00e5b3a9d12037c6715ce3",
    "loudness": -23.02708625793457,
    "dynamic_range": 0.0,
    "temporal_centroid": 0.5492402911186218,
    "log_attack_time": -0.20572224259376526,
    "filesize": 57948,
    "single_event": false,
    "tonality": "A# minor",
    "tonality_confidence": 0.5951326489448547,
    "loop": false,
    "tempo": 129,
    "tempo_confidence": 0.0,
    "note_midi": 39,
    "note_name": "D#2",
    "note_frequency": 75.872314453125,
    "note_confidence": 0.5045593976974487,
    "hardness": 42.72876092908274,
    "depth": 64.1397831737131,
    "brightness": 45.211219559950976,
    "roughness": 49.36962997481194,
    "warmth": 60.53023439928505,
    "sharpness": 16.12233350318339,
    "boominess": 45.28344540757624,
    "reverb": false,
    "genre": "Genre A",
    "mood": "Mood A"
}