{
    "duration": 1.809499979019165,
    "lossless": 1.0,
    "codec": "pcm_s16le",
    "bitrate": 256000.0,
    "samplerate": 16000.0,
    "channels": 1.0,
    "audio_md5": "4047a8b620c8e4fc33309f2763bcd966",
    "loudness": -17.985017776489258,
    "dynamic_range": 0.0,
    "temporal_centroid": 0.2982916831970215,
    "log_attack_time": -1.3573089838027954,
    "filesize": 57948,
    "single_event": false,
    "tonality": "C major",
    "tonality_confidence": 0.6069270968437195,
    "loop": false,
    "tempo": 86,
    "tempo_confidence": 0.0,
    "note_midi": 35,
    "note_name": "B1",
    "note_frequency": 62.98774337768555,
    "note_confidence": 0.2495998740196228,
    "hardness": 45.82531326536315,
    "depth": 68.95311609394115,
    "brightness": 46.91658975211135,
    "roughness": 39.68742748170034,
    "warmth": 57.117755469862146,
    "sharpness": 34.93074708541533,
    "boominess": 49.17047518289796,
    "reverb": false,
    "genre": "Genre A",
    "mood": "Mood A"
}