{
    "duration": 1.809499979019165,
    "lossless": 1.0,
    "codec": "pcm_s16le",
    "bitrate": 256000.0,
    "samplerate": 16000.0,
    "channels": 1.0,
    "audio_md5": "4b8f2c80139c60d9c980542e70630c8e",
    "loudness": -11.512046813964844,
    "dynamic_range": 0.0,
    "temporal_centroid": 0.41630038619041443,
    "log_attack_time": -1.3723647594451904,
    "filesize": 57948,
    "single_event": false,
    "tonality": "D minor",
    "tonality_confidence": 0.604041337966919,
    "loop": false,
    "tempo": 99,
    "tempo_confidence": 0.0,
    "note_midi": 34,
    "note_name": "A#1",
    "note_frequency": 56.9247932434082,
    "note_confidence": 0.5468012094497681,
    "hardness": 35.65593694904453,
    "depth": 67.99705366852542,
    "brightness": 38.28029833790545,
    "roughness": 38.758403945557355,
    "warmth": 57.3839119778588,
    "sharpness": 32.073361726731925,
    "boominess": 51.91665833224664,
    "reverb": false,
    "genre": "Genre A",
    "mood": "Mood A"
}