{
    "duration": 1.809499979019165,
    "lossless": 1.0,
    "codec": "pcm_s16le",
    "bitrate": 256000.0,
    "samplerate": 16000.0,
    "channels": 1.0,
    "audio_md5": "22f9d453feb4539c05807e53182eb63e",
    "loudness": -16.35347557067871,
    "dynamic_range": 0.0,
    "temporal_centroid": 0.4920438230037689,
    "log_attack_time": 0.13303899765014648,
    "filesize": 57948,
    "single_event": false,
    "tonality": "C major",
    "tonality_confidence": 0.6197116374969482,
    "loop": false,
    "tempo": 129,
    "tempo_confidence": 0.0,
    "note_midi": 37,
    "note_name": "C#2",
    "note_frequency": 68.20097351074219,
    "note_confidence": 0.5080981254577637,
    "hardness": 41.949931976688205,
    "depth": 64.20778069242316,
    "brightness": 39.73754811298333,
    "roughness": 51.31772893927309,
    "warmth": 65.43479322195957,
    "sharpness": 20.717894902853743,
    "boominess": 43.216345051832946,
    "reverb": false,
    "genre": "Genre A",
    "mood": "Mood A"
}