{
    "duration": 1.809499979019165,
    "lossless": 1.0,
    "codec": "pcm_s16le",
    "bitrate": 256000.0,
    "samplerate": 16000.0,
    "channels": 1.0,
    "audio_md5": "e7f731463cbaca0a1ca2e6a48970539f",
    "loudness": -15.329389572143555,
    "dynamic_range": 0.0,
    "temporal_centroid": 0.4401642382144928,
    "log_attack_time": 0.024496810510754585,
    "filesize": 57948,
    "single_event": false,
    "tonality": "F minor",
    "tonality_confidence": 0.5546340346336365,
    "loop": false,
    "tempo": 172,
    "tempo_confidence": 0.0,
    "note_midi": 35,
    "note_name": "B1",
    "note_frequency": 60.167579650878906,
    "note_confidence": 0.2410600185394287,
    "hardness": 44.35976055679501,
    "depth": 69.56725928999317,
    "brightness": 33.612932764093415,
    "roughness": 40.75315417019459,
    "warmth": 60.30563863770567,
    "sharpness": 36.485291305028994,
    "boominess": 47.831009628627136,
    "reverb": false,
    "genre": "Genre B",
    "mood": "Mood B"
}