{
    "duration": 1.809499979019165,
    "lossless": 1.0,
    "codec": "pcm_s16le",
    "bitrate": 256000.0,
    "samplerate": 16000.0,
    "channels": 1.0,
    "audio_md5": "4d7bf2dc52a4a4a40eb8865c6e8559c7",
    "loudness": -8.724470138549805,
    "dynamic_range": 0.0,
    "temporal_centroid": 0.5008469820022583,
    "log_attack_time": -1.4414057731628418,
    "filesize": 57948,
    "single_event": false,
    "tonality": "D minor",
    "tonality_confidence": 0.6615833640098572,
    "loop": false,
    "tempo": 129,
    "tempo_confidence": 0.0,
    "note_midi": 29,
    "note_name": "F1",
    "note_frequency": 43.024391174316406,
    "note_confidence": 0.4712527394294739,
    "hardness": 41.00342538651515,
    "depth": 70.24702460450129,
    "brightness": 31.66281049198179,
    "roughness": 46.66725983024816,
    "warmth": 62.67307363421743,
    "sharpness": 39.503169898196276,
    "boominess": 45.848018684008835,
    "reverb": false,
    "genre": "Genre B",
    "mood": "Mood B"
}