{
    "duration": 1.809499979019165,
    "lossless": 1.0,
    "codec": "pcm_s16le",
    "bitrate": 256000.0,
    "samplerate": 16000.0,
    "channels": 1.0,
    "audio_md5": "34b653630cf69ab09bfe29c646ed0227",
    "loudness": -16.579547882080078,
    "dynamic_range": 0.0,
    "temporal_centroid": 0.5102734565734863,
    "log_attack_time": 0.002611687872558832,
    "filesize": 57948,
    "single_event": false,
    "tonality": "C minor",
    "tonality_confidence": 0.5966064929962158,
    "loop": false,
    "tempo": 110,
    "tempo_confidence": 0.0,
    "note_midi": 37,
    "note_name": "C#2",
    "note_frequency": 67.38552856445312,
    "note_confidence": 0.5021089315414429,
    "hardness": 40.91329924220338,
    "depth": 63.247840407285494,
    "brightness": 40.21974585016022,
    "roughness": 52.4910567298852,
    "warmth": 65.93605044019584,
    "sharpness": 23.4339614812607,
    "boominess": 42.15760919839654,
    "reverb": false,
    "genre": "Genre A",
    "mood": "Mood A"
}