{
    "duration": 1.809499979019165,
    "lossless": 1.0,
    "codec": "pcm_s16le",
    "bitrate": 256000.0,
    "samplerate": 16000.0,
    "channels": 1.0,
    "audio_md5": "ea4f6e15a7f6a85595e7d48968927b5e",
    "loudness": -15.102108001708984,
    "dynamic_range": 0.0,
    "temporal_centroid": 0.49931594729423523,
    "log_attack_time": 0.07141438871622086,
    "filesize": 57948,
    "single_event": false,
    "tonality": "E minor",
    "tonality_confidence": 0.41670840978622437,
    "loop": false,
    "tempo": 215,
    "tempo_confidence": 0.0,
    "note_midi": 37,
    "note_name": "C#2",
    "note_frequency": 67.72530364990234,
    "note_confidence": 0.49292123317718506,
    "hardness": 42.020059161550364,
    "depth": 63.9974956764066,
    "brightness": 40.65488987708092,
    "roughness": 51.3371731397669,
    "warmth": 65.25903429658702,
    "sharpness": 19.4695107494951,
    "boominess": 42.32362120411261,
    "reverb": false,
    "genre": "Genre A",
    "mood": "Mood A"
}