{
    "duration": 1.809499979019165,
    "lossless": 1.0,
    "codec": "pcm_s16le",
    "bitrate": 256000.0,
    "samplerate": 16000.0,
    "channels": 1.0,
    "audio_md5": "20d33717a4ad192c5994ac5d95d5b40d",
    "loudness": -9.096977233886719,
    "dynamic_range": 0.0,
    "temporal_centroid": 0.5014687776565552,
    "log_attack_time": -1.2664042711257935,
    "filesize": 57948,
    "single_event": false,
    "tonality": "C major",
    "tonality_confidence": 0.6919516921043396,
    "loop": false,
    "tempo": 105,
    "tempo_confidence": 0.0,
    "note_midi": 29,
    "note_name": "F1",
    "note_frequency": 43.024391174316406,
    "note_confidence": 0.2585456967353821,
    "hardness": 42.691908035905016,
    "depth": 69.20658824028695,
    "brightness": 33.54750079085307,
    "roughness": 46.38145715363386,
    "warmth": 62.48488532674939,
    "sharpness": 41.87143484427329,
    "boominess": 44.11449760403533,
    "reverb": false,
    "genre": "Genre B",
    "mood": "Mood B"
}