{
    "duration": 1.809499979019165,
    "lossless": 1.0,
    "codec": "pcm_s16le",
    "bitrate": 256000.0,
    "samplerate": 16000.0,
    "channels": 1.0,
    "audio_md5": "d15af45cd22e8ecff604bd29989362db",
    "loudness": -17.177858352661133,
    "dynamic_range": 0.0,
    "temporal_centroid": 0.4973237216472626,
    "log_attack_time": 0.13298098742961884,
    "filesize": 57948,
    "single_event": false,
    "tonality": "C major",
    "tonality_confidence": 0.7979462742805481,
    "loop": false,
    "tempo": 172,
    "tempo_confidence": 0.0,
    "note_midi": 37,
    "note_name": "C#2",
    "note_frequency": 70.91460418701172,
    "note_confidence": 0.48570185899734497,
    "hardness": 43.224777175160426,
    "depth": 63.66543100145356,
    "brightness": 40.842363542567696,
    "roughness": 51.02622791504242,
    "warmth": 65.81147477435422,
    "sharpness": 20.345064023856352,
    "boominess": 43.47696455199507,
    "reverb": false,
    "genre": "Genre A",
    "mood": "Mood A"
}