{
    "duration": 1.809499979019165,
    "lossless": 1.0,
    "codec": "pcm_s16le",
    "bitrate": 256000.0,
    "samplerate": 16000.0,
    "channels": 1.0,
    "audio_md5": "5b9f042546d867621a6361d435e63339",
    "loudness": -22.842954635620117,
    "dynamic_range": 0.0,
    "temporal_centroid": 0.2697422504425049,
    "log_attack_time": -1.4738835096359253,
    "filesize": 57948,
    "single_event": false,
    "tonality": "A minor",
    "tonality_confidence": 0.4846875071525574,
    "loop": false,
    "tempo": 138,
    "tempo_confidence": 0.0,
    "note_midi": 31,
    "note_name": "G1",
    "note_frequency": 49.32777404785156,
    "note_confidence": 0.12798231840133667,
    "hardness": 50.58254817445251,
    "depth": 64.79495910359343,
    "brightness": 45.384066877105,
    "roughness": 33.19320693951316,
    "warmth": 52.69512784064436,
    "sharpness": 42.671820871368155,
    "boominess": 47.75113941979578,
    "reverb": false,
    "genre": "Genre A",
    "mood": "Mood A"
}