{
    "duration": 1.809499979019165,
    "lossless": 1.0,
    "codec": "pcm_s16le",
    "bitrate": 256000.0,
    "samplerate": 16000.0,
    "channels": 1.0,
    "audio_md5": "f8ff4e7126fd339a9aefbbbda2bae187",
    "loudness": -30.041950225830078,
    "dynamic_range": 0.0,
    "temporal_centroid": 0.3501390516757965,
    "log_attack_time": -0.1489081233739853,
    "filesize": 57948,
    "single_event": false,
    "tonality": "E major",
    "tonality_confidence": 0.5464432835578918,
    "loop": false,
    "tempo": 178,
    "tempo_confidence": 0.0,
    "note_midi": 42,
    "note_name": "F#2",
    "note_frequency": 94.4861831665039,
    "note_confidence": 0.40903323888778687,
    "hardness": 57.2384106924838,
    "depth": 57.3083911494167,
    "brightness": 54.43836086418043,
    "roughness": 50.06454836325411,
    "warmth": 50.52436345002671,
    "sharpness": 33.828290141117684,
    "boominess": 43.020696385806104,
    "reverb": false,
    "genre": "Genre B",
    "mood": "Mood B"
}