{
    "duration": 1.809499979019165,
    "lossless": 1.0,
    "codec": "pcm_s16le",
    "bitrate": 256000.0,
    "samplerate": 16000.0,
    "channels": 1.0,
    "audio_md5": "7767968a359fb41e231e12647ad7fe69",
    "loudness": -8.202831268310547,
    "dynamic_range": 0.0,
    "temporal_centroid": 0.49864283204078674,
    "log_attack_time": -1.1046100854873657,
    "filesize": 57948,
    "single_event": false,
    "tonality": "E major",
    "tonality_confidence": 0.5197425484657288,
    "loop": false,
    "tempo": 167,
    "tempo_confidence": 0.0,
    "note_midi": 32,
    "note_name": "G#1",
    "note_frequency": 51.928489685058594,
    "note_confidence": 0.444563627243042,
    "hardness": 42.26024125236941,
    "depth": 62.26466666213681,
    "brightness": 32.172736785950505,
    "roughness": 47.12190619868911,
    "warmth": 64.8742014106047,
    "sharpness": 31.7752869324122,
    "boominess": 48.465722632303596,
    "reverb": false,
    "genre": "Genre B",
    "mood": "Mood B"
}