{
    "duration": 1.809499979019165,
    "lossless": 1.0,
    "codec": "pcm_s16le",
    "bitrate": 256000.0,
    "samplerate": 16000.0,
    "channels": 1.0,
    "audio_md5": "2554499d97b730cadaf44a9765f1047f",
    "loudness": -16.30597686767578,
    "dynamic_range": 0.0,
    "temporal_centroid": 0.3671007454395294,
    "log_attack_time": -1.401648759841919,
    "filesize": 57948,
    "single_event": false,
    "tonality": "A# major",
    "tonality_confidence": 0.5714426040649414,
    "loop": false,
    "tempo": 133,
    "tempo_confidence": 0.0,
    "note_midi": 37,
    "note_name": "C#2",
    "note_frequency": 69.2369384765625,
    "note_confidence": 0.3365124464035034,
    "hardness": 49.43956475194622,
    "depth": 69.50287579492105,
    "brightness": 45.63742611802287,
    "roughness": 43.93067738709849,
    "warmth": 60.48578149406947,
    "sharpness": 38.565561593641014,
    "boominess": 44.75705566430291,
    "reverb": false,
    "genre": "Genre B",
    "mood": "Mood B"
}