{
    "duration": 1.809499979019165,
    "lossless": 1.0,
    "codec": "pcm_s16le",
    "bitrate": 256000.0,
    "samplerate": 16000.0,
    "channels": 1.0,
    "audio_md5": "c670d3d91055edea772902afecdc1b53",
    "loudness": -15.067984580993652,
    "dynamic_range": 0.0,
    "temporal_centroid": 0.5152145624160767,
    "log_attack_time": -0.3577127158641815,
    "filesize": 57948,
    "single_event": false,
    "tonality": "C# major",
    "tonality_confidence": 0.7883018851280212,
    "loop": false,
    "tempo": 129,
    "tempo_confidence": 0.0,
    "note_midi": 37,
    "note_name": "C#2",
    "note_frequency": 70.41239166259766,
    "note_confidence": 0.5390529632568359,
    "hardness": 43.537838482508675,
    "depth": 62.48679510767083,
    "brightness": 40.884138864456546,
    "roughness": 52.17759073643848,
    "warmth": 63.99502179820364,
    "sharpness": 20.660572052701095,
    "boominess": 42.039064848167364,
    "reverb": false,
    "genre": "Genre A",
    "mood": "Mood A"
}