{
    "duration": 1.809499979019165,
    "lossless": 1.0,
    "codec": "pcm_s16le",
    "bitrate": 256000.0,
    "samplerate": 16000.0,
    "channels": 1.0,
    "audio_md5": "ec6fca91195aa514de4d0af6249b1203",
    "loudness": -18.446725845336914,
    "dynamic_range": 0.0,
    "temporal_centroid": 0.49062874913215637,
    "log_attack_time": -1.2499868869781494,
    "filesize": 57948,
    "single_event": false,
    "tonality": "D# minor",
    "tonality_confidence": 0.47374528646469116,
    "loop": false,
    "tempo": 152,
    "tempo_confidence": 0.0,
    "note_midi": 34,
    "note_name": "A#1",
    "note_frequency": 58.88750076293945,
    "note_confidence": 0.4869621992111206,
    "hardness": 44.77706298123803,
    "depth": 65.59400626694969,
    "brightness": 39.64068572370223,
    "roughness": 55.338640240929074,
    "warmth": 65.62311503570824,
    "sharpness": 19.698460167629698,
    "boominess": 43.125946124332415,
    "reverb": false,
    "genre": "Genre A",
    "mood": "Mood A"
}