{
    "duration": 1.809499979019165,
    "lossless": 1.0,
    "codec": "pcm_s16le",
    "bitrate": 256000.0,
    "samplerate": 16000.0,
    "channels": 1.0,
    "audio_md5": "3798966330b5dc84f2f35f7639c963d2",
    "loudness": -21.45645523071289,
    "dynamic_range": 0.0,
    "temporal_centroid": 0.16414783895015717,
    "log_attack_time": -1.4788975715637207,
    "filesize": 57948,
    "single_event": false,
    "tonality": "A minor",
    "tonality_confidence": 0.6668234467506409,
    "loop": false,
    "tempo": 133,
    "tempo_confidence": 0.0,
    "note_midi": 29,
    "note_name": "F1",
    "note_frequency": 43.93292236328125,
    "note_confidence": 0.41882646083831787,
    "hardness": 39.04852687855433,
    "depth": 63.63349208890424,
    "brightness": 45.960969441917456,
    "roughness": 22.85345276604181,
    "warmth": 50.45247809957426,
    "sharpness": 3.4041002487228518,
    "boominess": 60.532657505844334,
    "reverb": false,
    "genre": "Genre A",
    "mood": "Mood A"
}