{
    "duration": 1.809499979019165,
    "lossless": 1.0,
    "codec": "pcm_s16le",
    "bitrate": 256000.0,
    "samplerate": 16000.0,
    "channels": 1.0,
    "audio_md5": "da171cecaae4e3af21f2027f1489942d",
    "loudness": -9.849538803100586,
    "dynamic_range": 0.0,
    "temporal_centroid": 0.5008355975151062,
    "log_attack_time": -1.5023621320724487,
    "filesize": 57948,
    "single_event": false,
    "tonality": "A minor",
    "tonality_confidence": 0.612774133682251,
    "loop": false,
    "tempo": 129,
    "tempo_confidence": 0.0,
    "note_midi": 29,
    "note_name": "F1",
    "note_frequency": 43.024391174316406,
    "note_confidence": 0.0,
    "hardness": 37.039235589624525,
    "depth": 70.15205377453943,
    "brightness": 27.828611248517277,
    "roughness": 46.91406550913135,
    "warmth": 65.32632094666701,
    "sharpness": 41.114814749921834,
    "boominess": 45.394770134628736,
    "reverb": false,
    "genre": "Genre B",
    "mood": "Mood B"
}