{
    "duration": 1.809499979019165,
    "lossless": 1.0,
    "codec": "pcm_s16le",
    "bitrate": 256000.0,
    "samplerate": 16000.0,
    "channels": 1.0,
    "audio_md5": "9383d167036b30826ada7cf8db18ee12",
    "loudness": -7.775994300842285,
    "dynamic_range": 0.0,
    "temporal_centroid": 0.4964247941970825,
    "log_attack_time": -1.2698734998703003,
    "filesize": 57948,
    "single_event": false,
    "tonality": "F minor",
    "tonality_confidence": 0.7410661578178406,
    "loop": false,
    "tempo": 129,
    "tempo_confidence": 0.0,
    "note_midi": 31,
    "note_name": "G1",
    "note_frequency": 48.192867279052734,
    "note_confidence": 0.8581019639968872,
    "hardness": 35.268250605382136,
    "depth": 67.94941374974756,
    "brightness": 34.17511667229017,
    "roughness": 44.842474177743966,
    "warmth": 62.10368902240608,
    "sharpness": 37.945752158069396,
    "boominess": 48.097728835799565,
    "reverb": false,
    "genre": "Genre A",
    "mood": "Mood A"
}