{
    "duration": 1.809499979019165,
    "lossless": 1.0,
    "codec": "pcm_s16le",
    "bitrate": 256000.0,
    "samplerate": 16000.0,
    "channels": 1.0,
    "audio_md5": "2d859403f3fa64ca6788003e0560d257",
    "loudness": -18.406024932861328,
    "dynamic_range": 0.0,
    "temporal_centroid": 0.5341758728027344,
    "log_attack_time": -0.04485022649168968,
    "filesize": 57948,
    "single_event": false,
    "tonality": "C major",
    "tonality_confidence": 0.32369711995124817,
    "loop": false,
    "tempo": 126,
    "tempo_confidence": 0.0,
    "note_midi": 37,
    "note_name": "C#2",
    "note_frequency": 67.74864959716797,
    "note_confidence": 0.4394257068634033,
    "hardness": 42.68574823521709,
    "depth": 61.29391530547953,
    "brightness": 48.090468102213464,
    "roughness": 51.54001404945193,
    "warmth": 59.94347115590937,
    "sharpness": 33.164355136745954,
    "boominess": 39.53372447546248,
    "reverb": false,
    "genre": "Genre A",
    "mood": "Mood A"
}