{
    "duration": 1.809499979019165,
    "lossless": 1.0,
    "codec": "pcm_s16le",
    "bitrate": 256000.0,
    "samplerate": 16000.0,
    "channels": 1.0,
    "audio_md5": "827f927dcd4f72c8b892ec8736e3994a",
    "loudness": -17.234333038330078,
    "dynamic_range": 0.0,
    "temporal_centroid": 0.5283908843994141,
    "log_attack_time": -0.3511865735054016,
    "filesize": 57948,
    "single_event": false,
    "tonality": "A# minor",
    "tonality_confidence": 0.5169433951377869,
    "loop": false,
    "tempo": 129,
    "tempo_confidence": 0.0,
    "note_midi": 37,
    "note_name": "C#2",
    "note_frequency": 67.91328430175781,
    "note_confidence": 0.5231705904006958,
    "hardness": 38.33092832146133,
    "depth": 61.67053404477417,
    "brightness": 45.66308424566279,
    "roughness": 48.60462121279123,
    "warmth": 62.61392321394443,
    "sharpness": 29.162293819716904,
    "boominess": 41.78272943955017,
    "reverb": false,
    "genre": "Genre A",
    "mood": "Mood A"
}