{
    "duration": 1.809499979019165,
    "lossless": 1.0,
    "codec": "pcm_s16le",
    "bitrate": 256000.0,
    "samplerate": 16000.0,
    "channels": 1.0,
    "audio_md5": "74753f52f7875fd9b124286eda61edeb",
    "loudness": -17.58074188232422,
    "dynamic_range": 0.0,
    "temporal_centroid": 0.48917290568351746,
    "log_attack_time": 0.07156474888324738,
    "filesize": 57948,
    "single_event": false,
    "tonality": "G major",
    "tonality_confidence": 0.5286451578140259,
    "loop": true,
    "tempo": 133,
    "tempo_confidence": 0.9875344038009644,
    "note_midi": 32,
    "note_name": "G#1",
    "note_frequency": 52.08833694458008,
    "note_confidence": 0.5069037675857544,
    "hardness": 39.18045478688528,
    "depth": 60.60857290934359,
    "brightness": 42.52481428480497,
    "roughness": 48.84430922013923,
    "warmth": 62.58207299034362,
    "sharpness": 23.58571124018285,
    "boominess": 43.82433694840363,
    "reverb": false,
    "genre": "Genre A",
    "mood": "Mood A"
}