{"1_15": {"boominess": {"high": 50.018925059441216, "low": 44.981072401169044, "mid": 49.35193375806361}, "brightness": {"high": 40.314353483547634, "low": 23.256261842491423, "mid": 34.164910360943914}, "depth": {"high": 73.20608768534348, "low": 67.61176904955067, "mid": 69.75419622135475}, "hardness": {"high": 31.635497434228014, "low": 28.192059036177653, "mid": 32.312151448238836}, "roughness": {"high": 43.357705808202354, "low": 38.79065916611642, "mid": 41.476967356679125}, "sharpness": {"high": 41.07315950890557, "low": 36.12037910553337, "mid": 37.31435451736313}, "warmth": {"high": 61.90595314607789, "low": 60.19538320796684, "mid": 59.37533852518266}}, "2_12": {"boominess": {"high": 53.47870879571407, "low": 48.19253344991909, "mid": 48.19905760167044}, "brightness": {"high": 34.750346316538796, "low": 30.914603584709194, "mid": 36.855746339757744}, "depth": {"high": 67.77083531206482, "low": 63.34354703743099, "mid": 63.91110087934852}, "hardness": {"high": 43.582362614568666, "low": 33.3535707412056, "mid": 39.876165240183525}, "roughness": {"high": 32.09560093944589, "low": 29.672222890019242, "mid": 32.376543877775035}, "sharpness": {"high": 35.61159377335359, "low": 30.204427162508615, "mid": 31.770114783049397}, "warmth": {"high": 57.9235208050426, "low": 55.681248239714904, "mid": 56.79080402590306}}, "2_1": {"boominess": {"high": 53.76135865778519, "low": 50.67802813923389, "mid": 50.301483981097036}, "brightness": {"high": 38.65222468357777, "low": 20.282064596526865, "mid": 30.6616682502205}, "depth": {"high": 74.49256340473283, "low": 73.3733845019612, "mid": 69.67351747097689}, "hardness": {"high": 28.574147808733784, "low": 27.126285396450854, "mid": 24.67829381362958}, "roughness": {"high": 38.08062776336388, "low": 32.83114520293798, "mid": 36.293908061468066}, "sharpness": {"high": 38.56479666879775, "low": 32.3804477137867, "mid": 36.352034739927305}, "warmth": {"high": 60.752873732197116, "low": 60.38980918082133, "mid": 60.82843796414943}}, "2_6": {"boominess": {"high": 63.26428272033659, "low": 57.048816683998574, "mid": 59.23026284725768}, "brightness": {"high": 41.280152016830705, "low": 28.561605849298658, "mid": 32.94497261411923}, "depth": {"high": 65.20055432031339, "low": 62.45987281678403, "mid": 66.51974162012796}, "hardness": {"high": 31.08052144680613, "low": 29.014236551174605, "mid": 31.27407914237203}, "roughness": {"high": 26.46886750810188, "low": 0, "mid": 23.97049281280697}, "sharpness": {"high": 34.40457298969432, "low": 21.83581591918444, "mid": 16.3688596342269}, "warmth": {"high": 54.87584699152226, "low": 56.236242638966765, "mid": 55.215018982031985}}, "3_11": {"boominess": {"high": 54.86631247060717, "low": 48.453789728062574, "mid": 49.35967156070886}, "brightness": {"high": 37.926751400775984, "low": 25.69509341625781, "mid": 33.21551176631963}, "depth": {"high": 69.52676741465774, "low": 66.58076461767025, "mid": 68.22780036830812}, "hardness": {"high": 33.151560575421215, "low": 30.48503095584438, "mid": 33.869972430618844}, "roughness": {"high": 34.07491309508232, "low": 34.28237739821401, "mid": 31.07898278658313}, "sharpness": {"high": 30.488699010525448, "low": 32.743303782912086, "mid": 29.596275055093248}, "warmth": {"high": 59.16096714101425, "low": 59.82371585769671, "mid": 59.46876508939659}}, "3_7": {"boominess": {"high": 45.39781992669816, "low": 40.87123543492504, "mid": 43.321786740661494}, "brightness": {"high": 37.476819126067824, "low": 29.463067802779964, "mid": 36.028905697233455}, "depth": {"high": 64.93484727107624, "low": 66.41585678217002, "mid": 65.83997932319504}, "hardness": {"high": 42.465409588202874, "low": 43.42273892538026, "mid": 45.31577385816206}, "roughness": {"high": 34.778762507123645, "low": 33.14844747074889, "mid": 33.415985858300374}, "sharpness": {"high": 44.641615333420226, "low": 41.40479675236488, "mid": 43.58111209073148}, "warmth": {"high": 63.08098336087686, "low": 61.988016134569804, "mid": 62.3654791400064}}, "4_7": {"boominess": {"high": 55.94918813337253, "low": 56.54904257175578, "mid": 54.0434362507436}, "brightness": {"high": 35.09761486759028, "low": 31.106842882770277, "mid": 32.57586284161799}, "depth": {"high": 69.69086840614261, "low": 67.78246188369054, "mid": 69.1542364405933}, "hardness": {"high": 33.7672184117682, "low": 31.546945943127085, "mid": 31.918387958491792}, "roughness": {"high": 31.092648991073386, "low": 25.88021546337058, "mid": 24.729531461047227}, "sharpness": {"high": 29.650164946772467, "low": 33.802282049990225, "mid": 32.5527271420819}, "warmth": {"high": 56.116211902018804, "low": 55.73727958972828, "mid": 56.05251760293922}}, "5_10": {"boominess": {"high": 56.63566196326632, "low": 58.646667742616934, "mid": 56.23232583439596}, "brightness": {"high": 44.75768442932087, "low": 29.970149336382587, "mid": 39.75197979508257}, "depth": {"high": 67.3342045475035, "low": 64.72655715882044, "mid": 67.06619611822772}, "hardness": {"high": 34.896554452162434, "low": 39.63738970421949, "mid": 38.508326636571965}, "roughness": {"high": 30.006371183807968, "low": 29.6512645734302, "mid": 26.371071718593008}, "sharpness": {"high": 18.269999640157675, "low": 23.67510411406902, "mid": 25.05258339942622}, "warmth": {"high": 54.870398742058484, "low": 55.5676554262172, "mid": 55.74684764496098}}, "5_1": {"boominess": {"high": 58.6501371678372, "low": 58.01251381155162, "mid": 58.46600070598309}, "brightness": {"high": 33.4858340797895, "low": 17.675358457242893, "mid": 23.249638590228116}, "depth": {"high": 67.50166994931749, "low": 65.81676256912093, "mid": 65.85187630929984}, "hardness": {"high": 29.80341126996504, "low": 23.916927274048916, "mid": 26.56712194195029}, "roughness": {"high": 31.302396497745715, "low": 0, "mid": 31.37931553123811}, "sharpness": {"high": 25.810759031841773, "low": 14.489456561243728, "mid": 23.032053055794314}, "warmth": {"high": 59.05608261687166, "low": 58.91873299118324, "mid": 58.93887315245131}}, "5_2": {"boominess": {"high": 58.23615911572752, "low": 51.46569423129573, "mid": 57.60929041165605}, "brightness": {"high": 36.19201779541278, "low": 32.62776557087531, "mid": 36.310334541274614}, "depth": {"high": 66.5321485586183, "low": 64.64203402154078, "mid": 65.96188711002542}, "hardness": {"high": 35.07451308091362, "low": 31.375150425727725, "mid": 33.431756420895354}, "roughness": {"high": 29.297431051093472, "low": 29.99788706462897, "mid": 33.56164256480055}, "sharpness": {"high": 13.075889800393622, "low": 8.02141008961216, "mid": 6.0922839818207315}, "warmth": {"high": 58.49402090446647, "low": 56.22413300136479, "mid": 57.502322090518504}}, "7_10": {"boominess": {"high": 49.76668293662913, "low": 47.45763760272179, "mid": 48.9704320063125}, "brightness": {"high": 36.91830571119527, "low": 25.179770534702946, "mid": 29.604015342704834}, "depth": {"high": 71.53989840552202, "low": 67.975359740759, "mid": 72.69529934910905}, "hardness": {"high": 31.895861686488445, "low": 33.40921195200505, "mid": 34.90183662442607}, "roughness": {"high": 38.10769764532121, "low": 33.26793408909652, "mid": 36.01239638835298}, "sharpness": {"high": 43.50393963454124, "low": 41.96644159448766, "mid": 39.45388054639127}, "warmth": {"high": 58.55003681009954, "low": 58.757511935674124, "mid": 56.89454755253209}}, "7_5": {"boominess": {"high": 52.689400548844034, "low": 49.103634348980634, "mid": 51.58655463013447}, "brightness": {"high": 34.44469050193049, "low": 26.9237873196886, "mid": 27.70583678121007}, "depth": {"high": 71.3662157258478, "low": 63.89004701151298, "mid": 67.65153342309978}, "hardness": {"high": 31.23280279492937, "low": 30.108598654248823, "mid": 32.53184442557584}, "roughness": {"high": 36.3447250504191, "low": 32.86703582910215, "mid": 34.04724645413335}, "sharpness": {"high": 37.12564583253105, "low": 37.34133603673881, "mid": 37.864554427456085}, "warmth": {"high": 57.51530348399106, "low": 58.074082582629416, "mid": 55.88690039979754}},