{"1_15": {"boominess": {"high": 47.56288056571001, "low": 39.421524415427214, "mid": 46.47535806642188}, "brightness": {"high": 51.3398326340989, "low": 26.980020360533057, "mid": 39.365282942115584}, "depth": {"high": 67.77999180165317, "low": 67.6411879887601, "mid": 68.37849642903015}, "hardness": {"high": 41.321390989354, "low": 35.38835264615963, "mid": 38.317553821890414}, "roughness": {"high": 46.43639278068011, "low": 43.97705078032658, "mid": 45.43152730581248}, "sharpness": {"high": 42.417115244031244, "low": 29.306721805931566, "mid": 39.061228631496384}, "warmth": {"high": 61.49722056035715, "low": 50.05676979166274, "mid": 55.19469423744003}}, "2_12": {"boominess": {"high": 47.8545772194357, "low": 39.879499925300536, "mid": 46.293894466385844}, "brightness": {"high": 49.41881052144547, "low": 24.98772099950765, "mid": 43.584911322114046}, "depth": {"high": 65.81743970076343, "low": 63.94206030195476, "mid": 65.32221948530541}, "hardness": {"high": 46.10478843948536, "low": 38.8336753060823, "mid": 41.4856009105641}, "roughness": {"high": 44.703835415937654, "low": 44.488648828447914, "mid": 45.6947894950535}, "sharpness": {"high": 42.60161309480024, "low": 31.816077660149432, "mid": 33.94252818603675}, "warmth": {"high": 59.97735523151469, "low": 52.07731513051926, "mid": 55.102409905255115}}, "2_1": {"boominess": {"high": 48.555796736212926, "low": 45.67396043696889, "mid": 48.021832814524075}, "brightness": {"high": 48.38512437859963, "low": 32.23592914370977, "mid": 40.077626866795}, "depth": {"high": 71.04497958875237, "low": 67.20084546675704, "mid": 68.65535003339882}, "hardness": {"high": 37.174742150766235, "low": 37.732430299743015, "mid": 39.819153433487784}, "roughness": {"high": 46.731559036761325, "low": 35.90841666611965, "mid": 40.2403077177127}, "sharpness": {"high": 41.98130481872745, "low": 40.63238040661298, "mid": 43.69736425503423}, "warmth": {"high": 60.27473452711891, "low": 46.84966541442922, "mid": 52.47321674735466}}, "2_6": {"boominess": {"high": 53.20406058954561, "low": 52.16253185391927, "mid": 51.68442114313231}, "brightness": {"high": 48.49637186375754, "low": 44.98957722598492, "mid": 43.36311688180466}, "depth": {"high": 67.72514345939301, "low": 64.02287190112376, "mid": 72.20674591187931}, "hardness": {"high": 62.22925434522455, "low": 38.00077785384023, "mid": 40.872565327853295}, "roughness": {"high": 38.114044791196015, "low": 34.09460251603171, "mid": 32.2879116386462}, "sharpness": {"high": 45.25865193985345, "low": 38.20895699310102, "mid": 35.77999825810429}, "warmth": {"high": 55.2991403949698, "low": 49.66657047060722, "mid": 45.73957119995676}}, "3_11": {"boominess": {"high": 46.3313036056058, "low": 45.352096778988454, "mid": 48.952617820442704}, "brightness": {"high": 46.684898324259095, "low": 35.226586615041086, "mid": 40.201521099304}, "depth": {"high": 71.33714474177182, "low": 66.05289893036787, "mid": 68.58627209633539}, "hardness": {"high": 33.69818303743142, "low": 38.74498758449619, "mid": 40.865913104598505}, "roughness": {"high": 46.60722436015682, "low": 39.33899626372855, "mid": 40.221530140723004}, "sharpness": {"high": 43.17084035053237, "low": 33.075580646263546, "mid": 35.68522242169788}, "warmth": {"high": 55.931230683392705, "low": 46.69503689454888, "mid": 54.37387451289402}}, "3_7": {"boominess": {"high": 46.304897581037196, "low": 37.78829069684532, "mid": 44.22609550380487}, "brightness": {"high": 51.11090723875664, "low": 21.11848510319443, "mid": 48.123453057592656}, "depth": {"high": 71.28857296023786, "low": 68.45591392033096, "mid": 71.69002838547831}, "hardness": {"high": 39.06520922546238, "low": 40.24761970942751, "mid": 42.60260609099035}, "roughness": {"high": 45.458599434176854, "low": 39.21387645523464, "mid": 42.66022434163537}, "sharpness": {"high": 39.627953088280854, "low": 41.161111036756424, "mid": 41.08530042726475}, "warmth": {"high": 59.13116209900018, "low": 55.89253605061952, "mid": 52.554766095370965}}, "4_7": {"boominess": {"high": 53.055972358056096, "low": 44.55223958235955, "mid": 48.047079719951995}, "brightness": {"high": 48.413642726053055, "low": 28.57522699195387, "mid": 48.328098469690595}, "depth": {"high": 68.32571251681244, "low": 68.47236280466446, "mid": 66.84891476380157}, "hardness": {"high": 42.55391998186053, "low": 43.21215728450514, "mid": 41.620815775249554}, "roughness": {"high": 45.716675300533296, "low": 39.62604302661124, "mid": 44.298613542310484}, "sharpness": {"high": 39.27985841513064, "low": 35.14692387984102, "mid": 37.969710153295324}, "warmth": {"high": 55.01707771496737, "low": 48.46634490021756, "mid": 49.00815858648475}}, "5_10": {"boominess": {"high": 36.07690213536073, "low": 51.452559396480325, "mid": 52.67640927250301}, "brightness": {"high": 61.02878543533456, "low": 57.881299609859354, "mid": 45.77398939389505}, "depth": {"high": 66.6004470632046, "low": 66.36882895840756, "mid": 70.32722575146788}, "hardness": {"high": 42.324781916608956, "low": 43.256243818742576, "mid": 48.125696092501045}, "roughness": {"high": 40.72355963464854, "low": 55.445914816602524, "mid": 58.14287131745657}, "sharpness": {"high": 37.50239996127646, "low": 28.054399518196657, "mid": 49.68160793007033}, "warmth": {"high": 53.13225464124876, "low": 47.85202392857747, "mid": 50.54729973881374}}, "5_1": {"boominess": {"high": 52.566251723211295, "low": 49.92235391432297, "mid": 49.33499630182878}, "brightness": {"high": 43.620114531738054, "low": 39.63376284101676, "mid": 39.64882726602487}, "depth": {"high": 64.92784916796198, "low": 56.20805772707725, "mid": 66.52831754830542}, "hardness": {"high": 50.55361207299862, "low": 38.42136848200509, "mid": 48.75314450869428}, "roughness": {"high": 42.39869343296071, "low": 31.357195933044682, "mid": 33.24209175592129}, "sharpness": {"high": 41.46585447483043, "low": 44.600882088045566, "mid": 21.76452737507767}, "warmth": {"high": 56.66802965044384, "low": 45.998212875297135, "mid": 47.752982677055286}}, "5_2": {"boominess": {"high": 51.63025075903629, "low": 41.44617713925987, "mid": 39.748190966236194}, "brightness": {"high": 50.66332333509182, "low": 24.926877871346043, "mid": 44.75427674701963}, "depth": {"high": 69.62482473702012, "low": 65.44495954980984, "mid": 68.57263915287012}, "hardness": {"high": 42.61957953008624, "low": 43.078979004198175, "mid": 37.9031047632281}, "roughness": {"high": 43.46122285989899, "low": 39.86556739218743, "mid": 36.66736172336649}, "sharpness": {"high": 42.14889126512627, "low": 42.66681439499657, "mid": 41.1041058287405}, "warmth": {"high": 57.96355969967387, "low": 52.426434928902076, "mid": 52.850415282989225}}, "7_10": {"boominess": {"high": 45.89009780812102, "low": 47.66953386587515, "mid": 45.162583812411604}, "brightness": {"high": 46.82289542430302, "low": 21.473694846199933, "mid": 35.28428058089417}, "depth": {"high": 74.52694085969264, "low": 69.0786513721609, "mid": 70.7895056702068}, "hardness": {"high": 48.43772936531238, "low": 39.83210127342198, "mid": 39.419142818916185}, "roughness": {"high": 47.04869778866234, "low": 41.49584947001891, "mid": 47.086117506870195}, "sharpness": {"high": 41.15421571805587, "low": 40.311142911773615, "mid": 42.69737202087715}, "warmth": {"high": 57.54194312043763, "low": 49.397162333369344, "mid": 49.84650372009136}}, "7_5": {"boominess": {"high": 48.76279818640732, "low": 42.329510007506414, "mid": 48.01065109900718}, "brightness": {"high": 47.09003170383011, "low": 24.32933159986668, "mid": 35.609109498666484}, "depth": {"high": 68.57287942499799, "low": 62.37880428512471, "mid": 67.73510508362223}, "hardness": {"high": 37.12195002358892, "low": 37.81476130724819, "mid": 36.89997261184938}, "roughness": {"high": 45.59306255739286, "low": 40.66458926958458, "mid": 43.84401442331509}, "sharpness": {"high": 42.634471464898375, "low": 38.18448949179506, "mid": 40.11193591244805}, "warmth": {"high": 60.897834317889874, "low": 46.4143382196505, "mid": 49.96650052576726}},