{"1_15": {"boominess": {"high": 48.46710506559188, "low": 47.49608744207704, "mid": 48.0990223331562}, "brightness": {"high": 48.244131470150556, "low": 23.307251398440567, "mid": 31.067421673822142}, "depth": {"high": 68.93934823549472, "low": 67.22164267328607, "mid": 67.45287756484473}, "hardness": {"high": 31.033281567995488, "low": 32.90954672218366, "mid": 33.81293972652213}, "roughness": {"high": 41.87223501130743, "low": 38.05648672524907, "mid": 38.30052061810781}, "sharpness": {"high": 39.65465270938003, "low": 31.07220639289038, "mid": 38.4106368244839}, "warmth": {"high": 60.25671182981239, "low": 59.90391467184435, "mid": 57.5351975352145}}, "2_12": {"boominess": {"high": 55.46236441752663, "low": 52.820620653715224, "mid": 54.03717190466455}, "brightness": {"high": 39.33317487623491, "low": 31.409947101355822, "mid": 37.29802642954637}, "depth": {"high": 64.42678433382613, "low": 61.856720259246885, "mid": 62.455122613109644}, "hardness": {"high": 41.08980116294188, "low": 34.9855719199759, "mid": 38.857770098509945}, "roughness": {"high": 30.691293976712164, "low": 27.890956744576684, "mid": 30.414610122387973}, "sharpness": {"high": 28.786823318492253, "low": 31.878634336397262, "mid": 23.469316387226964}, "warmth": {"high": 58.214614033876884, "low": 55.41933986124101, "mid": 55.60045275565041}}, "2_1": {"boominess": {"high": 56.0971886403556, "low": 52.62511126221577, "mid": 53.58184279035135}, "brightness": {"high": 41.799101986829974, "low": 22.072637399264234, "mid": 28.91898125061234}, "depth": {"high": 71.27801490873149, "low": 66.20180011701561, "mid": 67.98287995488887}, "hardness": {"high": 27.403610766476135, "low": 26.06706431381599, "mid": 26.365266257344373}, "roughness": {"high": 39.52632215521594, "low": 31.930203658658286, "mid": 35.601942906552544}, "sharpness": {"high": 41.841905689878644, "low": 35.35616870325516, "mid": 31.87238338205009}, "warmth": {"high": 59.95396028488618, "low": 59.74497711730273, "mid": 60.257934657481066}}, "2_6": {"boominess": {"high": 59.112180899582555, "low": 60.64956346355299, "mid": 63.734748287568294}, "brightness": {"high": 42.01532028105759, "low": 27.90653685123102, "mid": 32.90216105631564}, "depth": {"high": 67.9609728419653, "low": 66.22921456800717, "mid": 67.49562298779409}, "hardness": {"high": 40.62920983077818, "low": 38.98339430327951, "mid": 33.005929867845666}, "roughness": {"high": 25.437728535964478, "low": 27.730143733403143, "mid": 25.293951398334954}, "sharpness": {"high": 33.1528478575546, "low": 26.822711778674236, "mid": 33.82967335509896}, "warmth": {"high": 56.64617356119224, "low": 54.46704814571066, "mid": 50.57519815132084}}, "3_11": {"boominess": {"high": 53.25654766646181, "low": 53.27914766032136, "mid": 51.891814158754116}, "brightness": {"high": 34.41799262629614, "low": 26.181586177812875, "mid": 29.92584705815217}, "depth": {"high": 67.62604597971682, "low": 67.96982455039979, "mid": 66.98198675822191}, "hardness": {"high": 33.875537433315785, "low": 33.054060860565784, "mid": 29.297709066089112}, "roughness": {"high": 35.36581148470261, "low": 31.50883630955193, "mid": 33.730106060824795}, "sharpness": {"high": 21.245733083247366, "low": 28.158220441783747, "mid": 33.71197172391946}, "warmth": {"high": 58.581854675378885, "low": 60.849821328062795, "mid": 59.920388502980515}}, "3_7": {"boominess": {"high": 47.43655925977863, "low": 41.18445251751312, "mid": 42.90079061467521}, "brightness": {"high": 42.929972594379166, "low": 27.739495070363542, "mid": 34.1045220017719}, "depth": {"high": 66.28523970251975, "low": 65.9150154011236, "mid": 67.65855037544706}, "hardness": {"high": 43.30442930766361, "low": 40.75600223131086, "mid": 41.84154033318909}, "roughness": {"high": 37.52824575329461, "low": 38.83079277287518, "mid": 38.2577265410412}, "sharpness": {"high": 46.36161749144507, "low": 37.93955723356277, "mid": 43.08041262790705}, "warmth": {"high": 63.15313305385111, "low": 59.757957299562925, "mid": 62.08632324668207}}, "4_7": {"boominess": {"high": 57.75648957790186, "low": 55.21394663723086, "mid": 58.626447207326564}, "brightness": {"high": 33.08753304024373, "low": 27.961349047926, "mid": 30.12194616849698}, "depth": {"high": 68.66548077429069, "low": 66.658365980476, "mid": 66.92058449073834}, "hardness": {"high": 33.12611822172887, "low": 34.26160658869037, "mid": 32.682371201133805}, "roughness": {"high": 27.40012972800035, "low": 27.161371834364626, "mid": 29.85589664371464}, "sharpness": {"high": 33.19381986811801, "low": 33.87557312549997, "mid": 28.36599823952961}, "warmth": {"high": 56.02812201974036, "low": 57.46391598850355, "mid": 54.99884932648906}}, "5_10": {"boominess": {"high": 60.27919559683281, "low": 53.28970144678167, "mid": 61.21542480909266}, "brightness": {"high": 38.765432847106666, "low": 28.381220503414898, "mid": 35.169103477502375}, "depth": {"high": 65.92269727399824, "low": 63.82211732905804, "mid": 64.11859622636082}, "hardness": {"high": 33.8311174101495, "low": 37.65676122945939, "mid": 36.661802185306584}, "roughness": {"high": 29.180460642209667, "low": 26.760945016216137, "mid": 29.78156679744512}, "sharpness": {"high": 30.716058559175863, "low": 24.6931416976131, "mid": 16.867452671759203}, "warmth": {"high": 55.363103988908165, "low": 55.09533018537614, "mid": 54.71128720388911}}, "5_1": {"boominess": {"high": 58.5435823419489, "low": 61.26648323975428, "mid": 58.67650071414911}, "brightness": {"high": 37.03137504720455, "low": 18.102782530397057, "mid": 26.928850977194806}, "depth": {"high": 66.24349492192779, "low": 65.68567502047614, "mid": 65.83236327913941}, "hardness": {"high": 25.366496302806212, "low": 26.51453585688246, "mid": 25.19212042625358}, "roughness": {"high": 31.65092706955814, "low": 23.699554598931613, "mid": 29.33340997288017}, "sharpness": {"high": 17.240172994405047, "low": 26.46368001151876, "mid": 20.867470254516146}, "warmth": {"high": 58.042686012291995, "low": 58.458916982516335, "mid": 59.27218306464044}}, "5_2": {"boominess": {"high": 58.97889844250796, "low": 52.14767006966035, "mid": 64.30725502481977}, "brightness": {"high": 45.45808626677603, "low": 30.722875146901476, "mid": 36.34041643897019}, "depth": {"high": 67.06427698441783, "low": 64.63450476772131, "mid": 66.02626538031136}, "hardness": {"high": 39.57079635515254, "low": 28.11322451966528, "mid": 36.627882293507014}, "roughness": {"high": 34.657188209524, "low": 25.97753359652541, "mid": 32.853768622808374}, "sharpness": {"high": 18.944692875663044, "low": 12.659986729141359, "mid": 8.71657603845906}, "warmth": {"high": 58.23912971982173, "low": 57.14185401504972, "mid": 58.49848964808005}}, "7_10": {"boominess": {"high": 50.327885569045, "low": 51.164060182746, "mid": 51.96551507610909}, "brightness": {"high": 49.69991446616187, "low": 23.28381394701757, "mid": 26.326663830572056}, "depth": {"high": 74.3089232914831, "low": 68.50459176041258, "mid": 73.32212599742127}, "hardness": {"high": 29.71402713610763, "low": 33.091244315813896, "mid": 36.08384529191841}, "roughness": {"high": 37.565705690821915, "low": 29.494249072390485, "mid": 35.742918994917005}, "sharpness": {"high": 43.936489515776216, "low": 35.668614127673266, "mid": 41.15104661095348}, "warmth": {"high": 58.60483822287184, "low": 58.117539545491915, "mid": 56.991556682528504}}, "7_5": {"boominess": {"high": 52.038072184124786, "low": 55.620961390609956, "mid": 49.765434524481364}, "brightness": {"high": 55.30493287178616, "low": 27.46438942553038, "mid": 29.903451889544773}, "depth": {"high": 68.67387507075922, "low": 69.89970327657926, "mid": 69.368485957112}, "hardness": {"high": 28.851835861213317, "low": 29.782594517037467, "mid": 27.679151305924407}, "roughness": {"high": 37.48967675352685, "low": 36.01448673829677, "mid": 37.52229334245426}, "sharpness": {"high": 39.27944408244278, "low": 34.96270697209848, "mid": 38.408542390151084}, "warmth": {"high": 58.6111798189101, "low": 57.94415894651256, "mid": 58.5912186887913}},